claim_type,primary_diagnosis,claim_count,unique_beneficiaries,total_payment,average_payment_per_claim,median_payment_per_claim
Inpatient,V5789,1807,1744,28421550.0,15728.58,15000.0
Inpatient,0389,1648,1603,24408390.0,14810.92,11000.0
Inpatient,41401,1675,1634,23847800.0,14237.49,11000.0
Inpatient,486,2453,2368,17101860.0,6971.81,6000.0
Inpatient,41071,1170,1135,14809630.0,12657.8,10000.0
Inpatient,51881,817,799,14232900.0,17420.93,12000.0
Inpatient,71536,1154,1132,13133020.0,11380.43,11000.0
Inpatient,4280,1419,1381,11069900.0,7801.2,6000.0
Inpatient,49121,1558,1490,9999100.0,6417.91,5000.0
Inpatient,5070,705,694,8624900.0,12233.9,10000.0
Inpatient,5849,1092,1062,8624900.0,7898.26,7000.0
Inpatient,43491,1068,1036,8398820.0,7864.06,6000.0
Inpatient,42731,1253,1227,7781500.0,6210.3,4000.0
Inpatient,5990,1374,1345,7543360.0,5490.07,5000.0
Inpatient,4241,195,195,6150000.0,31538.46,34000.0
Inpatient,82021,503,499,5686000.0,11304.17,10000.0
Inpatient,51884,344,337,5167000.0,15020.35,8000.0
Inpatient,71535,426,424,4785000.0,11232.39,11000.0
Inpatient,42823,512,506,4590100.0,8965.04,7000.0
Inpatient,42781,324,322,4484300.0,13840.43,13000.0
Inpatient,71596,352,352,4108400.0,11671.59,11000.0
Inpatient,8208,308,308,3668400.0,11910.39,11000.0
Inpatient,56081,240,240,3648200.0,15200.83,11500.0
Inpatient,4414,174,171,3648000.0,20965.52,18000.0
Inpatient,72402,278,278,3495000.0,12571.94,7000.0
Inpatient,41519,371,370,3476300.0,9370.08,7000.0
Inpatient,6826,539,533,3381770.0,6274.16,5000.0
Inpatient,7802,715,709,3282500.0,4590.91,4000.0
Inpatient,56211,366,362,3180600.0,8690.16,4000.0
Inpatient,99859,266,263,3052000.0,11473.68,8000.0
Inpatient,82009,258,258,3035300.0,11764.73,11000.0
Inpatient,5770,372,371,3004900.0,8077.69,6000.0
Inpatient,43310,424,421,2978000.0,7023.58,6000.0
Inpatient,00845,315,311,2976000.0,9447.62,8000.0
Inpatient,27651,618,615,2876600.0,4654.69,4000.0
Inpatient,5789,422,418,2875910.0,6814.95,5000.0
Inpatient,03842,226,225,2768000.0,12247.79,10000.0
Inpatient,42833,344,339,2680100.0,7790.99,7000.0
Inpatient,3310,284,283,2565300.0,9032.75,7000.0
Inpatient,78659,738,731,2488990.0,3372.62,3000.0
Inpatient,4240,55,55,2488000.0,45236.36,48000.0
Inpatient,1623,154,153,2403200.0,15605.19,13000.0
Inpatient,40391,169,167,2359500.0,13961.54,10000.0
Inpatient,25080,289,288,2314000.0,8006.92,5000.0
Inpatient,49122,391,388,2284300.0,5842.2,5000.0
Inpatient,431,176,176,2267000.0,12880.68,8000.0
Inpatient,03849,144,144,2245000.0,15590.28,10000.0
Inpatient,29570,317,308,2205560.0,6957.6,5000.0
Inpatient,41011,116,116,2186000.0,18844.83,14000.0
Inpatient,72252,135,135,2182700.0,16168.15,14000.0
Inpatient,73313,199,199,2142900.0,10768.34,9000.0
Inpatient,5609,335,334,2139400.0,6386.27,4000.0
Inpatient,49322,357,349,2124100.0,5949.86,5000.0
Inpatient,57400,201,201,2097100.0,10433.33,9000.0
Inpatient,41041,143,143,2073000.0,14496.5,12000.0
Inpatient,99662,158,155,2059200.0,13032.91,10000.0
Inpatient,4271,164,164,1987200.0,12117.07,6000.0
Inpatient,99673,118,115,1975000.0,16737.29,16000.0
Inpatient,4359,502,498,1969900.0,3924.1,4000.0
Inpatient,42789,291,290,1956450.0,6723.2,5000.0
Inpatient,44024,112,112,1882000.0,16803.57,14000.0
Inpatient,4260,106,105,1744000.0,16452.83,15000.0
Inpatient,45341,207,207,1727200.0,8343.96,6000.0
Inpatient,72210,187,186,1691000.0,9042.78,6000.0
Inpatient,71516,148,148,1677000.0,11331.08,11000.0
Inpatient,0380,100,100,1622000.0,16220.0,11000.0
Inpatient,71595,146,146,1609300.0,11022.6,11000.0
Inpatient,56212,230,229,1594200.0,6931.3,5000.0
Inpatient,5119,162,161,1582000.0,9765.43,8000.0
Inpatient,43411,173,172,1535800.0,8877.46,7000.0
Inpatient,42821,188,188,1515100.0,8059.04,6000.0
Inpatient,V5811,125,124,1504000.0,12032.0,7000.0
Inpatient,25070,90,90,1480000.0,16444.44,15000.0
Inpatient,44021,121,121,1479100.0,12223.97,11000.0
Inpatient,03811,94,94,1475000.0,15691.49,10000.0
Inpatient,85221,91,91,1434000.0,15758.24,12000.0
Inpatient,7213,101,101,1398300.0,13844.55,9000.0
Inpatient,2761,272,271,1397800.0,5138.97,4000.0
Inpatient,99666,91,91,1393000.0,15307.69,13000.0
Inpatient,29633,165,164,1354600.0,8209.7,5000.0
Inpatient,42831,179,178,1334500.0,7455.31,6000.0
Inpatient,2767,169,169,1314300.0,7776.92,6000.0
Inpatient,03812,68,68,1309000.0,19250.0,12500.0
Inpatient,42843,161,161,1277190.0,7932.86,7000.0
Inpatient,42732,168,168,1220000.0,7261.9,5000.0
Inpatient,1625,90,90,1211000.0,13455.56,12000.0
Inpatient,70703,77,77,1202000.0,15610.39,12000.0
Inpatient,57410,124,124,1194000.0,9629.03,8000.0
Inpatient,78650,354,353,1186180.0,3350.79,3000.0
Inpatient,185,158,158,1184800.0,7498.73,6500.0
Inpatient,3962,37,37,1182000.0,31945.95,34000.0
Inpatient,7384,56,56,1176000.0,21000.0,21000.0
Inpatient,2113,82,82,1173000.0,14304.88,11000.0
Inpatient,99642,86,86,1168000.0,13581.4,13000.0
Inpatient,2948,125,125,1157680.0,9261.44,7000.0
Inpatient,99672,81,81,1152300.0,14225.93,11000.0
Inpatient,5589,272,271,1118100.0,4110.66,4000.0
Inpatient,1629,107,107,1112000.0,10392.52,9000.0
Inpatient,1983,87,87,1107000.0,12724.14,8000.0
Inpatient,430,51,51,1100000.0,21568.63,10000.0
Inpatient,515,85,85,1068000.0,12564.71,8000.0
Inpatient,0388,60,60,1059000.0,17650.0,11000.0
Inpatient,41091,98,98,1054000.0,10755.1,8000.0
Inpatient,41402,84,84,1049000.0,12488.1,10000.0
Inpatient,99664,120,119,1038000.0,8650.0,8000.0
Inpatient,99674,72,72,1030500.0,14312.5,13000.0
Inpatient,42830,136,136,1025600.0,7541.18,7000.0
Inpatient,99649,64,64,1008000.0,15750.0,13000.0
Inpatient,8054,118,118,980300.0,8307.63,6000.0
Inpatient,41400,159,159,979930.0,6163.08,4000.0
Inpatient,5781,137,136,971700.0,7092.7,5000.0
Inpatient,5601,163,163,965900.0,5925.77,5000.0
Inpatient,4210,42,42,961000.0,22880.95,15500.0
Inpatient,4148,48,47,958600.0,19970.83,24500.0
Inpatient,44023,73,73,936000.0,12821.92,11000.0
Inpatient,4821,72,72,929000.0,12902.78,9500.0
Inpatient,2989,121,121,910310.0,7523.22,5000.0
Inpatient,5579,107,106,900600.0,8416.82,6000.0
Inpatient,20500,40,40,900000.0,22500.0,19500.0
Inpatient,99931,79,78,891000.0,11278.48,10000.0
Inpatient,1890,69,69,882200.0,12785.51,11000.0
Inpatient,99641,55,55,882000.0,16036.36,16000.0
Inpatient,4580,229,229,878100.0,3834.5,4000.0
Inpatient,99661,44,44,878000.0,19954.55,12500.0
Inpatient,53140,132,132,864100.0,6546.21,6000.0
Inpatient,56983,32,32,864000.0,27000.0,26500.0
Inpatient,40491,95,95,857000.0,9021.05,8000.0
Inpatient,29530,115,115,852200.0,7410.43,5000.0
Inpatient,34590,151,151,834200.0,5524.5,5000.0
Inpatient,7211,69,69,829000.0,12014.49,11000.0
Inpatient,1977,73,73,828000.0,11342.47,9000.0
Inpatient,5715,68,68,807600.0,11876.47,9000.0
Inpatient,82022,62,62,803000.0,12951.61,10000.0
Inpatient,85220,52,52,800000.0,15384.62,11000.0
Inpatient,1534,48,48,793000.0,16520.83,14000.0
Inpatient,78039,138,138,791900.0,5738.41,5000.0
Inpatient,29534,108,108,788600.0,7301.85,6000.0
Inpatient,4589,99,99,782200.0,7901.01,7000.0
Inpatient,27801,78,78,779000.0,9987.18,9000.0
Inpatient,42822,43,43,779000.0,18116.28,11000.0
Inpatient,99811,70,70,775000.0,11071.43,7000.0
Inpatient,71531,72,72,768000.0,10666.67,10000.0
Inpatient,78097,169,169,762600.0,4512.43,4000.0
Inpatient,55321,83,83,759780.0,9153.98,7000.0
Inpatient,7907,67,67,753300.0,11243.28,11000.0
Inpatient,8082,139,137,750080.0,5396.26,4000.0
Inpatient,2859,157,155,748300.0,4766.24,4000.0
Inpatient,20300,42,42,746000.0,17761.9,15500.0
Inpatient,5722,98,98,745000.0,7602.04,7000.0
Inpatient,5185,44,44,742900.0,16884.09,12000.0
Inpatient,1985,77,77,742000.0,9636.36,7000.0
Inpatient,4254,40,40,742000.0,18550.0,12000.0
Inpatient,56089,79,79,737000.0,9329.11,5000.0
Inpatient,4660,168,167,731400.0,4353.57,4000.0
Inpatient,40291,94,94,729000.0,7755.32,6000.0
Inpatient,48241,54,53,728000.0,13481.48,11000.0
Inpatient,1536,49,49,712000.0,14530.61,14000.0
Inpatient,28800,70,69,695000.0,9928.57,9000.0
Inpatient,1533,42,42,689000.0,16404.76,15000.0
Inpatient,8052,65,65,683000.0,10507.69,7000.0
Inpatient,44422,49,49,683000.0,13938.78,13000.0
Inpatient,7210,62,62,680000.0,10967.74,10500.0
Inpatient,55221,48,48,670000.0,13958.33,9000.0
Inpatient,1820,75,74,665000.0,8866.67,8000.0
Inpatient,29650,93,93,664900.0,7149.46,5000.0
Inpatient,44022,51,51,664500.0,13029.41,13000.0
Inpatient,5602,37,37,664000.0,17945.95,13000.0
Inpatient,43311,84,84,661000.0,7869.05,6000.0
Inpatient,34831,71,71,656000.0,9239.44,7000.0
Inpatient,71515,53,53,655000.0,12358.49,11000.0
Inpatient,48242,55,54,651000.0,11836.36,10000.0
Inpatient,99681,62,61,649000.0,10467.74,8000.0
Inpatient,5570,57,57,642000.0,11263.16,8000.0
Inpatient,4321,52,52,632900.0,12171.15,9500.0
Inpatient,60001,151,151,631000.0,4178.81,4000.0
Inpatient,53783,75,75,621800.0,8290.67,7000.0
Inpatient,2536,86,86,616600.0,7169.77,6000.0
Inpatient,5921,109,109,614500.0,5637.61,5000.0
Inpatient,99812,56,56,614400.0,10971.43,7000.0
Inpatient,5109,26,26,614000.0,23615.38,17000.0
Inpatient,29574,81,81,599800.0,7404.94,5000.0
Inpatient,0088,129,129,595000.0,4612.4,4000.0
Inpatient,29620,70,70,594300.0,8490.0,6000.0
Inpatient,48283,57,57,592000.0,10385.96,9000.0
Inpatient,03819,37,37,590000.0,15945.95,11000.0
Inpatient,99883,33,33,588000.0,17818.18,10000.0
Inpatient,25060,67,66,587000.0,8761.19,7000.0
Inpatient,45340,74,74,586000.0,7918.92,5000.0
Inpatient,99604,26,26,583000.0,22423.08,18000.0
Inpatient,1540,34,34,580000.0,17058.82,15000.0
Inpatient,73027,37,37,574000.0,15513.51,12000.0
Inpatient,1541,46,46,574000.0,12478.26,9000.0
Inpatient,45342,79,79,573400.0,7258.23,6000.0
Inpatient,6822,75,75,572000.0,7626.67,5000.0
Inpatient,25082,74,74,567500.0,7668.92,5000.0
Inpatient,1830,40,39,565000.0,14125.0,13000.0
Inpatient,4019,139,138,564100.0,4058.27,3000.0
Inpatient,53240,76,76,564000.0,7421.05,6000.0
Inpatient,9961,40,40,558000.0,13950.0,10500.0
Inpatient,5845,68,68,556000.0,8176.47,8000.0
Inpatient,8244,55,55,552000.0,10036.36,7000.0
Inpatient,5750,62,62,550700.0,8882.26,7000.0
Inpatient,25002,95,94,549200.0,5781.05,5000.0
Inpatient,82101,46,45,546000.0,11869.57,11000.0
Inpatient,6827,77,77,544000.0,7064.94,5000.0
Inpatient,41001,34,34,543000.0,15970.59,12500.0
Inpatient,1570,29,29,538000.0,18551.72,11000.0
Inpatient,1970,45,45,537000.0,11933.33,9000.0
Inpatient,042,41,39,526000.0,12829.27,10000.0
Inpatient,49392,117,117,525400.0,4490.6,4000.0
Inpatient,53081,96,96,523000.0,5447.92,4000.0
Inpatient,59080,97,97,522000.0,5381.44,4000.0
Inpatient,2809,98,98,519000.0,5295.92,5000.0
Inpatient,3963,13,13,517000.0,39769.23,41000.0
Inpatient,29630,73,73,514900.0,7053.42,5000.0
Inpatient,5712,46,46,512000.0,11130.43,9000.0
Inpatient,0382,30,30,511000.0,17033.33,11000.0
Inpatient,34982,48,48,511000.0,10645.83,8000.0
Inpatient,99647,31,31,510000.0,16451.61,17000.0
Inpatient,72888,79,79,510000.0,6455.7,5000.0
Inpatient,5533,48,48,509000.0,10604.17,7500.0
Inpatient,4439,36,36,506000.0,14055.56,11000.0
Inpatient,4413,16,16,506000.0,31625.0,33000.0
Inpatient,V571,35,35,504000.0,14400.0,14000.0
Inpatient,29634,74,74,499500.0,6750.0,5000.0
Inpatient,57420,72,72,496100.0,6890.28,7000.0
Inpatient,29680,76,76,482200.0,6344.74,5000.0
Inpatient,56969,35,35,478740.0,13678.29,9000.0
Inpatient,34830,57,56,477000.0,8368.42,8000.0
Inpatient,9974,57,57,476100.0,8352.63,6000.0
Inpatient,5856,39,39,476000.0,12205.13,11000.0
Inpatient,99669,32,32,473000.0,14781.25,10000.0
Inpatient,7220,42,42,472000.0,11238.1,11000.0
Inpatient,29690,59,59,467600.0,7925.42,7000.0
Inpatient,5920,66,66,466700.0,7071.21,6000.0
Inpatient,03840,28,28,465000.0,16607.14,12500.0
Inpatient,1972,37,37,464700.0,12559.46,9000.0
Inpatient,6823,82,82,463700.0,5654.88,4000.0
Inpatient,99762,37,37,463000.0,12513.51,8000.0
Inpatient,73342,43,43,463000.0,10767.44,11000.0
Inpatient,51883,22,22,457000.0,20772.73,8000.0
Inpatient,42613,34,34,455000.0,13382.35,12000.0
Inpatient,4412,21,21,453000.0,21571.43,25000.0
Inpatient,2800,75,75,449400.0,5992.0,5000.0
Inpatient,40390,59,59,446000.0,7559.32,6000.0
Inpatient,99667,38,38,446000.0,11736.84,9500.0
Inpatient,72271,40,40,443300.0,11082.5,10500.0
Inpatient,5128,41,41,442000.0,10780.49,8000.0
Inpatient,V553,33,33,441000.0,13363.64,12000.0
Inpatient,5400,29,29,441000.0,15206.9,10000.0
Inpatient,481,48,48,435400.0,9070.83,6000.0
Inpatient,03843,34,34,435200.0,12800.0,10000.0
Inpatient,3320,43,43,435000.0,10116.28,7000.0
Inpatient,99644,36,36,435000.0,12083.33,11500.0
Inpatient,73730,10,10,434000.0,43400.0,43500.0
Inpatient,73028,29,29,433000.0,14931.03,12000.0
Inpatient,1539,26,26,429000.0,16500.0,13000.0
Inpatient,9972,31,31,427000.0,13774.19,14000.0
Inpatient,39891,57,56,425000.0,7456.14,6000.0
Inpatient,44101,22,22,425000.0,19318.18,8500.0
Inpatient,311,79,79,424800.0,5377.22,4000.0
Inpatient,19889,33,33,423000.0,12818.18,10000.0
Inpatient,42820,59,59,421000.0,7135.59,5000.0
Inpatient,4552,56,56,418000.0,7464.29,6000.0
Inpatient,75612,20,20,416000.0,20800.0,22000.0
Inpatient,7230,35,35,415000.0,11857.14,9000.0
Inpatient,82020,46,46,413000.0,8978.26,8000.0
Inpatient,4372,36,36,412000.0,11444.44,8500.0
Inpatient,56039,67,67,411500.0,6141.79,5000.0
Inpatient,5691,36,36,409000.0,11361.11,10500.0
Inpatient,9971,30,30,406000.0,13533.33,10500.0
Inpatient,81200,39,39,404080.0,10361.03,10000.0
Inpatient,99643,26,26,395000.0,15192.31,13500.0
Inpatient,70705,23,23,393000.0,17086.96,13000.0
Inpatient,4270,39,39,392000.0,10051.28,5000.0
Inpatient,1579,39,39,391000.0,10025.64,9000.0
Inpatient,78060,76,76,390000.0,5131.58,4000.0
Inpatient,485,57,57,389100.0,6826.32,5000.0
Inpatient,56985,59,59,388000.0,6576.27,6000.0
Inpatient,25062,39,39,388000.0,9948.72,7000.0
Inpatient,1976,30,30,385000.0,12833.33,10000.0
Inpatient,41021,24,24,381000.0,15875.0,10500.0
Inpatient,2766,62,62,378700.0,6108.06,6000.0
Inpatient,4275,29,29,378300.0,13044.83,6000.0
Inpatient,2760,54,54,374900.0,6942.59,5000.0
Inpatient,1889,39,39,372000.0,9538.46,8000.0
Inpatient,44020,31,31,372000.0,12000.0,10000.0
Inpatient,4239,31,31,366800.0,11832.26,7000.0
Inpatient,99678,29,29,362200.0,12489.66,10000.0
Inpatient,53150,14,14,362000.0,25857.14,24500.0
Inpatient,5370,20,20,361000.0,18050.0,11000.0
Inpatient,82123,33,33,360000.0,10909.09,10000.0
Inpatient,51181,31,31,360000.0,11612.9,9000.0
Inpatient,41031,20,19,360000.0,18000.0,10000.0
Inpatient,3315,36,36,359800.0,9994.44,7500.0
Inpatient,99832,29,29,359000.0,12379.31,6000.0
Inpatient,42741,23,23,358000.0,15565.22,6000.0
Inpatient,7804,107,107,355090.0,3318.6,3000.0
Inpatient,2851,61,61,354000.0,5803.28,5000.0
Inpatient,59010,63,63,354000.0,5619.05,4000.0
Inpatient,53250,15,15,354000.0,23600.0,29000.0
Inpatient,71106,24,24,353000.0,14708.33,9500.0
Inpatient,1749,62,62,351500.0,5669.35,5000.0
Inpatient,99677,30,30,351000.0,11700.0,10500.0
Inpatient,78791,60,60,348900.0,5815.0,4000.0
Inpatient,25013,49,49,348000.0,7102.04,5000.0
Inpatient,33182,40,40,347800.0,8695.0,8500.0
Inpatient,29532,58,58,347740.0,5995.52,5000.0
Inpatient,99671,11,11,347000.0,31545.45,36000.0
Inpatient,2252,20,19,346000.0,17300.0,13500.0
Inpatient,99601,33,33,345000.0,10454.55,8000.0
Inpatient,5409,46,46,341200.0,7417.39,6000.0
Inpatient,4168,36,36,338040.0,9390.0,7000.0
Inpatient,V5332,14,14,338000.0,24142.86,25000.0
Inpatient,29644,46,46,336800.0,7321.74,6000.0
Inpatient,1550,24,24,336000.0,14000.0,10000.0
Inpatient,1531,22,22,336000.0,15272.73,10000.0
Inpatient,99769,21,21,334000.0,15904.76,13000.0
Inpatient,3453,29,29,333000.0,11482.76,5000.0
Inpatient,1628,26,26,333000.0,12807.69,9500.0
Inpatient,99668,18,18,332000.0,18444.44,11500.0
Inpatient,496,47,47,329800.0,7017.02,4000.0
Inpatient,1888,31,31,326000.0,10516.13,10000.0
Inpatient,25040,32,31,326000.0,10187.5,6500.0
Inpatient,29181,84,83,321000.0,3821.43,3000.0
Inpatient,53551,48,48,319000.0,6645.83,6000.0
Inpatient,8080,29,29,318000.0,10965.52,9000.0
Inpatient,1530,24,24,317000.0,13208.33,13000.0
Inpatient,99665,29,29,316000.0,10896.55,8000.0
Inpatient,78701,70,70,315800.0,4511.43,4000.0
Inpatient,53541,42,42,315000.0,7500.0,6000.0
Inpatient,73382,29,29,315000.0,10862.07,10000.0
Inpatient,56213,38,38,313000.0,8236.84,5000.0
Inpatient,7224,29,29,309000.0,10655.17,10000.0
Inpatient,81201,38,38,305500.0,8039.47,7000.0
Inpatient,4423,18,18,305000.0,16944.44,17500.0
Inpatient,55010,30,30,303400.0,10113.33,8000.0
Inpatient,78009,56,56,301000.0,5375.0,4000.0
Inpatient,78079,74,74,301000.0,4067.57,4000.0
Inpatient,1510,19,19,298000.0,15684.21,10000.0
Inpatient,5780,44,44,298000.0,6772.73,6000.0
Inpatient,56400,77,77,296900.0,3855.84,4000.0
Inpatient,5693,59,59,296400.0,5023.73,5000.0
Inpatient,29590,40,40,295000.0,7375.0,5000.0
Inpatient,4829,44,44,294300.0,6688.64,6000.0
Inpatient,82003,24,24,294000.0,12250.0,12000.0
Inpatient,8246,39,39,292000.0,7487.18,7000.0
Inpatient,45981,32,32,291000.0,9093.75,6000.0
Inpatient,9982,20,20,290000.0,14500.0,12500.0
Inpatient,20280,20,20,289010.0,14450.5,12500.0
Inpatient,29654,38,38,288400.0,7589.47,6000.0
Inpatient,490,56,56,284840.0,5086.43,4000.0
Inpatient,80502,26,26,283000.0,10884.62,6000.0
Inpatient,28262,59,59,280800.0,4759.32,4000.0
Inpatient,5523,16,16,279000.0,17437.5,10000.0
Inpatient,51889,21,21,278000.0,13238.1,8000.0
Inpatient,4111,75,75,273700.0,3649.33,3000.0
Inpatient,78900,64,64,273000.0,4265.63,4000.0
Inpatient,42841,35,35,273000.0,7800.0,7000.0
Inpatient,7140,27,27,273000.0,10111.11,9000.0
Inpatient,8248,37,37,271000.0,7324.32,7000.0
Inpatient,4373,19,19,270000.0,14210.53,14000.0
Inpatient,25012,31,31,269000.0,8677.42,6000.0
Inpatient,99659,20,20,269000.0,13450.0,10500.0
Inpatient,71591,26,26,269000.0,10346.15,10500.0
Inpatient,4329,29,29,266000.0,9172.41,7000.0
Inpatient,9694,41,41,263000.0,6414.63,4000.0
Inpatient,1975,10,10,262000.0,26200.0,25000.0
Inpatient,03810,17,17,261000.0,15352.94,11000.0
Inpatient,82002,17,17,260000.0,15294.12,12000.0
Inpatient,2841,40,40,258000.0,6450.0,5500.0
Inpatient,6824,40,40,257500.0,6437.5,5000.0
Inpatient,1622,23,23,257000.0,11173.91,10000.0
Inpatient,V5331,25,25,257000.0,10280.0,10000.0
Inpatient,70707,18,18,257000.0,14277.78,9500.0
Inpatient,2920,65,65,256700.0,3949.23,4000.0
Inpatient,99646,17,17,256000.0,15058.82,14000.0
Inpatient,57480,19,19,256000.0,13473.68,12000.0
Inpatient,34839,26,26,254000.0,9769.23,8500.0
Inpatient,56962,18,18,254000.0,14111.11,13500.0
Inpatient,07999,47,47,254000.0,5404.26,4000.0
Inpatient,5307,27,27,253000.0,9370.37,6000.0
Inpatient,5401,26,25,252000.0,9692.31,9000.0
Inpatient,2768,59,59,251600.0,4264.41,4000.0
Inpatient,9975,27,27,251000.0,9296.3,6000.0
Inpatient,0383,15,15,250000.0,16666.67,12000.0
Inpatient,5130,20,20,250000.0,12500.0,11000.0
Inpatient,70704,21,21,247000.0,11761.9,9000.0
Inpatient,40493,26,26,247000.0,9500.0,7500.0
Inpatient,56981,11,11,247000.0,22454.55,27000.0
Inpatient,57450,27,27,247000.0,9148.15,6000.0
Inpatient,7837,46,46,245300.0,5332.61,4000.0
Inpatient,28489,19,19,245000.0,12894.74,9000.0
Inpatient,51189,16,16,244000.0,15250.0,10500.0
Inpatient,73314,20,20,244000.0,12200.0,12500.0
Inpatient,53642,25,25,242000.0,9680.0,7000.0
Inpatient,6184,46,46,241000.0,5239.13,5000.0
Inpatient,5772,13,13,241000.0,18538.46,13000.0
Inpatient,78909,39,39,239000.0,6128.21,5000.0
Inpatient,7242,44,44,239000.0,5431.82,4000.0
Inpatient,43889,34,34,238000.0,7000.0,6000.0
Inpatient,43401,25,25,238000.0,9520.0,7000.0
Inpatient,4820,20,20,236400.0,11820.0,10000.0
Inpatient,7812,38,38,236000.0,6210.53,5000.0
Inpatient,3241,8,8,234000.0,29250.0,24000.0
Inpatient,6820,43,43,233000.0,5418.6,4000.0
Inpatient,55220,27,27,232000.0,8592.59,7000.0
Inpatient,29640,35,34,230810.0,6594.57,6000.0
Inpatient,78652,49,49,230000.0,4693.88,4000.0
Inpatient,78906,48,48,229600.0,4783.33,4000.0
Inpatient,78609,40,40,229300.0,5732.5,3500.0
Inpatient,29653,33,33,229100.0,6942.42,6000.0
Inpatient,1532,9,9,229000.0,25444.44,18000.0
Inpatient,3960,5,5,228000.0,45600.0,55000.0
Inpatient,5761,26,26,228000.0,8769.23,7000.0
Inpatient,82120,20,20,227000.0,11350.0,9000.0
Inpatient,8604,9,9,227000.0,25222.22,10000.0
Inpatient,57510,22,22,224000.0,10181.82,7000.0
Inpatient,5961,9,9,224000.0,24888.89,17000.0
Inpatient,1912,13,13,224000.0,17230.77,12000.0
Inpatient,42612,19,19,223000.0,11736.84,12000.0
Inpatient,7100,16,16,222000.0,13875.0,12500.0
Inpatient,340,31,31,221500.0,7145.16,5000.0
Inpatient,96509,27,27,221000.0,8185.19,6000.0
Inpatient,72610,23,23,221000.0,9608.7,9000.0
Inpatient,53550,51,51,220300.0,4319.61,4000.0
Inpatient,80501,14,14,219000.0,15642.86,10000.0
Inpatient,42832,30,30,218000.0,7266.67,6000.0
Inpatient,56210,34,34,217100.0,6385.29,4000.0
Inpatient,4401,22,22,217000.0,9863.64,7000.0
Inpatient,0539,36,36,217000.0,6027.78,5000.0
Inpatient,45829,41,41,215040.0,5244.88,4000.0
Inpatient,57460,17,17,215000.0,12647.06,11000.0
Inpatient,25072,14,14,215000.0,15357.14,13000.0
Inpatient,28522,31,31,210000.0,6774.19,5000.0
Inpatient,81209,22,22,207300.0,9422.73,7000.0
Inpatient,5569,23,23,206700.0,8986.96,7000.0
Inpatient,48282,13,13,205000.0,15769.23,11000.0
Inpatient,41404,12,12,203000.0,16916.67,15000.0
Inpatient,85201,30,30,202000.0,6733.33,6000.0
Inpatient,29660,33,33,200100.0,6063.64,5000.0
Inpatient,44421,13,13,200000.0,15384.62,11000.0
Inpatient,40301,24,24,199000.0,8291.67,9000.0
Inpatient,5771,20,20,199000.0,9950.0,7000.0
Inpatient,4822,15,15,198000.0,13200.0,8000.0
Inpatient,28803,24,24,197000.0,8208.33,7000.0
Inpatient,5959,38,38,196200.0,5163.16,4000.0
Inpatient,5934,18,18,196000.0,10888.89,10000.0
Inpatient,7244,22,22,196000.0,8909.09,5000.0
Inpatient,29632,25,25,195400.0,7816.0,8000.0
Inpatient,28521,36,36,195000.0,5416.67,5000.0
Inpatient,9986,17,17,195000.0,11470.59,9000.0
Inpatient,82300,38,38,194000.0,5105.26,4000.0
Inpatient,29623,27,27,194000.0,7185.19,6000.0
Inpatient,56881,11,11,194000.0,17636.36,14000.0
Inpatient,99939,12,12,193000.0,16083.33,10500.0
Inpatient,28731,15,15,192000.0,12800.0,9000.0
Inpatient,3940,5,5,192000.0,38400.0,37000.0
Inpatient,41405,10,10,191000.0,19100.0,13000.0
Inpatient,73008,5,5,191000.0,38200.0,49000.0
Inpatient,4010,57,57,191000.0,3350.88,3000.0
Inpatient,566,26,26,191000.0,7346.15,6500.0
Inpatient,3481,15,15,190000.0,12666.67,8000.0
Inpatient,30391,36,35,190000.0,5277.78,5000.0
Inpatient,1911,11,11,188000.0,17090.91,13000.0
Inpatient,3501,16,16,185000.0,11562.5,9000.0
Inpatient,53641,24,24,185000.0,7708.33,6000.0
Inpatient,1610,6,6,185000.0,30833.33,34000.0
Inpatient,99739,15,15,184000.0,12266.67,7000.0
Inpatient,5363,26,26,182000.0,7000.0,5000.0
Inpatient,6185,44,44,181100.0,4115.91,4000.0
Inpatient,56949,16,16,180000.0,11250.0,5500.0
Inpatient,5306,16,16,180000.0,11250.0,6000.0
Inpatient,53019,38,38,180000.0,4736.84,5000.0
Inpatient,1512,9,9,180000.0,20000.0,12000.0
Inpatient,41081,9,9,179000.0,19888.89,14000.0
Inpatient,56722,17,17,178000.0,10470.59,9000.0
Inpatient,4139,42,42,177000.0,4214.29,3000.0
Inpatient,29664,34,34,176700.0,5197.06,4000.0
Inpatient,4538,25,25,176000.0,7040.0,5000.0
Inpatient,4941,26,26,176000.0,6769.23,5500.0
Inpatient,29281,31,31,174000.0,5612.9,5000.0
Inpatient,1748,33,33,174000.0,5272.73,5000.0
Inpatient,27650,25,25,173000.0,6920.0,4000.0
Inpatient,53784,13,13,172000.0,13230.77,10000.0
Inpatient,58881,12,12,171000.0,14250.0,13000.0
Inpatient,59582,21,21,171000.0,8142.86,6000.0
Inpatient,1537,7,7,171000.0,24428.57,24000.0
Inpatient,94233,3,3,171000.0,57000.0,57000.0
Inpatient,5521,17,17,170000.0,10000.0,8000.0
Inpatient,44029,13,13,169000.0,13000.0,10000.0
Inpatient,99831,12,12,169000.0,14083.33,11000.0
Inpatient,5121,23,23,169000.0,7347.83,6000.0
Inpatient,3314,10,10,168000.0,16800.0,13500.0
Inpatient,20400,7,7,166000.0,23714.29,22000.0
Inpatient,57451,23,23,165600.0,7200.0,7000.0
Inpatient,57470,16,16,165000.0,10312.5,7000.0
Inpatient,9962,14,14,164300.0,11735.71,11500.0
Inpatient,8220,19,19,164000.0,8631.58,6000.0
Inpatient,27542,30,30,164000.0,5466.67,4000.0
Inpatient,85300,13,13,164000.0,12615.38,8000.0
Inpatient,79092,31,31,163700.0,5280.65,4000.0
Inpatient,4422,7,7,163000.0,23285.71,19000.0
Inpatient,V552,11,11,163000.0,14818.18,12000.0
Inpatient,25541,22,22,162000.0,7363.64,6500.0
Inpatient,78605,40,40,162000.0,4050.0,3000.0
Inpatient,4928,19,19,161000.0,8473.68,6000.0
Inpatient,70715,14,14,160700.0,11478.57,11500.0
Inpatient,73739,5,5,160000.0,32000.0,31000.0
Inpatient,3570,11,11,160000.0,14545.45,13000.0
Inpatient,11284,21,21,160000.0,7619.05,7000.0
Inpatient,29624,20,20,159400.0,7970.0,6000.0
Inpatient,1509,13,13,159000.0,12230.77,13000.0
Inpatient,53540,33,33,159000.0,4818.18,4000.0
Inpatient,4870,30,30,159000.0,5300.0,6000.0
Inpatient,1551,13,13,158000.0,12153.85,11000.0
Inpatient,44481,9,9,158000.0,17555.56,18000.0
Inpatient,55200,10,10,157000.0,15700.0,11000.0
Inpatient,70709,14,14,157000.0,11214.29,9500.0
Inpatient,49390,41,41,156400.0,3814.63,3000.0
Inpatient,29663,20,20,156000.0,7800.0,6000.0
Inpatient,7847,37,37,155400.0,4200.0,3000.0
Inpatient,1505,5,5,155000.0,31000.0,30000.0
Inpatient,72273,10,10,155000.0,15500.0,16500.0
Inpatient,35801,12,12,154900.0,12908.33,9000.0
Inpatient,5168,14,14,154000.0,11000.0,9500.0
Inpatient,30401,22,22,153000.0,6954.55,5000.0
Inpatient,72283,12,12,153000.0,12750.0,6000.0
Inpatient,41051,14,14,152200.0,10871.43,9500.0
Inpatient,99656,7,7,152000.0,21714.29,18000.0
Inpatient,7866,22,22,152000.0,6909.09,4000.0
Inpatient,V5878,9,9,152000.0,16888.89,16000.0
Inpatient,5559,25,25,152000.0,6080.0,5000.0
Inpatient,53100,17,17,151000.0,8882.35,7000.0
Inpatient,29040,20,20,151000.0,7550.0,7500.0
Inpatient,7840,36,36,151000.0,4194.44,4000.0
Inpatient,61801,33,33,151000.0,4575.76,4000.0
Inpatient,4230,4,4,151000.0,37750.0,44500.0
Inpatient,57511,22,22,150000.0,6818.18,6000.0
Inpatient,94234,4,4,149000.0,37250.0,42000.0
Inpatient,5939,22,22,149000.0,6772.73,6500.0
Inpatient,220,23,23,149000.0,6478.26,5000.0
Inpatient,4417,8,8,148000.0,18500.0,4500.0
Inpatient,72886,11,11,148000.0,13454.55,13000.0
Inpatient,73315,11,11,148000.0,13454.55,10000.0
Inpatient,4370,20,20,147000.0,7350.0,6000.0
Inpatient,4232,7,7,147000.0,21000.0,19000.0
Inpatient,7806,32,32,147000.0,4593.75,4000.0
Inpatient,4590,14,14,146300.0,10450.0,10000.0
Inpatient,2967,16,16,146000.0,9125.0,4500.0
Inpatient,99663,8,8,143000.0,17875.0,19500.0
Inpatient,7245,26,26,143000.0,5500.0,4000.0
Inpatient,56031,3,3,143000.0,47666.67,57000.0
Inpatient,1611,7,7,143000.0,20428.57,22000.0
Inpatient,1561,13,13,143000.0,11000.0,10000.0
Inpatient,2910,18,18,142000.0,7888.89,5500.0
Inpatient,6183,26,26,141000.0,5423.08,4000.0
Inpatient,1974,5,5,140000.0,28000.0,36000.0
Inpatient,6262,19,19,140000.0,7368.42,6000.0
Inpatient,53190,32,32,139500.0,4359.38,4000.0
Inpatient,570,13,13,139000.0,10692.31,8000.0
Inpatient,72293,14,14,138500.0,9892.86,7000.0
Inpatient,0090,27,27,138000.0,5111.11,4000.0
Inpatient,25061,17,17,138000.0,8117.65,7000.0
Inpatient,6825,22,22,138000.0,6272.73,5500.0
Inpatient,73025,7,7,137000.0,19571.43,15000.0
Inpatient,96500,17,17,137000.0,8058.82,8000.0
Inpatient,42840,20,20,136000.0,6800.0,6000.0
Inpatient,99709,7,7,136000.0,19428.57,10000.0
Inpatient,5762,16,16,135000.0,8437.5,5500.0
Inpatient,53082,16,16,135000.0,8437.5,8000.0
Inpatient,9351,14,14,135000.0,9642.86,5500.0
Inpatient,53290,15,15,135000.0,9000.0,5000.0
Inpatient,4238,6,6,135000.0,22500.0,26000.0
Inpatient,23875,31,31,134000.0,4322.58,4000.0
Inpatient,7464,3,3,134000.0,44666.67,49000.0
Inpatient,40300,16,16,134000.0,8375.0,7500.0
Inpatient,59971,28,27,133000.0,4750.0,4000.0
Inpatient,2740,22,22,133000.0,6045.45,5000.0
Inpatient,55229,13,13,133000.0,10230.77,9000.0
Inpatient,2352,10,10,132000.0,13200.0,9000.0
Inpatient,78820,22,22,132000.0,6000.0,4500.0
Inpatient,1891,11,11,132000.0,12000.0,12000.0
Inpatient,44030,10,10,132000.0,13200.0,11000.0
Inpatient,53010,14,14,131000.0,9357.14,5500.0
Inpatient,5184,13,13,131000.0,10076.92,8000.0
Inpatient,2189,22,22,131000.0,5954.55,6000.0
Inpatient,5373,9,9,131000.0,14555.56,16000.0
Inpatient,1884,12,12,131000.0,10916.67,5000.0
Inpatient,8600,16,16,130000.0,8125.0,7000.0
Inpatient,8911,8,8,130000.0,16250.0,5500.0
Inpatient,73007,9,9,130000.0,14444.44,12000.0
Inpatient,33829,23,23,129200.0,5617.39,5000.0
Inpatient,20288,8,8,129000.0,16125.0,14500.0
Inpatient,55320,20,20,129000.0,6450.0,5000.0
Inpatient,3383,28,28,129000.0,4607.14,4500.0
Inpatient,81342,25,25,129000.0,5160.0,5000.0
Inpatient,82100,6,6,129000.0,21500.0,15000.0
Inpatient,20281,7,7,129000.0,18428.57,15000.0
Inpatient,2875,14,14,129000.0,9214.29,8000.0
Inpatient,71691,10,10,128020.0,12802.0,13000.0
Inpatient,7078,8,8,128000.0,16000.0,6500.0
Inpatient,4871,38,38,128000.0,3368.42,3000.0
Inpatient,57430,8,8,128000.0,16000.0,12500.0
Inpatient,20283,12,12,127000.0,10583.33,9500.0
Inpatient,81221,16,16,127000.0,7937.5,6500.0
Inpatient,99639,10,10,127000.0,12700.0,9000.0
Inpatient,28529,24,24,127000.0,5291.67,5000.0
Inpatient,82000,10,10,126000.0,12600.0,11500.0
Inpatient,72142,7,7,126000.0,18000.0,7000.0
Inpatient,1960,6,6,125000.0,20833.33,13000.0
Inpatient,1978,9,9,125000.0,13888.89,12000.0
Inpatient,57512,12,12,125000.0,10416.67,10500.0
Inpatient,80125,4,4,124000.0,31000.0,33500.0
Inpatient,920,21,21,124000.0,5904.76,4000.0
Inpatient,38611,44,44,123300.0,2802.27,3000.0
Inpatient,7336,25,25,123000.0,4920.0,4000.0
Inpatient,79902,19,19,123000.0,6473.68,5000.0
Inpatient,8056,24,24,123000.0,5125.0,4000.0
Inpatient,85301,17,17,123000.0,7235.29,6000.0
Inpatient,2971,12,12,122400.0,10200.0,6000.0
Inpatient,85181,11,11,122000.0,11090.91,7000.0
Inpatient,73017,9,9,122000.0,13555.56,13000.0
Inpatient,99602,4,4,122000.0,30500.0,28000.0
Inpatient,4416,3,3,122000.0,40666.67,44000.0
Inpatient,1519,10,10,122000.0,12200.0,8000.0
Inpatient,71537,13,13,121000.0,9307.69,8000.0
Inpatient,1913,9,9,121000.0,13444.44,11000.0
Inpatient,5528,7,7,121000.0,17285.71,12000.0
Inpatient,20410,12,12,121000.0,10083.33,9000.0
Inpatient,3968,5,5,121000.0,24200.0,15000.0
Inpatient,40401,16,16,121000.0,7562.5,7000.0
Inpatient,5571,10,10,120000.0,12000.0,9500.0
Inpatient,68100,19,19,120000.0,6315.79,4000.0
Inpatient,1578,10,10,120000.0,12000.0,10500.0
Inpatient,5758,13,13,119000.0,9153.85,8000.0
Inpatient,94536,4,4,119000.0,29750.0,25000.0
Inpatient,2411,23,23,119000.0,5173.91,4000.0
Inpatient,73381,8,8,119000.0,14875.0,11000.0
Inpatient,6191,8,8,119000.0,14875.0,14000.0
Inpatient,1984,8,8,118000.0,14750.0,9500.0
Inpatient,2900,11,11,117000.0,10636.36,8000.0
Inpatient,53020,18,18,117000.0,6500.0,5500.0
Inpatient,99683,7,7,117000.0,16714.29,8000.0
Inpatient,4659,29,29,117000.0,4034.48,3000.0
Inpatient,29689,23,23,116800.0,5078.26,4000.0
Inpatient,5950,21,21,116000.0,5523.81,5000.0
Inpatient,71589,15,15,116000.0,7733.33,9000.0
Inpatient,80704,14,14,115900.0,8278.57,6500.0
Inpatient,33818,19,19,115000.0,6052.63,4000.0
Inpatient,43330,18,18,115000.0,6388.89,6000.0
Inpatient,1588,5,5,114000.0,22800.0,28000.0
Inpatient,990,2,2,114000.0,57000.0,57000.0
Inpatient,71511,10,10,114000.0,11400.0,10000.0
Inpatient,1173,8,8,113000.0,14125.0,11000.0
Inpatient,2639,20,20,113000.0,5650.0,4000.0
Inpatient,99851,10,10,112000.0,11200.0,12000.0
Inpatient,42090,10,10,112000.0,11200.0,6000.0
Inpatient,3942,2,2,111000.0,55500.0,55500.0
Inpatient,5711,13,13,110000.0,8461.54,9000.0
Inpatient,20502,6,6,110000.0,18333.33,20000.0
Inpatient,34510,20,20,110000.0,5500.0,4500.0
Inpatient,29043,8,8,110000.0,13750.0,11500.0
Inpatient,9708,9,9,110000.0,12222.22,7000.0
Inpatient,33520,7,7,110000.0,15714.29,7000.0
Inpatient,25063,14,14,109000.0,7785.71,6500.0
Inpatient,99676,15,15,108000.0,7200.0,7000.0
Inpatient,82121,10,10,108000.0,10800.0,10000.0
Inpatient,70714,9,9,108000.0,12000.0,9000.0
Inpatient,5960,13,13,108000.0,8307.69,8000.0
Inpatient,4150,13,13,107000.0,8230.77,8000.0
Inpatient,53200,8,8,107000.0,13375.0,9500.0
Inpatient,6110,15,15,107000.0,7133.33,7000.0
Inpatient,4440,4,4,106000.0,26500.0,21000.0
Inpatient,1892,9,9,106000.0,11777.78,10000.0
Inpatient,1624,8,8,106000.0,13250.0,12500.0
Inpatient,80703,16,16,106000.0,6625.0,6500.0
Inpatient,44031,9,9,105000.0,11666.67,12000.0
Inpatient,193,22,22,105000.0,4772.73,4500.0
Inpatient,29042,11,11,105000.0,9545.45,6000.0
Inpatient,8249,6,6,105000.0,17500.0,9500.0
Inpatient,25092,14,14,105000.0,7500.0,6000.0
Inpatient,1518,9,9,105000.0,11666.67,12000.0
Inpatient,25022,18,18,104090.0,5782.78,5500.0
Inpatient,03841,7,7,104000.0,14857.14,13000.0
Inpatient,68110,19,19,104000.0,5473.68,5000.0
Inpatient,20510,5,5,104000.0,20800.0,17000.0
Inpatient,99657,3,3,103000.0,34333.33,43000.0
Inpatient,1744,18,18,103000.0,5722.22,5000.0
Inpatient,0310,8,8,103000.0,12875.0,8500.0
Inpatient,43301,7,7,103000.0,14714.29,5000.0
Inpatient,94534,2,2,102000.0,51000.0,51000.0
Inpatient,1883,6,6,102000.0,17000.0,12500.0
Inpatient,8072,11,11,102000.0,9272.73,6000.0
Inpatient,80709,13,13,102000.0,7846.15,6000.0
Inpatient,29572,18,18,101700.0,5650.0,4500.0
Inpatient,3330,11,11,101000.0,9181.82,5000.0
Inpatient,85226,8,8,101000.0,12625.0,10500.0
Inpatient,1885,10,10,101000.0,10100.0,4000.0
Inpatient,1125,5,5,101000.0,20200.0,14000.0
Inpatient,43820,12,12,101000.0,8416.67,8000.0
Inpatient,20301,2,2,101000.0,50500.0,50500.0
Inpatient,5300,9,9,101000.0,11222.22,5000.0
Inpatient,7366,6,6,101000.0,16833.33,14000.0
Inpatient,53210,3,3,100000.0,33333.33,40000.0
Inpatient,1538,8,8,100000.0,12500.0,12500.0
Inpatient,1515,4,4,100000.0,25000.0,27000.0
Inpatient,1844,15,15,100000.0,6666.67,6000.0
Inpatient,34550,17,17,100000.0,5882.35,5000.0
Inpatient,78901,29,29,100000.0,3448.28,3000.0
Inpatient,56989,11,11,100000.0,9090.91,6000.0
Inpatient,72291,5,5,99000.0,19800.0,16000.0
Inpatient,99702,7,7,99000.0,14142.86,10000.0
Inpatient,8024,9,9,99000.0,11000.0,12000.0
Inpatient,3313,4,4,99000.0,24750.0,26000.0
Inpatient,85222,12,12,99000.0,8250.0,6500.0
Inpatient,5768,20,20,98000.0,4900.0,5000.0
Inpatient,85225,3,3,98000.0,32666.67,38000.0
Inpatient,80702,20,20,97400.0,4870.0,5000.0
Inpatient,29383,7,7,97000.0,13857.14,8000.0
Inpatient,5550,11,11,97000.0,8818.18,9000.0
Inpatient,51909,7,7,97000.0,13857.14,13000.0
Inpatient,4592,7,7,97000.0,13857.14,15000.0
Inpatient,6821,6,6,97000.0,16166.67,7500.0
Inpatient,53500,23,23,96000.0,4173.91,4000.0
Inpatient,99684,5,5,96000.0,19200.0,9000.0
Inpatient,51902,7,7,96000.0,13714.29,8000.0
Inpatient,78720,19,19,96000.0,5052.63,4000.0
Inpatient,1449,2,2,96000.0,48000.0,48000.0
Inpatient,71945,17,17,96000.0,5647.06,4000.0
Inpatient,8670,15,15,96000.0,6400.0,6000.0
Inpatient,20285,4,4,95000.0,23750.0,23000.0
Inpatient,72740,12,12,95000.0,7916.67,5500.0
Inpatient,73022,4,4,95000.0,23750.0,22500.0
Inpatient,49320,19,19,94000.0,4947.37,5000.0
Inpatient,2762,18,18,94000.0,5222.22,5500.0
Inpatient,53649,8,8,94000.0,11750.0,7500.0
Inpatient,05319,13,13,93000.0,7153.85,6000.0
Inpatient,73319,12,12,92700.0,7725.0,6500.0
Inpatient,5100,6,6,92000.0,15333.33,16000.0
Inpatient,92401,24,24,92000.0,3833.33,4000.0
Inpatient,4400,3,3,92000.0,30666.67,24000.0
Inpatient,9679,14,14,92000.0,6571.43,6500.0
Inpatient,3569,11,11,92000.0,8363.64,7000.0
Inpatient,4465,8,8,92000.0,11500.0,9000.0
Inpatient,99889,13,13,91000.0,7000.0,5000.0
Inpatient,47833,2,2,91000.0,45500.0,45500.0
Inpatient,51882,6,6,91000.0,15166.67,5000.0
Inpatient,5679,8,8,90000.0,11250.0,10500.0
Inpatient,99679,8,8,90000.0,11250.0,6000.0
Inpatient,71695,11,11,90000.0,8181.82,10000.0
Inpatient,73311,10,10,90000.0,9000.0,10000.0
Inpatient,V580,9,8,90000.0,10000.0,9000.0
Inpatient,2114,6,6,89000.0,14833.33,14000.0
Inpatient,4555,13,13,88000.0,6769.23,6000.0
Inpatient,5941,13,13,88000.0,6769.23,6000.0
Inpatient,80126,6,6,88000.0,14666.67,9500.0
Inpatient,725,11,11,88000.0,8000.0,7000.0
Inpatient,5738,10,10,87000.0,8700.0,5000.0
Inpatient,2449,11,11,87000.0,7909.09,9000.0
Inpatient,03844,4,4,87000.0,21750.0,12000.0
Inpatient,34591,12,12,87000.0,7250.0,4500.0
Inpatient,4358,24,24,87000.0,3625.0,3000.0
Inpatient,6202,16,16,87000.0,5437.5,5000.0
Inpatient,6271,14,14,86300.0,6164.29,6000.0
Inpatient,57411,9,9,86000.0,9555.56,9000.0
Inpatient,72633,7,7,86000.0,12285.71,6000.0
Inpatient,4588,11,11,86000.0,7818.18,8000.0
Inpatient,57471,8,8,86000.0,10750.0,9500.0
Inpatient,1122,11,11,86000.0,7818.18,7000.0
Inpatient,44103,3,3,85000.0,28333.33,24000.0
Inpatient,59381,6,6,85000.0,14166.67,10000.0
Inpatient,1410,5,5,85000.0,17000.0,13000.0
Inpatient,5304,5,5,85000.0,17000.0,9000.0
Inpatient,44102,6,6,85000.0,14166.67,13000.0
Inpatient,5374,2,2,85000.0,42500.0,42500.0
Inpatient,32723,16,16,85000.0,5312.5,5000.0
Inpatient,2903,7,7,85000.0,12142.86,11000.0
Inpatient,5272,15,15,84100.0,5606.67,5000.0
Inpatient,8449,10,10,84000.0,8400.0,5500.0
Inpatient,57461,6,6,84000.0,14000.0,17000.0
Inpatient,35800,5,5,84000.0,16800.0,12000.0
Inpatient,5303,17,17,84000.0,4941.18,4000.0
Inpatient,0479,9,9,84000.0,9333.33,6000.0
Inpatient,2230,6,6,84000.0,14000.0,13000.0
Inpatient,73005,2,2,84000.0,42000.0,42000.0
Inpatient,5641,21,21,84000.0,4000.0,4000.0
Inpatient,7850,15,15,83800.0,5586.67,4000.0
Inpatient,8505,14,14,83000.0,5928.57,6000.0
Inpatient,56729,9,9,83000.0,9222.22,10000.0
Inpatient,70713,8,8,82000.0,10250.0,7500.0
Inpatient,8242,13,13,82000.0,6307.69,6000.0
Inpatient,0270,5,5,82000.0,16400.0,8000.0
Inpatient,1981,8,8,82000.0,10250.0,8500.0
Inpatient,29041,11,11,82000.0,7454.55,6000.0
Inpatient,V5875,4,4,82000.0,20500.0,24000.0
Inpatient,5695,7,7,82000.0,11714.29,11000.0
Inpatient,5551,12,12,82000.0,6833.33,6000.0
Inpatient,25201,15,15,81500.0,5433.33,5000.0
Inpatient,78904,17,17,81300.0,4782.35,4000.0
Inpatient,2330,17,17,81000.0,4764.71,4000.0
Inpatient,40492,6,6,81000.0,13500.0,10500.0
Inpatient,07071,8,8,81000.0,10125.0,10000.0
Inpatient,70712,7,7,81000.0,11571.43,10000.0
Inpatient,4411,3,3,81000.0,27000.0,38000.0
Inpatient,82302,9,9,81000.0,9000.0,9000.0
Inpatient,4408,4,4,80000.0,20000.0,20500.0
Inpatient,56409,20,20,80000.0,4000.0,3000.0
Inpatient,57401,8,8,80000.0,10000.0,10000.0
Inpatient,80505,3,3,80000.0,26666.67,23000.0
Inpatient,42654,3,3,80000.0,26666.67,25000.0
Inpatient,2123,4,4,79000.0,19750.0,18000.0
Inpatient,49120,14,14,79000.0,5642.86,6000.0
Inpatient,7104,5,5,79000.0,15800.0,7000.0
Inpatient,4471,8,8,79000.0,9875.0,10000.0
Inpatient,25000,16,16,79000.0,4937.5,4000.0
Inpatient,72992,16,16,79000.0,4937.5,5000.0
Inpatient,40403,6,6,79000.0,13166.67,9500.0
Inpatient,25043,7,7,79000.0,11285.71,8000.0
Inpatient,3542,4,4,78000.0,19500.0,21500.0
Inpatient,48239,2,2,78000.0,39000.0,39000.0
Inpatient,82322,12,12,78000.0,6500.0,6000.0
Inpatient,25081,17,17,78000.0,4588.24,4000.0
Inpatient,42842,9,9,78000.0,8666.67,6000.0
Inpatient,5110,9,9,77000.0,8555.56,6000.0
Inpatient,80701,15,15,77000.0,5133.33,5000.0
Inpatient,2830,6,6,77000.0,12833.33,10000.0
Inpatient,5305,16,16,77000.0,4812.5,3000.0
Inpatient,0400,2,2,77000.0,38500.0,38500.0
Inpatient,7265,10,10,77000.0,7700.0,7000.0
Inpatient,1124,5,5,76000.0,15200.0,12000.0
Inpatient,57440,7,7,76000.0,10857.14,7000.0
Inpatient,5793,6,6,76000.0,12666.67,10500.0
Inpatient,5362,18,18,76000.0,4222.22,3500.0
Inpatient,4266,5,5,76000.0,15200.0,12000.0
Inpatient,20284,2,2,76000.0,38000.0,38000.0
Inpatient,27702,9,9,76000.0,8444.44,8000.0
Inpatient,78651,25,25,76000.0,3040.0,3000.0
Inpatient,07070,3,3,76000.0,25333.33,13000.0
Inpatient,70710,9,9,76000.0,8444.44,6000.0
Inpatient,85182,4,4,76000.0,19000.0,8000.0
Inpatient,25041,3,3,76000.0,25333.33,27000.0
Inpatient,55090,11,11,75800.0,6890.91,6000.0
Inpatient,74781,3,3,75000.0,25000.0,14000.0
Inpatient,3488,8,8,75000.0,9375.0,6000.0
Inpatient,99645,4,4,75000.0,18750.0,19000.0
Inpatient,5180,10,10,75000.0,7500.0,7000.0
Inpatient,07044,11,11,75000.0,6818.18,6000.0
Inpatient,8448,10,10,75000.0,7500.0,6500.0
Inpatient,53021,11,11,75000.0,6818.18,7000.0
Inpatient,6256,17,17,75000.0,4411.76,5000.0
Inpatient,7851,27,27,74080.0,2743.7,2000.0
Inpatient,53501,10,10,74000.0,7400.0,7500.0
Inpatient,V5849,3,3,74000.0,24666.67,24000.0
Inpatient,1571,6,6,74000.0,12333.33,11000.0
Inpatient,72989,20,20,74000.0,3700.0,3000.0
Inpatient,9951,23,23,73600.0,3200.0,2000.0
Inpatient,81341,11,11,73000.0,6636.36,5000.0
Inpatient,7892,2,2,73000.0,36500.0,36500.0
Inpatient,48230,9,9,73000.0,8111.11,6000.0
Inpatient,27401,12,12,73000.0,6083.33,6000.0
Inpatient,9221,17,17,73000.0,4294.12,4000.0
Inpatient,8240,9,9,73000.0,8111.11,8000.0
Inpatient,85200,13,13,72000.0,5538.46,5000.0
Inpatient,56489,9,9,72000.0,8000.0,4000.0
Inpatient,8020,10,10,72000.0,7200.0,5000.0
Inpatient,78702,7,7,72000.0,10285.71,5000.0
Inpatient,2930,10,10,72000.0,7200.0,4500.0
Inpatient,20800,4,4,72000.0,18000.0,19000.0
Inpatient,41511,11,11,72000.0,6545.45,6000.0
Inpatient,71696,7,7,72000.0,10285.71,10000.0
Inpatient,7246,4,4,72000.0,18000.0,17500.0
Inpatient,05379,12,12,72000.0,6000.0,5000.0
Inpatient,30390,23,23,71200.0,3095.65,3000.0
Inpatient,1580,4,4,71000.0,17750.0,19000.0
Inpatient,42769,9,9,70000.0,7777.78,5000.0
Inpatient,V5873,3,3,70000.0,23333.33,23000.0
Inpatient,56961,3,3,70000.0,23333.33,9000.0
Inpatient,4809,10,10,70000.0,7000.0,7000.0
Inpatient,4279,7,7,70000.0,10000.0,3000.0
Inpatient,7823,19,19,69600.0,3663.16,4000.0
Inpatient,81344,15,15,69000.0,4600.0,4000.0
Inpatient,1618,3,3,69000.0,23000.0,27000.0
Inpatient,7093,4,4,69000.0,17250.0,7000.0
Inpatient,33819,17,17,69000.0,4058.82,3000.0
Inpatient,56889,4,4,69000.0,17250.0,17500.0
Inpatient,1619,2,2,68000.0,34000.0,34000.0
Inpatient,99682,9,9,68000.0,7555.56,6000.0
Inpatient,85185,2,2,68000.0,34000.0,34000.0
Inpatient,70706,4,4,68000.0,17000.0,14500.0
Inpatient,78559,3,3,68000.0,22666.67,20000.0
Inpatient,73639,4,4,68000.0,17000.0,17500.0
Inpatient,59960,6,6,67000.0,11166.67,6000.0
Inpatient,1882,8,8,67000.0,8375.0,7500.0
Inpatient,7455,6,6,67000.0,11166.67,12500.0
Inpatient,20040,3,3,67000.0,22333.33,5000.0
Inpatient,2391,5,5,67000.0,13400.0,16000.0
Inpatient,29564,8,8,67000.0,8375.0,5000.0
Inpatient,78903,19,19,67000.0,3526.32,4000.0
Inpatient,94532,3,3,67000.0,22333.33,31000.0
Inpatient,53510,12,12,66000.0,5500.0,4000.0
Inpatient,40201,9,9,66000.0,7333.33,6000.0
Inpatient,1520,6,6,66000.0,11000.0,11000.0
Inpatient,82129,5,5,66000.0,13200.0,10000.0
Inpatient,70711,2,2,66000.0,33000.0,33000.0
Inpatient,7813,12,12,66000.0,5500.0,5000.0
Inpatient,29284,10,10,66000.0,6600.0,5000.0
Inpatient,61804,16,16,65800.0,4112.5,4000.0
Inpatient,99591,8,8,65000.0,8125.0,9000.0
Inpatient,2733,5,5,65000.0,13000.0,10000.0
Inpatient,53561,9,9,65000.0,7222.22,8000.0
Inpatient,135,10,10,65000.0,6500.0,7000.0
Inpatient,1481,3,3,65000.0,21666.67,28000.0
Inpatient,75451,2,2,65000.0,32500.0,32500.0
Inpatient,3090,13,13,65000.0,5000.0,5000.0
Inpatient,43882,5,5,65000.0,13000.0,6000.0
Inpatient,6850,4,4,65000.0,16250.0,15500.0
Inpatient,5680,5,5,65000.0,13000.0,15000.0
Inpatient,8404,11,11,64900.0,5900.0,6000.0
Inpatient,30981,13,13,64800.0,4984.62,3000.0
Inpatient,34541,9,9,64000.0,7111.11,5000.0
Inpatient,6182,13,13,64000.0,4923.08,4000.0
Inpatient,30301,14,14,64000.0,4571.43,3000.0
Inpatient,1918,4,4,64000.0,16000.0,14000.0
Inpatient,3004,11,11,64000.0,5818.18,3000.0
Inpatient,7248,4,4,63000.0,15750.0,4500.0
Inpatient,2839,7,7,63000.0,9000.0,7000.0
Inpatient,52689,2,2,63000.0,31500.0,31500.0
Inpatient,8028,6,6,63000.0,10500.0,4500.0
Inpatient,2273,5,5,63000.0,12600.0,12000.0
Inpatient,9779,16,16,63000.0,3937.5,3000.0
Inpatient,5733,6,6,63000.0,10500.0,7500.0
Inpatient,4568,6,6,63000.0,10500.0,7000.0
Inpatient,V560,11,11,63000.0,5727.27,5000.0
Inpatient,80101,8,8,63000.0,7875.0,7500.0
Inpatient,1639,4,4,63000.0,15750.0,13000.0
Inpatient,95208,4,4,63000.0,15750.0,8500.0
Inpatient,8500,16,16,62700.0,3918.75,4000.0
Inpatient,80507,7,7,62000.0,8857.14,5000.0
Inpatient,4466,6,6,62000.0,10333.33,10000.0
Inpatient,1508,5,5,62000.0,12400.0,8000.0
Inpatient,20203,2,2,62000.0,31000.0,31000.0
Inpatient,29560,4,4,62000.0,15500.0,10500.0
Inpatient,51919,3,3,62000.0,20666.67,23000.0
Inpatient,48284,3,3,62000.0,20666.67,5000.0
Inpatient,81301,5,5,62000.0,12400.0,7000.0
Inpatient,99640,4,4,62000.0,15500.0,16000.0
Inpatient,73710,3,3,61000.0,20333.33,27000.0
Inpatient,4251,5,5,61000.0,12200.0,12000.0
Inpatient,2112,5,5,61000.0,12200.0,13000.0
Inpatient,73026,4,4,61000.0,15250.0,11500.0
Inpatient,3079,7,7,61000.0,8714.29,7000.0
Inpatient,57490,7,7,60000.0,8571.43,7000.0
Inpatient,44389,6,6,60000.0,10000.0,9000.0
Inpatient,49321,11,11,60000.0,5454.55,6000.0
Inpatient,3949,2,2,60000.0,30000.0,30000.0
Inpatient,59970,12,12,60000.0,5000.0,4000.0
Inpatient,9693,17,17,60000.0,3529.41,3000.0
Inpatient,53260,3,3,60000.0,20000.0,15000.0
Inpatient,74729,2,2,60000.0,30000.0,30000.0
Inpatient,5997,12,12,60000.0,5000.0,4500.0
Inpatient,7863,6,6,60000.0,10000.0,6000.0
Inpatient,29600,5,5,60000.0,12000.0,7000.0
Inpatient,53291,4,4,60000.0,15000.0,11000.0
Inpatient,1543,4,4,59000.0,14750.0,14000.0
Inpatient,56982,8,8,59000.0,7375.0,6500.0
Inpatient,5600,4,4,59000.0,14750.0,6000.0
Inpatient,53440,10,10,59000.0,5900.0,5000.0
Inpatient,1529,4,4,59000.0,14750.0,14000.0
Inpatient,57481,5,5,59000.0,11800.0,12000.0
Inpatient,34500,4,4,59000.0,14750.0,5500.0
Inpatient,3071,5,5,58800.0,11760.0,10000.0
Inpatient,95901,15,15,58500.0,3900.0,4000.0
Inpatient,4294,7,7,58000.0,8285.71,6000.0
Inpatient,5225,11,11,58000.0,5272.73,5000.0
Inpatient,29562,13,13,58000.0,4461.54,4000.0
Inpatient,7856,4,4,58000.0,14500.0,10500.0
Inpatient,2111,7,7,58000.0,8285.71,6000.0
Inpatient,7820,14,14,58000.0,4142.86,4000.0
Inpatient,29643,12,12,57300.0,4775.0,4500.0
Inpatient,55011,6,6,57000.0,9500.0,9500.0
Inpatient,73719,1,1,57000.0,57000.0,57000.0
Inpatient,86504,1,1,57000.0,57000.0,57000.0
Inpatient,2115,1,1,57000.0,57000.0,57000.0
Inpatient,20380,1,1,57000.0,57000.0,57000.0
Inpatient,1522,4,4,57000.0,14250.0,14000.0
Inpatient,3910,1,1,57000.0,57000.0,57000.0
Inpatient,85145,1,1,57000.0,57000.0,57000.0
Inpatient,2270,5,5,57000.0,11400.0,9000.0
Inpatient,80025,1,1,57000.0,57000.0,57000.0
Inpatient,80621,1,1,57000.0,57000.0,57000.0
Inpatient,80620,1,1,57000.0,57000.0,57000.0
Inpatient,38630,18,18,57000.0,3166.67,3000.0
Inpatient,1489,1,1,57000.0,57000.0,57000.0
Inpatient,5439,4,4,57000.0,14250.0,10000.0
Inpatient,42099,1,1,57000.0,57000.0,57000.0
Inpatient,94539,1,1,57000.0,57000.0,57000.0
Inpatient,2370,1,1,57000.0,57000.0,57000.0
Inpatient,7510,1,1,57000.0,57000.0,57000.0
Inpatient,3336,1,1,57000.0,57000.0,57000.0
Inpatient,74100,1,1,57000.0,57000.0,57000.0
Inpatient,9596,1,1,57000.0,57000.0,57000.0
Inpatient,31230,6,6,57000.0,9500.0,8000.0
Inpatient,72251,2,2,57000.0,28500.0,28500.0
Inpatient,01500,1,1,57000.0,57000.0,57000.0
Inpatient,95205,1,1,57000.0,57000.0,57000.0
Inpatient,85224,1,1,57000.0,57000.0,57000.0
Inpatient,25042,10,10,56000.0,5600.0,4500.0
Inpatient,V5413,5,5,56000.0,11200.0,9000.0
Inpatient,85202,7,7,56000.0,8000.0,6000.0
Inpatient,0085,4,4,56000.0,14000.0,9000.0
Inpatient,72403,3,3,56000.0,18666.67,20000.0
Inpatient,35989,2,2,56000.0,28000.0,28000.0
Inpatient,86330,2,2,56000.0,28000.0,28000.0
Inpatient,7991,4,4,56000.0,14000.0,12000.0
Inpatient,5720,6,6,56000.0,9333.33,7500.0
Inpatient,53511,7,7,56000.0,8000.0,7000.0
Inpatient,9778,8,8,56000.0,7000.0,4000.0
Inpatient,5120,5,5,56000.0,11200.0,6000.0
Inpatient,27652,11,11,56000.0,5090.91,5000.0
Inpatient,7291,4,4,55000.0,13750.0,8000.0
Inpatient,1991,4,4,55000.0,13750.0,7500.0
Inpatient,1488,2,2,55000.0,27500.0,27500.0
Inpatient,5647,5,5,55000.0,11000.0,7000.0
Inpatient,86803,1,1,55000.0,55000.0,55000.0
Inpatient,3331,6,6,55000.0,9166.67,9000.0
Inpatient,1710,2,2,54000.0,27000.0,27000.0
Inpatient,9916,6,6,54000.0,9000.0,8000.0
Inpatient,9623,15,15,54000.0,3600.0,3000.0
Inpatient,57431,4,4,54000.0,13500.0,12000.0
Inpatient,81203,8,8,54000.0,6750.0,6000.0
Inpatient,5963,2,2,54000.0,27000.0,27000.0
Inpatient,33392,5,5,54000.0,10800.0,7000.0
Inpatient,23879,4,4,54000.0,13500.0,12000.0
Inpatient,80121,5,5,54000.0,10800.0,8000.0
Inpatient,4377,13,13,54000.0,4153.85,4000.0
Inpatient,4441,2,2,53000.0,26500.0,26500.0
Inpatient,5080,3,3,53000.0,17666.67,8000.0
Inpatient,78930,7,7,53000.0,7571.43,4000.0
Inpatient,41070,2,2,53000.0,26500.0,26500.0
Inpatient,20600,2,2,53000.0,26500.0,26500.0
Inpatient,34290,4,4,53000.0,13250.0,7500.0
Inpatient,1745,11,11,53000.0,4818.18,4000.0
Inpatient,937,2,2,53000.0,26500.0,26500.0
Inpatient,82525,5,5,52000.0,10400.0,7000.0
Inpatient,73024,2,2,52000.0,26000.0,26000.0
Inpatient,1880,6,6,52000.0,8666.67,7500.0
Inpatient,73396,5,5,52000.0,10400.0,10000.0
Inpatient,30300,10,10,52000.0,5200.0,5000.0
Inpatient,70719,7,7,52000.0,7428.57,8000.0
Inpatient,60000,14,14,52000.0,3714.29,4000.0
Inpatient,80605,3,3,52000.0,17333.33,18000.0
Inpatient,45821,14,14,52000.0,3714.29,4000.0
Inpatient,29510,8,8,52000.0,6500.0,5000.0
Inpatient,5118,7,7,51600.0,7371.43,5000.0
Inpatient,5754,3,3,51000.0,17000.0,19000.0
Inpatient,85180,5,5,51000.0,10200.0,11000.0
Inpatient,99881,4,4,51000.0,12750.0,6000.0
Inpatient,71916,5,5,51000.0,10200.0,7000.0
Inpatient,78832,3,3,51000.0,17000.0,21000.0
Inpatient,42983,5,5,51000.0,10200.0,10000.0
Inpatient,2251,3,3,51000.0,17000.0,21000.0
Inpatient,72665,5,5,50000.0,10000.0,10000.0
Inpatient,6930,10,10,50000.0,5000.0,4000.0
Inpatient,3202,2,2,50000.0,25000.0,25000.0
Inpatient,92231,6,6,50000.0,8333.33,9500.0
Inpatient,5163,7,7,50000.0,7142.86,8000.0
Inpatient,9726,8,8,50000.0,6250.0,3000.0
Inpatient,1460,4,4,50000.0,12500.0,11500.0
Inpatient,53340,10,10,50000.0,5000.0,4500.0
Inpatient,1548,6,6,50000.0,8333.33,8000.0
Inpatient,71906,5,5,50000.0,10000.0,6000.0
Inpatient,3332,8,8,50000.0,6250.0,6500.0
Inpatient,92411,11,11,50000.0,4545.45,4000.0
Inpatient,2874,6,6,50000.0,8333.33,8500.0
Inpatient,56941,9,9,50000.0,5555.56,6000.0
Inpatient,586,6,6,50000.0,8333.33,6500.0
Inpatient,53011,12,12,50000.0,4166.67,4000.0
Inpatient,4242,1,1,50000.0,50000.0,50000.0
Inpatient,2362,2,2,49000.0,24500.0,24500.0
Inpatient,0030,7,7,49000.0,7000.0,6000.0
Inpatient,7810,9,9,49000.0,5444.44,6000.0
Inpatient,1886,6,6,49000.0,8166.67,7500.0
Inpatient,2858,13,13,49000.0,3769.23,4000.0
Inpatient,226,11,11,49000.0,4454.55,4000.0
Inpatient,42091,5,5,49000.0,9800.0,6000.0
Inpatient,60784,8,8,49000.0,6125.0,6000.0
Inpatient,94224,1,1,49000.0,49000.0,49000.0
Inpatient,1832,4,4,49000.0,12250.0,12000.0
Inpatient,73004,2,2,49000.0,24500.0,24500.0
Inpatient,8088,10,10,49000.0,4900.0,5000.0
Inpatient,0312,3,3,49000.0,16333.33,18000.0
Inpatient,4149,3,3,49000.0,16333.33,4000.0
Inpatient,4420,2,2,49000.0,24500.0,24500.0
Inpatient,30000,14,14,48200.0,3442.86,3000.0
Inpatient,80600,3,3,48000.0,16000.0,12000.0
Inpatient,82320,4,4,48000.0,12000.0,12500.0
Inpatient,33390,5,5,48000.0,9600.0,5000.0
Inpatient,5779,7,7,48000.0,6857.14,4000.0
Inpatient,22809,4,4,48000.0,12000.0,9500.0
Inpatient,29020,10,10,48000.0,4800.0,4000.0
Inpatient,5932,5,5,48000.0,9600.0,7000.0
Inpatient,34540,10,10,48000.0,4800.0,4500.0
Inpatient,29594,10,10,47000.0,4700.0,3000.0
Inpatient,3594,8,8,47000.0,5875.0,5500.0
Inpatient,81241,5,5,47000.0,9400.0,11000.0
Inpatient,99813,8,8,47000.0,5875.0,4500.0
Inpatient,85229,1,1,47000.0,47000.0,47000.0
Inpatient,1961,5,5,47000.0,9400.0,10000.0
Inpatient,6961,8,8,47000.0,5875.0,6000.0
Inpatient,25071,4,4,47000.0,11750.0,11500.0
Inpatient,53085,7,7,46200.0,6600.0,7000.0
Inpatient,73679,6,6,46100.0,7683.33,7500.0
Inpatient,96502,9,9,46000.0,5111.11,4000.0
Inpatient,41072,4,4,46000.0,11500.0,10500.0
Inpatient,61889,10,10,46000.0,4600.0,4000.0
Inpatient,2749,8,8,46000.0,5750.0,5000.0
Inpatient,2394,7,7,46000.0,6571.43,4000.0
Inpatient,5566,6,5,46000.0,7666.67,6500.0
Inpatient,1514,1,1,45000.0,45000.0,45000.0
Inpatient,86509,3,3,45000.0,15000.0,10000.0
Inpatient,3480,2,2,45000.0,22500.0,22500.0
Inpatient,20023,1,1,45000.0,45000.0,45000.0
Inpatient,1800,5,5,45000.0,9000.0,8000.0
Inpatient,20081,1,1,45000.0,45000.0,45000.0
Inpatient,80224,1,1,45000.0,45000.0,45000.0
Inpatient,99830,7,7,45000.0,6428.57,6000.0
Inpatient,1715,4,4,45000.0,11250.0,10500.0
Inpatient,80508,5,5,45000.0,9000.0,4000.0
Inpatient,86503,4,4,45000.0,11250.0,11500.0
Inpatient,2753,2,2,45000.0,22500.0,22500.0
Inpatient,2127,5,5,44300.0,8860.0,6000.0
Inpatient,99631,4,4,44000.0,11000.0,11000.0
Inpatient,4281,7,7,44000.0,6285.71,6000.0
Inpatient,7842,3,3,44000.0,14666.67,8000.0
Inpatient,56731,5,5,44000.0,8800.0,10000.0
Inpatient,2396,6,6,44000.0,7333.33,7000.0
Inpatient,7234,8,8,44000.0,5500.0,5500.0
Inpatient,436,10,10,44000.0,4400.0,4000.0
Inpatient,4558,9,9,44000.0,4888.89,5000.0
Inpatient,86121,3,3,44000.0,14666.67,11000.0
Inpatient,27669,6,6,44000.0,7333.33,8000.0
Inpatient,94223,1,1,44000.0,44000.0,44000.0
Inpatient,29592,7,7,43900.0,6271.43,6000.0
Inpatient,30421,6,6,43500.0,7250.0,6000.0
Inpatient,42610,7,7,43400.0,6200.0,5000.0
Inpatient,43331,4,4,43000.0,10750.0,10000.0
Inpatient,99760,3,3,43000.0,14333.33,12000.0
Inpatient,7993,11,11,43000.0,3909.09,3000.0
Inpatient,7226,5,5,43000.0,8600.0,5000.0
Inpatient,9730,2,2,43000.0,21500.0,21500.0
Inpatient,5198,10,10,43000.0,4300.0,4000.0
Inpatient,57441,5,5,43000.0,8600.0,8000.0
Inpatient,99529,6,6,43000.0,7166.67,6500.0
Inpatient,80706,6,6,43000.0,7166.67,6500.0
Inpatient,5368,7,7,43000.0,6142.86,4000.0
Inpatient,86354,1,1,43000.0,43000.0,43000.0
Inpatient,56202,2,2,43000.0,21500.0,21500.0
Inpatient,1733,5,5,43000.0,8600.0,8000.0
Inpatient,60091,11,11,43000.0,3909.09,3000.0
Inpatient,85186,5,5,43000.0,8600.0,7000.0
Inpatient,5839,3,3,42000.0,14000.0,14000.0
Inpatient,5967,6,6,42000.0,7000.0,5500.0
Inpatient,27549,9,9,42000.0,4666.67,5000.0
Inpatient,1962,3,3,42000.0,14000.0,16000.0
Inpatient,1562,3,3,42000.0,14000.0,10000.0
Inpatient,7454,1,1,42000.0,42000.0,42000.0
Inpatient,3970,1,1,42000.0,42000.0,42000.0
Inpatient,514,5,5,42000.0,8400.0,9000.0
Inpatient,2865,3,3,42000.0,14000.0,10000.0
Inpatient,4272,7,7,42000.0,6000.0,5000.0
Inpatient,9654,8,8,42000.0,5250.0,4000.0
Inpatient,9678,8,8,41900.0,5237.5,5000.0
Inpatient,29411,3,3,41000.0,13666.67,14000.0
Inpatient,5933,4,4,41000.0,10250.0,8500.0
Inpatient,56960,4,4,41000.0,10250.0,10000.0
Inpatient,78959,10,10,41000.0,4100.0,4000.0
Inpatient,85141,5,5,41000.0,8200.0,8000.0
Inpatient,1535,2,2,41000.0,20500.0,20500.0
Inpatient,0940,3,3,41000.0,13666.67,12000.0
Inpatient,4169,4,4,41000.0,10250.0,6500.0
Inpatient,71101,5,5,40000.0,8000.0,7000.0
Inpatient,72190,8,8,40000.0,5000.0,4500.0
Inpatient,30500,7,7,40000.0,5714.29,6000.0
Inpatient,29212,9,9,40000.0,4444.44,4000.0
Inpatient,1552,4,4,40000.0,10000.0,10000.0
Inpatient,4578,4,4,40000.0,10000.0,8500.0
Inpatient,1418,2,2,40000.0,20000.0,20000.0
Inpatient,73018,3,3,40000.0,13333.33,13000.0
Inpatient,1982,2,2,40000.0,20000.0,20000.0
Inpatient,2367,5,5,40000.0,8000.0,4000.0
Inpatient,6268,8,8,40000.0,5000.0,4000.0
Inpatient,1572,3,3,40000.0,13333.33,11000.0
Inpatient,V5812,6,6,39700.0,6616.67,6500.0
Inpatient,30183,3,3,39000.0,13000.0,9000.0
Inpatient,5642,3,3,39000.0,13000.0,8000.0
Inpatient,2892,6,6,39000.0,6500.0,5500.0
Inpatient,1881,5,5,39000.0,7800.0,6000.0
Inpatient,V5842,2,2,39000.0,19500.0,19500.0
Inpatient,591,9,9,39000.0,4333.33,3000.0
Inpatient,80843,3,3,39000.0,13000.0,13000.0
Inpatient,2181,7,7,39000.0,5571.43,6000.0
Inpatient,8620,1,1,38000.0,38000.0,38000.0
Inpatient,24220,4,4,38000.0,9500.0,3500.0
Inpatient,1950,1,1,38000.0,38000.0,38000.0
Inpatient,73316,4,4,38000.0,9500.0,7000.0
Inpatient,3384,8,8,38000.0,4750.0,5500.0
Inpatient,25200,7,7,38000.0,5428.57,4000.0
Inpatient,29699,1,1,38000.0,38000.0,38000.0
Inpatient,53390,9,9,38000.0,4222.22,4000.0
Inpatient,5951,2,2,38000.0,19000.0,19000.0
Inpatient,42611,3,3,38000.0,12666.67,9000.0
Inpatient,3441,3,3,38000.0,12666.67,9000.0
Inpatient,5728,7,7,38000.0,5428.57,7000.0
Inpatient,8921,4,4,38000.0,9500.0,10500.0
Inpatient,57491,5,5,38000.0,7600.0,7000.0
Inpatient,1569,2,2,38000.0,19000.0,19000.0
Inpatient,8602,4,4,38000.0,9500.0,12000.0
Inpatient,20401,1,1,38000.0,38000.0,38000.0
Inpatient,2512,11,11,37600.0,3418.18,4000.0
Inpatient,88110,2,2,37000.0,18500.0,18500.0
Inpatient,7845,6,6,37000.0,6166.67,5000.0
Inpatient,27541,8,8,37000.0,4625.0,4500.0
Inpatient,71845,1,1,37000.0,37000.0,37000.0
Inpatient,6259,8,8,37000.0,4625.0,4500.0
Inpatient,9222,6,6,37000.0,6166.67,5000.0
Inpatient,5562,4,4,37000.0,9250.0,8000.0
Inpatient,72887,10,10,37000.0,3700.0,3500.0
Inpatient,53789,6,6,37000.0,6166.67,4500.0
Inpatient,30781,4,4,37000.0,9250.0,4500.0
Inpatient,20200,4,4,36000.0,9000.0,7000.0
Inpatient,71946,9,9,36000.0,4000.0,3000.0
Inpatient,9522,1,1,36000.0,36000.0,36000.0
Inpatient,3510,6,6,36000.0,6000.0,5500.0
Inpatient,8509,7,7,36000.0,5142.86,5000.0
Inpatient,2395,4,4,36000.0,9000.0,9500.0
Inpatient,7465,1,1,36000.0,36000.0,36000.0
Inpatient,28860,8,8,36000.0,4500.0,4500.0
Inpatient,44284,1,1,36000.0,36000.0,36000.0
Inpatient,3240,2,2,36000.0,18000.0,18000.0
Inpatient,5183,3,3,36000.0,12000.0,9000.0
Inpatient,5650,6,6,36000.0,6000.0,6000.0
Inpatient,20880,2,2,36000.0,18000.0,18000.0
Inpatient,9698,8,8,36000.0,4500.0,3500.0
Inpatient,2381,2,2,36000.0,18000.0,18000.0
Inpatient,53410,1,1,35000.0,35000.0,35000.0
Inpatient,1919,5,5,35000.0,7000.0,6000.0
Inpatient,1986,3,3,35000.0,11666.67,12000.0
Inpatient,80506,3,3,35000.0,11666.67,11000.0
Inpatient,2143,3,3,35000.0,11666.67,7000.0
Inpatient,262,6,6,35000.0,5833.33,5500.0
Inpatient,45119,4,4,35000.0,8750.0,9500.0
Inpatient,2390,3,3,35000.0,11666.67,9000.0
Inpatient,9663,6,6,35000.0,5833.33,5500.0
Inpatient,78830,4,4,35000.0,8750.0,8500.0
Inpatient,78907,8,8,35000.0,4375.0,4000.0
Inpatient,3918,4,4,35000.0,8750.0,7500.0
Inpatient,V579,2,2,35000.0,17500.0,17500.0
Inpatient,6190,3,3,35000.0,11666.67,12000.0
Inpatient,8250,5,5,35000.0,7000.0,7000.0
Inpatient,2271,6,6,35000.0,5833.33,4500.0
Inpatient,30480,10,10,35000.0,3500.0,3000.0
Inpatient,1990,2,2,35000.0,17500.0,17500.0
Inpatient,2410,8,8,35000.0,4375.0,4000.0
Inpatient,99609,3,3,35000.0,11666.67,6000.0
Inpatient,2511,7,7,35000.0,5000.0,5000.0
Inpatient,9690,7,7,34000.0,4857.14,4000.0
Inpatient,38010,3,3,34000.0,11333.33,7000.0
Inpatient,34690,11,11,34000.0,3090.91,3000.0
Inpatient,1952,2,2,34000.0,17000.0,17000.0
Inpatient,1741,6,6,34000.0,5666.67,4000.0
Inpatient,59000,3,3,34000.0,11333.33,5000.0
Inpatient,1589,3,3,34000.0,11333.33,6000.0
Inpatient,20971,1,1,34000.0,34000.0,34000.0
Inpatient,51911,9,9,34000.0,3777.78,4000.0
Inpatient,29652,5,5,34000.0,6800.0,5000.0
Inpatient,00842,2,2,34000.0,17000.0,17000.0
Inpatient,6186,8,8,34000.0,4250.0,5000.0
Inpatient,56738,3,3,34000.0,11333.33,11000.0
Inpatient,2126,1,1,34000.0,34000.0,34000.0
Inpatient,81002,4,4,34000.0,8500.0,7000.0
Inpatient,V5877,2,2,34000.0,17000.0,17000.0
Inpatient,6084,10,10,33600.0,3360.0,3000.0
Inpatient,4801,1,1,33000.0,33000.0,33000.0
Inpatient,2102,7,7,33000.0,4714.29,5000.0
Inpatient,33811,8,8,33000.0,4125.0,3500.0
Inpatient,29021,4,4,33000.0,8250.0,6000.0
Inpatient,9984,2,2,33000.0,16500.0,16500.0
Inpatient,28959,4,4,33000.0,8250.0,8000.0
Inpatient,60490,5,5,33000.0,6600.0,7000.0
Inpatient,4959,4,4,33000.0,8250.0,6500.0
Inpatient,4940,7,7,33000.0,4714.29,5000.0
Inpatient,2303,4,4,33000.0,8250.0,9000.0
Inpatient,9973,5,5,33000.0,6600.0,6000.0
Inpatient,0391,4,4,33000.0,8250.0,7000.0
Inpatient,27739,2,2,33000.0,16500.0,16500.0
Inpatient,7101,4,4,33000.0,8250.0,8000.0
Inpatient,56200,3,3,33000.0,11000.0,4000.0
Inpatient,78551,4,4,32000.0,8000.0,8500.0
Inpatient,57421,3,3,32000.0,10666.67,9000.0
Inpatient,5531,5,5,32000.0,6400.0,6000.0
Inpatient,5730,4,4,32000.0,8000.0,8000.0
Inpatient,80115,1,1,32000.0,32000.0,32000.0
Inpatient,85302,2,2,32000.0,16000.0,16000.0
Inpatient,99660,4,4,32000.0,8000.0,7500.0
Inpatient,6010,6,6,32000.0,5333.33,4500.0
Inpatient,9352,5,5,32000.0,6400.0,5000.0
Inpatient,44032,2,2,32000.0,16000.0,16000.0
Inpatient,25032,4,4,32000.0,8000.0,8000.0
Inpatient,V4571,1,1,32000.0,32000.0,32000.0
Inpatient,1713,4,4,32000.0,8000.0,5000.0
Inpatient,3558,6,6,31000.0,5166.67,5000.0
Inpatient,35981,4,4,31000.0,7750.0,7500.0
Inpatient,82332,3,3,31000.0,10333.33,11000.0
Inpatient,56721,3,3,31000.0,10333.33,12000.0
Inpatient,7243,11,11,31000.0,2818.18,3000.0
Inpatient,41061,1,1,31000.0,31000.0,31000.0
Inpatient,33119,6,6,31000.0,5166.67,5500.0
Inpatient,8730,9,9,31000.0,3444.44,3000.0
Inpatient,1916,2,2,31000.0,15500.0,15500.0
Inpatient,82310,1,1,31000.0,31000.0,31000.0
Inpatient,65421,7,7,31000.0,4428.57,4000.0
Inpatient,47819,5,5,31000.0,6200.0,4000.0
Inpatient,7231,6,6,31000.0,5166.67,4000.0
Inpatient,4353,8,8,31000.0,3875.0,3000.0
Inpatient,41090,5,5,31000.0,6200.0,7000.0
Inpatient,4421,2,2,31000.0,15500.0,15500.0
Inpatient,8472,3,3,31000.0,10333.33,5000.0
Inpatient,2155,3,3,31000.0,10333.33,10000.0
Inpatient,35781,7,7,31000.0,4428.57,4000.0
Inpatient,53170,2,2,31000.0,15500.0,15500.0
Inpatient,24290,6,6,30800.0,5133.33,5000.0
Inpatient,5283,2,2,30000.0,15000.0,15000.0
Inpatient,6143,2,2,30000.0,15000.0,15000.0
Inpatient,5581,5,5,30000.0,6000.0,6000.0
Inpatient,1175,2,2,30000.0,15000.0,15000.0
Inpatient,73029,2,2,30000.0,15000.0,15000.0
Inpatient,1560,3,3,30000.0,10000.0,11000.0
Inpatient,33189,3,3,30000.0,10000.0,9000.0
Inpatient,85011,6,6,30000.0,5000.0,4000.0
Inpatient,3319,1,1,30000.0,30000.0,30000.0
Inpatient,9680,5,5,30000.0,6000.0,3000.0
Inpatient,7295,11,11,30000.0,2727.27,2000.0
Inpatient,00843,5,5,30000.0,6000.0,6000.0
Inpatient,48249,2,2,30000.0,15000.0,15000.0
Inpatient,30400,9,9,29800.0,3311.11,3000.0
Inpatient,6929,2,2,29000.0,14500.0,14500.0
Inpatient,94535,1,1,29000.0,29000.0,29000.0
Inpatient,29573,5,5,29000.0,5800.0,4000.0
Inpatient,2912,9,9,29000.0,3222.22,3000.0
Inpatient,30411,4,4,29000.0,7250.0,4500.0
Inpatient,1573,2,2,29000.0,14500.0,14500.0
Inpatient,72981,5,5,29000.0,5800.0,4000.0
Inpatient,V5489,2,2,29000.0,14500.0,14500.0
Inpatient,2253,1,1,29000.0,29000.0,29000.0
Inpatient,1177,1,1,29000.0,29000.0,29000.0
Inpatient,V5401,4,4,29000.0,7250.0,7500.0
Inpatient,0498,2,2,29000.0,14500.0,14500.0
Inpatient,81244,2,2,29000.0,14500.0,14500.0
Inpatient,4460,2,2,29000.0,14500.0,14500.0
Inpatient,25001,1,1,29000.0,29000.0,29000.0
Inpatient,53471,2,2,29000.0,14500.0,14500.0
Inpatient,78703,9,9,29000.0,3222.22,3000.0
Inpatient,86502,1,1,29000.0,29000.0,29000.0
Inpatient,1965,2,2,29000.0,14500.0,14500.0
Inpatient,82122,5,5,29000.0,5800.0,3000.0
Inpatient,1706,2,2,29000.0,14500.0,14500.0
Inpatient,40290,9,9,28600.0,3177.78,3000.0
Inpatient,70583,2,2,28000.0,14000.0,14000.0
Inpatient,1980,3,3,28000.0,9333.33,9000.0
Inpatient,60499,5,5,28000.0,5600.0,4000.0
Inpatient,2250,3,3,28000.0,9333.33,9000.0
Inpatient,1700,1,1,28000.0,28000.0,28000.0
Inpatient,V551,5,5,28000.0,5600.0,5000.0
Inpatient,73341,2,2,28000.0,14000.0,14000.0
Inpatient,5078,4,4,28000.0,7000.0,6000.0
Inpatient,99652,2,2,28000.0,14000.0,14000.0
Inpatient,9721,5,5,28000.0,5600.0,6000.0
Inpatient,85206,4,4,28000.0,7000.0,7000.0
Inpatient,5718,2,2,28000.0,14000.0,14000.0
Inpatient,78722,4,4,28000.0,7000.0,7500.0
Inpatient,86355,1,1,28000.0,28000.0,28000.0
Inpatient,56723,3,3,28000.0,9333.33,9000.0
Inpatient,5859,5,5,28000.0,5600.0,6000.0
Inpatient,56782,4,4,28000.0,7000.0,6500.0
Inpatient,29533,4,4,28000.0,7000.0,7000.0
Inpatient,2949,5,5,28000.0,5600.0,6000.0
Inpatient,85106,2,2,28000.0,14000.0,14000.0
Inpatient,5991,1,1,28000.0,28000.0,28000.0
Inpatient,64421,5,5,28000.0,5600.0,5000.0
Inpatient,1420,4,4,28000.0,7000.0,6000.0
Inpatient,49391,11,11,28000.0,2545.45,2000.0
Inpatient,0059,7,7,28000.0,4000.0,4000.0
Inpatient,1638,2,2,27000.0,13500.0,13500.0
Inpatient,59371,1,1,27000.0,27000.0,27000.0
Inpatient,20062,2,2,27000.0,13500.0,13500.0
Inpatient,4474,2,2,27000.0,13500.0,13500.0
Inpatient,71590,4,4,27000.0,6750.0,6500.0
Inpatient,1608,1,1,27000.0,27000.0,27000.0
Inpatient,5968,3,3,27000.0,9000.0,9000.0
Inpatient,4920,3,3,27000.0,9000.0,9000.0
Inpatient,4476,4,4,27000.0,6750.0,6000.0
Inpatient,72761,5,5,27000.0,5400.0,5000.0
Inpatient,81611,3,3,27000.0,9000.0,7000.0
Inpatient,28809,3,3,27000.0,9000.0,6000.0
Inpatient,80120,3,3,27000.0,9000.0,9000.0
Inpatient,179,3,3,27000.0,9000.0,11000.0
Inpatient,1640,1,1,27000.0,27000.0,27000.0
Inpatient,5071,1,1,27000.0,27000.0,27000.0
Inpatient,8678,2,2,27000.0,13500.0,13500.0
Inpatient,01300,1,1,27000.0,27000.0,27000.0
Inpatient,5962,1,1,27000.0,27000.0,27000.0
Inpatient,2863,3,3,27000.0,9000.0,10000.0
Inpatient,33183,2,2,27000.0,13500.0,13500.0
Inpatient,82382,5,5,26600.0,5320.0,7000.0
Inpatient,5988,7,7,26000.0,3714.29,4000.0
Inpatient,9879,2,2,26000.0,13000.0,13000.0
Inpatient,7854,5,5,26000.0,5200.0,5000.0
Inpatient,1726,2,2,26000.0,13000.0,13000.0
Inpatient,38635,4,4,26000.0,6500.0,4500.0
Inpatient,81003,5,5,26000.0,5200.0,4000.0
Inpatient,500,2,2,26000.0,13000.0,13000.0
Inpatient,7963,3,3,26000.0,8666.67,8000.0
Inpatient,69581,3,3,26000.0,8666.67,5000.0
Inpatient,72972,1,1,26000.0,26000.0,26000.0
Inpatient,2337,3,3,26000.0,8666.67,10000.0
Inpatient,73395,3,3,26000.0,8666.67,9000.0
Inpatient,72280,1,1,26000.0,26000.0,26000.0
Inpatient,6144,2,2,26000.0,13000.0,13000.0
Inpatient,20198,2,2,26000.0,13000.0,13000.0
Inpatient,53490,2,2,25000.0,12500.0,12500.0
Inpatient,43490,4,4,25000.0,6250.0,6000.0
Inpatient,4255,1,1,25000.0,25000.0,25000.0
Inpatient,30001,8,8,25000.0,3125.0,3000.0
Inpatient,2738,3,3,25000.0,8333.33,10000.0
Inpatient,73642,2,2,25000.0,12500.0,12500.0
Inpatient,1599,1,1,25000.0,25000.0,25000.0
Inpatient,7292,1,1,25000.0,25000.0,25000.0
Inpatient,8931,1,1,25000.0,25000.0,25000.0
Inpatient,72889,5,5,25000.0,5000.0,6000.0
Inpatient,4371,8,8,25000.0,3125.0,3000.0
Inpatient,71831,3,3,25000.0,8333.33,10000.0
Inpatient,6945,3,3,25000.0,8333.33,7000.0
Inpatient,37272,2,2,25000.0,12500.0,12500.0
Inpatient,85305,2,2,25000.0,12500.0,12500.0
Inpatient,9658,6,6,25000.0,4166.67,3500.0
Inpatient,3239,1,1,25000.0,25000.0,25000.0
Inpatient,73819,3,3,25000.0,8333.33,8000.0
Inpatient,1901,1,1,25000.0,25000.0,25000.0
Inpatient,59654,3,3,25000.0,8333.33,5000.0
Inpatient,99731,2,2,25000.0,12500.0,12500.0
Inpatient,9980,3,3,25000.0,8333.33,8000.0
Inpatient,6181,5,5,25000.0,5000.0,4000.0
Inpatient,61800,3,3,25000.0,8333.33,9000.0
Inpatient,2150,1,1,25000.0,25000.0,25000.0
Inpatient,29514,4,4,25000.0,6250.0,5500.0
Inpatient,2860,3,3,24000.0,8000.0,8000.0
Inpatient,59389,4,4,24000.0,6000.0,4500.0
Inpatient,1120,4,4,24000.0,6000.0,6000.0
Inpatient,69513,3,3,24000.0,8000.0,9000.0
Inpatient,85205,2,2,24000.0,12000.0,12000.0
Inpatient,5952,3,3,24000.0,8000.0,8000.0
Inpatient,36100,1,1,24000.0,24000.0,24000.0
Inpatient,53560,6,6,24000.0,4000.0,3000.0
Inpatient,72810,1,1,24000.0,24000.0,24000.0
Inpatient,53530,6,6,24000.0,4000.0,4000.0
Inpatient,20190,2,2,24000.0,12000.0,12000.0
Inpatient,20165,1,1,24000.0,24000.0,24000.0
Inpatient,56984,2,2,24000.0,12000.0,12000.0
Inpatient,4730,5,5,24000.0,4800.0,3000.0
Inpatient,20903,1,1,24000.0,24000.0,24000.0
Inpatient,9920,4,4,24000.0,6000.0,6500.0
Inpatient,38600,6,6,24000.0,4000.0,3500.0
Inpatient,40411,2,2,24000.0,12000.0,12000.0
Inpatient,V5411,1,1,24000.0,24000.0,24000.0
Inpatient,27700,1,1,24000.0,24000.0,24000.0
Inpatient,2409,5,5,23500.0,4700.0,3000.0
Inpatient,2662,6,6,23070.0,3845.0,4500.0
Inpatient,48289,3,3,23000.0,7666.67,7000.0
Inpatient,6159,3,3,23000.0,7666.67,8000.0
Inpatient,5848,3,3,23000.0,7666.67,8000.0
Inpatient,2384,2,2,23000.0,11500.0,11500.0
Inpatient,6205,3,3,23000.0,7666.67,8000.0
Inpatient,59982,2,2,23000.0,11500.0,11500.0
Inpatient,42682,3,3,23000.0,7666.67,4000.0
Inpatient,71616,2,2,23000.0,11500.0,11500.0
Inpatient,0049,2,2,23000.0,11500.0,11500.0
Inpatient,5723,4,4,23000.0,5750.0,6500.0
Inpatient,45382,5,5,23000.0,4600.0,5000.0
Inpatient,71107,2,2,23000.0,11500.0,11500.0
Inpatient,01190,3,3,23000.0,7666.67,6000.0
Inpatient,71865,2,2,23000.0,11500.0,11500.0
Inpatient,9642,7,7,23000.0,3285.71,3000.0
Inpatient,1987,3,3,23000.0,7666.67,8000.0
Inpatient,261,6,6,22600.0,3766.67,4500.0
Inpatient,7197,8,8,22200.0,2775.0,3000.0
Inpatient,47874,1,1,22000.0,22000.0,22000.0
Inpatient,1511,2,2,22000.0,11000.0,11000.0
Inpatient,56030,3,3,22000.0,7333.33,6000.0
Inpatient,7827,3,3,22000.0,7333.33,7000.0
Inpatient,7260,3,3,22000.0,7333.33,8000.0
Inpatient,30924,2,2,22000.0,11000.0,11000.0
Inpatient,0092,4,4,22000.0,5500.0,6000.0
Inpatient,68601,5,5,22000.0,4400.0,5000.0
Inpatient,48240,2,2,22000.0,11000.0,11000.0
Inpatient,45351,3,3,22000.0,7333.33,8000.0
Inpatient,83101,5,5,22000.0,4400.0,5000.0
Inpatient,20930,2,2,22000.0,11000.0,11000.0
Inpatient,71526,2,2,22000.0,11000.0,11000.0
Inpatient,475,4,4,22000.0,5500.0,4500.0
Inpatient,73343,2,2,22000.0,11000.0,11000.0
Inpatient,56789,2,2,22000.0,11000.0,11000.0
Inpatient,68102,1,1,22000.0,22000.0,22000.0
Inpatient,1369,2,2,22000.0,11000.0,11000.0
Inpatient,V5841,1,1,22000.0,22000.0,22000.0
Inpatient,80001,2,2,22000.0,11000.0,11000.0
Inpatient,45989,2,2,22000.0,11000.0,11000.0
Inpatient,1501,2,2,21000.0,10500.0,10500.0
Inpatient,99603,1,1,21000.0,21000.0,21000.0
Inpatient,2118,1,1,21000.0,21000.0,21000.0
Inpatient,4551,4,4,21000.0,5250.0,4000.0
Inpatient,44489,3,3,21000.0,7000.0,5000.0
Inpatient,7212,3,3,21000.0,7000.0,5000.0
Inpatient,4881,5,5,21000.0,4200.0,3000.0
Inpatient,01896,1,1,21000.0,21000.0,21000.0
Inpatient,79431,3,3,21000.0,7000.0,5000.0
Inpatient,29540,2,2,21000.0,10500.0,10500.0
Inpatient,7876,2,2,21000.0,10500.0,10500.0
Inpatient,3489,3,3,21000.0,7000.0,7000.0
Inpatient,30471,5,5,21000.0,4200.0,4000.0
Inpatient,53084,3,3,21000.0,7000.0,5000.0
Inpatient,82133,2,2,21000.0,10500.0,10500.0
Inpatient,72401,1,1,21000.0,21000.0,21000.0
Inpatient,4464,2,2,21000.0,10500.0,10500.0
Inpatient,7824,4,4,21000.0,5250.0,5000.0
Inpatient,30011,5,5,21000.0,4200.0,3000.0
Inpatient,44629,2,2,21000.0,10500.0,10500.0
Inpatient,8441,2,2,21000.0,10500.0,10500.0
Inpatient,25033,2,2,21000.0,10500.0,10500.0
Inpatient,80707,2,2,21000.0,10500.0,10500.0
Inpatient,2469,3,3,21000.0,7000.0,5000.0
Inpatient,0785,3,3,20030.0,6676.67,9000.0
Inpatient,33828,2,2,20000.0,10000.0,10000.0
Inpatient,37313,4,4,20000.0,5000.0,5000.0
Inpatient,30551,1,1,20000.0,20000.0,20000.0
Inpatient,V5309,2,2,20000.0,10000.0,10000.0
Inpatient,71517,2,2,20000.0,10000.0,10000.0
Inpatient,75310,1,1,20000.0,20000.0,20000.0
Inpatient,1502,1,1,20000.0,20000.0,20000.0
Inpatient,53089,5,5,20000.0,4000.0,3000.0
Inpatient,20191,1,1,20000.0,20000.0,20000.0
Inpatient,71615,2,2,20000.0,10000.0,10000.0
Inpatient,25073,2,2,20000.0,10000.0,10000.0
Inpatient,43410,3,3,20000.0,6666.67,5000.0
Inpatient,4480,3,3,20000.0,6666.67,6000.0
Inpatient,71104,4,4,20000.0,5000.0,6000.0
Inpatient,6019,4,4,20000.0,5000.0,4500.0
Inpatient,1963,2,2,20000.0,10000.0,10000.0
Inpatient,2331,2,2,20000.0,10000.0,10000.0
Inpatient,78902,7,7,20000.0,2857.14,3000.0
Inpatient,85306,3,3,20000.0,6666.67,5000.0
Inpatient,29384,2,2,20000.0,10000.0,10000.0
Inpatient,38610,7,7,19800.0,2828.57,3000.0
Inpatient,4610,5,5,19600.0,3920.0,3000.0
Inpatient,6201,4,4,19300.0,4825.0,5000.0
Inpatient,37601,4,4,19000.0,4750.0,4500.0
Inpatient,34580,6,6,19000.0,3166.67,3500.0
Inpatient,2376,1,1,19000.0,19000.0,19000.0
Inpatient,1513,2,2,19000.0,9500.0,9500.0
Inpatient,80842,4,4,19000.0,4750.0,3500.0
Inpatient,35789,1,1,19000.0,19000.0,19000.0
Inpatient,1363,2,2,19000.0,9500.0,9500.0
Inpatient,9999,2,2,19000.0,9500.0,9500.0
Inpatient,7830,5,5,19000.0,3800.0,3000.0
Inpatient,55329,4,4,19000.0,4750.0,5500.0
Inpatient,3599,1,1,19000.0,19000.0,19000.0
Inpatient,75312,3,3,19000.0,6333.33,5000.0
Inpatient,2853,3,3,19000.0,6333.33,6000.0
Inpatient,7149,5,5,19000.0,3800.0,3000.0
Inpatient,82392,2,2,19000.0,9500.0,9500.0
Inpatient,1742,3,3,19000.0,6333.33,7000.0
Inpatient,73689,1,1,19000.0,19000.0,19000.0
Inpatient,3492,2,2,19000.0,9500.0,9500.0
Inpatient,1368,1,1,19000.0,19000.0,19000.0
Inpatient,4510,3,3,19000.0,6333.33,4000.0
Inpatient,73393,1,1,19000.0,19000.0,19000.0
Inpatient,38861,1,1,19000.0,19000.0,19000.0
Inpatient,53251,1,1,19000.0,19000.0,19000.0
Inpatient,8910,5,5,18060.0,3612.0,3000.0
Inpatient,4542,3,3,18000.0,6000.0,5000.0
Inpatient,3484,2,2,18000.0,9000.0,9000.0
Inpatient,52801,3,3,18000.0,6000.0,6000.0
Inpatient,80106,1,1,18000.0,18000.0,18000.0
Inpatient,734,3,3,18000.0,6000.0,6000.0
Inpatient,2142,1,1,18000.0,18000.0,18000.0
Inpatient,40490,3,3,18000.0,6000.0,3000.0
Inpatient,2397,3,3,18000.0,6000.0,6000.0
Inpatient,92400,5,5,18000.0,3600.0,5000.0
Inpatient,8799,1,1,18000.0,18000.0,18000.0
Inpatient,40501,3,3,18000.0,6000.0,4000.0
Inpatient,1809,3,3,18000.0,6000.0,6000.0
Inpatient,1459,1,1,18000.0,18000.0,18000.0
Inpatient,3101,2,2,18000.0,9000.0,9000.0
Inpatient,30751,2,2,18000.0,9000.0,9000.0
Inpatient,30501,3,3,18000.0,6000.0,6000.0
Inpatient,9349,2,2,18000.0,9000.0,9000.0
Inpatient,34120,1,1,18000.0,18000.0,18000.0
Inpatient,55120,1,1,18000.0,18000.0,18000.0
Inpatient,30470,5,5,18000.0,3600.0,4000.0
Inpatient,27730,2,2,18000.0,9000.0,9000.0
Inpatient,79029,1,1,18000.0,18000.0,18000.0
Inpatient,2864,2,2,18000.0,9000.0,9000.0
Inpatient,78729,5,5,18000.0,3600.0,3000.0
Inpatient,25003,4,4,18000.0,4500.0,4500.0
Inpatient,42290,2,2,18000.0,9000.0,9000.0
Inpatient,986,2,2,18000.0,9000.0,9000.0
Inpatient,82380,2,2,18000.0,9000.0,9000.0
Inpatient,80841,5,5,18000.0,3600.0,3000.0
Inpatient,2781,2,2,18000.0,9000.0,9000.0
Inpatient,8470,5,5,18000.0,3600.0,3000.0
Inpatient,72871,2,2,18000.0,9000.0,9000.0
Inpatient,31289,3,3,18000.0,6000.0,6000.0
Inpatient,99592,2,2,18000.0,9000.0,9000.0
Inpatient,4269,4,4,18000.0,4500.0,4500.0
Inpatient,9992,3,3,17600.0,5866.67,7000.0
Inpatient,4449,1,1,17000.0,17000.0,17000.0
Inpatient,1727,3,3,17000.0,5666.67,6000.0
Inpatient,20158,1,1,17000.0,17000.0,17000.0
Inpatient,4732,1,1,17000.0,17000.0,17000.0
Inpatient,64893,4,4,17000.0,4250.0,4000.0
Inpatient,81308,3,3,17000.0,5666.67,6000.0
Inpatient,9033,2,2,17000.0,8500.0,8500.0
Inpatient,83904,3,3,17000.0,5666.67,3000.0
Inpatient,9876,2,2,17000.0,8500.0,8500.0
Inpatient,82111,1,1,17000.0,17000.0,17000.0
Inpatient,1840,4,4,17000.0,4250.0,3500.0
Inpatient,33524,1,1,17000.0,17000.0,17000.0
Inpatient,62130,2,2,17000.0,8500.0,8500.0
Inpatient,0499,1,1,17000.0,17000.0,17000.0
Inpatient,80150,1,1,17000.0,17000.0,17000.0
Inpatient,4532,3,3,17000.0,5666.67,6000.0
Inpatient,1743,3,3,17000.0,5666.67,4000.0
Inpatient,36441,1,1,17000.0,17000.0,17000.0
Inpatient,2866,2,2,17000.0,8500.0,8500.0
Inpatient,45182,2,2,17000.0,8500.0,8500.0
Inpatient,V561,1,1,17000.0,17000.0,17000.0
Inpatient,81612,2,2,17000.0,8500.0,8500.0
Inpatient,38911,1,1,17000.0,17000.0,17000.0
Inpatient,2131,2,2,17000.0,8500.0,8500.0
Inpatient,4231,1,1,17000.0,17000.0,17000.0
Inpatient,29583,1,1,17000.0,17000.0,17000.0
Inpatient,0039,1,1,17000.0,17000.0,17000.0
Inpatient,62133,3,3,17000.0,5666.67,6000.0
Inpatient,71105,3,3,17000.0,5666.67,8000.0
Inpatient,6258,1,1,17000.0,17000.0,17000.0
Inpatient,1953,2,2,17000.0,8500.0,8500.0
Inpatient,1466,1,1,17000.0,17000.0,17000.0
Inpatient,8901,2,2,17000.0,8500.0,8500.0
Inpatient,83905,1,1,17000.0,17000.0,17000.0
Inpatient,38022,2,2,17000.0,8500.0,8500.0
Inpatient,78052,2,2,16500.0,8250.0,8250.0
Inpatient,42689,2,2,16000.0,8000.0,8000.0
Inpatient,0529,2,2,16000.0,8000.0,8000.0
Inpatient,9341,2,2,16000.0,8000.0,8000.0
Inpatient,V7189,4,4,16000.0,4000.0,5000.0
Inpatient,80228,2,2,16000.0,8000.0,8000.0
Inpatient,4731,1,1,16000.0,16000.0,16000.0
Inpatient,83100,3,3,16000.0,5333.33,5000.0
Inpatient,71597,2,2,16000.0,8000.0,8000.0
Inpatient,80625,2,2,16000.0,8000.0,8000.0
Inpatient,2555,2,2,16000.0,8000.0,8000.0
Inpatient,07051,3,3,16000.0,5333.33,6000.0
Inpatient,92410,5,5,16000.0,3200.0,3000.0
Inpatient,92311,1,1,16000.0,16000.0,16000.0
Inpatient,8471,1,1,16000.0,16000.0,16000.0
Inpatient,7350,3,3,16000.0,5333.33,5000.0
Inpatient,4911,3,3,16000.0,5333.33,5000.0
Inpatient,25020,3,3,16000.0,5333.33,5000.0
Inpatient,4830,3,3,16000.0,5333.33,5000.0
Inpatient,45386,1,1,16000.0,16000.0,16000.0
Inpatient,9032,1,1,16000.0,16000.0,16000.0
Inpatient,3321,1,1,16000.0,16000.0,16000.0
Inpatient,4263,4,4,16000.0,4000.0,3500.0
Inpatient,4739,5,5,16000.0,3200.0,4000.0
Inpatient,8605,2,2,16000.0,8000.0,8000.0
Inpatient,5651,3,3,16000.0,5333.33,5000.0
Inpatient,56402,1,1,16000.0,16000.0,16000.0
Inpatient,73312,2,2,16000.0,8000.0,8000.0
Inpatient,3220,1,1,16000.0,16000.0,16000.0
Inpatient,V550,2,2,16000.0,8000.0,8000.0
Inpatient,78829,4,4,16000.0,4000.0,4000.0
Inpatient,2869,2,2,16000.0,8000.0,8000.0
Inpatient,34691,4,4,16000.0,4000.0,3500.0
Inpatient,2419,2,2,16000.0,8000.0,8000.0
Inpatient,56032,4,4,16000.0,4000.0,2500.0
Inpatient,5989,2,2,16000.0,8000.0,8000.0
Inpatient,85310,1,1,16000.0,16000.0,16000.0
Inpatient,6151,2,2,16000.0,8000.0,8000.0
Inpatient,4540,2,2,16000.0,8000.0,8000.0
Inpatient,2888,2,2,16000.0,8000.0,8000.0
Inpatient,29580,4,4,15600.0,3900.0,3000.0
Inpatient,2808,3,3,15000.0,5000.0,5000.0
Inpatient,41042,1,1,15000.0,15000.0,15000.0
Inpatient,99685,1,1,15000.0,15000.0,15000.0
Inpatient,30002,4,4,15000.0,3750.0,3000.0
Inpatient,81249,3,3,15000.0,5000.0,6000.0
Inpatient,20030,1,1,15000.0,15000.0,15000.0
Inpatient,71941,6,6,15000.0,2500.0,3000.0
Inpatient,42490,2,2,15000.0,7500.0,7500.0
Inpatient,2769,4,4,15000.0,3750.0,3000.0
Inpatient,36000,1,1,15000.0,15000.0,15000.0
Inpatient,71697,2,2,15000.0,7500.0,7500.0
Inpatient,86501,2,2,15000.0,7500.0,7500.0
Inpatient,4470,1,1,15000.0,15000.0,15000.0
Inpatient,59969,3,3,15000.0,5000.0,6000.0
Inpatient,71911,1,1,15000.0,15000.0,15000.0
Inpatient,6828,3,3,15000.0,5000.0,3000.0
Inpatient,3452,1,1,15000.0,15000.0,15000.0
Inpatient,33821,3,3,15000.0,5000.0,5000.0
Inpatient,07022,2,2,15000.0,7500.0,7500.0
Inpatient,25083,4,4,15000.0,3750.0,3500.0
Inpatient,81307,1,1,15000.0,15000.0,15000.0
Inpatient,20026,1,1,15000.0,15000.0,15000.0
Inpatient,95892,2,2,15000.0,7500.0,7500.0
Inpatient,72632,1,1,15000.0,15000.0,15000.0
Inpatient,V5844,1,1,15000.0,15000.0,15000.0
Inpatient,2794,1,1,15000.0,15000.0,15000.0
Inpatient,2363,2,2,15000.0,7500.0,7500.0
Inpatient,72705,3,3,15000.0,5000.0,5000.0
Inpatient,7905,2,2,15000.0,7500.0,7500.0
Inpatient,4571,3,3,15000.0,5000.0,6000.0
Inpatient,5778,2,2,15000.0,7500.0,7500.0
Inpatient,2441,2,2,15000.0,7500.0,7500.0
Inpatient,81305,2,2,15000.0,7500.0,7500.0
Inpatient,V5419,3,3,15000.0,5000.0,4000.0
Inpatient,72768,2,2,15000.0,7500.0,7500.0
Inpatient,72211,2,2,15000.0,7500.0,7500.0
Inpatient,99686,3,3,15000.0,5000.0,5000.0
Inpatient,6111,3,3,15000.0,5000.0,5000.0
Inpatient,1528,1,1,15000.0,15000.0,15000.0
Inpatient,5552,3,3,15000.0,5000.0,4000.0
Inpatient,72767,2,2,15000.0,7500.0,7500.0
Inpatient,05320,3,3,15000.0,5000.0,6000.0
Inpatient,3540,2,2,15000.0,7500.0,7500.0
Inpatient,2521,2,2,15000.0,7500.0,7500.0
Inpatient,30302,3,3,14900.0,4966.67,4000.0
Inpatient,29011,2,2,14300.0,7150.0,7150.0
Inpatient,80116,1,1,14000.0,14000.0,14000.0
Inpatient,1452,1,1,14000.0,14000.0,14000.0
Inpatient,1971,1,1,14000.0,14000.0,14000.0
Inpatient,2819,2,2,14000.0,7000.0,7000.0
Inpatient,7488,1,1,14000.0,14000.0,14000.0
Inpatient,8439,3,3,14000.0,4666.67,5000.0
Inpatient,0031,1,1,14000.0,14000.0,14000.0
Inpatient,43822,3,3,14000.0,4666.67,5000.0
Inpatient,45381,3,3,14000.0,4666.67,5000.0
Inpatient,3553,3,3,14000.0,4666.67,4000.0
Inpatient,30590,4,4,14000.0,3500.0,3000.0
Inpatient,75430,1,1,14000.0,14000.0,14000.0
Inpatient,07020,1,1,14000.0,14000.0,14000.0
Inpatient,5181,1,1,14000.0,14000.0,14000.0
Inpatient,55001,1,1,14000.0,14000.0,14000.0
Inpatient,6238,3,3,14000.0,4666.67,4000.0
Inpatient,V568,1,1,14000.0,14000.0,14000.0
Inpatient,4512,4,4,14000.0,3500.0,4000.0
Inpatient,8026,4,4,14000.0,3500.0,4000.0
Inpatient,80100,2,2,14000.0,7000.0,7000.0
Inpatient,4219,1,1,14000.0,14000.0,14000.0
Inpatient,71681,1,1,14000.0,14000.0,14000.0
Inpatient,4560,2,2,14000.0,7000.0,7000.0
Inpatient,99791,1,1,14000.0,14000.0,14000.0
Inpatient,33391,3,3,14000.0,4666.67,5000.0
Inpatient,6039,1,1,14000.0,14000.0,14000.0
Inpatient,72400,3,3,14000.0,4666.67,4000.0
Inpatient,73349,1,1,14000.0,14000.0,14000.0
Inpatient,20202,1,1,14000.0,14000.0,14000.0
Inpatient,4718,1,1,14000.0,14000.0,14000.0
Inpatient,1523,1,1,14000.0,14000.0,14000.0
Inpatient,4380,2,2,14000.0,7000.0,7000.0
Inpatient,2867,3,3,14000.0,4666.67,7000.0
Inpatient,25010,3,3,14000.0,4666.67,5000.0
Inpatient,3094,5,5,13800.0,2760.0,3000.0
Inpatient,7960,3,3,13000.0,4333.33,4000.0
Inpatient,5710,2,2,13000.0,6500.0,6500.0
Inpatient,260,3,3,13000.0,4333.33,4000.0
Inpatient,9670,2,2,13000.0,6500.0,6500.0
Inpatient,6869,3,3,13000.0,4333.33,3000.0
Inpatient,55091,3,3,13000.0,4333.33,6000.0
Inpatient,73015,2,2,13000.0,6500.0,6500.0
Inpatient,20220,1,1,13000.0,13000.0,13000.0
Inpatient,4541,2,2,13000.0,6500.0,6500.0
Inpatient,71698,1,1,13000.0,13000.0,13000.0
Inpatient,20215,1,1,13000.0,13000.0,13000.0
Inpatient,25052,2,2,13000.0,6500.0,6500.0
Inpatient,42653,1,1,13000.0,13000.0,13000.0
Inpatient,9800,4,4,13000.0,3250.0,3500.0
Inpatient,1516,1,1,13000.0,13000.0,13000.0
Inpatient,43320,4,4,13000.0,3250.0,4000.0
Inpatient,6224,1,1,13000.0,13000.0,13000.0
Inpatient,2355,1,1,13000.0,13000.0,13000.0
Inpatient,80849,2,2,13000.0,6500.0,6500.0
Inpatient,5649,3,3,13000.0,4333.33,4000.0
Inpatient,7237,1,1,13000.0,13000.0,13000.0
Inpatient,1504,2,2,13000.0,6500.0,6500.0
Inpatient,46410,2,2,13000.0,6500.0,6500.0
Inpatient,80006,1,1,13000.0,13000.0,13000.0
Inpatient,6164,3,3,13000.0,4333.33,4000.0
Inpatient,40200,3,3,13000.0,4333.33,4000.0
Inpatient,60883,1,1,13000.0,13000.0,13000.0
Inpatient,74761,2,2,13000.0,6500.0,6500.0
Inpatient,87342,3,3,13000.0,4333.33,4000.0
Inpatient,4738,1,1,13000.0,13000.0,13000.0
Inpatient,43853,1,1,13000.0,13000.0,13000.0
Inpatient,2443,1,1,13000.0,13000.0,13000.0
Inpatient,9330,2,2,13000.0,6500.0,6500.0
Inpatient,9212,1,1,13000.0,13000.0,13000.0
Inpatient,27400,1,1,13000.0,13000.0,13000.0
Inpatient,5854,2,2,13000.0,6500.0,6500.0
Inpatient,2911,1,1,13000.0,13000.0,13000.0
Inpatient,6253,2,2,13000.0,6500.0,6500.0
Inpatient,37851,4,4,13000.0,3250.0,3000.0
Inpatient,4299,3,3,13000.0,4333.33,3000.0
Inpatient,33399,1,1,13000.0,13000.0,13000.0
Inpatient,462,3,3,13000.0,4333.33,4000.0
Inpatient,V714,3,3,13000.0,4333.33,4000.0
Inpatient,1179,1,1,13000.0,13000.0,13000.0
Inpatient,40591,1,1,13000.0,13000.0,13000.0
Inpatient,71489,2,2,13000.0,6500.0,6500.0
Inpatient,6040,3,3,13000.0,4333.33,3000.0
Inpatient,7921,2,2,13000.0,6500.0,6500.0
Inpatient,3102,5,5,12700.0,2540.0,3000.0
Inpatient,7843,2,2,12000.0,6000.0,6000.0
Inpatient,2375,2,2,12000.0,6000.0,6000.0
Inpatient,3379,3,3,12000.0,4000.0,5000.0
Inpatient,9752,2,2,12000.0,6000.0,6000.0
Inpatient,9802,1,1,12000.0,12000.0,12000.0
Inpatient,59984,2,2,12000.0,6000.0,6000.0
Inpatient,7018,2,2,12000.0,6000.0,6000.0
Inpatient,9729,2,2,12000.0,6000.0,6000.0
Inpatient,9899,2,2,12000.0,6000.0,6000.0
Inpatient,95200,1,1,12000.0,12000.0,12000.0
Inpatient,2752,3,3,12000.0,4000.0,3000.0
Inpatient,1874,1,1,12000.0,12000.0,12000.0
Inpatient,V5301,1,1,12000.0,12000.0,12000.0
Inpatient,0362,2,2,12000.0,6000.0,6000.0
Inpatient,7080,3,3,12000.0,4000.0,4000.0
Inpatient,41406,1,1,12000.0,12000.0,12000.0
Inpatient,27788,1,1,12000.0,12000.0,12000.0
Inpatient,83803,1,1,12000.0,12000.0,12000.0
Inpatient,82110,1,1,12000.0,12000.0,12000.0
Inpatient,19881,2,2,12000.0,6000.0,6000.0
Inpatient,53350,2,2,12000.0,6000.0,6000.0
Inpatient,7098,2,2,12000.0,6000.0,6000.0
Inpatient,9697,2,2,12000.0,6000.0,6000.0
Inpatient,1642,2,2,12000.0,6000.0,6000.0
Inpatient,6028,2,2,12000.0,6000.0,6000.0
Inpatient,42761,3,3,12000.0,4000.0,4000.0
Inpatient,52809,1,1,12000.0,12000.0,12000.0
Inpatient,3180,2,2,12000.0,6000.0,6000.0
Inpatient,8418,1,1,12000.0,12000.0,12000.0
Inpatient,99988,1,1,12000.0,12000.0,12000.0
Inpatient,90453,1,1,12000.0,12000.0,12000.0
Inpatient,2879,1,1,12000.0,12000.0,12000.0
Inpatient,9998,2,2,12000.0,6000.0,6000.0
Inpatient,9760,1,1,12000.0,12000.0,12000.0
Inpatient,80504,2,2,12000.0,6000.0,6000.0
Inpatient,99701,1,1,12000.0,12000.0,12000.0
Inpatient,23871,3,3,12000.0,4000.0,4000.0
Inpatient,6170,2,2,12000.0,6000.0,6000.0
Inpatient,81202,1,1,12000.0,12000.0,12000.0
Inpatient,20973,1,1,12000.0,12000.0,12000.0
Inpatient,84500,3,3,12000.0,4000.0,4000.0
Inpatient,20921,1,1,12000.0,12000.0,12000.0
Inpatient,73399,1,1,12000.0,12000.0,12000.0
Inpatient,48231,2,2,12000.0,6000.0,6000.0
Inpatient,80331,1,1,12000.0,12000.0,12000.0
Inpatient,2581,2,2,12000.0,6000.0,6000.0
Inpatient,20287,1,1,12000.0,12000.0,12000.0
Inpatient,66111,2,2,12000.0,6000.0,6000.0
Inpatient,8821,2,2,12000.0,6000.0,6000.0
Inpatient,71196,1,1,11000.0,11000.0,11000.0
Inpatient,78905,4,4,11000.0,2750.0,2500.0
Inpatient,7955,1,1,11000.0,11000.0,11000.0
Inpatient,2764,2,2,11000.0,5500.0,5500.0
Inpatient,29656,1,1,11000.0,11000.0,11000.0
Inpatient,27800,1,1,11000.0,11000.0,11000.0
Inpatient,58089,3,3,11000.0,3666.67,4000.0
Inpatient,2559,2,2,11000.0,5500.0,5500.0
Inpatient,53130,3,3,11000.0,3666.67,4000.0
Inpatient,38830,2,2,11000.0,5500.0,5500.0
Inpatient,6829,1,1,11000.0,11000.0,11000.0
Inpatient,4467,2,2,11000.0,5500.0,5500.0
Inpatient,3083,1,1,11000.0,11000.0,11000.0
Inpatient,4267,1,1,11000.0,11000.0,11000.0
Inpatient,6146,2,2,11000.0,5500.0,5500.0
Inpatient,80705,2,2,11000.0,5500.0,5500.0
Inpatient,32371,1,1,11000.0,11000.0,11000.0
Inpatient,24901,2,2,11000.0,5500.0,5500.0
Inpatient,72700,2,2,11000.0,5500.0,5500.0
Inpatient,7202,2,2,11000.0,5500.0,5500.0
Inpatient,2380,1,1,11000.0,11000.0,11000.0
Inpatient,2811,2,2,11000.0,5500.0,5500.0
Inpatient,24940,1,1,11000.0,11000.0,11000.0
Inpatient,8261,3,3,11000.0,3666.67,4000.0
Inpatient,20929,2,2,11000.0,5500.0,5500.0
Inpatient,9583,1,1,11000.0,11000.0,11000.0
Inpatient,60886,2,2,11000.0,5500.0,5500.0
Inpatient,035,3,3,11000.0,3666.67,3000.0
Inpatient,85402,1,1,11000.0,11000.0,11000.0
Inpatient,V5042,2,2,11000.0,5500.0,5500.0
Inpatient,7808,2,2,11000.0,5500.0,5500.0
Inpatient,38300,3,3,11000.0,3666.67,3000.0
Inpatient,5582,2,2,11000.0,5500.0,5500.0
Inpatient,1921,1,1,11000.0,11000.0,11000.0
Inpatient,34400,1,1,11000.0,11000.0,11000.0
Inpatient,0538,2,2,11000.0,5500.0,5500.0
Inpatient,59589,2,2,11000.0,5500.0,5500.0
Inpatient,48232,2,2,11000.0,5500.0,5500.0
Inpatient,3129,2,2,11000.0,5500.0,5500.0
Inpatient,51901,3,3,11000.0,3666.67,4000.0
Inpatient,94800,1,1,11000.0,11000.0,11000.0
Inpatient,9592,1,1,11000.0,11000.0,11000.0
Inpatient,1740,2,2,11000.0,5500.0,5500.0
Inpatient,4430,2,2,11000.0,5500.0,5500.0
Inpatient,1910,2,2,11000.0,5500.0,5500.0
Inpatient,38003,1,1,11000.0,11000.0,11000.0
Inpatient,9582,2,2,11000.0,5500.0,5500.0
Inpatient,78096,3,3,11000.0,3666.67,5000.0
Inpatient,88122,2,2,11000.0,5500.0,5500.0
Inpatient,3576,2,2,11000.0,5500.0,5500.0
Inpatient,41012,1,1,11000.0,11000.0,11000.0
Inpatient,53531,2,2,11000.0,5500.0,5500.0
Inpatient,29682,3,3,11000.0,3666.67,4000.0
Inpatient,96905,1,1,11000.0,11000.0,11000.0
Inpatient,40211,2,2,11000.0,5500.0,5500.0
Inpatient,20979,1,1,11000.0,11000.0,11000.0
Inpatient,99527,1,1,11000.0,11000.0,11000.0
Inpatient,20060,1,1,11000.0,11000.0,11000.0
Inpatient,33701,1,1,11000.0,11000.0,11000.0
Inpatient,20286,2,2,10300.0,5150.0,5150.0
Inpatient,28269,4,4,10020.0,2505.0,3000.0
Inpatient,85405,1,1,10000.0,10000.0,10000.0
Inpatient,64823,3,3,10000.0,3333.33,4000.0
Inpatient,71102,1,1,10000.0,10000.0,10000.0
Inpatient,30461,1,1,10000.0,10000.0,10000.0
Inpatient,29189,3,3,10000.0,3333.33,4000.0
Inpatient,62210,2,2,10000.0,5000.0,5000.0
Inpatient,80110,1,1,10000.0,10000.0,10000.0
Inpatient,6021,2,2,10000.0,5000.0,5000.0
Inpatient,2180,3,3,10000.0,3333.33,4000.0
Inpatient,0414,1,1,10000.0,10000.0,10000.0
Inpatient,29524,1,1,10000.0,10000.0,10000.0
Inpatient,2979,1,1,10000.0,10000.0,10000.0
Inpatient,40402,1,1,10000.0,10000.0,10000.0
Inpatient,86409,1,1,10000.0,10000.0,10000.0
Inpatient,29010,2,2,10000.0,5000.0,5000.0
Inpatient,53261,1,1,10000.0,10000.0,10000.0
Inpatient,2304,1,1,10000.0,10000.0,10000.0
Inpatient,28264,2,2,10000.0,5000.0,5000.0
Inpatient,7910,2,2,10000.0,5000.0,5000.0
Inpatient,5699,1,1,10000.0,10000.0,10000.0
Inpatient,41010,1,1,10000.0,10000.0,10000.0
Inpatient,3370,2,2,10000.0,5000.0,5000.0
Inpatient,99584,2,2,10000.0,5000.0,5000.0
Inpatient,6160,2,2,10000.0,5000.0,5000.0
Inpatient,2771,2,2,10000.0,5000.0,5000.0
Inpatient,33372,2,2,10000.0,5000.0,5000.0
Inpatient,59370,1,1,10000.0,10000.0,10000.0
Inpatient,9061,1,1,10000.0,10000.0,10000.0
Inpatient,8860,2,2,10000.0,5000.0,5000.0
Inpatient,73671,1,1,10000.0,10000.0,10000.0
Inpatient,1898,1,1,10000.0,10000.0,10000.0
Inpatient,75162,1,1,10000.0,10000.0,10000.0
Inpatient,2110,1,1,10000.0,10000.0,10000.0
Inpatient,85140,1,1,10000.0,10000.0,10000.0
Inpatient,28802,1,1,10000.0,10000.0,10000.0
Inpatient,65971,3,3,10000.0,3333.33,3000.0
Inpatient,71532,1,1,10000.0,10000.0,10000.0
Inpatient,7238,3,3,10000.0,3333.33,5000.0
Inpatient,30410,2,2,10000.0,5000.0,5000.0
Inpatient,0091,3,3,10000.0,3333.33,3000.0
Inpatient,78939,3,3,10000.0,3333.33,3000.0
Inpatient,24200,2,2,10000.0,5000.0,5000.0
Inpatient,28481,1,1,10000.0,10000.0,10000.0
Inpatient,73329,3,3,10000.0,3333.33,0.0
Inpatient,7873,2,2,10000.0,5000.0,5000.0
Inpatient,2148,3,3,10000.0,3333.33,4000.0
Inpatient,00847,1,1,10000.0,10000.0,10000.0
Inpatient,73641,1,1,10000.0,10000.0,10000.0
Inpatient,05472,1,1,10000.0,10000.0,10000.0
Inpatient,28864,1,1,10000.0,10000.0,10000.0
Inpatient,1620,1,1,10000.0,10000.0,10000.0
Inpatient,81253,1,1,9000.0,9000.0,9000.0
Inpatient,99630,1,1,9000.0,9000.0,9000.0
Inpatient,92232,3,3,9000.0,3000.0,3000.0
Inpatient,30481,2,2,9000.0,4500.0,4500.0
Inpatient,71947,2,2,9000.0,4500.0,4500.0
Inpatient,1461,1,1,9000.0,9000.0,9000.0
Inpatient,82330,1,1,9000.0,9000.0,9000.0
Inpatient,86804,1,1,9000.0,9000.0,9000.0
Inpatient,94127,1,1,9000.0,9000.0,9000.0
Inpatient,1738,1,1,9000.0,9000.0,9000.0
Inpatient,20210,1,1,9000.0,9000.0,9000.0
Inpatient,0398,2,2,9000.0,4500.0,4500.0
Inpatient,38181,2,2,9000.0,4500.0,4500.0
Inpatient,72751,2,2,9000.0,4500.0,4500.0
Inpatient,4878,2,2,9000.0,4500.0,4500.0
Inpatient,53230,2,2,9000.0,4500.0,4500.0
Inpatient,20048,1,1,9000.0,9000.0,9000.0
Inpatient,2154,1,1,9000.0,9000.0,9000.0
Inpatient,30490,3,3,9000.0,3000.0,3000.0
Inpatient,36816,2,2,9000.0,4500.0,4500.0
Inpatient,85311,1,1,9000.0,9000.0,9000.0
Inpatient,29584,2,2,9000.0,4500.0,4500.0
Inpatient,99833,1,1,9000.0,9000.0,9000.0
Inpatient,4489,1,1,9000.0,9000.0,9000.0
Inpatient,3530,1,1,9000.0,9000.0,9000.0
Inpatient,3568,2,2,9000.0,4500.0,4500.0
Inpatient,2988,2,2,9000.0,4500.0,4500.0
Inpatient,1724,1,1,9000.0,9000.0,9000.0
Inpatient,86389,1,1,9000.0,9000.0,9000.0
Inpatient,2878,2,2,9000.0,4500.0,4500.0
Inpatient,1914,1,1,9000.0,9000.0,9000.0
Inpatient,00863,2,2,9000.0,4500.0,4500.0
Inpatient,2298,1,1,9000.0,9000.0,9000.0
Inpatient,0071,1,1,9000.0,9000.0,9000.0
Inpatient,2440,2,2,9000.0,4500.0,4500.0
Inpatient,78833,3,3,9000.0,3000.0,4000.0
Inpatient,53160,1,1,9000.0,9000.0,9000.0
Inpatient,V7283,1,1,9000.0,9000.0,9000.0
Inpatient,20050,1,1,9000.0,9000.0,9000.0
Inpatient,8241,1,1,9000.0,9000.0,9000.0
Inpatient,9597,1,1,9000.0,9000.0,9000.0
Inpatient,80320,1,1,9000.0,9000.0,9000.0
Inpatient,73095,1,1,9000.0,9000.0,9000.0
Inpatient,0949,1,1,9000.0,9000.0,9000.0
Inpatient,3061,2,2,9000.0,4500.0,4500.0
Inpatient,52331,2,2,9000.0,4500.0,4500.0
Inpatient,73021,1,1,9000.0,9000.0,9000.0
Inpatient,05412,1,1,9000.0,9000.0,9000.0
Inpatient,4918,1,1,9000.0,9000.0,9000.0
Inpatient,319,1,1,9000.0,9000.0,9000.0
Inpatient,20070,1,1,9000.0,9000.0,9000.0
Inpatient,3369,2,2,9000.0,4500.0,4500.0
Inpatient,9661,3,3,9000.0,3000.0,3000.0
Inpatient,4389,1,1,9000.0,9000.0,9000.0
Inpatient,9724,1,1,9000.0,9000.0,9000.0
Inpatient,5855,1,1,9000.0,9000.0,9000.0
Inpatient,9701,1,1,9000.0,9000.0,9000.0
Inpatient,64841,2,2,9000.0,4500.0,4500.0
Inpatient,8247,1,1,9000.0,9000.0,9000.0
Inpatient,5690,1,1,9000.0,9000.0,9000.0
Inpatient,2849,1,1,9000.0,9000.0,9000.0
Inpatient,30420,2,2,9000.0,4500.0,4500.0
Inpatient,8021,2,2,9000.0,4500.0,4500.0
Inpatient,2358,1,1,9000.0,9000.0,9000.0
Inpatient,86101,1,1,9000.0,9000.0,9000.0
Inpatient,V5481,2,2,9000.0,4500.0,4500.0
Inpatient,45350,1,1,9000.0,9000.0,9000.0
Inpatient,2448,1,1,9000.0,9000.0,9000.0
Inpatient,80420,2,2,9000.0,4500.0,4500.0
Inpatient,5379,2,2,9000.0,4500.0,4500.0
Inpatient,96909,1,1,9000.0,9000.0,9000.0
Inpatient,29013,1,1,9000.0,9000.0,9000.0
Inpatient,28850,1,1,9000.0,9000.0,9000.0
Inpatient,41189,5,5,8800.0,1760.0,2000.0
Inpatient,28242,3,3,8400.0,2800.0,3000.0
Inpatient,43321,2,2,8000.0,4000.0,4000.0
Inpatient,4581,2,2,8000.0,4000.0,4000.0
Inpatient,7015,1,1,8000.0,8000.0,8000.0
Inpatient,7294,1,1,8000.0,8000.0,8000.0
Inpatient,28241,2,2,8000.0,4000.0,4000.0
Inpatient,4618,2,2,8000.0,4000.0,4000.0
Inpatient,28739,1,1,8000.0,8000.0,8000.0
Inpatient,2599,1,1,8000.0,8000.0,8000.0
Inpatient,34989,1,1,8000.0,8000.0,8000.0
Inpatient,34692,3,3,8000.0,2666.67,3000.0
Inpatient,2452,2,2,8000.0,4000.0,4000.0
Inpatient,0542,1,1,8000.0,8000.0,8000.0
Inpatient,30521,1,1,8000.0,8000.0,8000.0
Inpatient,64891,3,3,8000.0,2666.67,2000.0
Inpatient,683,1,1,8000.0,8000.0,8000.0
Inpatient,40400,2,2,8000.0,4000.0,4000.0
Inpatient,2462,1,1,8000.0,8000.0,8000.0
Inpatient,73672,1,1,8000.0,8000.0,8000.0
Inpatient,28984,1,1,8000.0,8000.0,8000.0
Inpatient,72272,1,1,8000.0,8000.0,8000.0
Inpatient,3559,1,1,8000.0,8000.0,8000.0
Inpatient,07054,1,1,8000.0,8000.0,8000.0
Inpatient,33729,2,2,8000.0,4000.0,4000.0
Inpatient,7999,3,3,8000.0,2666.67,4000.0
Inpatient,6959,2,2,8000.0,4000.0,4000.0
Inpatient,5568,1,1,8000.0,8000.0,8000.0
Inpatient,43300,3,3,8000.0,2666.67,4000.0
Inpatient,24230,1,1,8000.0,8000.0,8000.0
Inpatient,4131,2,2,8000.0,4000.0,4000.0
Inpatient,25030,2,2,8000.0,4000.0,4000.0
Inpatient,30392,2,2,8000.0,4000.0,4000.0
Inpatient,82521,1,1,8000.0,8000.0,8000.0
Inpatient,7906,2,2,8000.0,4000.0,4000.0
Inpatient,20310,1,1,8000.0,8000.0,8000.0
Inpatient,82321,2,2,8000.0,4000.0,4000.0
Inpatient,29582,2,2,8000.0,4000.0,4000.0
Inpatient,9070,1,1,8000.0,8000.0,8000.0
Inpatient,7200,1,1,8000.0,8000.0,8000.0
Inpatient,9828,1,1,8000.0,8000.0,8000.0
Inpatient,5716,1,1,8000.0,8000.0,8000.0
Inpatient,37005,1,1,8000.0,8000.0,8000.0
Inpatient,71527,1,1,8000.0,8000.0,8000.0
Inpatient,29282,1,1,8000.0,8000.0,8000.0
Inpatient,3099,2,2,8000.0,4000.0,4000.0
Inpatient,7282,1,1,8000.0,8000.0,8000.0
Inpatient,2861,1,1,8000.0,8000.0,8000.0
Inpatient,29512,1,1,8000.0,8000.0,8000.0
Inpatient,0093,2,2,8000.0,4000.0,4000.0
Inpatient,60021,2,2,8000.0,4000.0,4000.0
Inpatient,31401,2,2,8000.0,4000.0,4000.0
Inpatient,5798,2,2,8000.0,4000.0,4000.0
Inpatient,2259,1,1,8000.0,8000.0,8000.0
Inpatient,80122,1,1,8000.0,8000.0,8000.0
Inpatient,20080,1,1,8000.0,8000.0,8000.0
Inpatient,57142,1,1,8000.0,8000.0,8000.0
Inpatient,73012,1,1,8000.0,8000.0,8000.0
Inpatient,2913,2,2,8000.0,4000.0,4000.0
Inpatient,1719,1,1,8000.0,8000.0,8000.0
Inpatient,95203,1,1,8000.0,8000.0,8000.0
Inpatient,38869,1,1,8000.0,8000.0,8000.0
Inpatient,23873,1,1,8000.0,8000.0,8000.0
Inpatient,V5409,1,1,8000.0,8000.0,8000.0
Inpatient,37730,2,2,8000.0,4000.0,4000.0
Inpatient,72282,1,1,8000.0,8000.0,8000.0
Inpatient,07030,2,2,8000.0,4000.0,4000.0
Inpatient,9839,1,1,8000.0,8000.0,8000.0
Inpatient,43380,1,1,8000.0,8000.0,8000.0
Inpatient,72141,1,1,8000.0,8000.0,8000.0
Inpatient,45383,1,1,8000.0,8000.0,8000.0
Inpatient,5192,1,1,8000.0,8000.0,8000.0
Inpatient,85401,1,1,8000.0,8000.0,8000.0
Inpatient,1893,1,1,8000.0,8000.0,8000.0
Inpatient,4619,4,4,8000.0,2000.0,2000.0
Inpatient,82522,1,1,8000.0,8000.0,8000.0
Inpatient,72691,1,1,8000.0,8000.0,8000.0
Inpatient,75615,1,1,8000.0,8000.0,8000.0
Inpatient,34680,2,2,8000.0,4000.0,4000.0
Inpatient,7175,1,1,8000.0,8000.0,8000.0
Inpatient,5273,1,1,8000.0,8000.0,8000.0
Inpatient,71801,1,1,8000.0,8000.0,8000.0
Inpatient,41080,1,1,8000.0,8000.0,8000.0
Inpatient,0390,1,1,8000.0,8000.0,8000.0
Inpatient,96561,1,1,8000.0,8000.0,8000.0
Inpatient,81601,1,1,8000.0,8000.0,8000.0
Inpatient,2929,3,3,7800.0,2600.0,3000.0
Inpatient,9213,1,1,7000.0,7000.0,7000.0
Inpatient,0419,1,1,7000.0,7000.0,7000.0
Inpatient,34620,2,2,7000.0,3500.0,3500.0
Inpatient,6210,2,2,7000.0,3500.0,3500.0
Inpatient,44502,1,1,7000.0,7000.0,7000.0
Inpatient,5193,1,1,7000.0,7000.0,7000.0
Inpatient,V5415,1,1,7000.0,7000.0,7000.0
Inpatient,81240,1,1,7000.0,7000.0,7000.0
Inpatient,08882,1,1,7000.0,7000.0,7000.0
Inpatient,0549,1,1,7000.0,7000.0,7000.0
Inpatient,2388,1,1,7000.0,7000.0,7000.0
Inpatient,23872,2,2,7000.0,3500.0,3500.0
Inpatient,81602,1,1,7000.0,7000.0,7000.0
Inpatient,99989,1,1,7000.0,7000.0,7000.0
Inpatient,71509,2,2,7000.0,3500.0,3500.0
Inpatient,45184,1,1,7000.0,7000.0,7000.0
Inpatient,3591,1,1,7000.0,7000.0,7000.0
Inpatient,37855,2,2,7000.0,3500.0,3500.0
Inpatient,60011,1,1,7000.0,7000.0,7000.0
Inpatient,0340,3,3,7000.0,2333.33,2000.0
Inpatient,85400,1,1,7000.0,7000.0,7000.0
Inpatient,9598,1,1,7000.0,7000.0,7000.0
Inpatient,29604,1,1,7000.0,7000.0,7000.0
Inpatient,87362,1,1,7000.0,7000.0,7000.0
Inpatient,04110,1,1,7000.0,7000.0,7000.0
Inpatient,86802,1,1,7000.0,7000.0,7000.0
Inpatient,5186,1,1,7000.0,7000.0,7000.0
Inpatient,20061,1,1,7000.0,7000.0,7000.0
Inpatient,80020,1,1,7000.0,7000.0,7000.0
Inpatient,81354,1,1,7000.0,7000.0,7000.0
Inpatient,6145,1,1,7000.0,7000.0,7000.0
Inpatient,78199,2,2,7000.0,3500.0,3500.0
Inpatient,8781,1,1,7000.0,7000.0,7000.0
Inpatient,71900,1,1,7000.0,7000.0,7000.0
Inpatient,V5417,1,1,7000.0,7000.0,7000.0
Inpatient,1716,1,1,7000.0,7000.0,7000.0
Inpatient,7821,1,1,7000.0,7000.0,7000.0
Inpatient,8251,1,1,7000.0,7000.0,7000.0
Inpatient,60785,1,1,7000.0,7000.0,7000.0
Inpatient,7172,1,1,7000.0,7000.0,7000.0
Inpatient,29614,1,1,7000.0,7000.0,7000.0
Inpatient,81109,1,1,7000.0,7000.0,7000.0
Inpatient,2141,1,1,7000.0,7000.0,7000.0
Inpatient,1842,1,1,7000.0,7000.0,7000.0
Inpatient,2776,2,2,7000.0,3500.0,3500.0
Inpatient,9731,1,1,7000.0,7000.0,7000.0
Inpatient,44281,2,2,7000.0,3500.0,3500.0
Inpatient,78093,1,1,7000.0,7000.0,7000.0
Inpatient,64821,1,1,7000.0,7000.0,7000.0
Inpatient,85406,1,1,7000.0,7000.0,7000.0
Inpatient,8820,1,1,7000.0,7000.0,7000.0
Inpatient,78841,2,2,7000.0,3500.0,3500.0
Inpatient,01160,1,1,7000.0,7000.0,7000.0
Inpatient,9895,1,1,7000.0,7000.0,7000.0
Inpatient,9878,1,1,7000.0,7000.0,7000.0
Inpatient,29645,1,1,7000.0,7000.0,7000.0
Inpatient,2120,1,1,7000.0,7000.0,7000.0
Inpatient,1121,1,1,7000.0,7000.0,7000.0
Inpatient,45183,1,1,7000.0,7000.0,7000.0
Inpatient,38612,3,3,7000.0,2333.33,2000.0
Inpatient,71891,1,1,7000.0,7000.0,7000.0
Inpatient,81318,1,1,7000.0,7000.0,7000.0
Inpatient,92421,2,2,7000.0,3500.0,3500.0
Inpatient,87322,1,1,7000.0,7000.0,7000.0
Inpatient,62132,1,1,7000.0,7000.0,7000.0
Inpatient,82301,1,1,7000.0,7000.0,7000.0
Inpatient,1737,1,1,7000.0,7000.0,7000.0
Inpatient,1702,1,1,7000.0,7000.0,7000.0
Inpatient,1307,1,1,7000.0,7000.0,7000.0
Inpatient,81400,2,2,7000.0,3500.0,3500.0
Inpatient,6200,1,1,7000.0,7000.0,7000.0
Inpatient,72292,1,1,7000.0,7000.0,7000.0
Inpatient,29544,1,1,7000.0,7000.0,7000.0
Inpatient,6273,1,1,7000.0,7000.0,7000.0
Inpatient,2233,1,1,7000.0,7000.0,7000.0
Inpatient,81321,1,1,7000.0,7000.0,7000.0
Inpatient,3343,2,2,7000.0,3500.0,3500.0
Inpatient,46619,2,2,7000.0,3500.0,3500.0
Inpatient,9631,1,1,7000.0,7000.0,7000.0
Inpatient,2357,1,1,7000.0,7000.0,7000.0
Inpatient,64843,2,2,7000.0,3500.0,3500.0
Inpatient,V5889,1,1,7000.0,7000.0,7000.0
Inpatient,81382,1,1,7000.0,7000.0,7000.0
Inpatient,52100,2,2,7000.0,3500.0,3500.0
Inpatient,72939,1,1,7000.0,7000.0,7000.0
Inpatient,5309,2,2,7000.0,3500.0,3500.0
Inpatient,94321,1,1,7000.0,7000.0,7000.0
Inpatient,4531,2,2,6100.0,3050.0,3050.0
Inpatient,5790,2,2,6000.0,3000.0,3000.0
Inpatient,65611,2,2,6000.0,3000.0,3000.0
Inpatient,5759,1,1,6000.0,6000.0,6000.0
Inpatient,88013,1,1,6000.0,6000.0,6000.0
Inpatient,71692,1,1,6000.0,6000.0,6000.0
Inpatient,71844,1,1,6000.0,6000.0,6000.0
Inpatient,78721,1,1,6000.0,6000.0,6000.0
Inpatient,4378,1,1,6000.0,6000.0,6000.0
Inpatient,8245,1,1,6000.0,6000.0,6000.0
Inpatient,7262,1,1,6000.0,6000.0,6000.0
Inpatient,00846,1,1,6000.0,6000.0,6000.0
Inpatient,29535,1,1,6000.0,6000.0,6000.0
Inpatient,28981,2,2,6000.0,3000.0,3000.0
Inpatient,2980,1,1,6000.0,6000.0,6000.0
Inpatient,6149,1,1,6000.0,6000.0,6000.0
Inpatient,4553,1,1,6000.0,6000.0,6000.0
Inpatient,8711,1,1,6000.0,6000.0,6000.0
Inpatient,5289,1,1,6000.0,6000.0,6000.0
Inpatient,85241,1,1,6000.0,6000.0,6000.0
Inpatient,9858,1,1,6000.0,6000.0,6000.0
Inpatient,5902,2,2,6000.0,3000.0,3000.0
Inpatient,8409,2,2,6000.0,3000.0,3000.0
Inpatient,42979,1,1,6000.0,6000.0,6000.0
Inpatient,7280,1,1,6000.0,6000.0,6000.0
Inpatient,84509,2,2,6000.0,3000.0,3000.0
Inpatient,3334,2,2,6000.0,3000.0,3000.0
Inpatient,4290,1,1,6000.0,6000.0,6000.0
Inpatient,2909,1,1,6000.0,6000.0,6000.0
Inpatient,62211,1,1,6000.0,6000.0,6000.0
Inpatient,43381,1,1,6000.0,6000.0,6000.0
Inpatient,29631,1,1,6000.0,6000.0,6000.0
Inpatient,7011,1,1,6000.0,6000.0,6000.0
Inpatient,9534,1,1,6000.0,6000.0,6000.0
Inpatient,80335,1,1,6000.0,6000.0,6000.0
Inpatient,34440,2,2,6000.0,3000.0,3000.0
Inpatient,81323,1,1,6000.0,6000.0,6000.0
Inpatient,3698,1,1,6000.0,6000.0,6000.0
Inpatient,7062,2,2,6000.0,3000.0,3000.0
Inpatient,4808,1,1,6000.0,6000.0,6000.0
Inpatient,49302,2,2,6000.0,3000.0,3000.0
Inpatient,8438,1,1,6000.0,6000.0,6000.0
Inpatient,5769,1,1,6000.0,6000.0,6000.0
Inpatient,5999,1,1,6000.0,6000.0,6000.0
Inpatient,71942,1,1,6000.0,6000.0,6000.0
Inpatient,3549,1,1,6000.0,6000.0,6000.0
Inpatient,36002,1,1,6000.0,6000.0,6000.0
Inpatient,8300,1,1,6000.0,6000.0,6000.0
Inpatient,87349,2,2,6000.0,3000.0,3000.0
Inpatient,2518,1,1,6000.0,6000.0,6000.0
Inpatient,3688,2,2,6000.0,3000.0,3000.0
Inpatient,5369,1,1,6000.0,6000.0,6000.0
Inpatient,36234,3,3,6000.0,2000.0,3000.0
Inpatient,2813,1,1,6000.0,6000.0,6000.0
Inpatient,28851,1,1,6000.0,6000.0,6000.0
Inpatient,2651,1,1,6000.0,6000.0,6000.0
Inpatient,34601,2,2,6000.0,3000.0,3000.0
Inpatient,4557,1,1,6000.0,6000.0,6000.0
Inpatient,9244,1,1,6000.0,6000.0,6000.0
Inpatient,8479,1,1,6000.0,6000.0,6000.0
Inpatient,3619,1,1,6000.0,6000.0,6000.0
Inpatient,8704,1,1,6000.0,6000.0,6000.0
Inpatient,80222,1,1,6000.0,6000.0,6000.0
Inpatient,78002,1,1,6000.0,6000.0,6000.0
Inpatient,81311,1,1,6000.0,6000.0,6000.0
Inpatient,79439,1,1,6000.0,6000.0,6000.0
Inpatient,29622,1,1,6000.0,6000.0,6000.0
Inpatient,81353,1,1,6000.0,6000.0,6000.0
Inpatient,92310,1,1,6000.0,6000.0,6000.0
Inpatient,8403,1,1,6000.0,6000.0,6000.0
Inpatient,23876,1,1,6000.0,6000.0,6000.0
Inpatient,4561,1,1,6000.0,6000.0,6000.0
Inpatient,1872,1,1,6000.0,6000.0,6000.0
Inpatient,1750,1,1,6000.0,6000.0,6000.0
Inpatient,7503,1,1,6000.0,6000.0,6000.0
Inpatient,8676,1,1,6000.0,6000.0,6000.0
Inpatient,1401,1,1,6000.0,6000.0,6000.0
Inpatient,28862,1,1,6000.0,6000.0,6000.0
Inpatient,2706,1,1,6000.0,6000.0,6000.0
Inpatient,86229,1,1,6000.0,6000.0,6000.0
Inpatient,47831,2,2,6000.0,3000.0,3000.0
Inpatient,78321,2,2,6000.0,3000.0,3000.0
Inpatient,3335,1,1,6000.0,6000.0,6000.0
Inpatient,2739,1,1,6000.0,6000.0,6000.0
Inpatient,81352,1,1,6000.0,6000.0,6000.0
Inpatient,78899,2,2,6000.0,3000.0,3000.0
Inpatient,3009,2,2,6000.0,3000.0,3000.0
Inpatient,5809,1,1,6000.0,6000.0,6000.0
Inpatient,1951,1,1,6000.0,6000.0,6000.0
Inpatient,7862,2,2,6000.0,3000.0,3000.0
Inpatient,34511,2,2,6000.0,3000.0,3000.0
Inpatient,81343,2,2,6000.0,3000.0,3000.0
Inpatient,V5041,1,1,6000.0,6000.0,6000.0
Inpatient,80301,1,1,6000.0,6000.0,6000.0
Inpatient,53782,1,1,6000.0,6000.0,6000.0
Inpatient,31234,2,2,5030.0,2515.0,2515.0
Inpatient,33394,2,2,5030.0,2515.0,2515.0
Inpatient,4379,1,1,5000.0,5000.0,5000.0
Inpatient,55092,2,2,5000.0,2500.0,2500.0
Inpatient,55012,1,1,5000.0,5000.0,5000.0
Inpatient,45111,2,2,5000.0,2500.0,2500.0
Inpatient,81243,1,1,5000.0,5000.0,5000.0
Inpatient,6120,1,1,5000.0,5000.0,5000.0
Inpatient,9713,2,2,5000.0,2500.0,2500.0
Inpatient,29504,1,1,5000.0,5000.0,5000.0
Inpatient,36811,1,1,5000.0,5000.0,5000.0
Inpatient,34600,2,2,5000.0,2500.0,2500.0
Inpatient,8469,1,1,5000.0,5000.0,5000.0
Inpatient,37923,2,2,5000.0,2500.0,2500.0
Inpatient,65801,2,2,5000.0,2500.0,2500.0
Inpatient,67434,1,1,5000.0,5000.0,5000.0
Inpatient,6119,1,1,5000.0,5000.0,5000.0
Inpatient,53241,1,1,5000.0,5000.0,5000.0
Inpatient,6218,1,1,5000.0,5000.0,5000.0
Inpatient,9770,1,1,5000.0,5000.0,5000.0
Inpatient,36210,1,1,5000.0,5000.0,5000.0
Inpatient,1649,1,1,5000.0,5000.0,5000.0
Inpatient,1600,1,1,5000.0,5000.0,5000.0
Inpatient,5964,1,1,5000.0,5000.0,5000.0
Inpatient,7536,1,1,5000.0,5000.0,5000.0
Inpatient,V554,1,1,5000.0,5000.0,5000.0
Inpatient,33385,1,1,5000.0,5000.0,5000.0
Inpatient,20961,1,1,5000.0,5000.0,5000.0
Inpatient,72673,1,1,5000.0,5000.0,5000.0
Inpatient,9921,1,1,5000.0,5000.0,5000.0
Inpatient,75670,1,1,5000.0,5000.0,5000.0
Inpatient,71742,1,1,5000.0,5000.0,5000.0
Inpatient,7173,1,1,5000.0,5000.0,5000.0
Inpatient,4160,1,1,5000.0,5000.0,5000.0
Inpatient,71694,1,1,5000.0,5000.0,5000.0
Inpatient,8832,1,1,5000.0,5000.0,5000.0
Inpatient,3564,1,1,5000.0,5000.0,5000.0
Inpatient,30009,1,1,5000.0,5000.0,5000.0
Inpatient,6944,1,1,5000.0,5000.0,5000.0
Inpatient,3361,1,1,5000.0,5000.0,5000.0
Inpatient,44100,1,1,5000.0,5000.0,5000.0
Inpatient,49300,1,1,5000.0,5000.0,5000.0
Inpatient,5819,1,1,5000.0,5000.0,5000.0
Inpatient,72670,1,1,5000.0,5000.0,5000.0
Inpatient,99589,1,1,5000.0,5000.0,5000.0
Inpatient,9720,2,2,5000.0,2500.0,2500.0
Inpatient,1869,1,1,5000.0,5000.0,5000.0
Inpatient,541,1,1,5000.0,5000.0,5000.0
Inpatient,5060,1,1,5000.0,5000.0,5000.0
Inpatient,460,1,1,5000.0,5000.0,5000.0
Inpatient,2690,1,1,5000.0,5000.0,5000.0
Inpatient,04112,1,1,5000.0,5000.0,5000.0
Inpatient,28982,1,1,5000.0,5000.0,5000.0
Inpatient,45385,1,1,5000.0,5000.0,5000.0
Inpatient,53300,1,1,5000.0,5000.0,5000.0
Inpatient,71949,1,1,5000.0,5000.0,5000.0
Inpatient,81101,1,1,5000.0,5000.0,5000.0
Inpatient,9331,1,1,5000.0,5000.0,5000.0
Inpatient,7816,1,1,5000.0,5000.0,5000.0
Inpatient,85100,1,1,5000.0,5000.0,5000.0
Inpatient,52462,1,1,5000.0,5000.0,5000.0
Inpatient,9925,1,1,5000.0,5000.0,5000.0
Inpatient,3439,1,1,5000.0,5000.0,5000.0
Inpatient,72765,1,1,5000.0,5000.0,5000.0
Inpatient,71849,1,1,5000.0,5000.0,5000.0
Inpatient,20043,1,1,5000.0,5000.0,5000.0
Inpatient,501,1,1,5000.0,5000.0,5000.0
Inpatient,65651,1,1,5000.0,5000.0,5000.0
Inpatient,41411,1,1,5000.0,5000.0,5000.0
Inpatient,53141,1,1,5000.0,5000.0,5000.0
Inpatient,66101,1,1,5000.0,5000.0,5000.0
Inpatient,71103,1,1,5000.0,5000.0,5000.0
Inpatient,71617,1,1,5000.0,5000.0,5000.0
Inpatient,42989,2,2,5000.0,2500.0,2500.0
Inpatient,36815,1,1,5000.0,5000.0,5000.0
Inpatient,7861,1,1,5000.0,5000.0,5000.0
Inpatient,71533,1,1,5000.0,5000.0,5000.0
Inpatient,7504,1,1,5000.0,5000.0,5000.0
Inpatient,99651,1,1,5000.0,5000.0,5000.0
Inpatient,2893,1,1,5000.0,5000.0,5000.0
Inpatient,36231,1,1,5000.0,5000.0,5000.0
Inpatient,8074,1,1,5000.0,5000.0,5000.0
Inpatient,3014,1,1,5000.0,5000.0,5000.0
Inpatient,5969,1,1,5000.0,5000.0,5000.0
Inpatient,V652,1,1,5000.0,5000.0,5000.0
Inpatient,9696,1,1,5000.0,5000.0,5000.0
Inpatient,V51,1,1,5000.0,5000.0,5000.0
Inpatient,58889,1,1,5000.0,5000.0,5000.0
Inpatient,52469,1,1,5000.0,5000.0,5000.0
Inpatient,29990,1,1,5000.0,5000.0,5000.0
Inpatient,64783,1,1,5000.0,5000.0,5000.0
Inpatient,64973,1,1,5000.0,5000.0,5000.0
Inpatient,3529,1,1,5000.0,5000.0,5000.0
Inpatient,1330,2,2,5000.0,2500.0,2500.0
Inpatient,6172,1,1,5000.0,5000.0,5000.0
Inpatient,3579,1,1,5000.0,5000.0,5000.0
Inpatient,3829,1,1,5000.0,5000.0,5000.0
Inpatient,81502,1,1,5000.0,5000.0,5000.0
Inpatient,64931,1,1,5000.0,5000.0,5000.0
Inpatient,65641,1,1,5000.0,5000.0,5000.0
Inpatient,11595,1,1,5000.0,5000.0,5000.0
Inpatient,2373,1,1,5000.0,5000.0,5000.0
Inpatient,85209,1,1,5000.0,5000.0,5000.0
Inpatient,6270,1,1,5000.0,5000.0,5000.0
Inpatient,52800,1,1,5000.0,5000.0,5000.0
Inpatient,78603,1,1,5000.0,5000.0,5000.0
Inpatient,2693,1,1,5000.0,5000.0,5000.0
Inpatient,3538,1,1,5000.0,5000.0,5000.0
Inpatient,3373,1,1,5000.0,5000.0,5000.0
Inpatient,4374,1,1,5000.0,5000.0,5000.0
Inpatient,1732,1,1,5000.0,5000.0,5000.0
Inpatient,83920,2,2,4600.0,2300.0,2300.0
Inpatient,V717,2,2,4000.0,2000.0,2000.0
Inpatient,9894,1,1,4000.0,4000.0,4000.0
Inpatient,5953,1,1,4000.0,4000.0,4000.0
Inpatient,65301,1,1,4000.0,4000.0,4000.0
Inpatient,2182,1,1,4000.0,4000.0,4000.0
Inpatient,3813,1,1,4000.0,4000.0,4000.0
Inpatient,1361,1,1,4000.0,4000.0,4000.0
Inpatient,92300,1,1,4000.0,4000.0,4000.0
Inpatient,2978,1,1,4000.0,4000.0,4000.0
Inpatient,73390,1,1,4000.0,4000.0,4000.0
Inpatient,86120,1,1,4000.0,4000.0,4000.0
Inpatient,5063,1,1,4000.0,4000.0,4000.0
Inpatient,9579,1,1,4000.0,4000.0,4000.0
Inpatient,78062,1,1,4000.0,4000.0,4000.0
Inpatient,61809,1,1,4000.0,4000.0,4000.0
Inpatient,6012,1,1,4000.0,4000.0,4000.0
Inpatient,3490,1,1,4000.0,4000.0,4000.0
Inpatient,64803,1,1,4000.0,4000.0,4000.0
Inpatient,38619,1,1,4000.0,4000.0,4000.0
Inpatient,07889,1,1,4000.0,4000.0,4000.0
Inpatient,71846,1,1,4000.0,4000.0,4000.0
Inpatient,6232,1,1,4000.0,4000.0,4000.0
Inpatient,3543,1,1,4000.0,4000.0,4000.0
Inpatient,29636,1,1,4000.0,4000.0,4000.0
Inpatient,92320,1,1,4000.0,4000.0,4000.0
Inpatient,78061,1,1,4000.0,4000.0,4000.0
Inpatient,36001,1,1,4000.0,4000.0,4000.0
Inpatient,80321,2,2,4000.0,2000.0,2000.0
Inpatient,35921,1,1,4000.0,4000.0,4000.0
Inpatient,64313,1,1,4000.0,4000.0,4000.0
Inpatient,78724,1,1,4000.0,4000.0,4000.0
Inpatient,81000,1,1,4000.0,4000.0,4000.0
Inpatient,73340,1,1,4000.0,4000.0,4000.0
Inpatient,6173,1,1,4000.0,4000.0,4000.0
Inpatient,7904,1,1,4000.0,4000.0,4000.0
Inpatient,92810,1,1,4000.0,4000.0,4000.0
Inpatient,81001,1,1,4000.0,4000.0,4000.0
Inpatient,44321,1,1,4000.0,4000.0,4000.0
Inpatient,7936,1,1,4000.0,4000.0,4000.0
Inpatient,37530,1,1,4000.0,4000.0,4000.0
Inpatient,2630,1,1,4000.0,4000.0,4000.0
Inpatient,72479,1,1,4000.0,4000.0,4000.0
Inpatient,04104,1,1,4000.0,4000.0,4000.0
Inpatient,2689,1,1,4000.0,4000.0,4000.0
Inpatient,37854,1,1,4000.0,4000.0,4000.0
Inpatient,42652,1,1,4000.0,4000.0,4000.0
Inpatient,80220,1,1,4000.0,4000.0,4000.0
Inpatient,47875,1,1,4000.0,4000.0,4000.0
Inpatient,47829,1,1,4000.0,4000.0,4000.0
Inpatient,2919,1,1,4000.0,4000.0,4000.0
Inpatient,7483,1,1,4000.0,4000.0,4000.0
Inpatient,83202,1,1,4000.0,4000.0,4000.0
Inpatient,56201,1,1,4000.0,4000.0,4000.0
Inpatient,71481,2,2,4000.0,2000.0,2000.0
Inpatient,49301,1,1,4000.0,4000.0,4000.0
Inpatient,1419,1,1,4000.0,4000.0,4000.0
Inpatient,53320,1,1,4000.0,4000.0,4000.0
Inpatient,63310,1,1,4000.0,4000.0,4000.0
Inpatient,8793,1,1,4000.0,4000.0,4000.0
Inpatient,71593,1,1,4000.0,4000.0,4000.0
Inpatient,82520,1,1,4000.0,4000.0,4000.0
Inpatient,19882,1,1,4000.0,4000.0,4000.0
Inpatient,37749,1,1,4000.0,4000.0,4000.0
Inpatient,71236,1,1,4000.0,4000.0,4000.0
Inpatient,28261,1,1,4000.0,4000.0,4000.0
Inpatient,5645,1,1,4000.0,4000.0,4000.0
Inpatient,47402,1,1,4000.0,4000.0,4000.0
Inpatient,78550,1,1,4000.0,4000.0,4000.0
Inpatient,V5423,1,1,4000.0,4000.0,4000.0
Inpatient,4262,1,1,4000.0,4000.0,4000.0
Inpatient,25031,1,1,4000.0,4000.0,4000.0
Inpatient,9173,1,1,4000.0,4000.0,4000.0
Inpatient,9587,1,1,4000.0,4000.0,4000.0
Inpatient,64941,1,1,4000.0,4000.0,4000.0
Inpatient,92302,1,1,4000.0,4000.0,4000.0
Inpatient,8750,1,1,4000.0,4000.0,4000.0
Inpatient,65661,1,1,4000.0,4000.0,4000.0
Inpatient,4530,1,1,4000.0,4000.0,4000.0
Inpatient,78001,1,1,4000.0,4000.0,4000.0
Inpatient,9953,2,2,4000.0,2000.0,2000.0
Inpatient,3019,1,1,4000.0,4000.0,4000.0
Inpatient,69589,1,1,4000.0,4000.0,4000.0
Inpatient,66331,2,2,4000.0,2000.0,2000.0
Inpatient,62212,1,1,4000.0,4000.0,4000.0
Inpatient,71856,1,1,4000.0,4000.0,4000.0
Inpatient,0661,1,1,4000.0,4000.0,4000.0
Inpatient,30014,1,1,4000.0,4000.0,4000.0
Inpatient,463,1,1,4000.0,4000.0,4000.0
Inpatient,1412,1,1,4000.0,4000.0,4000.0
Inpatient,9880,1,1,4000.0,4000.0,4000.0
Inpatient,72885,2,2,4000.0,2000.0,2000.0
Inpatient,9912,1,1,4000.0,4000.0,4000.0
Inpatient,34551,1,1,4000.0,4000.0,4000.0
Inpatient,3064,1,1,4000.0,4000.0,4000.0
Inpatient,2638,1,1,4000.0,4000.0,4000.0
Inpatient,7279,1,1,4000.0,4000.0,4000.0
Inpatient,3341,1,1,4000.0,4000.0,4000.0
Inpatient,86601,1,1,4000.0,4000.0,4000.0
Inpatient,9757,1,1,4000.0,4000.0,4000.0
Inpatient,71986,1,1,4000.0,4000.0,4000.0
Inpatient,3485,1,1,4000.0,4000.0,4000.0
Inpatient,63390,1,1,4000.0,4000.0,4000.0
Inpatient,68101,1,1,4000.0,4000.0,4000.0
Inpatient,80111,1,1,4000.0,4000.0,4000.0
Inpatient,2324,1,1,4000.0,4000.0,4000.0
Inpatient,8280,1,1,4000.0,4000.0,4000.0
Inpatient,25090,2,2,4000.0,2000.0,2000.0
Inpatient,8708,1,1,4000.0,4000.0,4000.0
Inpatient,7222,1,1,4000.0,4000.0,4000.0
Inpatient,61802,1,1,4000.0,4000.0,4000.0
Inpatient,46430,1,1,4000.0,4000.0,4000.0
Inpatient,2810,1,1,4000.0,4000.0,4000.0
Inpatient,30015,1,1,4000.0,4000.0,4000.0
Inpatient,72619,1,1,4000.0,4000.0,4000.0
Inpatient,6089,1,1,4000.0,4000.0,4000.0
Inpatient,7358,1,1,4000.0,4000.0,4000.0
Inpatient,71655,1,1,4000.0,4000.0,4000.0
Inpatient,66401,2,2,4000.0,2000.0,2000.0
Inpatient,4289,1,1,3000.0,3000.0,3000.0
Inpatient,80700,1,1,3000.0,3000.0,3000.0
Inpatient,8363,1,1,3000.0,3000.0,3000.0
Inpatient,36232,1,1,3000.0,3000.0,3000.0
Inpatient,2309,1,1,3000.0,3000.0,3000.0
Inpatient,34683,1,1,3000.0,3000.0,3000.0
Inpatient,3203,1,1,3000.0,3000.0,3000.0
Inpatient,4352,1,1,3000.0,3000.0,3000.0
Inpatient,5752,1,1,3000.0,3000.0,3000.0
Inpatient,9918,1,1,3000.0,3000.0,3000.0
Inpatient,9994,1,1,3000.0,3000.0,3000.0
Inpatient,65231,1,1,3000.0,3000.0,3000.0
Inpatient,28866,1,1,3000.0,3000.0,3000.0
Inpatient,9651,1,1,3000.0,3000.0,3000.0
Inpatient,3682,1,1,3000.0,3000.0,3000.0
Inpatient,34570,1,1,3000.0,3000.0,3000.0
Inpatient,9220,1,1,3000.0,3000.0,3000.0
Inpatient,30550,1,1,3000.0,3000.0,3000.0
Inpatient,3668,1,1,3000.0,3000.0,3000.0
Inpatient,65261,1,1,3000.0,3000.0,3000.0
Inpatient,9228,1,1,3000.0,3000.0,3000.0
Inpatient,0839,1,1,3000.0,3000.0,3000.0
Inpatient,29285,1,1,3000.0,3000.0,3000.0
Inpatient,938,1,1,3000.0,3000.0,3000.0
Inpatient,88000,1,1,3000.0,3000.0,3000.0
Inpatient,37991,1,1,3000.0,3000.0,3000.0
Inpatient,34670,1,1,3000.0,3000.0,3000.0
Inpatient,3082,1,1,3000.0,3000.0,3000.0
Inpatient,6805,1,1,3000.0,3000.0,3000.0
Inpatient,7320,1,1,3000.0,3000.0,3000.0
Inpatient,4910,1,1,3000.0,3000.0,3000.0
Inpatient,36900,1,1,3000.0,3000.0,3000.0
Inpatient,61171,1,1,3000.0,3000.0,3000.0
Inpatient,81322,1,1,3000.0,3000.0,3000.0
Inpatient,06641,1,1,3000.0,3000.0,3000.0
Inpatient,538,1,1,3000.0,3000.0,3000.0
Inpatient,4612,1,1,3000.0,3000.0,3000.0
Inpatient,71902,1,1,3000.0,3000.0,3000.0
Inpatient,81103,1,1,3000.0,3000.0,3000.0
Inpatient,30591,1,1,3000.0,3000.0,3000.0
Inpatient,53191,1,1,3000.0,3000.0,3000.0
Inpatient,3482,1,1,3000.0,3000.0,3000.0
Inpatient,43811,1,1,3000.0,3000.0,3000.0
Inpatient,81306,1,1,3000.0,3000.0,3000.0
Inpatient,7177,1,1,3000.0,3000.0,3000.0
Inpatient,9664,1,1,3000.0,3000.0,3000.0
Inpatient,0579,1,1,3000.0,3000.0,3000.0
Inpatient,66201,1,1,3000.0,3000.0,3000.0
Inpatient,5646,1,1,3000.0,3000.0,3000.0
Inpatient,4778,1,1,3000.0,3000.0,3000.0
Inpatient,34931,1,1,3000.0,3000.0,3000.0
Inpatient,7102,1,1,3000.0,3000.0,3000.0
Inpatient,64663,1,1,3000.0,3000.0,3000.0
Inpatient,44382,1,1,3000.0,3000.0,3000.0
Inpatient,25021,1,1,3000.0,3000.0,3000.0
Inpatient,95914,1,1,3000.0,3000.0,3000.0
Inpatient,25093,1,1,3000.0,3000.0,3000.0
Inpatient,29283,1,1,3000.0,3000.0,3000.0
Inpatient,2510,1,1,3000.0,3000.0,3000.0
Inpatient,2101,1,1,3000.0,3000.0,3000.0
Inpatient,8738,1,1,3000.0,3000.0,3000.0
Inpatient,72789,1,1,3000.0,3000.0,3000.0
Inpatient,8710,1,1,3000.0,3000.0,3000.0
Inpatient,7891,1,1,3000.0,3000.0,3000.0
Inpatient,43885,1,1,3000.0,3000.0,3000.0
Inpatient,81242,1,1,3000.0,3000.0,3000.0
Inpatient,34681,1,1,3000.0,3000.0,3000.0
Inpatient,37739,1,1,3000.0,3000.0,3000.0
Inpatient,28260,1,1,3000.0,3000.0,3000.0
Inpatient,9100,1,1,3000.0,3000.0,3000.0
Inpatient,2763,1,1,3000.0,3000.0,3000.0
Inpatient,63411,1,1,3000.0,3000.0,3000.0
Inpatient,4292,1,1,3000.0,3000.0,3000.0
Inpatient,7919,1,1,3000.0,3000.0,3000.0
Inpatient,80022,1,1,3000.0,3000.0,3000.0
Inpatient,65821,1,1,3000.0,3000.0,3000.0
Inpatient,2812,1,1,3000.0,3000.0,3000.0
Inpatient,33912,1,1,3000.0,3000.0,3000.0
Inpatient,1759,1,1,3000.0,3000.0,3000.0
Inpatient,64911,1,1,3000.0,3000.0,3000.0
Inpatient,65951,1,1,3000.0,3000.0,3000.0
Inpatient,6982,1,1,3000.0,3000.0,3000.0
Inpatient,49312,1,1,3000.0,3000.0,3000.0
Inpatient,9685,1,1,3000.0,3000.0,3000.0
Inpatient,3003,2,2,3000.0,1500.0,1500.0
Inpatient,95912,1,1,3000.0,3000.0,3000.0
Inpatient,4599,1,1,2000.0,2000.0,2000.0
Inpatient,66021,1,1,2000.0,2000.0,2000.0
Inpatient,65811,1,1,2000.0,2000.0,2000.0
Inpatient,650,1,1,2000.0,2000.0,2000.0
Inpatient,64683,1,1,2000.0,2000.0,2000.0
Inpatient,9766,1,1,2000.0,2000.0,2000.0
Inpatient,78630,1,1,2000.0,2000.0,2000.0
Inpatient,78065,1,1,2000.0,2000.0,2000.0
Inpatient,99569,1,1,2000.0,2000.0,2000.0
Inpatient,9711,1,1,2000.0,2000.0,2000.0
Inpatient,3062,1,1,2000.0,2000.0,2000.0
Inpatient,5942,1,1,2000.0,2000.0,2000.0
Inpatient,66131,1,1,2000.0,2000.0,2000.0
Inpatient,3831,1,1,2000.0,2000.0,2000.0
Inpatient,30082,1,1,2000.0,2000.0,2000.0
Inpatient,30113,1,1,2000.0,2000.0,2000.0
Inpatient,33812,1,1,2000.0,2000.0,2000.0
Inpatient,3081,1,1,2000.0,2000.0,2000.0
Inpatient,46400,1,1,2000.0,2000.0,2000.0
Inpatient,78451,1,1,2000.0,2000.0,2000.0
Inpatient,8430,1,1,2000.0,2000.0,2000.0
Inpatient,9635,1,1,2000.0,2000.0,2000.0
Inpatient,V6284,1,1,2000.0,2000.0,2000.0
Inpatient,64901,1,1,2000.0,2000.0,2000.0
Inpatient,30393,1,1,2000.0,2000.0,2000.0
Inpatient,40599,1,1,2000.0,2000.0,2000.0
Inpatient,38201,1,1,2000.0,2000.0,2000.0
Inpatient,36230,1,1,2000.0,2000.0,2000.0
Inpatient,2899,1,1,2000.0,2000.0,2000.0
Inpatient,30928,2,2,1800.0,900.0,900.0
Inpatient,9950,2,2,1200.0,600.0,600.0
Inpatient,64403,1,1,1000.0,1000.0,1000.0
Inpatient,64511,1,1,1000.0,1000.0,1000.0
Inpatient,29635,1,1,1000.0,1000.0,1000.0
Inpatient,5929,1,1,1000.0,1000.0,1000.0
Inpatient,08881,1,1,1000.0,1000.0,1000.0
Inpatient,33722,1,1,1000.0,1000.0,1000.0
Inpatient,30561,1,1,900.0,900.0,900.0
Inpatient,6208,1,1,800.0,800.0,800.0
Inpatient,936,1,1,700.0,700.0,700.0
Inpatient,29593,1,1,500.0,500.0,500.0
Inpatient,80708,1,1,400.0,400.0,400.0
Inpatient,72671,1,1,400.0,400.0,400.0
Inpatient,81220,1,1,400.0,400.0,400.0
Inpatient,37004,1,1,400.0,400.0,400.0
Inpatient,2731,1,1,400.0,400.0,400.0
Inpatient,64623,1,1,200.0,200.0,200.0
Inpatient,0540,1,1,200.0,200.0,200.0
Inpatient,V5881,1,1,100.0,100.0,100.0
Inpatient,80329,1,1,0.0,0.0,0.0
Inpatient,3669,2,2,0.0,0.0,0.0
Inpatient,44283,1,1,0.0,0.0,0.0
Inpatient,5853,1,1,0.0,0.0,0.0
Inpatient,4473,1,1,0.0,0.0,0.0
Inpatient,24280,1,1,0.0,0.0,0.0
Inpatient,56986,1,1,0.0,0.0,0.0
Inpatient,3229,1,1,0.0,0.0,0.0
Inpatient,3689,1,1,0.0,0.0,0.0
Inpatient,9923,1,1,0.0,0.0,0.0
Inpatient,3410,1,1,0.0,0.0,0.0
Inpatient,71659,1,1,0.0,0.0,0.0
Inpatient,5992,1,1,0.0,0.0,0.0
Inpatient,6101,1,1,0.0,0.0,0.0
Inpatient,29542,1,1,0.0,0.0,0.0
Inpatient,5264,1,1,0.0,0.0,0.0
Inpatient,5538,1,1,0.0,0.0,0.0
Inpatient,23874,1,1,0.0,0.0,0.0
Inpatient,7170,1,1,0.0,0.0,0.0
Inpatient,79430,1,1,0.0,0.0,0.0
Inpatient,8260,1,1,0.0,0.0,0.0
Inpatient,7514,1,1,0.0,0.0,0.0
Inpatient,08249,1,1,0.0,0.0,0.0
Inpatient,33721,1,1,0.0,0.0,0.0
Inpatient,6108,1,1,0.0,0.0,0.0
Inpatient,7217,1,1,0.0,0.0,0.0
Inpatient,4785,1,1,0.0,0.0,0.0
Inpatient,9348,1,1,0.0,0.0,0.0
Inpatient,1906,1,1,0.0,0.0,0.0
Inpatient,80009,1,1,0.0,0.0,0.0
Inpatient,30491,1,1,0.0,0.0,0.0
Inpatient,5739,1,1,0.0,0.0,0.0
Inpatient,V556,1,1,0.0,0.0,0.0
Inpatient,6988,1,1,0.0,0.0,0.0
Inpatient,59981,1,1,0.0,0.0,0.0
Inpatient,4536,1,1,0.0,0.0,0.0
Inpatient,67454,1,1,0.0,0.0,0.0
Inpatient,87341,1,1,0.0,0.0,0.0
Inpatient,29211,1,1,-200.0,-200.0,-200.0
Inpatient,3069,1,1,-200.0,-200.0,-200.0
Inpatient,632,2,2,-3000.0,-1500.0,-1500.0
Outpatient,OTHER,5675,3127,7748400.0,1365.36,1500.0
Outpatient,V562,1479,1026,2215270.0,1497.82,1800.0
Outpatient,V560,1475,1025,2144310.0,1453.77,1800.0
Outpatient,7925,1464,1028,2125980.0,1452.17,1700.0
Outpatient,V5631,1448,1008,2122630.0,1465.9,1800.0
Outpatient,5855,1453,1041,2117530.0,1457.35,1700.0
Outpatient,V568,1436,1025,2113200.0,1471.59,1700.0
Outpatient,5856,1453,1039,2106320.0,1449.64,1700.0
Outpatient,5859,1426,1006,2101030.0,1473.37,1800.0
Outpatient,V4511,1402,992,2094310.0,1493.8,1800.0
Outpatient,V5632,1399,1018,2092840.0,1495.95,1800.0
Outpatient,5853,1428,1042,2078300.0,1455.39,1700.0
Outpatient,V561,1445,1021,2066270.0,1429.94,1700.0
Outpatient,585,1436,1018,2055910.0,1431.69,1700.0
Outpatient,V420,1422,1019,2052890.0,1443.66,1700.0
Outpatient,V4512,1392,1001,1994810.0,1433.05,1700.0
Outpatient,V451,1348,992,1994220.0,1479.39,1800.0
Outpatient,5854,1415,1016,1969380.0,1391.79,1600.0
Outpatient,78659,3367,3234,1894790.0,562.75,400.0
Outpatient,78650,3229,3104,1830750.0,566.97,400.0
Outpatient,78651,3244,3129,1801420.0,555.31,400.0
Outpatient,4019,19079,15683,1560900.0,81.81,60.0
Outpatient,4011,18816,15537,1539550.0,81.82,60.0
Outpatient,7802,2746,2664,1308680.0,476.58,300.0
Outpatient,V581,608,580,852680.0,1402.43,900.0
Outpatient,V580,605,582,823450.0,1361.07,900.0
Outpatient,V672,608,585,814550.0,1339.72,850.0
Outpatient,V5811,602,584,808930.0,1343.74,800.0
Outpatient,V5812,578,565,808820.0,1399.34,900.0
Outpatient,V661,590,565,792380.0,1343.02,850.0
Outpatient,V671,601,584,786960.0,1309.42,800.0
Outpatient,V662,563,545,730730.0,1297.92,700.0
Outpatient,185,1939,1720,612870.0,316.08,60.0
Outpatient,V1046,1865,1629,603860.0,323.79,60.0
Outpatient,2334,1962,1730,534210.0,272.28,60.0
Outpatient,78071,2092,2041,387300.0,185.13,90.0
Outpatient,7807,2154,2110,370520.0,172.01,80.0
Outpatient,340,828,746,361310.0,436.36,100.0
Outpatient,V4581,642,637,344550.0,536.68,85.0
Outpatient,4142,664,657,344500.0,518.83,80.0
Outpatient,4130,634,627,320050.0,504.81,75.0
Outpatient,3320,1062,998,319520.0,300.87,95.0
Outpatient,78079,2033,1996,319050.0,156.94,80.0
Outpatient,4140,620,616,316000.0,509.68,80.0
Outpatient,4110,648,645,311420.0,480.59,70.0
Outpatient,4139,638,633,310790.0,487.13,80.0
Outpatient,412,639,631,310220.0,485.48,90.0
Outpatient,4118,660,653,307270.0,465.56,80.0
Outpatient,41400,636,629,307200.0,483.02,80.0
Outpatient,4149,667,661,301260.0,451.66,70.0
Outpatient,2720,4568,4341,293170.0,64.18,50.0
Outpatient,2722,4602,4381,293000.0,63.67,50.0
Outpatient,41181,621,619,291290.0,469.07,80.0
Outpatient,4148,658,652,291290.0,442.69,70.0
Outpatient,2723,4627,4426,290470.0,62.78,50.0
Outpatient,2721,4677,4431,289700.0,61.94,50.0
Outpatient,2724,4560,4360,280190.0,61.45,50.0
Outpatient,41189,671,666,279370.0,416.35,70.0
Outpatient,V4582,641,637,276310.0,431.06,80.0
Outpatient,4143,607,603,275420.0,453.74,70.0
Outpatient,4111,594,588,274910.0,462.81,70.0
Outpatient,42769,2209,2055,268450.0,121.53,20.0
Outpatient,4270,2211,1993,260470.0,117.81,20.0
Outpatient,4131,634,626,259210.0,408.85,70.0
Outpatient,41401,609,606,254220.0,417.44,80.0
Outpatient,42781,2226,2032,251010.0,112.76,20.0
Outpatient,42760,2196,1993,248590.0,113.2,20.0
Outpatient,7851,2249,2053,247930.0,110.24,20.0
Outpatient,V528,795,783,241180.0,303.37,200.0
Outpatient,4272,2177,1971,240490.0,110.47,20.0
Outpatient,1628,466,452,238270.0,511.31,200.0
Outpatient,1745,544,526,237710.0,436.97,90.0
Outpatient,1749,534,517,234530.0,439.19,90.0
Outpatient,42761,2164,1965,232200.0,107.3,20.0
Outpatient,V579,753,748,231790.0,307.82,200.0
Outpatient,42732,2147,1958,230510.0,107.36,20.0
Outpatient,41406,594,588,229830.0,386.92,80.0
Outpatient,42789,2218,2057,228680.0,103.1,20.0
Outpatient,1629,465,445,227180.0,488.56,100.0
Outpatient,42731,2211,2003,225920.0,102.18,20.0
Outpatient,1742,570,541,223390.0,391.91,80.0
Outpatient,7850,2110,1943,221790.0,105.11,20.0
Outpatient,4279,2212,1996,221520.0,100.14,10.0
Outpatient,V570,700,692,219430.0,313.47,200.0
Outpatient,V574,744,731,219410.0,294.91,200.0
Outpatient,1625,477,453,218450.0,457.97,100.0
Outpatient,V5722,733,727,218370.0,297.91,200.0
Outpatient,V524,778,764,217880.0,280.05,200.0
Outpatient,V529,744,737,216990.0,291.65,200.0
Outpatient,V571,703,699,214440.0,305.04,200.0
Outpatient,20921,475,448,214180.0,450.91,100.0
Outpatient,V5721,739,732,213370.0,288.73,200.0
Outpatient,1744,548,529,212300.0,387.41,80.0
Outpatient,1759,533,507,211790.0,397.35,80.0
Outpatient,V5781,738,731,210920.0,285.8,200.0
Outpatient,V520,736,731,210540.0,286.06,200.0
Outpatient,V103,555,533,210280.0,378.88,70.0
Outpatient,V521,703,693,209300.0,297.72,200.0
Outpatient,V573,727,715,208450.0,286.73,200.0
Outpatient,V5882,729,720,208280.0,285.71,200.0
Outpatient,V572,709,700,207870.0,293.19,200.0
Outpatient,V5789,718,715,207760.0,289.36,200.0
Outpatient,2330,557,537,205700.0,369.3,80.0
Outpatient,1743,524,508,205650.0,392.46,90.0
Outpatient,V538,744,740,203230.0,273.16,200.0
Outpatient,4271,2204,1997,200070.0,90.78,20.0
Outpatient,1748,522,500,199870.0,382.89,80.0
Outpatient,V1011,448,421,193490.0,431.9,100.0
Outpatient,1623,466,442,192720.0,413.56,100.0
Outpatient,1750,571,545,189720.0,332.26,80.0
Outpatient,1622,442,423,188360.0,426.15,100.0
Outpatient,1741,551,533,185880.0,337.35,80.0
Outpatient,1740,557,540,182950.0,328.46,70.0
Outpatient,78901,591,587,182270.0,308.41,200.0
Outpatient,78903,553,550,181660.0,328.5,200.0
Outpatient,1746,524,495,181150.0,345.71,70.0
Outpatient,1624,453,430,180420.0,398.28,100.0
Outpatient,7916,2174,2093,180240.0,82.91,60.0
Outpatient,79029,2252,2171,180160.0,80.0,60.0
Outpatient,25000,2235,2136,178980.0,80.08,60.0
Outpatient,78961,607,606,178240.0,293.64,200.0
Outpatient,78902,572,571,177860.0,310.94,200.0
Outpatient,78964,609,606,176290.0,289.47,200.0
Outpatient,78967,580,577,175690.0,302.91,200.0
Outpatient,73303,856,837,174980.0,204.42,60.0
Outpatient,79021,2196,2112,174940.0,79.66,60.0
Outpatient,78966,572,570,173050.0,302.53,200.0
Outpatient,24900,2237,2161,172000.0,76.89,60.0
Outpatient,78900,618,610,171170.0,276.97,200.0
Outpatient,5942,244,243,170050.0,696.93,300.0
Outpatient,78962,588,585,169260.0,287.86,200.0
Outpatient,78969,618,616,169150.0,273.71,200.0
Outpatient,7915,2178,2100,167900.0,77.09,60.0
Outpatient,78909,576,574,167470.0,290.75,200.0
Outpatient,78965,615,607,166760.0,271.15,200.0
Outpatient,7890,596,589,166190.0,278.84,200.0
Outpatient,78960,599,594,166120.0,277.33,200.0
Outpatient,78907,584,581,163390.0,279.78,200.0
Outpatient,V6546,2104,2025,162900.0,77.42,60.0
Outpatient,78963,575,573,162560.0,282.71,200.0
Outpatient,25001,2140,2065,162490.0,75.93,60.0
Outpatient,78906,593,591,161880.0,272.98,200.0
Outpatient,2312,473,439,161420.0,341.27,100.0
Outpatient,V4585,2142,2055,161010.0,75.17,60.0
Outpatient,5949,253,250,160160.0,633.04,200.0
Outpatient,7902,2140,2059,159970.0,74.75,60.0
Outpatient,5921,250,248,158240.0,632.96,200.0
Outpatient,73301,795,779,157090.0,197.6,50.0
Outpatient,79022,2171,2094,156400.0,72.04,60.0
Outpatient,V5391,2122,2050,156390.0,73.7,60.0
Outpatient,4401,246,245,154000.0,626.02,100.0
Outpatient,V1043,422,393,153800.0,364.45,70.0
Outpatient,78905,548,543,153430.0,279.98,200.0
Outpatient,1830,433,406,152140.0,351.36,70.0
Outpatient,5929,225,225,151510.0,673.38,200.0
Outpatient,78904,580,574,151450.0,261.12,100.0
Outpatient,5941,231,231,151390.0,655.37,200.0
Outpatient,73300,795,781,150970.0,189.9,60.0
Outpatient,7880,241,239,148410.0,615.81,200.0
Outpatient,73309,791,776,147630.0,186.64,50.0
Outpatient,5571,231,229,145850.0,631.39,90.0
Outpatient,5589,415,411,145350.0,350.24,300.0
Outpatient,4919,697,689,137860.0,197.79,90.0
Outpatient,5570,203,201,137500.0,677.34,100.0
Outpatient,55841,415,412,136930.0,329.95,300.0
Outpatient,36600,151,151,136680.0,905.17,1000.0
Outpatient,4404,203,203,135680.0,668.37,100.0
Outpatient,73302,767,756,134120.0,174.86,50.0
Outpatient,5940,247,245,133710.0,541.34,100.0
Outpatient,5948,224,224,133420.0,595.63,200.0
Outpatient,4928,708,695,132590.0,187.27,90.0
Outpatient,V1301,236,235,129050.0,546.82,200.0
Outpatient,4400,236,235,126400.0,535.59,90.0
Outpatient,5920,254,252,125970.0,495.94,90.0
Outpatient,44020,232,231,125410.0,540.56,90.0
Outpatient,55842,374,374,124440.0,332.73,200.0
Outpatient,44021,243,242,124350.0,511.73,80.0
Outpatient,44029,248,246,124120.0,500.48,90.0
Outpatient,490,605,600,123990.0,204.94,90.0
Outpatient,36615,156,156,123820.0,793.72,1000.0
Outpatient,49121,713,702,123570.0,173.31,90.0
Outpatient,44023,230,230,122870.0,534.22,90.0
Outpatient,4439,216,215,122380.0,566.57,90.0
Outpatient,49120,657,651,121470.0,184.89,80.0
Outpatient,4910,662,656,121060.0,182.87,90.0
Outpatient,36609,150,150,119820.0,798.8,1000.0
Outpatient,78701,440,437,119540.0,271.68,200.0
Outpatient,7224,426,422,119330.0,280.12,100.0
Outpatient,3669,142,142,119070.0,838.52,1000.0
Outpatient,4940,693,684,118830.0,171.47,80.0
Outpatient,496,642,635,118650.0,184.81,90.0
Outpatient,36617,138,138,118550.0,859.06,1000.0
Outpatient,4911,685,671,118390.0,172.83,80.0
Outpatient,78704,404,403,117950.0,291.96,200.0
Outpatient,4941,635,625,117790.0,185.5,90.0
Outpatient,4409,220,219,117740.0,535.18,90.0
Outpatient,36611,137,137,117440.0,857.23,1000.0
Outpatient,36619,155,154,117220.0,756.26,1000.0
Outpatient,36618,133,133,116800.0,878.2,1000.0
Outpatient,36631,132,132,115940.0,878.33,1000.0
Outpatient,4912,676,661,115050.0,170.19,90.0
Outpatient,4918,689,681,114950.0,166.84,80.0
Outpatient,7226,407,404,114800.0,282.06,100.0
Outpatient,49122,670,659,114460.0,170.84,90.0
Outpatient,36602,145,145,114240.0,787.86,1000.0
Outpatient,4402,222,222,113900.0,513.06,90.0
Outpatient,36651,142,142,113890.0,802.04,1000.0
Outpatient,36613,138,137,113810.0,824.71,1000.0
Outpatient,36616,134,134,112410.0,838.88,1000.0
Outpatient,7870,414,413,111880.0,270.24,200.0
Outpatient,36620,134,134,111820.0,834.48,1000.0
Outpatient,36643,135,135,111240.0,824.0,1000.0
Outpatient,36604,136,134,110870.0,815.22,1000.0
Outpatient,494,603,594,110710.0,183.6,80.0
Outpatient,36642,131,130,110420.0,842.9,1000.0
Outpatient,4920,663,655,110060.0,166.0,80.0
Outpatient,71481,266,263,109990.0,413.5,70.0
Outpatient,36646,133,133,109850.0,825.94,1000.0
Outpatient,4353,226,223,109830.0,485.97,200.0
Outpatient,78702,402,399,108920.0,270.95,200.0
Outpatient,36621,146,145,108890.0,745.82,1000.0
Outpatient,7248,439,437,108630.0,247.45,100.0
Outpatient,36623,131,129,108530.0,828.47,1000.0
Outpatient,36641,137,137,108320.0,790.66,1000.0
Outpatient,78703,414,413,108160.0,261.26,200.0
Outpatient,36645,136,135,107800.0,792.65,1000.0
Outpatient,42840,536,528,107540.0,200.63,60.0
Outpatient,36644,130,130,107390.0,826.08,1000.0
Outpatient,72081,425,424,106910.0,251.55,100.0
Outpatient,5579,194,191,106410.0,548.51,90.0
Outpatient,72470,440,434,106350.0,241.7,100.0
Outpatient,7246,421,414,106150.0,252.14,100.0
Outpatient,72291,447,445,105840.0,236.78,100.0
Outpatient,72232,429,424,105340.0,245.55,100.0
Outpatient,7242,442,439,105300.0,238.24,100.0
Outpatient,72141,421,418,104740.0,248.79,100.0
Outpatient,7232,406,404,104270.0,256.82,100.0
Outpatient,36630,131,130,103940.0,793.44,1000.0
Outpatient,36653,139,139,103670.0,745.83,1000.0
Outpatient,36650,134,134,103650.0,773.51,1000.0
Outpatient,7236,468,465,103580.0,221.32,100.0
Outpatient,7237,416,413,102930.0,247.43,100.0
Outpatient,7216,429,426,102630.0,239.23,100.0
Outpatient,7209,433,430,102280.0,236.21,100.0
Outpatient,7230,426,425,102150.0,239.79,100.0
Outpatient,7213,440,439,102060.0,231.95,100.0
Outpatient,7244,415,412,102030.0,245.86,100.0
Outpatient,36610,134,134,101820.0,759.85,1000.0
Outpatient,36633,132,132,101740.0,770.76,1000.0
Outpatient,42842,483,478,101610.0,210.37,60.0
Outpatient,72282,433,432,101360.0,234.09,100.0
Outpatient,7867,459,458,100900.0,219.83,100.0
Outpatient,4280,465,459,100580.0,216.3,60.0
Outpatient,72273,393,391,100110.0,254.73,100.0
Outpatient,7235,388,386,99820.0,257.27,100.0
Outpatient,36603,130,128,99490.0,765.31,1000.0
Outpatient,56212,248,248,99420.0,400.89,400.0
Outpatient,V1260,447,444,99240.0,222.01,100.0
Outpatient,72252,436,433,99210.0,227.55,100.0
Outpatient,42823,513,504,99050.0,193.08,60.0
Outpatient,72293,408,405,98970.0,242.57,100.0
Outpatient,7144,241,237,98900.0,410.37,70.0
Outpatient,72290,419,419,98620.0,235.37,100.0
Outpatient,7215,406,405,98600.0,242.86,100.0
Outpatient,V1269,472,471,98480.0,208.64,100.0
Outpatient,72089,418,416,98380.0,235.36,200.0
Outpatient,72283,407,404,98260.0,241.43,100.0
Outpatient,72251,409,406,98130.0,239.93,100.0
Outpatient,7202,430,429,98130.0,228.21,100.0
Outpatient,72142,428,423,98120.0,229.25,100.0
Outpatient,72281,409,406,97930.0,239.44,100.0
Outpatient,7245,412,409,97910.0,237.65,100.0
Outpatient,7218,377,377,97890.0,259.66,100.0
Outpatient,36612,123,123,97860.0,795.61,1000.0
Outpatient,72239,425,424,97420.0,229.22,100.0
Outpatient,72292,430,426,97280.0,226.23,100.0
Outpatient,7211,412,412,96940.0,235.29,100.0
Outpatient,7238,375,369,96940.0,258.51,100.0
Outpatient,7222,431,427,96750.0,224.48,100.0
Outpatient,7149,265,262,96730.0,365.02,60.0
Outpatient,72272,436,434,96500.0,221.33,100.0
Outpatient,7233,427,421,96200.0,225.29,100.0
Outpatient,5131,442,442,96120.0,217.47,100.0
Outpatient,7212,421,420,96070.0,228.19,100.0
Outpatient,7231,408,407,95820.0,234.85,100.0
Outpatient,78652,470,467,95540.0,203.28,100.0
Outpatient,72471,429,426,95270.0,222.07,100.0
Outpatient,72270,391,390,95240.0,243.58,100.0
Outpatient,7241,428,428,95130.0,222.27,100.0
Outpatient,7234,412,410,94900.0,230.34,100.0
Outpatient,7243,407,407,94780.0,232.87,100.0
Outpatient,72231,425,423,94640.0,222.68,100.0
Outpatient,36622,120,120,94570.0,788.08,1000.0
Outpatient,78607,431,430,94360.0,218.93,100.0
Outpatient,42830,491,486,94240.0,191.93,60.0
Outpatient,72401,393,390,94190.0,239.67,100.0
Outpatient,56201,235,234,93750.0,398.94,400.0
Outpatient,42843,463,455,93560.0,202.07,60.0
Outpatient,36601,108,107,93090.0,861.94,1000.0
Outpatient,56203,243,242,93060.0,382.96,400.0
Outpatient,36634,123,122,92990.0,756.02,1000.0
Outpatient,4264,113,113,92780.0,821.06,30.0
Outpatient,7220,424,419,92500.0,218.16,100.0
Outpatient,7239,377,376,92390.0,245.07,100.0
Outpatient,72211,382,380,92280.0,241.57,100.0
Outpatient,46611,752,741,92090.0,122.46,70.0
Outpatient,5183,453,449,91970.0,203.02,100.0
Outpatient,72280,403,401,91910.0,228.06,100.0
Outpatient,56210,241,241,91820.0,381.0,400.0
Outpatient,7217,400,397,91760.0,229.4,100.0
Outpatient,4359,227,224,91650.0,403.74,200.0
Outpatient,2841,457,451,91600.0,200.44,60.0
Outpatient,7140,249,244,90990.0,365.42,60.0
Outpatient,7142,248,247,90920.0,366.61,60.0
Outpatient,42832,461,454,90660.0,196.66,60.0
Outpatient,46619,718,713,90460.0,125.99,80.0
Outpatient,72230,385,382,90400.0,234.81,100.0
Outpatient,72479,391,391,90080.0,230.38,100.0
Outpatient,56200,223,223,89780.0,402.6,400.0
Outpatient,3668,122,122,89380.0,732.62,1000.0
Outpatient,71433,260,257,89340.0,343.62,60.0
Outpatient,5194,425,425,89280.0,210.07,100.0
Outpatient,78609,436,435,89070.0,204.29,100.0
Outpatient,V431,111,111,88890.0,800.81,1000.0
Outpatient,72191,397,394,88460.0,222.82,100.0
Outpatient,4661,676,669,88410.0,130.78,80.0
Outpatient,2822,439,437,88400.0,201.37,60.0
Outpatient,72400,391,388,88160.0,225.47,100.0
Outpatient,72210,416,413,88070.0,211.71,100.0
Outpatient,V126,444,443,87710.0,197.55,95.0
Outpatient,4660,740,730,87400.0,118.11,80.0
Outpatient,5199,423,423,87310.0,206.41,100.0
Outpatient,56202,250,250,87230.0,348.92,400.0
Outpatient,2810,435,432,87180.0,200.41,60.0
Outpatient,44022,191,191,87180.0,456.44,90.0
Outpatient,5163,453,448,86840.0,191.7,100.0
Outpatient,2820,427,425,86740.0,203.14,70.0
Outpatient,72409,401,399,86260.0,215.11,100.0
Outpatient,7201,404,403,86230.0,213.44,100.0
Outpatient,36632,111,111,85900.0,773.87,1000.0
Outpatient,28481,435,430,85840.0,197.33,60.0
Outpatient,56213,230,230,85510.0,371.78,400.0
Outpatient,42820,481,474,85480.0,177.71,60.0
Outpatient,72190,386,386,85090.0,220.44,100.0
Outpatient,36614,112,112,84910.0,758.13,1000.0
Outpatient,4351,238,237,84550.0,355.25,150.0
Outpatient,78600,470,469,84220.0,179.19,90.0
Outpatient,5178,420,418,83820.0,199.57,100.0
Outpatient,78602,448,447,83590.0,186.58,85.0
Outpatient,7862,427,426,83520.0,195.6,100.0
Outpatient,2842,433,433,83510.0,192.86,60.0
Outpatient,42841,472,465,83430.0,176.76,60.0
Outpatient,7249,417,415,83420.0,200.05,100.0
Outpatient,4289,477,474,83380.0,174.8,60.0
Outpatient,2849,447,444,83370.0,186.51,60.0
Outpatient,4358,206,205,83110.0,403.45,200.0
Outpatient,42831,472,466,83080.0,176.02,60.0
Outpatient,V1261,430,429,83070.0,193.19,90.0
Outpatient,78601,403,403,83030.0,206.03,100.0
Outpatient,2809,441,432,82970.0,188.14,60.0
Outpatient,2829,447,443,82810.0,185.26,60.0
Outpatient,7868,447,441,82750.0,185.12,100.0
Outpatient,71489,249,249,82620.0,331.81,60.0
Outpatient,2818,410,406,82570.0,201.39,70.0
Outpatient,1887,120,120,82340.0,686.17,400.0
Outpatient,4352,229,227,82240.0,359.13,200.0
Outpatient,4350,227,224,82070.0,361.54,200.0
Outpatient,36652,121,121,82010.0,677.77,1000.0
Outpatient,4281,480,473,81500.0,169.79,60.0
Outpatient,2848,458,452,81480.0,177.9,60.0
Outpatient,7942,419,416,81460.0,194.42,100.0
Outpatient,2831,420,416,81450.0,193.93,60.0
Outpatient,28401,458,456,81260.0,177.42,60.0
Outpatient,2811,473,467,81190.0,171.65,60.0
Outpatient,7210,374,372,80920.0,216.36,100.0
Outpatient,78604,433,430,80090.0,184.97,100.0
Outpatient,2858,421,417,79860.0,189.69,60.0
Outpatient,7931,446,444,79810.0,178.95,80.0
Outpatient,7825,430,427,79650.0,185.23,100.0
Outpatient,1888,127,127,79620.0,626.93,300.0
Outpatient,7864,405,402,79480.0,196.25,80.0
Outpatient,72271,374,373,79390.0,212.27,100.0
Outpatient,5169,412,410,79150.0,192.11,90.0
Outpatient,71430,240,232,79100.0,329.58,60.0
Outpatient,514,393,389,79080.0,201.22,100.0
Outpatient,2812,437,432,78920.0,180.59,60.0
Outpatient,5162,417,414,78740.0,188.82,80.0
Outpatient,5161,397,396,78720.0,198.29,100.0
Outpatient,5198,431,431,78660.0,182.51,100.0
Outpatient,78060,391,386,78400.0,200.51,80.0
Outpatient,51889,426,425,78380.0,183.99,90.0
Outpatient,2801,421,418,78300.0,185.99,60.0
Outpatient,42821,482,479,78150.0,162.14,60.0
Outpatient,5160,435,434,78150.0,179.66,90.0
Outpatient,78603,401,398,78080.0,194.71,100.0
Outpatient,72402,387,387,77960.0,201.45,100.0
Outpatient,2850,422,416,77780.0,184.31,60.0
Outpatient,28311,442,438,77650.0,175.68,60.0
Outpatient,5184,434,432,77640.0,178.89,90.0
Outpatient,56211,213,213,77570.0,364.18,400.0
Outpatient,2814,456,452,77530.0,170.02,60.0
Outpatient,4262,84,84,77510.0,922.74,30.0
Outpatient,V426,416,412,76990.0,185.07,100.0
Outpatient,2808,448,444,76950.0,171.76,60.0
Outpatient,2830,409,408,76670.0,187.46,60.0
Outpatient,515,419,418,76520.0,182.63,90.0
Outpatient,2839,420,419,76440.0,182.0,60.0
Outpatient,28529,423,419,76270.0,180.31,50.0
Outpatient,7866,405,404,76190.0,188.12,100.0
Outpatient,78606,401,399,76090.0,189.75,100.0
Outpatient,7141,228,223,76030.0,333.46,60.0
Outpatient,28409,435,429,76000.0,174.71,60.0
Outpatient,2859,445,441,75990.0,170.76,60.0
Outpatient,4408,220,219,75810.0,344.59,70.0
Outpatient,78605,380,379,75710.0,199.24,100.0
Outpatient,5172,388,386,75490.0,194.56,100.0
Outpatient,42833,494,486,75270.0,152.37,60.0
Outpatient,42682,103,103,75200.0,730.1,30.0
Outpatient,2824,436,432,75130.0,172.32,60.0
Outpatient,39891,471,462,74320.0,157.79,60.0
Outpatient,7863,409,405,73960.0,180.83,90.0
Outpatient,7869,391,389,73810.0,188.77,100.0
Outpatient,2823,429,426,73200.0,170.63,70.0
Outpatient,28522,437,433,72970.0,166.98,60.0
Outpatient,2832,416,411,72960.0,175.38,70.0
Outpatient,2827,400,399,72530.0,181.33,70.0
Outpatient,42822,440,436,72460.0,164.68,60.0
Outpatient,99609,52,52,71990.0,1384.42,1100.0
Outpatient,2800,448,445,71950.0,160.6,60.0
Outpatient,5951,511,508,71750.0,140.41,40.0
Outpatient,2337,109,109,71740.0,658.17,300.0
Outpatient,59800,537,535,70860.0,131.96,40.0
Outpatient,2764,365,364,70720.0,193.75,30.0
Outpatient,2840,417,413,70410.0,168.85,60.0
Outpatient,2828,420,417,70380.0,167.57,60.0
Outpatient,59789,570,563,70370.0,123.46,40.0
Outpatient,5168,387,385,70160.0,181.29,90.0
Outpatient,2813,439,434,70030.0,159.52,60.0
Outpatient,4275,131,131,69640.0,531.6,500.0
Outpatient,5959,496,495,69630.0,140.38,40.0
Outpatient,28489,416,414,69570.0,167.24,60.0
Outpatient,5952,531,529,69170.0,130.26,40.0
Outpatient,4269,83,83,69160.0,833.25,30.0
Outpatient,59001,532,529,69010.0,129.72,40.0
Outpatient,42741,140,138,68250.0,487.5,400.0
Outpatient,78061,327,326,68170.0,208.47,70.0
Outpatient,55012,61,61,68020.0,1115.08,800.0
Outpatient,2819,460,460,67840.0,147.48,50.0
Outpatient,V5339,76,76,67410.0,886.97,30.0
Outpatient,20382,164,159,67310.0,410.43,100.0
Outpatient,28310,429,427,67300.0,156.88,60.0
Outpatient,59080,512,506,67070.0,131.0,40.0
Outpatient,2821,428,424,67010.0,156.57,60.0
Outpatient,1884,114,114,66890.0,586.75,200.0
Outpatient,59581,510,506,66840.0,131.06,40.0
Outpatient,71431,235,234,66670.0,283.7,50.0
Outpatient,5954,490,487,66410.0,135.53,40.0
Outpatient,V450,91,90,65920.0,724.4,30.0
Outpatient,59589,489,487,65880.0,134.72,40.0
Outpatient,2030,157,153,65780.0,418.98,100.0
Outpatient,71432,209,208,65010.0,311.05,50.0
Outpatient,5990,534,529,64970.0,121.67,40.0
Outpatient,28319,413,411,64950.0,157.26,60.0
Outpatient,1882,112,110,64850.0,579.02,200.0
Outpatient,28521,396,393,64380.0,162.58,60.0
Outpatient,1881,116,116,63940.0,551.21,200.0
Outpatient,5950,516,512,63900.0,123.84,40.0
Outpatient,V4500,95,95,63870.0,672.32,30.0
Outpatient,1880,129,129,63820.0,494.73,100.0
Outpatient,2766,326,326,63550.0,194.94,40.0
Outpatient,42650,98,98,63360.0,646.53,30.0
Outpatient,V533,86,85,63160.0,734.42,30.0
Outpatient,7806,333,331,62480.0,187.63,70.0
Outpatient,28249,437,436,61980.0,141.83,50.0
Outpatient,2768,348,347,61800.0,177.59,30.0
Outpatient,5970,543,542,61640.0,113.52,40.0
Outpatient,V5331,97,96,61590.0,634.95,30.0
Outpatient,27651,360,360,61270.0,170.19,40.0
Outpatient,42610,86,86,60970.0,708.95,30.0
Outpatient,V1051,103,102,60930.0,591.55,300.0
Outpatient,2761,355,352,60930.0,171.63,30.0
Outpatient,57511,54,54,60610.0,1122.41,1200.0
Outpatient,59582,530,523,59720.0,112.68,40.0
Outpatient,59011,501,495,59660.0,119.08,40.0
Outpatient,2769,383,381,59320.0,154.88,20.0
Outpatient,42613,91,91,59320.0,651.87,30.0
Outpatient,5902,529,529,59160.0,111.83,40.0
Outpatient,59781,489,485,58890.0,120.43,40.0
Outpatient,59780,558,554,58840.0,105.45,40.0
Outpatient,1885,124,123,58840.0,474.52,100.0
Outpatient,42611,100,100,58780.0,587.8,30.0
Outpatient,29654,158,156,58670.0,371.33,95.0
Outpatient,1572,113,109,58400.0,516.81,100.0
Outpatient,53085,189,189,58380.0,308.89,100.0
Outpatient,99691,46,46,58370.0,1268.91,750.0
Outpatient,5909,502,500,58340.0,116.22,40.0
Outpatient,60000,171,171,58240.0,340.58,60.0
Outpatient,1590,116,114,58140.0,501.21,100.0
Outpatient,03284,494,494,57880.0,117.17,40.0
Outpatient,2763,374,373,57210.0,152.97,30.0
Outpatient,5763,48,48,56940.0,1186.25,900.0
Outpatient,1883,105,105,56860.0,541.52,200.0
Outpatient,5903,538,535,56750.0,105.48,40.0
Outpatient,41402,35,35,56720.0,1620.57,1900.0
Outpatient,6009,157,157,56630.0,360.7,60.0
Outpatient,4260,85,85,56520.0,664.94,30.0
Outpatient,2767,372,371,56520.0,151.94,30.0
Outpatient,59081,478,476,56490.0,118.18,40.0
Outpatient,2765,336,334,56360.0,167.74,30.0
Outpatient,1886,117,117,56320.0,481.37,200.0
Outpatient,5533,50,50,56040.0,1120.8,1000.0
Outpatient,59010,504,499,55910.0,110.93,40.0
Outpatient,60020,141,140,55590.0,394.26,50.0
Outpatient,55010,59,58,55570.0,941.86,700.0
Outpatient,59801,499,494,55520.0,111.26,40.0
Outpatient,5305,171,170,55320.0,323.51,100.0
Outpatient,2038,157,151,55310.0,352.29,100.0
Outpatient,55301,43,43,55100.0,1281.4,1400.0
Outpatient,4331,140,140,55070.0,393.36,100.0
Outpatient,71517,194,194,55020.0,283.61,100.0
Outpatient,42742,121,121,54990.0,454.46,400.0
Outpatient,55003,54,54,54880.0,1016.3,400.0
Outpatient,59000,473,467,54870.0,116.0,40.0
Outpatient,20300,146,144,54790.0,375.27,100.0
Outpatient,99655,38,38,54620.0,1437.37,1150.0
Outpatient,4267,95,95,54450.0,573.16,30.0
Outpatient,57400,41,41,54140.0,1320.49,1200.0
Outpatient,5847,225,222,53820.0,239.2,70.0
Outpatient,27650,297,294,53730.0,180.91,30.0
Outpatient,2762,360,357,53680.0,149.11,30.0
Outpatient,7200,240,237,53480.0,222.83,40.0
Outpatient,4332,168,167,53460.0,318.21,100.0
Outpatient,55102,57,57,53420.0,937.19,400.0
Outpatient,99931,56,56,53220.0,950.36,350.0
Outpatient,27953,50,49,53020.0,1060.4,300.0
Outpatient,99601,40,40,52950.0,1323.75,800.0
Outpatient,1570,76,75,52930.0,696.45,100.0
Outpatient,4263,94,94,52630.0,559.89,30.0
Outpatient,6003,140,140,52350.0,373.93,65.0
Outpatient,5518,52,52,52290.0,1005.58,450.0
Outpatient,1820,105,103,52200.0,497.14,90.0
Outpatient,55001,48,48,52180.0,1087.08,650.0
Outpatient,71598,199,199,52140.0,262.01,100.0
Outpatient,6001,152,152,52120.0,342.89,50.0
Outpatient,71534,188,187,52060.0,276.91,95.0
Outpatient,42654,101,101,52000.0,514.85,30.0
Outpatient,55201,52,52,51990.0,999.81,650.0
Outpatient,5768,50,50,51850.0,1037.0,350.0
Outpatient,42689,94,93,51760.0,550.64,30.0
Outpatient,1889,115,112,51690.0,449.48,80.0
Outpatient,99685,43,43,51640.0,1200.93,600.0
Outpatient,29636,133,132,51550.0,387.59,100.0
Outpatient,71592,199,198,51250.0,257.54,100.0
Outpatient,53013,168,168,51210.0,304.82,100.0
Outpatient,20910,104,101,51210.0,492.4,100.0
Outpatient,55320,49,49,51170.0,1044.29,800.0
Outpatient,60021,149,148,51080.0,342.82,60.0
Outpatient,V4502,81,80,51030.0,630.0,30.0
Outpatient,53089,172,172,50990.0,296.45,150.0
Outpatient,73316,26,26,50960.0,1960.0,2250.0
Outpatient,57471,44,43,50950.0,1157.95,1200.0
Outpatient,5845,194,192,50920.0,262.47,70.0
Outpatient,5302,172,172,50910.0,295.99,100.0
Outpatient,29020,155,154,50860.0,328.13,100.0
Outpatient,71511,207,207,50790.0,245.36,100.0
Outpatient,60010,146,146,50640.0,346.85,60.0
Outpatient,6000,161,161,50570.0,314.1,60.0
Outpatient,5306,163,163,50530.0,310.0,100.0
Outpatient,4349,114,114,50420.0,442.28,100.0
Outpatient,99632,41,41,50350.0,1228.05,600.0
Outpatient,V5332,91,91,50320.0,552.97,30.0
Outpatient,5300,176,176,50190.0,285.17,100.0
Outpatient,57481,50,50,50150.0,1003.0,700.0
Outpatient,2760,350,350,50140.0,143.26,30.0
Outpatient,20380,153,149,50070.0,327.25,100.0
Outpatient,99681,49,48,50010.0,1020.61,300.0
Outpatient,99652,34,34,50010.0,1470.88,1350.0
Outpatient,99642,45,44,49980.0,1110.67,700.0
Outpatient,5529,52,52,49960.0,960.77,600.0
Outpatient,71521,200,198,49940.0,249.7,80.0
Outpatient,53081,165,165,49770.0,301.64,100.0
Outpatient,43321,130,125,49660.0,382.0,95.0
Outpatient,7359,33,33,49300.0,1493.94,1600.0
Outpatient,53021,174,173,49220.0,282.87,90.0
Outpatient,71532,199,199,49200.0,247.24,80.0
Outpatient,71525,206,206,49110.0,238.4,100.0
Outpatient,9962,41,41,49070.0,1196.83,800.0
Outpatient,V5390,689,680,49030.0,71.16,20.0
Outpatient,9966,39,39,49030.0,1257.18,900.0
Outpatient,4548,154,152,48790.0,316.82,90.0
Outpatient,71593,200,199,48760.0,243.8,90.0
Outpatient,71524,180,179,48650.0,270.28,80.0
Outpatient,99630,40,40,48650.0,1216.25,200.0
Outpatient,5953,496,492,48610.0,98.0,40.0
Outpatient,V5877,658,649,48530.0,73.75,20.0
Outpatient,41405,41,41,48500.0,1182.93,500.0
Outpatient,27652,360,358,48470.0,134.64,25.0
Outpatient,20301,157,156,48450.0,308.6,90.0
Outpatient,70709,179,177,48430.0,270.56,100.0
Outpatient,41407,38,38,48400.0,1273.68,1000.0
Outpatient,38635,145,144,48380.0,333.66,200.0
Outpatient,71537,211,210,48340.0,229.1,100.0
Outpatient,V584,676,666,48330.0,71.49,20.0
Outpatient,99674,44,43,48290.0,1097.5,400.0
Outpatient,44031,41,41,48290.0,1177.8,400.0
Outpatient,42652,97,97,48270.0,497.63,30.0
Outpatient,20914,105,104,48260.0,459.62,70.0
Outpatient,53084,175,175,48260.0,275.77,100.0
Outpatient,53083,161,161,48250.0,299.69,100.0
Outpatient,2332,112,104,48210.0,430.45,70.0
Outpatient,7933,43,43,48140.0,1119.53,700.0
Outpatient,V4965,121,121,47930.0,396.12,90.0
Outpatient,5521,43,43,47920.0,1114.42,700.0
Outpatient,71536,204,203,47920.0,234.9,90.0
Outpatient,71512,188,187,47820.0,254.36,100.0
Outpatient,1571,96,94,47780.0,497.71,200.0
Outpatient,55093,42,42,47680.0,1135.24,450.0
Outpatient,60090,145,144,47600.0,328.28,70.0
Outpatient,V589,675,667,47480.0,70.34,20.0
Outpatient,60091,139,139,47440.0,341.29,70.0
Outpatient,99689,50,50,47390.0,947.8,200.0
Outpatient,5762,44,44,47270.0,1074.32,450.0
Outpatient,20916,115,115,47150.0,410.0,90.0
Outpatient,99682,41,41,47140.0,1149.76,400.0
Outpatient,179,97,93,47020.0,484.74,60.0
Outpatient,29610,147,145,46990.0,319.66,90.0
Outpatient,9964,51,50,46930.0,920.2,400.0
Outpatient,600,129,129,46840.0,363.1,70.0
Outpatient,4541,165,160,46680.0,282.91,90.0
Outpatient,70722,183,182,46620.0,254.75,90.0
Outpatient,5309,149,149,46550.0,312.42,200.0
Outpatient,71594,193,193,46350.0,240.16,100.0
Outpatient,71522,196,196,46130.0,235.36,80.0
Outpatient,5301,164,164,46100.0,281.1,100.0
Outpatient,V5864,661,650,46010.0,69.61,20.0
Outpatient,5070,112,112,46010.0,410.8,200.0
Outpatient,99663,42,41,45970.0,1094.52,450.0
Outpatient,5539,46,46,45920.0,998.26,500.0
Outpatient,V4501,98,98,45910.0,468.47,30.0
Outpatient,797,152,152,45900.0,301.97,80.0
Outpatient,4266,81,81,45900.0,566.67,30.0
Outpatient,V6709,664,655,45880.0,69.1,20.0
Outpatient,53019,145,145,45870.0,316.34,200.0
Outpatient,20302,140,136,45840.0,327.43,100.0
Outpatient,99683,48,48,45820.0,954.58,350.0
Outpatient,55000,51,50,45780.0,897.65,500.0
Outpatient,V5843,702,692,45630.0,65.0,20.0
Outpatient,44030,34,34,45610.0,1341.47,900.0
Outpatient,99600,35,35,45520.0,1300.57,1200.0
Outpatient,5304,163,163,45500.0,279.14,100.0
Outpatient,55100,49,49,45500.0,928.57,500.0
Outpatient,7286,119,119,45470.0,382.1,100.0
Outpatient,60011,149,149,45410.0,304.77,50.0
Outpatient,99677,40,40,45330.0,1133.25,550.0
Outpatient,78001,82,82,45280.0,552.2,400.0
Outpatient,4561,163,163,45260.0,277.67,100.0
Outpatient,72769,111,111,45160.0,406.85,100.0
Outpatient,56960,31,31,45100.0,1454.84,1600.0
Outpatient,V5876,662,655,45030.0,68.02,20.0
Outpatient,29603,143,142,45020.0,314.83,100.0
Outpatient,71596,191,191,45000.0,235.6,90.0
Outpatient,71590,204,204,44990.0,220.54,90.0
Outpatient,5760,40,40,44930.0,1123.25,350.0
Outpatient,72885,121,121,44920.0,371.24,100.0
Outpatient,5303,158,158,44850.0,283.86,100.0
Outpatient,V134,197,197,44770.0,227.26,90.0
Outpatient,29604,147,145,44700.0,304.08,100.0
Outpatient,55091,54,54,44610.0,826.11,400.0
Outpatient,29624,133,132,44590.0,335.26,90.0
Outpatient,71533,188,188,44570.0,237.07,100.0
Outpatient,29652,143,143,44560.0,311.61,90.0
Outpatient,56961,37,37,44480.0,1202.16,500.0
Outpatient,71597,179,179,44390.0,247.99,90.0
Outpatient,99668,35,35,44290.0,1265.43,900.0
Outpatient,5751,41,41,44260.0,1079.51,800.0
Outpatient,V5871,635,629,44250.0,69.69,20.0
Outpatient,57480,41,41,44240.0,1079.02,700.0
Outpatient,99679,42,42,44240.0,1053.33,300.0
Outpatient,V510,666,658,44210.0,66.38,30.0
Outpatient,5755,51,51,44190.0,866.47,200.0
Outpatient,99639,41,41,44170.0,1077.32,600.0
Outpatient,V679,660,654,44130.0,66.86,20.0
Outpatient,55200,41,41,44120.0,1076.1,1100.0
Outpatient,20381,147,145,44080.0,299.86,80.0
Outpatient,57491,47,47,44070.0,937.66,400.0
Outpatient,70721,207,207,44020.0,212.66,100.0
Outpatient,V5874,697,686,43930.0,63.03,20.0
Outpatient,29630,137,137,43880.0,320.29,100.0
Outpatient,70712,194,191,43790.0,225.72,90.0
Outpatient,71509,187,187,43790.0,234.17,90.0
Outpatient,49311,186,185,43760.0,235.27,100.0
Outpatient,V6700,674,671,43690.0,64.82,20.0
Outpatient,5511,52,52,43650.0,839.42,400.0
Outpatient,V5875,696,689,43510.0,62.51,20.0
Outpatient,42612,97,96,43480.0,448.25,30.0
Outpatient,V666,704,696,43460.0,61.73,20.0
Outpatient,29013,150,148,43440.0,289.6,100.0
Outpatient,4549,155,148,43360.0,279.74,90.0
Outpatient,71514,192,192,43280.0,225.42,90.0
Outpatient,V5489,694,684,43260.0,62.33,20.0
Outpatient,33119,151,150,43260.0,286.49,80.0
Outpatient,55203,50,50,43250.0,865.0,350.0
Outpatient,V1053,145,138,43210.0,298.0,70.0
Outpatient,2308,74,73,43200.0,583.78,150.0
Outpatient,V5841,695,688,43190.0,62.14,20.0
Outpatient,55229,53,53,43120.0,813.58,200.0
Outpatient,V4509,94,94,43100.0,458.51,30.0
Outpatient,V5844,658,650,43090.0,65.49,20.0
Outpatient,57451,45,45,43060.0,956.89,400.0
Outpatient,70702,186,184,43000.0,231.18,100.0
Outpatient,56969,35,34,42990.0,1228.29,1200.0
Outpatient,57461,38,38,42970.0,1130.79,500.0
Outpatient,V5830,653,645,42950.0,65.77,20.0
Outpatient,V5883,686,677,42920.0,62.57,20.0
Outpatient,V583,671,660,42910.0,63.95,20.0
Outpatient,99684,30,30,42860.0,1428.67,1400.0
Outpatient,5846,201,201,42860.0,213.23,50.0
Outpatient,V495,143,143,42820.0,299.44,80.0
Outpatient,70713,165,164,42810.0,259.45,100.0
Outpatient,43381,120,120,42740.0,356.17,100.0
Outpatient,4540,159,156,42730.0,268.74,90.0
Outpatient,6101,200,200,42730.0,213.65,75.0
Outpatient,71528,179,179,42700.0,238.55,90.0
Outpatient,5566,43,43,42690.0,992.79,300.0
Outpatient,V1352,43,43,42690.0,992.79,300.0
Outpatient,60001,116,116,42680.0,367.93,60.0
Outpatient,55303,36,36,42670.0,1185.28,1100.0
Outpatient,V4975,107,107,42660.0,398.69,100.0
Outpatient,71531,191,191,42640.0,223.25,100.0
Outpatient,99640,31,31,42620.0,1374.84,1200.0
Outpatient,57430,45,45,42610.0,946.89,400.0
Outpatient,49300,185,183,42550.0,230.0,90.0
Outpatient,V549,675,666,42550.0,63.04,20.0
Outpatient,55129,53,53,42520.0,802.26,300.0
Outpatient,7856,101,101,42480.0,420.59,100.0
Outpatient,V1005,110,108,42450.0,385.91,85.0
Outpatient,79415,70,70,42420.0,606.0,300.0
Outpatient,5764,48,48,42420.0,883.75,400.0
Outpatient,V5873,686,678,42370.0,61.76,20.0
Outpatient,53010,156,154,42360.0,271.54,100.0
Outpatient,99602,31,31,42320.0,1365.16,600.0
Outpatient,71516,194,194,42300.0,218.04,80.0
Outpatient,6109,211,210,42180.0,199.91,90.0
Outpatient,29600,141,141,42170.0,299.08,100.0
Outpatient,70701,185,181,42120.0,227.68,100.0
Outpatient,5758,46,46,42120.0,915.65,200.0
Outpatient,4341,118,117,42120.0,356.95,100.0
Outpatient,V558,687,674,42120.0,61.31,20.0
Outpatient,311,136,135,42100.0,309.56,80.0
Outpatient,V5842,660,656,42100.0,63.79,20.0
Outpatient,43390,132,132,42080.0,318.79,100.0
Outpatient,V6701,715,704,42060.0,58.83,20.0
Outpatient,430,125,124,42050.0,336.4,90.0
Outpatient,38643,135,135,41960.0,310.81,200.0
Outpatient,9967,37,37,41890.0,1132.16,400.0
Outpatient,53012,139,139,41880.0,301.29,100.0
Outpatient,43491,129,127,41850.0,324.42,90.0
Outpatient,55202,54,54,41810.0,774.26,300.0
Outpatient,V559,688,673,41740.0,60.67,20.0
Outpatient,70710,197,197,41740.0,211.88,100.0
Outpatient,71510,202,201,41740.0,206.63,100.0
Outpatient,V7644,377,376,41740.0,110.72,80.0
Outpatient,70700,176,176,41730.0,237.1,100.0
Outpatient,V5481,658,653,41700.0,63.37,20.0
Outpatient,72782,124,124,41690.0,336.21,90.0
Outpatient,55120,50,50,41660.0,833.2,250.0
Outpatient,2322,85,85,41640.0,489.88,100.0
Outpatient,43320,182,181,41620.0,228.68,100.0
Outpatient,V537,119,119,41620.0,349.75,100.0
Outpatient,20913,130,127,41590.0,319.92,60.0
Outpatient,29410,142,139,41560.0,292.68,90.0
Outpatient,59371,112,111,41560.0,371.07,60.0
Outpatient,72704,135,135,41550.0,307.78,100.0
Outpatient,9961,44,44,41550.0,944.32,200.0
Outpatient,43400,131,131,41540.0,317.1,90.0
Outpatient,45621,146,145,41530.0,284.45,100.0
Outpatient,6115,220,218,41530.0,188.77,80.0
Outpatient,71515,163,163,41520.0,254.72,90.0
Outpatient,V5831,671,666,41470.0,61.8,20.0
Outpatient,20915,98,96,41470.0,423.16,85.0
Outpatient,1578,90,89,41330.0,459.22,80.0
Outpatient,99631,39,39,41320.0,1059.49,500.0
Outpatient,99687,42,42,41310.0,983.57,250.0
Outpatient,29605,128,124,41300.0,322.66,100.0
Outpatient,V5832,682,669,41250.0,60.48,20.0
Outpatient,1530,97,97,41130.0,424.02,70.0
Outpatient,V1042,118,113,41130.0,348.56,60.0
Outpatient,72690,112,112,41130.0,367.23,100.0
Outpatient,5513,46,46,41110.0,893.7,400.0
Outpatient,71520,190,188,41080.0,216.21,100.0
Outpatient,7271,37,37,41030.0,1108.92,1400.0
Outpatient,4321,119,119,41020.0,344.71,90.0
Outpatient,V5866,615,607,40990.0,66.65,20.0
Outpatient,7079,192,190,40990.0,213.49,100.0
Outpatient,38612,118,118,40960.0,347.12,200.0
Outpatient,57420,44,44,40960.0,930.91,350.0
Outpatient,V812,367,365,40880.0,111.39,80.0
Outpatient,5770,119,118,40880.0,343.53,200.0
Outpatient,7804,140,140,40870.0,291.93,200.0
Outpatient,42681,93,92,40860.0,439.35,30.0
Outpatient,1828,96,95,40830.0,425.31,70.0
Outpatient,43300,144,144,40640.0,282.22,100.0
Outpatient,V5399,636,632,40600.0,63.84,20.0
Outpatient,V5881,673,663,40600.0,60.33,20.0
Outpatient,29620,126,126,40590.0,322.14,90.0
Outpatient,70719,177,177,40590.0,229.32,100.0
Outpatient,29616,145,143,40510.0,279.38,90.0
Outpatient,72665,98,98,40510.0,413.37,100.0
Outpatient,53570,95,95,40500.0,426.32,400.0
Outpatient,49301,178,178,40490.0,227.47,95.0
Outpatient,71589,172,172,40480.0,235.35,90.0
Outpatient,5769,43,43,40480.0,941.4,200.0
Outpatient,5754,48,48,40470.0,843.13,200.0
Outpatient,V518,682,676,40440.0,59.3,20.0
Outpatient,29622,120,118,40430.0,336.92,90.0
Outpatient,29631,127,125,40420.0,318.27,90.0
Outpatient,29626,130,130,40400.0,310.77,80.0
Outpatient,99690,36,36,40370.0,1121.39,550.0
Outpatient,4243,136,136,40350.0,296.69,90.0
Outpatient,53011,159,159,40310.0,253.52,100.0
Outpatient,7800,99,99,40250.0,406.57,300.0
Outpatient,71591,191,191,40230.0,210.63,80.0
Outpatient,V6759,639,633,40220.0,62.94,20.0
Outpatient,38634,142,142,40220.0,283.24,200.0
Outpatient,49320,151,150,40220.0,266.36,100.0
Outpatient,55011,48,48,40180.0,837.08,200.0
Outpatient,1534,119,116,40150.0,337.39,70.0
Outpatient,27949,29,29,40140.0,1384.14,1600.0
Outpatient,99675,37,37,40050.0,1082.43,200.0
Outpatient,V1052,141,138,40040.0,283.97,80.0
Outpatient,29383,145,144,39920.0,275.31,80.0
Outpatient,29644,152,151,39890.0,262.43,90.0
Outpatient,V5872,649,642,39880.0,61.45,20.0
Outpatient,V539,658,654,39850.0,60.56,20.0
Outpatient,6121,229,229,39790.0,173.76,90.0
Outpatient,72886,126,125,39780.0,315.71,100.0
Outpatient,29643,132,131,39730.0,300.98,90.0
Outpatient,29612,125,124,39650.0,317.2,100.0
Outpatient,99657,39,39,39650.0,1016.67,300.0
Outpatient,2303,103,102,39630.0,384.76,90.0
Outpatient,79672,76,74,39610.0,521.18,100.0
Outpatient,79381,234,234,39570.0,169.1,80.0
Outpatient,1532,106,105,39540.0,373.02,80.0
Outpatient,99670,36,36,39540.0,1098.33,400.0
Outpatient,V823,355,353,39430.0,111.07,80.0
Outpatient,29633,143,143,39420.0,275.66,90.0
Outpatient,7070,159,159,39360.0,247.55,100.0
Outpatient,53560,85,85,39350.0,462.94,500.0
Outpatient,29699,139,137,39340.0,283.02,100.0
Outpatient,71530,192,190,39290.0,204.64,90.0
Outpatient,99694,34,34,39290.0,1155.59,400.0
Outpatient,20932,70,69,39200.0,560.0,100.0
Outpatient,43391,119,118,39190.0,329.33,90.0
Outpatient,38601,138,138,39180.0,283.91,200.0
Outpatient,29663,147,145,39170.0,266.46,100.0
Outpatient,4241,120,120,39160.0,326.33,90.0
Outpatient,43330,164,163,39150.0,238.72,100.0
Outpatient,72610,113,113,39150.0,346.46,100.0
Outpatient,5351,85,85,39080.0,459.76,400.0
Outpatient,V781,377,375,39050.0,103.58,80.0
Outpatient,V490,114,114,39030.0,342.37,100.0
Outpatient,71523,220,218,39010.0,177.32,90.0
Outpatient,29690,143,143,38980.0,272.59,80.0
Outpatient,99693,37,37,38970.0,1053.24,400.0
Outpatient,1535,101,101,38920.0,385.35,70.0
Outpatient,55221,48,48,38910.0,810.63,200.0
Outpatient,29656,132,130,38910.0,294.77,90.0
Outpatient,1539,93,91,38900.0,418.28,80.0
Outpatient,6113,208,206,38890.0,186.97,80.0
Outpatient,72887,116,116,38850.0,334.91,90.0
Outpatient,99603,38,38,38850.0,1022.37,350.0
Outpatient,78009,82,82,38840.0,473.66,400.0
Outpatient,5756,48,48,38810.0,808.54,300.0
Outpatient,V5351,128,128,38770.0,302.89,100.0
Outpatient,29621,147,146,38730.0,263.47,80.0
Outpatient,V548,655,647,38730.0,59.13,20.0
Outpatient,V5863,652,642,38710.0,59.37,20.0
Outpatient,71518,186,186,38700.0,208.06,90.0
Outpatient,71595,180,180,38660.0,214.78,95.0
Outpatient,V780,363,361,38640.0,106.45,80.0
Outpatient,V4961,132,132,38640.0,292.73,100.0
Outpatient,V828,361,358,38610.0,106.95,80.0
Outpatient,57410,39,39,38600.0,989.74,500.0
Outpatient,5753,40,40,38590.0,964.75,450.0
Outpatient,72611,133,133,38550.0,289.85,90.0
Outpatient,V5869,667,656,38490.0,57.71,20.0
Outpatient,1890,149,148,38490.0,258.32,70.0
Outpatient,99699,36,36,38470.0,1068.61,300.0
Outpatient,V8281,376,375,38470.0,102.31,70.0
Outpatient,99659,40,40,38450.0,961.25,350.0
Outpatient,29662,138,137,38440.0,278.55,90.0
Outpatient,V676,676,664,38400.0,56.8,20.0
Outpatient,7853,125,124,38400.0,307.2,90.0
Outpatient,72740,119,118,38370.0,322.44,100.0
Outpatient,V5867,695,685,38360.0,55.19,20.0
Outpatient,7285,104,104,38360.0,368.85,90.0
Outpatient,57431,38,38,38350.0,1009.21,300.0
Outpatient,29653,130,128,38310.0,294.69,95.0
Outpatient,5772,114,114,38300.0,335.96,200.0
Outpatient,29650,128,127,38280.0,299.06,85.0
Outpatient,7295,117,117,38260.0,327.01,100.0
Outpatient,V4366,118,118,38210.0,323.81,100.0
Outpatient,53020,155,154,38210.0,246.52,80.0
Outpatient,1579,75,75,38190.0,509.2,200.0
Outpatient,V7619,376,374,38190.0,101.57,80.0
Outpatient,27951,39,39,38040.0,975.38,400.0
Outpatient,3481,83,82,38010.0,457.95,400.0
Outpatient,7296,116,116,38010.0,327.67,100.0
Outpatient,V660,617,604,38000.0,61.59,20.0
Outpatient,V760,340,339,37970.0,111.68,80.0
Outpatient,29651,144,143,37970.0,263.68,80.0
Outpatient,70703,171,171,37960.0,221.99,100.0
Outpatient,V5889,650,633,37900.0,58.31,20.0
Outpatient,55121,41,41,37900.0,924.39,500.0
Outpatient,29645,139,138,37900.0,272.66,90.0
Outpatient,55302,50,50,37890.0,757.8,150.0
Outpatient,57470,37,37,37850.0,1022.97,800.0
Outpatient,57401,42,41,37840.0,900.95,300.0
Outpatient,V783,381,380,37790.0,99.19,80.0
Outpatient,V51,656,651,37760.0,57.56,20.0
Outpatient,20924,113,111,37760.0,334.16,80.0
Outpatient,72781,122,122,37690.0,308.93,100.0
Outpatient,29623,147,144,37640.0,256.05,90.0
Outpatient,7268,129,129,37620.0,291.63,100.0
Outpatient,V282,369,366,37600.0,101.9,80.0
Outpatient,3100,131,131,37590.0,286.95,90.0
Outpatient,29646,141,140,37590.0,266.6,90.0
Outpatient,55321,60,60,37570.0,626.17,450.0
Outpatient,99678,33,33,37570.0,1138.48,400.0
Outpatient,99645,49,49,37570.0,766.73,200.0
Outpatient,72612,120,120,37560.0,313.0,100.0
Outpatient,2321,64,64,37560.0,586.88,75.0
Outpatient,72631,118,118,37560.0,318.31,100.0
Outpatient,V6751,657,648,37530.0,57.12,20.0
Outpatient,71513,210,209,37530.0,178.71,90.0
Outpatient,2949,142,142,37510.0,264.15,80.0
Outpatient,43310,155,155,37500.0,241.94,90.0
Outpatient,29613,144,143,37490.0,260.35,100.0
Outpatient,70711,167,167,37480.0,224.43,100.0
Outpatient,71504,190,190,37470.0,197.21,80.0
Outpatient,71535,187,186,37460.0,200.32,90.0
Outpatient,38600,130,130,37440.0,288.0,100.0
Outpatient,V4972,107,107,37440.0,349.91,100.0
Outpatient,29601,133,133,37420.0,281.35,90.0
Outpatient,38611,132,132,37410.0,283.41,100.0
Outpatient,57441,34,34,37400.0,1100.0,700.0
Outpatient,3968,130,129,37370.0,287.46,200.0
Outpatient,72670,104,104,37350.0,359.13,100.0
Outpatient,V7181,361,361,37340.0,103.43,80.0
Outpatient,57510,36,36,37320.0,1036.67,550.0
Outpatient,7819,111,111,37310.0,336.13,100.0
Outpatient,29040,142,140,37300.0,262.68,90.0
Outpatient,V7189,354,351,37230.0,105.17,80.0
Outpatient,5778,114,113,37140.0,325.79,200.0
Outpatient,70723,180,179,37130.0,206.28,100.0
Outpatient,79670,58,57,37120.0,640.0,100.0
Outpatient,99664,32,32,37110.0,1159.69,650.0
Outpatient,70707,182,182,37090.0,203.79,100.0
Outpatient,72691,113,113,37080.0,328.14,100.0
Outpatient,70706,184,182,37070.0,201.47,90.0
Outpatient,2892,105,105,37070.0,353.05,100.0
Outpatient,431,104,103,37020.0,355.96,75.0
Outpatient,V1087,84,84,37010.0,440.6,100.0
Outpatient,29682,152,149,36980.0,243.29,80.0
Outpatient,V588,646,635,36980.0,57.24,20.0
Outpatient,5779,90,90,36950.0,410.56,200.0
Outpatient,70724,192,191,36950.0,192.45,100.0
Outpatient,53521,91,91,36930.0,405.82,400.0
Outpatient,4333,156,156,36920.0,236.67,90.0
Outpatient,4329,111,109,36910.0,332.52,90.0
Outpatient,71538,185,185,36900.0,199.46,100.0
Outpatient,79678,360,358,36880.0,102.44,70.0
Outpatient,57490,42,42,36840.0,877.14,400.0
Outpatient,5771,112,112,36830.0,328.84,200.0
Outpatient,1821,96,91,36820.0,383.54,55.0
Outpatient,V492,114,114,36770.0,322.54,90.0
Outpatient,V763,372,371,36720.0,98.71,80.0
Outpatient,41403,49,48,36710.0,749.18,200.0
Outpatient,57411,36,36,36700.0,1019.44,350.0
Outpatient,V2889,380,380,36680.0,96.53,80.0
Outpatient,57421,36,36,36680.0,1018.89,500.0
Outpatient,3862,132,132,36660.0,277.73,200.0
Outpatient,V4365,113,113,36590.0,323.81,100.0
Outpatient,V5849,661,651,36590.0,55.36,20.0
Outpatient,72765,121,121,36550.0,302.07,100.0
Outpatient,78199,125,125,36550.0,292.4,100.0
Outpatient,72663,119,119,36550.0,307.14,100.0
Outpatient,29666,131,131,36520.0,278.78,90.0
Outpatient,38656,125,125,36520.0,292.16,200.0
Outpatient,29640,153,153,36490.0,238.5,90.0
Outpatient,71500,174,174,36460.0,209.54,90.0
Outpatient,V670,622,612,36440.0,58.59,20.0
Outpatient,V7651,348,346,36380.0,104.54,80.0
Outpatient,V4369,113,113,36320.0,321.42,90.0
Outpatient,6102,222,222,36290.0,163.47,70.0
Outpatient,99692,46,46,36290.0,788.91,150.0
Outpatient,99680,40,40,36290.0,907.25,150.0
Outpatient,6002,144,144,36280.0,251.94,60.0
Outpatient,5523,40,40,36240.0,906.0,550.0
Outpatient,2909,132,131,36220.0,274.39,80.0
Outpatient,V667,636,632,36110.0,56.78,20.0
Outpatient,49310,163,163,36110.0,221.53,90.0
Outpatient,4338,145,145,36110.0,249.03,90.0
Outpatient,1891,128,128,36100.0,282.03,100.0
Outpatient,V285,355,354,36070.0,101.61,80.0
Outpatient,V280,392,390,35970.0,91.76,80.0
Outpatient,49322,166,166,35970.0,216.69,80.0
Outpatient,20972,43,43,35960.0,836.28,600.0
Outpatient,5350,95,95,35930.0,378.21,400.0
Outpatient,V768,348,348,35920.0,103.22,80.0
Outpatient,5308,143,143,35900.0,251.05,90.0
Outpatient,6111,207,207,35880.0,173.33,80.0
Outpatient,3959,126,125,35880.0,284.76,85.0
Outpatient,53501,80,79,35840.0,448.0,400.0
Outpatient,29655,148,146,35830.0,242.09,80.0
Outpatient,725,112,112,35800.0,319.64,80.0
Outpatient,72931,133,133,35770.0,268.95,100.0
Outpatient,7291,130,130,35770.0,275.15,100.0
Outpatient,38603,133,133,35730.0,268.65,100.0
Outpatient,V800,347,346,35700.0,102.88,80.0
Outpatient,4330,162,162,35680.0,220.25,90.0
Outpatient,V7799,355,353,35670.0,100.48,80.0
Outpatient,99669,46,46,35670.0,775.43,150.0
Outpatient,V826,357,354,35660.0,99.89,80.0
Outpatient,34662,124,123,35640.0,287.42,90.0
Outpatient,43411,117,116,35640.0,304.62,80.0
Outpatient,99673,43,43,35590.0,827.67,200.0
Outpatient,71526,172,172,35580.0,206.86,100.0
Outpatient,V822,377,373,35570.0,94.35,70.0
Outpatient,7294,129,129,35530.0,275.43,90.0
Outpatient,V7611,347,345,35510.0,102.33,80.0
Outpatient,38653,135,135,35480.0,262.81,100.0
Outpatient,29689,137,136,35450.0,258.76,100.0
Outpatient,55220,39,39,35440.0,908.72,400.0
Outpatient,5849,212,211,35440.0,167.17,50.0
Outpatient,72632,109,109,35420.0,324.95,100.0
Outpatient,78192,129,129,35420.0,274.57,100.0
Outpatient,29632,148,148,35380.0,239.05,80.0
Outpatient,V820,360,357,35360.0,98.22,80.0
Outpatient,V7643,358,358,35340.0,98.72,70.0
Outpatient,7282,127,127,35330.0,278.19,90.0
Outpatient,72992,106,106,35330.0,333.3,85.0
Outpatient,2893,80,80,35310.0,441.38,200.0
Outpatient,1574,76,74,35290.0,464.34,150.0
Outpatient,99666,41,41,35210.0,858.78,200.0
Outpatient,3971,137,136,35210.0,257.01,90.0
Outpatient,7071,186,185,35200.0,189.25,90.0
Outpatient,25802,95,95,35200.0,370.53,80.0
Outpatient,1533,92,91,35170.0,382.28,90.0
Outpatient,29642,139,138,35140.0,252.81,80.0
Outpatient,29665,150,150,35080.0,233.87,80.0
Outpatient,34660,104,104,35080.0,337.31,90.0
Outpatient,5569,50,50,35070.0,701.4,90.0
Outpatient,29661,117,116,35070.0,299.74,90.0
Outpatient,72767,129,128,35020.0,271.47,100.0
Outpatient,2930,136,135,35000.0,257.35,90.0
Outpatient,72639,99,99,34990.0,353.43,100.0
Outpatient,V7610,356,356,34990.0,98.29,80.0
Outpatient,25803,77,75,34990.0,454.42,100.0
Outpatient,29635,149,148,34980.0,234.77,80.0
Outpatient,7264,127,126,34970.0,275.35,90.0
Outpatient,43380,143,143,34960.0,244.48,90.0
Outpatient,49321,154,154,34950.0,226.95,90.0
Outpatient,V7281,328,326,34950.0,106.55,50.0
Outpatient,73395,25,25,34930.0,1397.2,500.0
Outpatient,V814,329,328,34920.0,106.14,80.0
Outpatient,V5861,689,680,34920.0,50.68,20.0
Outpatient,42653,92,91,34910.0,379.46,30.0
Outpatient,72709,130,130,34900.0,268.46,90.0
Outpatient,V5878,707,699,34880.0,49.34,20.0
Outpatient,38602,137,137,34860.0,254.45,200.0
Outpatient,43490,103,102,34860.0,338.45,90.0
Outpatient,99653,36,36,34850.0,968.06,400.0
Outpatient,5354,78,78,34820.0,446.41,400.0
Outpatient,V283,365,362,34820.0,95.4,80.0
Outpatient,72819,130,130,34790.0,267.62,95.0
Outpatient,29010,122,122,34740.0,284.75,70.0
Outpatient,29614,131,131,34730.0,265.11,90.0
Outpatient,72811,110,110,34680.0,315.27,100.0
Outpatient,43331,114,114,34680.0,304.21,100.0
Outpatient,1977,29,29,34660.0,1195.17,600.0
Outpatient,V289,342,340,34660.0,101.35,80.0
Outpatient,61172,194,194,34630.0,178.51,80.0
Outpatient,29625,135,133,34600.0,256.3,90.0
Outpatient,V810,356,356,34590.0,97.16,80.0
Outpatient,55103,43,43,34580.0,804.19,200.0
Outpatient,586,178,176,34550.0,194.1,60.0
Outpatient,99696,32,31,34540.0,1079.38,650.0
Outpatient,41404,33,32,34530.0,1046.36,300.0
Outpatient,25041,163,162,34520.0,211.78,80.0
Outpatient,70720,170,168,34500.0,202.94,100.0
Outpatient,38642,123,123,34500.0,280.49,200.0
Outpatient,V7689,347,343,34490.0,99.39,70.0
Outpatient,5562,43,42,34480.0,801.86,90.0
Outpatient,V491,113,113,34440.0,304.78,90.0
Outpatient,53571,76,76,34430.0,453.03,400.0
Outpatient,V284,345,344,34420.0,99.77,80.0
Outpatient,29042,146,145,34370.0,235.41,70.0
Outpatient,2325,83,83,34340.0,413.73,100.0
Outpatient,99654,34,34,34330.0,1009.71,300.0
Outpatient,5531,40,40,34330.0,858.25,300.0
Outpatient,55300,46,46,34300.0,745.65,250.0
Outpatient,72630,96,95,34240.0,356.67,90.0
Outpatient,6110,182,182,34200.0,187.91,70.0
Outpatient,3960,112,112,34180.0,305.18,55.0
Outpatient,V665,667,662,34170.0,51.23,20.0
Outpatient,25022,169,169,34150.0,202.07,70.0
Outpatient,V5865,691,684,34150.0,49.42,20.0
Outpatient,V288,362,361,34130.0,94.28,80.0
Outpatient,24910,163,163,34130.0,209.39,80.0
Outpatient,99641,31,31,34120.0,1100.65,200.0
Outpatient,V8009,328,327,34110.0,103.99,70.0
Outpatient,V813,337,336,34100.0,101.19,80.0
Outpatient,61183,192,192,34100.0,177.6,80.0
Outpatient,55101,40,40,34050.0,851.25,300.0
Outpatient,38630,126,126,34040.0,270.16,100.0
Outpatient,6120,197,197,34040.0,172.79,70.0
Outpatient,49382,154,153,34000.0,220.78,90.0
Outpatient,38641,138,138,33980.0,246.23,100.0
Outpatient,V772,356,354,33980.0,95.45,80.0
Outpatient,38640,128,128,33970.0,265.39,100.0
Outpatient,4339,132,132,33970.0,257.35,95.0
Outpatient,V7641,377,374,33960.0,90.08,70.0
Outpatient,V7645,356,356,33950.0,95.37,80.0
Outpatient,72672,116,116,33940.0,292.59,85.0
Outpatient,V8271,367,367,33910.0,92.4,70.0
Outpatient,34663,111,111,33910.0,305.5,90.0
Outpatient,3969,134,134,33870.0,252.76,80.0
Outpatient,1736,66,66,33870.0,513.18,150.0
Outpatient,72766,135,135,33820.0,250.52,90.0
Outpatient,55013,52,52,33810.0,650.19,100.0
Outpatient,2908,142,141,33810.0,238.1,90.0
Outpatient,5765,31,31,33800.0,1090.32,600.0
Outpatient,V669,659,653,33800.0,51.29,20.0
Outpatient,V4966,116,116,33790.0,291.29,90.0
Outpatient,72764,132,132,33780.0,255.91,100.0
Outpatient,7355,50,50,33780.0,675.6,150.0
Outpatient,72939,120,120,33770.0,281.42,95.0
Outpatient,V815,351,349,33730.0,96.1,80.0
Outpatient,38655,138,137,33720.0,244.35,200.0
Outpatient,V821,364,361,33720.0,92.64,70.0
Outpatient,2326,75,75,33720.0,449.6,70.0
Outpatient,72888,116,116,33700.0,290.52,90.0
Outpatient,7260,126,126,33680.0,267.3,90.0
Outpatient,V775,344,343,33670.0,97.88,80.0
Outpatient,V299,344,342,33670.0,97.88,50.0
Outpatient,29681,126,125,33650.0,267.06,85.0
Outpatient,V774,364,363,33630.0,92.39,80.0
Outpatient,V7231,353,350,33630.0,95.27,50.0
Outpatient,7289,109,109,33620.0,308.44,100.0
Outpatient,72741,119,118,33610.0,282.44,100.0
Outpatient,55002,46,46,33610.0,730.65,200.0
Outpatient,40411,72,71,33590.0,466.53,70.0
Outpatient,38604,101,101,33590.0,332.57,100.0
Outpatient,7078,166,165,33580.0,202.29,100.0
Outpatient,29641,129,129,33570.0,260.23,100.0
Outpatient,6114,193,193,33540.0,173.78,80.0
Outpatient,6118,182,179,33520.0,184.18,80.0
Outpatient,V801,359,358,33470.0,93.23,80.0
Outpatient,V771,337,335,33470.0,99.32,80.0
Outpatient,32735,46,46,33470.0,727.61,400.0
Outpatient,V829,355,354,33460.0,94.25,80.0
Outpatient,99646,35,35,33440.0,955.43,200.0
Outpatient,61189,181,180,33430.0,184.7,70.0
Outpatient,2940,143,142,33430.0,233.78,80.0
Outpatient,29660,131,130,33410.0,255.04,90.0
Outpatient,V7241,362,359,33390.0,92.24,70.0
Outpatient,V779,330,330,33370.0,101.12,80.0
Outpatient,55092,45,45,33370.0,741.56,300.0
Outpatient,49312,158,157,33360.0,211.14,90.0
Outpatient,49392,182,182,33350.0,183.24,85.0
Outpatient,70705,163,163,33340.0,204.54,100.0
Outpatient,73310,27,27,33320.0,1234.07,500.0
Outpatient,V776,362,360,33300.0,91.99,70.0
Outpatient,7938,228,228,33290.0,146.01,75.0
Outpatient,1738,81,81,33270.0,410.74,70.0
Outpatient,99672,32,32,33270.0,1039.69,300.0
Outpatient,V4976,117,117,33260.0,284.27,100.0
Outpatient,8439,70,70,33250.0,475.0,200.0
Outpatient,25070,152,151,33250.0,218.75,80.0
Outpatient,V7646,348,345,33210.0,95.43,70.0
Outpatient,V8289,349,348,33190.0,95.1,80.0
Outpatient,29664,120,119,33180.0,276.5,80.0
Outpatient,5794,96,96,33140.0,345.21,200.0
Outpatient,V7652,337,337,33120.0,98.28,80.0
Outpatient,1732,75,74,33100.0,441.33,100.0
Outpatient,42651,84,84,33080.0,393.81,30.0
Outpatient,V7791,361,358,33040.0,91.52,70.0
Outpatient,38610,129,129,33010.0,255.89,200.0
Outpatient,V789,352,351,32980.0,93.69,80.0
Outpatient,49391,152,151,32970.0,216.91,90.0
Outpatient,3310,134,133,32960.0,245.97,80.0
Outpatient,3004,132,130,32930.0,249.47,80.0
Outpatient,V761,357,354,32910.0,92.18,80.0
Outpatient,V5862,649,644,32890.0,50.68,20.0
Outpatient,3312,108,108,32820.0,303.89,90.0
Outpatient,V769,351,350,32820.0,93.5,70.0
Outpatient,3963,105,105,32770.0,312.1,80.0
Outpatient,4551,73,73,32770.0,448.9,300.0
Outpatient,V778,352,350,32730.0,92.98,80.0
Outpatient,V7650,340,337,32720.0,96.24,70.0
Outpatient,1573,67,67,32690.0,487.91,100.0
Outpatient,5528,48,48,32670.0,680.63,200.0
Outpatient,61171,201,201,32670.0,162.54,70.0
Outpatient,V2882,353,353,32640.0,92.46,70.0
Outpatient,72633,108,108,32620.0,302.04,100.0
Outpatient,V803,341,340,32620.0,95.66,80.0
Outpatient,20974,41,41,32600.0,795.12,400.0
Outpatient,1550,73,72,32540.0,445.75,100.0
Outpatient,V4977,118,118,32530.0,275.68,100.0
Outpatient,20973,36,36,32490.0,902.5,500.0
Outpatient,1548,62,62,32440.0,523.23,100.0
Outpatient,99676,39,39,32410.0,831.03,100.0
Outpatient,53520,83,83,32390.0,390.24,400.0
Outpatient,53500,92,92,32390.0,352.07,400.0
Outpatient,38619,117,117,32380.0,276.75,200.0
Outpatient,5601,48,48,32360.0,674.17,550.0
Outpatient,V4964,105,104,32320.0,307.81,90.0
Outpatient,5551,38,38,32310.0,850.26,250.0
Outpatient,V7642,348,348,32310.0,92.84,70.0
Outpatient,72701,116,116,32300.0,278.45,90.0
Outpatient,27905,27,27,32290.0,1195.93,1000.0
Outpatient,V4962,102,102,32290.0,316.57,100.0
Outpatient,99695,39,39,32280.0,827.69,300.0
Outpatient,V726,331,331,32270.0,97.49,50.0
Outpatient,V436,116,116,32240.0,277.93,90.0
Outpatient,V8279,357,356,32200.0,90.2,80.0
Outpatient,1536,91,90,32180.0,353.63,60.0
Outpatient,5891,119,119,32160.0,270.25,70.0
Outpatient,38651,121,121,32150.0,265.7,200.0
Outpatient,53510,76,76,32100.0,422.37,400.0
Outpatient,2967,131,131,32080.0,244.89,100.0
Outpatient,57450,38,38,32060.0,843.68,200.0
Outpatient,7854,56,54,32050.0,572.32,100.0
Outpatient,V4364,113,113,31980.0,283.01,100.0
Outpatient,71580,190,190,31970.0,168.26,85.0
Outpatient,2891,101,101,31960.0,316.44,100.0
Outpatient,73672,23,23,31950.0,1389.13,1500.0
Outpatient,29021,142,141,31940.0,224.93,80.0
Outpatient,5355,91,91,31900.0,350.55,400.0
Outpatient,73671,40,40,31900.0,797.5,95.0
Outpatient,3578,64,64,31890.0,498.28,200.0
Outpatient,5561,58,58,31850.0,549.14,90.0
Outpatient,V777,358,357,31850.0,88.97,70.0
Outpatient,49381,150,149,31730.0,211.53,90.0
Outpatient,1986,43,43,31700.0,737.21,200.0
Outpatient,2324,79,79,31690.0,401.14,80.0
Outpatient,V8001,341,341,31680.0,92.9,80.0
Outpatient,V427,131,130,31670.0,241.76,80.0
Outpatient,29615,140,138,31660.0,226.14,80.0
Outpatient,72760,95,94,31630.0,332.95,100.0
Outpatient,3108,135,135,31600.0,234.07,80.0
Outpatient,78194,114,114,31580.0,277.02,90.0
Outpatient,V770,346,345,31560.0,91.21,70.0
Outpatient,2320,87,87,31560.0,362.76,80.0
Outpatient,6103,195,195,31550.0,161.79,70.0
Outpatient,38650,114,114,31490.0,276.23,200.0
Outpatient,72884,112,112,31490.0,281.16,95.0
Outpatient,V482,110,110,31480.0,286.18,100.0
Outpatient,V1351,25,25,31440.0,1257.6,600.0
Outpatient,5752,36,36,31440.0,873.33,250.0
Outpatient,40491,92,92,31420.0,341.52,80.0
Outpatient,72783,102,102,31420.0,308.04,100.0
Outpatient,1537,95,95,31390.0,330.42,70.0
Outpatient,56081,55,55,31390.0,570.73,400.0
Outpatient,43889,56,55,31340.0,559.64,300.0
Outpatient,72751,123,123,31270.0,254.23,90.0
Outpatient,V2881,361,358,31250.0,86.57,70.0
Outpatient,V281,336,336,31230.0,92.95,70.0
Outpatient,43301,106,106,31220.0,294.53,100.0
Outpatient,4340,117,116,31190.0,266.58,60.0
Outpatient,V433,109,109,31190.0,286.15,100.0
Outpatient,29611,136,136,31170.0,229.19,90.0
Outpatient,27950,30,30,31160.0,1038.67,300.0
Outpatient,V708,342,341,31100.0,90.94,50.0
Outpatient,V7647,347,346,31080.0,89.57,80.0
Outpatient,78003,82,82,31080.0,379.02,300.0
Outpatient,V298,352,350,31070.0,88.27,50.0
Outpatient,38654,129,129,31060.0,240.78,200.0
Outpatient,7292,109,109,31060.0,284.95,100.0
Outpatient,3109,135,132,31040.0,229.93,90.0
Outpatient,V718,351,347,31030.0,88.4,50.0
Outpatient,V773,345,344,31030.0,89.94,80.0
Outpatient,436,125,125,31010.0,248.08,80.0
Outpatient,40412,87,87,31010.0,356.44,100.0
Outpatient,7299,109,109,31010.0,284.5,100.0
Outpatient,8480,79,79,31000.0,392.41,100.0
Outpatient,V415,61,61,31000.0,508.2,200.0
Outpatient,99661,37,37,30990.0,837.57,200.0
Outpatient,6108,221,221,30970.0,140.14,70.0
Outpatient,7934,113,113,30910.0,273.54,100.0
Outpatient,78191,95,95,30910.0,325.37,100.0
Outpatient,72789,109,109,30900.0,283.49,100.0
Outpatient,43401,116,116,30900.0,266.38,90.0
Outpatient,V293,340,339,30890.0,90.85,50.0
Outpatient,57512,45,45,30850.0,685.56,100.0
Outpatient,7284,109,109,30850.0,283.03,90.0
Outpatient,55329,35,35,30840.0,881.14,300.0
Outpatient,24231,275,273,30820.0,112.07,60.0
Outpatient,7353,34,34,30820.0,906.47,500.0
Outpatient,3102,129,126,30760.0,238.45,80.0
Outpatient,V7283,349,348,30740.0,88.08,50.0
Outpatient,V5350,108,107,30730.0,284.54,100.0
Outpatient,43311,111,110,30730.0,276.85,100.0
Outpatient,61181,196,195,30710.0,156.68,80.0
Outpatient,V1006,64,64,30710.0,479.84,85.0
Outpatient,5718,159,159,30700.0,193.08,80.0
Outpatient,V811,286,285,30680.0,107.27,80.0
Outpatient,38632,114,114,30670.0,269.04,200.0
Outpatient,5750,41,41,30650.0,747.56,200.0
Outpatient,72881,125,125,30640.0,245.12,100.0
Outpatient,72768,108,108,30630.0,283.61,100.0
Outpatient,72706,99,99,30620.0,309.29,100.0
Outpatient,V7681,354,353,30610.0,86.47,70.0
Outpatient,1983,35,35,30600.0,874.29,600.0
Outpatient,7874,120,120,30590.0,254.92,100.0
Outpatient,V7612,319,318,30580.0,95.86,80.0
Outpatient,34881,61,61,30570.0,501.15,200.0
Outpatient,72742,115,115,30520.0,265.39,100.0
Outpatient,29011,128,127,30510.0,238.36,100.0
Outpatient,V6809,354,354,30500.0,86.16,50.0
Outpatient,25042,180,180,30500.0,169.44,70.0
Outpatient,72763,119,119,30490.0,256.22,90.0
Outpatient,5761,40,40,30480.0,762.0,350.0
Outpatient,99649,27,27,30440.0,1127.41,400.0
Outpatient,32752,116,114,30410.0,262.16,90.0
Outpatient,5352,85,85,30360.0,357.18,300.0
Outpatient,71527,181,181,30360.0,167.73,90.0
Outpatient,72750,115,114,30350.0,263.91,100.0
Outpatient,33111,143,140,30330.0,212.1,80.0
Outpatient,7283,121,121,30300.0,250.41,90.0
Outpatient,53551,79,79,30290.0,383.42,400.0
Outpatient,7913,141,141,30290.0,214.82,50.0
Outpatient,55090,38,38,30270.0,796.58,250.0
Outpatient,7358,40,40,30230.0,755.75,100.0
Outpatient,V437,99,99,30220.0,305.25,100.0
Outpatient,V7260,312,310,30210.0,96.83,60.0
Outpatient,99686,35,35,30190.0,862.57,90.0
Outpatient,4489,72,72,30180.0,419.17,95.0
Outpatient,8409,90,90,30180.0,335.33,100.0
Outpatient,5356,70,70,30140.0,430.57,500.0
Outpatient,4542,142,139,30130.0,212.18,80.0
Outpatient,72673,109,109,30130.0,276.42,100.0
Outpatient,25013,170,170,30110.0,177.12,80.0
Outpatient,29043,122,122,30110.0,246.8,80.0
Outpatient,72660,114,114,30060.0,263.68,90.0
Outpatient,53561,70,70,30010.0,428.71,400.0
Outpatient,38648,129,129,30010.0,232.64,100.0
Outpatient,6201,78,78,29980.0,384.36,90.0
Outpatient,6112,192,191,29960.0,156.04,80.0
Outpatient,2323,78,78,29950.0,383.97,60.0
Outpatient,72989,114,114,29940.0,262.63,90.0
Outpatient,72759,115,115,29940.0,260.35,100.0
Outpatient,5552,45,45,29930.0,665.11,100.0
Outpatient,3942,99,97,29930.0,302.32,100.0
Outpatient,5519,33,33,29930.0,906.97,400.0
Outpatient,72990,103,103,29920.0,290.49,100.0
Outpatient,40310,74,74,29880.0,403.78,75.0
Outpatient,70714,169,168,29840.0,176.57,90.0
Outpatient,6116,185,185,29830.0,161.24,80.0
Outpatient,72972,122,122,29830.0,244.51,85.0
Outpatient,79518,331,331,29820.0,90.09,70.0
Outpatient,72999,107,107,29820.0,278.69,100.0
Outpatient,V7649,323,323,29790.0,92.23,70.0
Outpatient,2448,241,241,29790.0,123.61,60.0
Outpatient,24220,235,235,29790.0,126.77,60.0
Outpatient,29606,123,121,29770.0,242.03,90.0
Outpatient,5715,128,128,29730.0,232.27,80.0
Outpatient,25639,139,138,29700.0,213.67,70.0
Outpatient,V802,327,326,29690.0,90.8,80.0
Outpatient,72813,108,108,29660.0,274.63,100.0
Outpatient,V4362,99,99,29640.0,299.39,100.0
Outpatient,29012,129,129,29630.0,229.69,80.0
Outpatient,59381,107,107,29630.0,276.92,70.0
Outpatient,72661,109,109,29610.0,271.65,100.0
Outpatient,99671,41,41,29610.0,722.2,100.0
Outpatient,43882,57,57,29600.0,519.3,300.0
Outpatient,29602,121,121,29550.0,244.21,80.0
Outpatient,38631,124,124,29490.0,237.82,200.0
Outpatient,72812,124,124,29470.0,237.66,90.0
Outpatient,73675,36,36,29450.0,818.06,100.0
Outpatient,38658,125,125,29430.0,235.44,200.0
Outpatient,72662,106,106,29430.0,277.64,85.0
Outpatient,25062,170,170,29420.0,173.06,80.0
Outpatient,20911,102,101,29410.0,288.33,70.0
Outpatient,99643,31,31,29390.0,948.06,200.0
Outpatient,3970,115,115,29390.0,255.57,60.0
Outpatient,56731,122,122,29370.0,240.74,90.0
Outpatient,1969,42,42,29340.0,698.57,100.0
Outpatient,1734,69,69,29340.0,425.22,100.0
Outpatient,7352,31,31,29310.0,945.48,100.0
Outpatient,71655,77,77,29300.0,380.52,100.0
Outpatient,73676,31,31,29290.0,944.84,500.0
Outpatient,V6801,331,329,29290.0,88.49,60.0
Outpatient,6200,83,83,29280.0,352.77,100.0
Outpatient,V4973,116,116,29240.0,252.07,90.0
Outpatient,27900,27,27,29220.0,1082.22,1000.0
Outpatient,347,69,69,29210.0,423.33,100.0
Outpatient,V816,309,309,29210.0,94.53,80.0
Outpatient,3951,134,134,29200.0,217.91,85.0
Outpatient,3940,103,103,29200.0,283.5,80.0
Outpatient,5100,101,101,29180.0,288.91,90.0
Outpatient,38652,107,107,29160.0,272.52,200.0
Outpatient,4474,84,84,29160.0,347.14,95.0
Outpatient,4619,190,190,29100.0,153.16,70.0
Outpatient,34711,59,59,29100.0,493.22,300.0
Outpatient,72979,124,124,29070.0,234.44,80.0
Outpatient,2327,72,72,29050.0,403.47,100.0
Outpatient,3591,53,53,29050.0,548.11,200.0
Outpatient,56401,129,129,29050.0,225.19,80.0
Outpatient,27901,25,25,29040.0,1161.6,1100.0
Outpatient,29411,128,128,29010.0,226.64,85.0
Outpatient,29680,125,124,29010.0,232.08,80.0
Outpatient,V824,314,312,28960.0,92.23,70.0
Outpatient,V825,309,308,28900.0,93.53,80.0
Outpatient,V706,368,367,28880.0,78.48,55.0
Outpatient,5881,110,110,28860.0,262.36,65.0
Outpatient,V445,144,144,28860.0,200.42,50.0
Outpatient,V782,333,332,28820.0,86.55,70.0
Outpatient,1981,39,39,28820.0,738.97,500.0
Outpatient,61182,186,185,28790.0,154.78,80.0
Outpatient,25002,157,155,28790.0,183.38,70.0
Outpatient,24960,165,165,28760.0,174.3,80.0
Outpatient,V483,106,106,28760.0,271.32,100.0
Outpatient,33182,130,129,28740.0,221.08,80.0
Outpatient,7895,130,130,28740.0,221.08,100.0
Outpatient,2931,138,137,28730.0,208.19,80.0
Outpatient,1730,82,82,28730.0,350.37,150.0
Outpatient,24981,153,153,28700.0,187.58,80.0
Outpatient,79677,302,302,28690.0,95.0,80.0
Outpatient,V788,312,311,28650.0,91.83,70.0
Outpatient,99660,33,33,28640.0,867.88,200.0
Outpatient,24980,139,139,28640.0,206.04,70.0
Outpatient,2328,71,71,28620.0,403.1,100.0
Outpatient,79380,218,218,28600.0,131.19,80.0
Outpatient,25031,164,164,28580.0,174.27,70.0
Outpatient,V7282,307,305,28560.0,93.03,60.0
Outpatient,4030,92,92,28540.0,310.22,90.0
Outpatient,V292,321,321,28530.0,88.88,50.0
Outpatient,8400,71,71,28530.0,401.83,100.0
Outpatient,3545,62,62,28490.0,459.52,200.0
Outpatient,49302,154,153,28480.0,184.94,90.0
Outpatient,72669,115,115,28460.0,247.48,90.0
Outpatient,4371,56,56,28410.0,507.32,150.0
Outpatient,78951,38,38,28380.0,746.84,500.0
Outpatient,99667,28,28,28370.0,1013.21,300.0
Outpatient,70725,177,175,28370.0,160.28,90.0
Outpatient,40511,75,75,28370.0,378.27,60.0
Outpatient,5999,165,165,28340.0,171.76,60.0
Outpatient,7824,132,131,28330.0,214.62,85.0
Outpatient,46401,159,158,28320.0,178.11,70.0
Outpatient,72991,114,113,28320.0,248.42,80.0
Outpatient,72973,115,115,28280.0,245.91,90.0
Outpatient,1724,63,62,28280.0,448.89,80.0
Outpatient,56882,119,119,28270.0,237.56,100.0
Outpatient,4386,57,57,28240.0,495.44,200.0
Outpatient,4320,104,104,28200.0,271.15,95.0
Outpatient,V1250,66,66,28170.0,426.82,100.0
Outpatient,72700,102,102,28160.0,276.08,100.0
Outpatient,24961,151,149,28150.0,186.42,70.0
Outpatient,7262,109,109,28150.0,258.26,80.0
Outpatient,19881,47,47,28140.0,598.72,400.0
Outpatient,683,95,95,28130.0,296.11,200.0
Outpatient,2275,45,45,28120.0,624.89,400.0
Outpatient,78720,105,105,28120.0,267.81,100.0
Outpatient,8430,74,74,28110.0,379.86,100.0
Outpatient,7875,105,105,28080.0,267.43,100.0
Outpatient,5538,36,36,28070.0,779.72,450.0
Outpatient,72664,113,112,28060.0,248.32,90.0
Outpatient,3949,116,116,28060.0,241.9,60.0
Outpatient,8406,68,68,28060.0,412.65,200.0
Outpatient,72702,121,121,28050.0,231.82,90.0
Outpatient,79389,196,196,28020.0,142.96,75.0
Outpatient,53121,53,53,28020.0,528.68,200.0
Outpatient,4650,185,185,27970.0,151.19,70.0
Outpatient,8401,71,71,27960.0,393.8,200.0
Outpatient,V7232,342,340,27950.0,81.73,50.0
Outpatient,33721,60,60,27940.0,465.67,200.0
Outpatient,V7269,348,347,27940.0,80.29,50.0
Outpatient,24951,133,133,27910.0,209.85,80.0
Outpatient,7272,111,111,27910.0,251.44,100.0
Outpatient,43819,47,46,27900.0,593.62,100.0
Outpatient,72871,94,94,27870.0,296.49,70.0
Outpatient,V4967,94,94,27870.0,296.49,100.0
Outpatient,5120,101,101,27850.0,275.74,100.0
Outpatient,43410,113,112,27850.0,246.46,90.0
Outpatient,20956,48,48,27840.0,580.0,400.0
Outpatient,43885,61,61,27830.0,456.23,300.0
Outpatient,57460,30,30,27830.0,927.67,200.0
Outpatient,73673,31,31,27780.0,896.13,80.0
Outpatient,V762,315,314,27770.0,88.16,80.0
Outpatient,V703,310,310,27760.0,89.55,50.0
Outpatient,29634,126,126,27740.0,220.16,85.0
Outpatient,8485,77,77,27710.0,359.87,200.0
Outpatient,84219,76,76,27680.0,364.21,200.0
Outpatient,24990,153,153,27660.0,180.78,80.0
Outpatient,24970,154,154,27630.0,179.42,80.0
Outpatient,24210,254,253,27600.0,108.66,60.0
Outpatient,2306,57,57,27600.0,484.21,90.0
Outpatient,3553,61,61,27600.0,452.46,200.0
Outpatient,4170,163,163,27600.0,169.33,50.0
Outpatient,53511,72,72,27590.0,383.19,400.0
Outpatient,V4360,112,112,27580.0,246.25,90.0
Outpatient,79410,59,58,27560.0,467.12,200.0
Outpatient,2948,127,127,27480.0,216.38,80.0
Outpatient,79382,200,200,27470.0,137.35,70.0
Outpatient,78934,128,128,27440.0,214.38,100.0
Outpatient,49390,154,154,27440.0,178.18,80.0
Outpatient,7354,34,34,27420.0,806.47,100.0
Outpatient,53550,73,73,27420.0,375.62,400.0
Outpatient,20931,76,76,27410.0,360.66,70.0
Outpatient,5716,130,129,27380.0,210.62,75.0
Outpatient,6100,192,190,27370.0,142.55,70.0
Outpatient,V4363,106,105,27360.0,258.11,80.0
Outpatient,24911,165,163,27360.0,165.82,80.0
Outpatient,72671,94,94,27350.0,290.96,100.0
Outpatient,5759,32,32,27350.0,854.69,95.0
Outpatient,73674,30,30,27320.0,910.67,750.0
Outpatient,4467,82,81,27310.0,333.05,60.0
Outpatient,32730,67,67,27290.0,407.31,200.0
Outpatient,43813,42,42,27280.0,649.52,300.0
Outpatient,V1270,132,132,27280.0,206.67,85.0
Outpatient,V7263,306,305,27270.0,89.12,50.0
Outpatient,7351,35,35,27260.0,778.86,100.0
Outpatient,7948,147,147,27250.0,185.37,80.0
Outpatient,43810,46,46,27250.0,592.39,100.0
Outpatient,1538,84,83,27230.0,324.17,60.0
Outpatient,1966,35,35,27180.0,776.57,300.0
Outpatient,7894,94,94,27160.0,288.94,100.0
Outpatient,25082,168,168,27160.0,161.67,70.0
Outpatient,40390,71,71,27100.0,381.69,80.0
Outpatient,73397,27,27,27090.0,1003.33,600.0
Outpatient,5118,105,105,27090.0,258.0,100.0
Outpatient,34461,54,54,27060.0,501.11,200.0
Outpatient,V7240,332,331,27060.0,81.51,70.0
Outpatient,24930,161,161,27050.0,168.01,70.0
Outpatient,V725,313,313,27040.0,86.39,60.0
Outpatient,44024,58,58,27030.0,466.03,100.0
Outpatient,25050,166,166,27020.0,162.77,80.0
Outpatient,5935,106,105,27020.0,254.91,60.0
Outpatient,79671,60,60,27020.0,450.33,100.0
Outpatient,V4452,143,143,27010.0,188.88,50.0
Outpatient,25012,153,153,27010.0,176.54,80.0
Outpatient,4613,179,176,27000.0,150.84,70.0
Outpatient,43884,51,51,26990.0,529.22,200.0
Outpatient,8402,83,83,26990.0,325.18,200.0
Outpatient,5563,37,37,26970.0,728.92,200.0
Outpatient,78937,125,125,26920.0,215.36,100.0
Outpatient,40201,75,75,26880.0,358.4,80.0
Outpatient,3574,49,49,26860.0,548.16,200.0
Outpatient,1531,89,88,26840.0,301.57,60.0
Outpatient,1733,79,79,26800.0,339.24,60.0
Outpatient,73312,29,29,26790.0,923.79,200.0
Outpatient,53540,62,62,26790.0,432.1,400.0
Outpatient,61809,29,29,26790.0,923.79,90.0
Outpatient,4732,178,178,26780.0,150.45,70.0
Outpatient,61179,185,183,26760.0,144.65,70.0
Outpatient,3950,98,98,26720.0,272.65,70.0
Outpatient,3869,103,103,26720.0,259.42,200.0
Outpatient,V7285,339,338,26670.0,78.67,50.0
Outpatient,73315,26,26,26660.0,1025.38,550.0
Outpatient,4460,70,70,26660.0,380.86,90.0
Outpatient,V4971,109,109,26660.0,244.59,90.0
Outpatient,73670,29,29,26650.0,918.97,100.0
Outpatient,42499,102,101,26650.0,261.27,100.0
Outpatient,72879,113,113,26640.0,235.75,90.0
Outpatient,5792,98,98,26590.0,271.33,100.0
Outpatient,2452,261,261,26590.0,101.88,60.0
Outpatient,56985,102,102,26590.0,260.69,100.0
Outpatient,5790,103,103,26580.0,258.06,100.0
Outpatient,25092,156,156,26570.0,170.32,65.0
Outpatient,4039,62,62,26560.0,428.39,60.0
Outpatient,79401,55,55,26530.0,482.36,100.0
Outpatient,99656,32,32,26520.0,828.75,100.0
Outpatient,79412,57,57,26510.0,465.09,200.0
Outpatient,20912,96,95,26500.0,276.04,65.0
Outpatient,72619,100,100,26470.0,264.7,80.0
Outpatient,5721,139,135,26470.0,190.43,60.0
Outpatient,5689,118,118,26460.0,224.24,90.0
Outpatient,73319,19,19,26430.0,1391.05,300.0
Outpatient,43852,45,44,26430.0,587.33,300.0
Outpatient,V4970,106,106,26400.0,249.06,90.0
Outpatient,5182,105,105,26380.0,251.24,100.0
Outpatient,V135,118,118,26340.0,223.22,100.0
Outpatient,53221,63,63,26330.0,417.94,300.0
Outpatient,7273,118,118,26330.0,223.14,80.0
Outpatient,29550,83,83,26330.0,317.23,80.0
Outpatient,40210,66,66,26320.0,398.79,75.0
Outpatient,4422,63,63,26300.0,417.46,100.0
Outpatient,2798,25,25,26290.0,1051.6,800.0
Outpatient,5559,42,42,26290.0,625.95,100.0
Outpatient,79674,55,54,26290.0,478.0,100.0
Outpatient,70704,158,157,26280.0,166.33,100.0
Outpatient,V1302,144,144,26250.0,182.29,50.0
Outpatient,42490,112,111,26250.0,234.38,80.0
Outpatient,V1359,120,118,26230.0,218.58,100.0
Outpatient,V452,55,55,26220.0,476.73,200.0
Outpatient,2941,112,111,26210.0,234.02,90.0
Outpatient,V422,101,98,26210.0,259.5,60.0
Outpatient,V291,320,319,26200.0,81.88,50.0
Outpatient,84202,68,68,26200.0,385.29,200.0
Outpatient,2329,60,60,26190.0,436.5,85.0
Outpatient,56889,121,121,26170.0,216.28,90.0
Outpatient,78940,121,120,26150.0,216.12,90.0
Outpatient,V709,349,348,26140.0,74.9,50.0
Outpatient,99644,28,28,26130.0,933.21,300.0
Outpatient,V7284,336,335,26130.0,77.77,50.0
Outpatient,72703,106,106,26130.0,246.51,90.0
Outpatient,1551,56,56,26110.0,466.25,100.0
Outpatient,V4963,119,119,26070.0,219.08,90.0
Outpatient,V7262,328,326,26060.0,79.45,50.0
Outpatient,78941,87,87,26060.0,299.54,100.0
Outpatient,72882,98,98,26020.0,265.51,100.0
Outpatient,6202,88,87,26010.0,295.57,90.0
Outpatient,V719,337,335,26010.0,77.18,50.0
Outpatient,4242,97,97,25990.0,267.94,70.0
Outpatient,2450,264,263,25980.0,98.41,60.0
Outpatient,1728,48,48,25960.0,540.83,100.0
Outpatient,29543,71,70,25950.0,365.49,100.0
Outpatient,56941,56,56,25910.0,462.68,350.0
Outpatient,7871,100,100,25900.0,259.0,100.0
Outpatient,3594,50,50,25900.0,518.0,200.0
Outpatient,1739,74,74,25880.0,349.73,65.0
Outpatient,78460,51,51,25850.0,506.86,100.0
Outpatient,24991,167,164,25850.0,154.79,70.0
Outpatient,3868,118,118,25850.0,219.07,100.0
Outpatient,2453,267,265,25850.0,96.82,50.0
Outpatient,1723,60,60,25830.0,430.5,100.0
Outpatient,6104,200,200,25830.0,129.15,80.0
Outpatient,5680,96,96,25820.0,268.96,100.0
Outpatient,3571,61,61,25800.0,422.95,200.0
Outpatient,V728,357,356,25780.0,72.21,50.0
Outpatient,5791,108,108,25760.0,238.52,100.0
Outpatient,6271,133,133,25710.0,193.31,70.0
Outpatient,71930,85,85,25680.0,302.12,80.0
Outpatient,78949,99,99,25670.0,259.29,100.0
Outpatient,7892,101,101,25640.0,253.86,100.0
Outpatient,34661,103,103,25600.0,248.54,80.0
Outpatient,4041,73,73,25600.0,350.68,90.0
Outpatient,V707,312,311,25590.0,82.02,50.0
Outpatient,73311,23,23,25590.0,1112.61,300.0
Outpatient,43883,41,41,25560.0,623.41,300.0
Outpatient,1970,36,36,25530.0,709.17,350.0
Outpatient,3483,52,52,25530.0,490.96,100.0
Outpatient,V4361,105,105,25490.0,242.76,100.0
Outpatient,56031,48,48,25470.0,530.63,300.0
Outpatient,24931,179,179,25470.0,142.29,80.0
Outpatient,78959,123,121,25430.0,206.75,70.0
Outpatient,5564,50,50,25430.0,508.6,80.0
Outpatient,5719,130,129,25420.0,195.54,75.0
Outpatient,57440,36,36,25420.0,706.11,200.0
Outpatient,40519,61,61,25410.0,416.56,100.0
Outpatient,8471,65,65,25410.0,390.92,200.0
Outpatient,4389,47,47,25400.0,540.43,200.0
Outpatient,27952,33,33,25390.0,769.39,200.0
Outpatient,82020,47,47,25390.0,540.21,400.0
Outpatient,44032,34,34,25380.0,746.47,200.0
Outpatient,38633,117,116,25350.0,216.67,100.0
Outpatient,29382,71,71,25330.0,356.76,90.0
Outpatient,7930,60,60,25310.0,421.83,100.0
Outpatient,5739,122,122,25270.0,207.13,70.0
Outpatient,56987,97,97,25270.0,260.52,90.0
Outpatient,7945,230,230,25260.0,109.83,60.0
Outpatient,7921,89,89,25260.0,283.82,200.0
Outpatient,7290,108,108,25240.0,233.7,90.0
Outpatient,4580,63,63,25230.0,400.48,80.0
Outpatient,7872,102,102,25160.0,246.67,100.0
Outpatient,2122,45,45,25150.0,558.89,400.0
Outpatient,3952,117,117,25150.0,214.96,60.0
Outpatient,V290,323,322,25120.0,77.77,50.0
Outpatient,27906,17,17,25100.0,1476.47,1300.0
Outpatient,72679,106,105,25100.0,236.79,100.0
Outpatient,6822,119,118,25080.0,210.76,100.0
Outpatient,8418,75,75,25050.0,334.0,200.0
Outpatient,V729,315,315,25040.0,79.49,50.0
Outpatient,7904,125,125,25020.0,200.16,80.0
Outpatient,23989,63,63,25010.0,396.98,90.0
Outpatient,56402,109,109,24970.0,229.08,100.0
Outpatient,84511,72,72,24950.0,346.53,200.0
Outpatient,1542,57,57,24930.0,437.37,90.0
Outpatient,3489,68,68,24920.0,366.47,100.0
Outpatient,72761,123,122,24850.0,202.03,80.0
Outpatient,5888,106,106,24840.0,234.34,80.0
Outpatient,5933,110,110,24840.0,225.82,70.0
Outpatient,79409,50,50,24810.0,496.2,200.0
Outpatient,0031,28,28,24810.0,886.07,100.0
Outpatient,3542,46,46,24810.0,539.35,100.0
Outpatient,44329,64,64,24810.0,387.66,200.0
Outpatient,3521,55,55,24800.0,450.91,200.0
Outpatient,58889,121,121,24790.0,204.88,60.0
Outpatient,3961,106,106,24790.0,233.87,95.0
Outpatient,78842,127,126,24790.0,195.2,50.0
Outpatient,73314,25,25,24780.0,991.2,400.0
Outpatient,438,53,53,24770.0,467.36,200.0
Outpatient,4802,63,63,24760.0,393.02,90.0
Outpatient,56983,114,114,24740.0,217.02,100.0
Outpatient,29041,132,131,24690.0,187.05,85.0
Outpatient,6119,190,190,24680.0,129.89,80.0
Outpatient,78843,163,163,24670.0,151.35,50.0
Outpatient,72705,109,109,24670.0,226.33,90.0
Outpatient,72810,104,103,24660.0,237.12,100.0
Outpatient,84510,74,74,24640.0,332.97,200.0
Outpatient,5899,108,108,24610.0,227.87,70.0
Outpatient,1735,75,75,24560.0,327.47,60.0
Outpatient,3556,58,58,24560.0,423.45,200.0
Outpatient,5937,100,100,24550.0,245.5,60.0
Outpatient,V4960,106,105,24550.0,231.6,85.0
Outpatient,78830,133,132,24530.0,184.44,60.0
Outpatient,V1279,113,113,24530.0,217.08,100.0
Outpatient,25080,148,148,24520.0,165.68,85.0
Outpatient,3551,49,49,24520.0,500.41,200.0
Outpatient,5582,118,118,24510.0,207.71,90.0
Outpatient,29515,72,71,24510.0,340.42,90.0
Outpatient,3509,54,54,24490.0,453.52,200.0
Outpatient,70715,170,168,24480.0,144.0,90.0
Outpatient,4466,70,70,24480.0,349.71,90.0
Outpatient,43850,65,65,24440.0,376.0,200.0
Outpatient,78836,146,146,24400.0,167.12,40.0
Outpatient,51189,120,120,24400.0,203.33,75.0
Outpatient,79411,56,56,24390.0,435.54,100.0
Outpatient,7884,144,144,24390.0,169.38,60.0
Outpatient,45913,86,86,24380.0,283.49,100.0
Outpatient,3962,108,107,24360.0,225.56,60.0
Outpatient,43851,47,47,24360.0,518.3,200.0
Outpatient,35989,65,65,24350.0,374.62,200.0
Outpatient,V553,84,84,24340.0,289.76,90.0
Outpatient,53541,57,57,24340.0,427.02,400.0
Outpatient,72930,107,107,24330.0,227.38,100.0
Outpatient,7899,115,115,24320.0,211.48,90.0
Outpatient,53361,62,62,24310.0,392.1,200.0
Outpatient,4599,67,67,24300.0,362.69,90.0
Outpatient,5723,135,133,24280.0,179.85,80.0
Outpatient,5848,181,179,24280.0,134.14,40.0
Outpatient,7859,65,65,24250.0,373.08,90.0
Outpatient,4554,68,68,24240.0,356.47,100.0
Outpatient,3582,39,39,24240.0,621.54,300.0
Outpatient,2105,38,38,24210.0,637.11,400.0
Outpatient,29532,91,91,24200.0,265.93,80.0
Outpatient,V704,321,320,24200.0,75.39,60.0
Outpatient,56409,108,107,24190.0,223.98,100.0
Outpatient,3522,60,60,24170.0,402.83,200.0
Outpatient,1502,47,45,24140.0,513.62,100.0
Outpatient,71625,85,84,24140.0,284.0,90.0
Outpatient,3311,124,120,24120.0,194.52,85.0
Outpatient,35971,58,58,24090.0,415.34,200.0
Outpatient,82030,43,42,24070.0,559.77,200.0
Outpatient,36243,23,23,24060.0,1046.09,400.0
Outpatient,56942,43,43,24060.0,559.53,400.0
Outpatient,78942,98,98,24040.0,245.31,100.0
Outpatient,53460,65,65,24040.0,369.85,100.0
Outpatient,4240,103,103,24010.0,233.11,200.0
Outpatient,78899,138,137,24010.0,173.99,55.0
Outpatient,4828,65,65,24010.0,369.38,100.0
Outpatient,5181,108,108,24010.0,222.31,100.0
Outpatient,27902,19,19,24000.0,1263.16,1000.0
Outpatient,7331,24,24,23990.0,999.58,300.0
Outpatient,V705,315,313,23990.0,76.16,50.0
Outpatient,78944,98,98,23970.0,244.59,100.0
Outpatient,20936,65,65,23910.0,367.85,100.0
Outpatient,7852,94,93,23910.0,254.36,95.0
Outpatient,5798,114,114,23830.0,209.04,90.0
Outpatient,5649,89,89,23830.0,267.75,100.0
Outpatient,V435,142,142,23820.0,167.75,40.0
Outpatient,7936,100,100,23820.0,238.2,85.0
Outpatient,7873,104,103,23800.0,228.85,90.0
Outpatient,3549,51,51,23800.0,466.67,200.0
Outpatient,2441,248,247,23780.0,95.89,60.0
Outpatient,V454,110,110,23740.0,215.82,80.0
Outpatient,33812,47,47,23730.0,504.89,300.0
Outpatient,V416,96,96,23700.0,246.88,100.0
Outpatient,4412,65,65,23690.0,364.46,200.0
Outpatient,193,82,80,23680.0,288.78,90.0
Outpatient,V535,102,102,23660.0,231.96,95.0
Outpatient,V473,108,108,23640.0,218.89,100.0
Outpatient,56982,107,107,23630.0,220.84,90.0
Outpatient,43840,56,56,23600.0,421.43,200.0
Outpatient,27909,20,20,23560.0,1178.0,1300.0
Outpatient,40490,75,75,23540.0,313.87,70.0
Outpatient,1727,44,44,23500.0,534.09,80.0
Outpatient,4031,77,76,23480.0,304.94,60.0
Outpatient,8412,76,76,23470.0,308.82,150.0
Outpatient,V453,103,103,23460.0,227.77,80.0
Outpatient,56984,95,95,23430.0,246.63,100.0
Outpatient,7893,107,107,23420.0,218.88,100.0
Outpatient,59972,129,129,23400.0,181.4,60.0
Outpatient,6270,128,128,23390.0,182.73,60.0
Outpatient,7820,64,64,23380.0,365.31,100.0
Outpatient,1720,42,41,23370.0,556.43,100.0
Outpatient,78835,143,143,23370.0,163.43,50.0
Outpatient,3510,47,47,23360.0,497.02,200.0
Outpatient,V462,31,31,23350.0,753.23,500.0
Outpatient,1982,26,26,23330.0,897.31,500.0
Outpatient,25083,176,175,23330.0,132.56,60.0
Outpatient,78946,108,108,23330.0,216.02,95.0
Outpatient,84201,67,67,23320.0,348.06,200.0
Outpatient,V5301,59,59,23310.0,395.08,200.0
Outpatient,72743,106,106,23300.0,219.81,85.0
Outpatient,25093,139,139,23290.0,167.55,80.0
Outpatient,78441,65,64,23290.0,358.31,100.0
Outpatient,71983,92,92,23280.0,253.04,150.0
Outpatient,29540,67,66,23280.0,347.46,300.0
Outpatient,4590,69,69,23250.0,336.96,90.0
Outpatient,40290,78,78,23250.0,298.08,60.0
Outpatient,25020,161,161,23250.0,144.41,70.0
Outpatient,2451,272,272,23250.0,85.48,60.0
Outpatient,4478,73,73,23240.0,318.36,90.0
Outpatient,2459,251,250,23240.0,92.59,60.0
Outpatient,84512,65,65,23240.0,357.54,200.0
Outpatient,7280,108,108,23230.0,215.09,100.0
Outpatient,78935,114,114,23230.0,203.77,90.0
Outpatient,99665,30,30,23170.0,772.33,80.0
Outpatient,V442,107,107,23160.0,216.45,100.0
Outpatient,56986,98,98,23160.0,236.33,90.0
Outpatient,78863,138,138,23160.0,167.83,50.0
Outpatient,6272,126,126,23150.0,183.73,50.0
Outpatient,8448,60,60,23150.0,385.83,200.0
Outpatient,5722,122,122,23140.0,189.67,80.0
Outpatient,25072,158,158,23140.0,146.46,80.0
Outpatient,5185,40,40,23140.0,578.5,300.0
Outpatient,99604,25,25,23130.0,925.2,500.0
Outpatient,V443,96,96,23130.0,240.94,100.0
Outpatient,27941,24,24,23130.0,963.75,800.0
Outpatient,78933,101,100,23110.0,228.81,100.0
Outpatient,25033,166,164,23090.0,139.1,80.0
Outpatient,481,53,53,23090.0,435.66,200.0
Outpatient,V434,70,70,23090.0,329.86,90.0
Outpatient,29584,74,74,23080.0,311.89,95.0
Outpatient,71607,73,73,23080.0,316.16,100.0
Outpatient,5965,40,40,23070.0,576.75,200.0
Outpatient,2442,219,219,23070.0,105.34,60.0
Outpatient,5738,147,146,23040.0,156.73,60.0
Outpatient,24221,231,230,23030.0,99.7,60.0
Outpatient,2123,47,47,23030.0,490.0,400.0
Outpatient,4470,65,65,23010.0,354.0,100.0
Outpatient,7905,116,115,23000.0,198.28,65.0
Outpatient,40401,67,67,22990.0,343.13,70.0
Outpatient,1552,49,49,22980.0,468.98,100.0
Outpatient,2900,129,129,22970.0,178.06,80.0
Outpatient,3548,57,57,22960.0,402.81,200.0
Outpatient,6273,143,143,22920.0,160.28,50.0
Outpatient,20933,70,70,22910.0,327.29,60.0
Outpatient,0340,157,157,22910.0,145.92,70.0
Outpatient,33911,82,82,22900.0,279.27,200.0
Outpatient,V554,100,100,22890.0,228.9,100.0
Outpatient,53340,53,53,22880.0,431.7,300.0
Outpatient,25052,153,153,22840.0,149.28,70.0
Outpatient,4730,179,179,22830.0,127.54,60.0
Outpatient,25061,162,160,22830.0,140.93,70.0
Outpatient,34839,59,59,22820.0,386.78,100.0
Outpatient,7879,94,94,22810.0,242.66,100.0
Outpatient,8482,73,73,22770.0,311.92,200.0
Outpatient,27911,21,20,22770.0,1084.29,1000.0
Outpatient,V7286,310,310,22760.0,73.42,50.0
Outpatient,24280,243,243,22760.0,93.66,70.0
Outpatient,5568,45,45,22750.0,505.56,70.0
Outpatient,44103,55,55,22750.0,413.64,200.0
Outpatient,44621,64,64,22740.0,355.31,100.0
Outpatient,68111,115,115,22730.0,197.65,90.0
Outpatient,1731,72,71,22720.0,315.56,60.0
Outpatient,79400,65,65,22690.0,349.08,200.0
Outpatient,V1253,67,67,22690.0,338.66,100.0
Outpatient,V700,347,345,22680.0,65.36,50.0
Outpatient,4462,74,74,22670.0,306.35,60.0
Outpatient,44281,51,51,22670.0,444.51,200.0
Outpatient,24281,252,252,22650.0,89.88,60.0
Outpatient,72982,100,100,22650.0,226.5,90.0
Outpatient,V551,101,101,22650.0,224.26,100.0
Outpatient,5110,105,105,22640.0,215.62,100.0
Outpatient,25030,150,150,22620.0,150.8,70.0
Outpatient,4550,57,57,22620.0,396.84,100.0
Outpatient,84211,71,71,22610.0,318.45,200.0
Outpatient,24200,256,254,22560.0,88.13,60.0
Outpatient,43822,50,50,22560.0,451.2,350.0
Outpatient,73679,25,24,22560.0,902.4,80.0
Outpatient,1961,35,35,22550.0,644.29,100.0
Outpatient,6800,129,129,22540.0,174.73,90.0
Outpatient,20971,37,37,22530.0,608.92,300.0
Outpatient,V1241,57,57,22510.0,394.91,200.0
Outpatient,7950,31,29,22500.0,725.81,100.0
Outpatient,40403,86,86,22470.0,261.28,80.0
Outpatient,8411,71,71,22460.0,316.34,100.0
Outpatient,35781,44,44,22440.0,510.0,200.0
Outpatient,43821,61,61,22430.0,367.7,200.0
Outpatient,4179,142,142,22420.0,157.89,20.0
Outpatient,2160,36,36,22410.0,622.5,450.0
Outpatient,538,112,112,22390.0,199.91,80.0
Outpatient,20917,65,64,22370.0,344.15,70.0
Outpatient,44620,71,71,22310.0,314.23,90.0
Outpatient,51882,30,28,22300.0,743.33,350.0
Outpatient,72889,117,117,22300.0,190.6,90.0
Outpatient,2458,266,266,22250.0,83.65,60.0
Outpatient,V1242,49,49,22240.0,453.88,200.0
Outpatient,84841,70,70,22240.0,317.71,200.0
Outpatient,24940,126,126,22230.0,176.43,85.0
Outpatient,78721,103,103,22230.0,215.83,90.0
Outpatient,5931,116,115,22230.0,191.64,60.0
Outpatient,29510,64,61,22220.0,347.19,80.0
Outpatient,3576,56,56,22220.0,396.79,200.0
Outpatient,29504,68,68,22220.0,326.76,90.0
Outpatient,99651,30,30,22210.0,740.33,200.0
Outpatient,78829,148,148,22190.0,149.93,55.0
Outpatient,4738,190,190,22180.0,116.74,60.0
Outpatient,1504,42,41,22170.0,527.86,350.0
Outpatient,3552,42,42,22170.0,527.86,200.0
Outpatient,V1249,62,62,22160.0,357.42,150.0
Outpatient,591,97,97,22150.0,228.35,60.0
Outpatient,78865,134,134,22140.0,165.22,50.0
Outpatient,20935,74,74,22140.0,299.19,60.0
Outpatient,1729,46,45,22110.0,480.65,90.0
Outpatient,35579,52,52,22110.0,425.19,100.0
Outpatient,24950,150,150,22100.0,147.33,70.0
Outpatient,4471,70,70,22090.0,315.57,80.0
Outpatient,4579,77,77,22060.0,286.49,100.0
Outpatient,43820,47,46,22040.0,468.94,100.0
Outpatient,4559,62,62,22030.0,355.32,100.0
Outpatient,1974,30,30,22030.0,734.33,300.0
Outpatient,3561,51,51,22000.0,431.37,200.0
Outpatient,4571,76,76,21980.0,289.21,100.0
Outpatient,59969,119,119,21980.0,184.71,50.0
Outpatient,20934,68,68,21970.0,323.09,70.0
Outpatient,1917,23,22,21930.0,953.48,200.0
Outpatient,1991,41,40,21930.0,534.88,200.0
Outpatient,73398,29,29,21910.0,755.52,200.0
Outpatient,24241,244,243,21890.0,89.71,60.0
Outpatient,V4451,134,134,21860.0,163.13,50.0
Outpatient,43881,54,53,21840.0,404.44,150.0
Outpatient,6181,28,28,21840.0,780.0,75.0
Outpatient,2462,257,256,21820.0,84.9,60.0
Outpatient,29501,60,59,21810.0,363.5,80.0
Outpatient,5730,129,129,21800.0,168.99,80.0
Outpatient,25021,165,165,21800.0,132.12,70.0
Outpatient,72883,101,101,21800.0,215.84,90.0
Outpatient,V481,112,112,21780.0,194.46,80.0
Outpatient,7876,95,95,21770.0,229.16,80.0
Outpatient,7877,96,96,21770.0,226.77,100.0
Outpatient,46421,179,179,21770.0,121.62,70.0
Outpatient,3524,62,62,21760.0,350.97,95.0
Outpatient,46400,168,167,21760.0,129.52,70.0
Outpatient,1503,38,38,21740.0,572.11,200.0
Outpatient,4387,41,41,21720.0,529.76,300.0
Outpatient,V444,111,111,21720.0,195.68,80.0
Outpatient,71871,73,73,21710.0,297.4,100.0
Outpatient,84842,64,64,21690.0,338.91,200.0
Outpatient,40211,76,76,21680.0,285.26,75.0
Outpatient,2409,274,272,21680.0,79.12,60.0
Outpatient,5647,88,88,21680.0,246.36,100.0
Outpatient,44323,60,60,21660.0,361.0,200.0
Outpatient,40402,78,78,21630.0,277.31,75.0
Outpatient,44324,68,68,21630.0,318.09,200.0
Outpatient,25003,151,151,21610.0,143.11,70.0
Outpatient,5998,129,129,21610.0,167.52,60.0
Outpatient,29534,86,86,21610.0,251.28,85.0
Outpatient,V4450,155,155,21600.0,139.35,50.0
Outpatient,2410,254,254,21590.0,85.0,60.0
Outpatient,3581,53,53,21580.0,407.17,100.0
Outpatient,71890,87,87,21570.0,247.93,80.0
Outpatient,78791,105,105,21560.0,205.33,80.0
Outpatient,4415,59,59,21560.0,365.42,200.0
Outpatient,2119,39,39,21540.0,552.31,400.0
Outpatient,4589,75,75,21540.0,287.2,100.0
Outpatient,71885,75,75,21520.0,286.93,100.0
Outpatient,4431,78,78,21520.0,275.9,90.0
Outpatient,5734,121,120,21500.0,177.69,80.0
Outpatient,1963,33,33,21490.0,651.21,200.0
Outpatient,7891,120,120,21480.0,179.0,60.0
Outpatient,71883,75,75,21470.0,286.27,100.0
Outpatient,61889,30,30,21470.0,715.67,95.0
Outpatient,7845,60,60,21460.0,357.67,200.0
Outpatient,7937,104,104,21460.0,206.35,80.0
Outpatient,7818,65,65,21440.0,329.85,100.0
Outpatient,79431,76,76,21440.0,282.11,90.0
Outpatient,5111,95,95,21430.0,225.58,100.0
Outpatient,1962,35,35,21430.0,612.29,300.0
Outpatient,34540,95,94,21390.0,225.16,90.0
Outpatient,25023,149,149,21390.0,143.56,80.0
Outpatient,78724,106,106,21390.0,201.79,100.0
Outpatient,99662,35,35,21380.0,610.86,100.0
Outpatient,2398,60,60,21370.0,356.17,70.0
Outpatient,20967,38,38,21350.0,561.84,400.0
Outpatient,29511,74,73,21350.0,288.51,100.0
Outpatient,4640,171,170,21340.0,124.8,60.0
Outpatient,V5359,105,104,21340.0,203.24,100.0
Outpatient,7265,111,111,21330.0,192.16,90.0
Outpatient,V1083,61,61,21330.0,349.67,100.0
Outpatient,40410,83,83,21310.0,256.75,60.0
Outpatient,2468,241,239,21310.0,88.42,60.0
Outpatient,43812,46,46,21300.0,463.04,200.0
Outpatient,29561,59,59,21270.0,360.51,100.0
Outpatient,47875,64,64,21270.0,332.34,100.0
Outpatient,3508,53,53,21250.0,400.94,200.0
Outpatient,3555,47,47,21240.0,451.91,100.0
Outpatient,1960,32,32,21230.0,663.44,350.0
Outpatient,6278,139,138,21200.0,152.52,60.0
Outpatient,3941,127,126,21190.0,166.85,50.0
Outpatient,33829,53,53,21190.0,399.81,100.0
Outpatient,7944,142,142,21160.0,149.01,50.0
Outpatient,24290,254,253,21150.0,83.27,60.0
Outpatient,3380,63,63,21150.0,335.71,200.0
Outpatient,33828,54,54,21150.0,391.67,200.0
Outpatient,24240,256,255,21140.0,82.58,60.0
Outpatient,5720,116,115,21140.0,182.24,70.0
Outpatient,71634,87,87,21130.0,242.87,70.0
Outpatient,78945,92,92,21100.0,229.35,85.0
Outpatient,35922,48,48,21100.0,439.58,100.0
Outpatient,34981,56,56,21090.0,376.61,200.0
Outpatient,71652,80,80,21090.0,263.63,90.0
Outpatient,78451,57,57,21080.0,369.82,100.0
Outpatient,78841,142,141,21050.0,148.24,45.0
Outpatient,35923,58,58,21010.0,362.24,200.0
Outpatient,2361,60,60,21010.0,350.17,75.0
Outpatient,V1303,145,145,21010.0,144.9,50.0
Outpatient,6184,26,26,21000.0,807.69,100.0
Outpatient,24920,146,146,20990.0,143.77,80.0
Outpatient,51884,39,39,20980.0,537.95,300.0
Outpatient,29581,64,64,20960.0,327.5,80.0
Outpatient,5560,41,41,20960.0,511.22,60.0
Outpatient,0322,194,194,20940.0,107.94,70.0
Outpatient,8209,44,44,20930.0,475.68,300.0
Outpatient,V7261,310,309,20920.0,67.48,40.0
Outpatient,5119,103,103,20920.0,203.11,60.0
Outpatient,25091,141,140,20910.0,148.3,80.0
Outpatient,78729,97,97,20900.0,215.46,90.0
Outpatient,84501,68,67,20900.0,307.35,100.0
Outpatient,59370,95,95,20880.0,219.79,60.0
Outpatient,1541,60,60,20860.0,347.67,90.0
Outpatient,5645,102,102,20860.0,204.51,90.0
Outpatient,71925,82,82,20850.0,254.27,90.0
Outpatient,2793,19,19,20850.0,1097.37,1000.0
Outpatient,7911,142,142,20830.0,146.69,40.0
Outpatient,34700,61,61,20820.0,341.31,100.0
Outpatient,72971,109,109,20820.0,191.01,80.0
Outpatient,2373,50,50,20810.0,416.2,100.0
Outpatient,3511,48,48,20800.0,433.33,200.0
Outpatient,84849,78,78,20800.0,266.67,200.0
Outpatient,2440,246,244,20800.0,84.55,60.0
Outpatient,0204,49,49,20790.0,424.29,100.0
Outpatient,4731,167,167,20790.0,124.49,60.0
Outpatient,4555,59,59,20780.0,352.2,300.0
Outpatient,4566,86,85,20770.0,241.51,90.0
Outpatient,5969,28,28,20760.0,741.43,550.0
Outpatient,V552,100,100,20760.0,207.6,100.0
Outpatient,2873,100,99,20730.0,207.3,20.0
Outpatient,25010,136,135,20720.0,152.35,75.0
Outpatient,3979,84,84,20720.0,246.67,90.0
Outpatient,33819,60,60,20720.0,345.33,200.0
Outpatient,2163,40,40,20720.0,518.0,400.0
Outpatient,71945,88,88,20710.0,235.34,90.0
Outpatient,48282,45,45,20670.0,459.33,200.0
Outpatient,3499,48,48,20670.0,430.63,250.0
Outpatient,25011,145,144,20640.0,142.34,70.0
Outpatient,40492,62,62,20630.0,332.74,80.0
Outpatient,29542,71,71,20610.0,290.28,90.0
Outpatient,8438,69,69,20610.0,298.7,100.0
Outpatient,40501,63,63,20610.0,327.14,80.0
Outpatient,8405,70,70,20590.0,294.14,100.0
Outpatient,3482,64,64,20570.0,321.41,100.0
Outpatient,40311,79,79,20570.0,260.38,70.0
Outpatient,V4321,82,82,20530.0,250.37,90.0
Outpatient,3501,53,53,20530.0,387.36,200.0
Outpatient,7881,165,164,20520.0,124.36,50.0
Outpatient,3563,53,53,20520.0,387.17,200.0
Outpatient,5936,107,107,20510.0,191.68,60.0
Outpatient,4821,80,80,20510.0,256.38,80.0
Outpatient,20929,36,36,20500.0,569.44,95.0
Outpatient,7883,146,145,20490.0,140.34,40.0
Outpatient,58881,112,112,20490.0,182.95,60.0
Outpatient,3564,62,62,20480.0,330.32,95.0
Outpatient,71639,78,78,20480.0,262.56,90.0
Outpatient,56089,50,50,20470.0,409.4,300.0
Outpatient,7136,74,74,20470.0,276.62,90.0
Outpatient,40300,77,77,20470.0,265.84,70.0
Outpatient,56881,77,77,20460.0,265.71,100.0
Outpatient,5180,106,106,20460.0,193.02,100.0
Outpatient,2463,238,237,20460.0,85.97,60.0
Outpatient,1721,56,56,20450.0,365.18,95.0
Outpatient,3529,57,57,20440.0,358.6,200.0
Outpatient,8463,67,67,20430.0,304.93,200.0
Outpatient,43831,49,49,20430.0,416.94,100.0
Outpatient,5171,72,72,20420.0,283.61,75.0
Outpatient,2161,35,35,20410.0,583.14,400.0
Outpatient,20000,24,24,20390.0,849.58,550.0
Outpatient,35782,48,48,20380.0,424.58,200.0
Outpatient,V4614,33,33,20370.0,617.27,400.0
Outpatient,3525,57,57,20360.0,357.19,100.0
Outpatient,4556,51,51,20350.0,399.02,300.0
Outpatient,56400,106,106,20330.0,191.79,100.0
Outpatient,78891,129,129,20330.0,157.6,40.0
Outpatient,27903,19,18,20330.0,1070.0,800.0
Outpatient,566,51,51,20320.0,398.43,400.0
Outpatient,34501,127,126,20320.0,160.0,80.0
Outpatient,71693,83,83,20310.0,244.7,80.0
Outpatient,3533,52,52,20310.0,390.58,200.0
Outpatient,4558,49,49,20300.0,414.29,100.0
Outpatient,20965,34,34,20300.0,597.06,450.0
Outpatient,56030,38,38,20300.0,534.21,400.0
Outpatient,8407,62,62,20270.0,326.94,100.0
Outpatient,35800,57,57,20270.0,355.61,100.0
Outpatient,5602,39,38,20260.0,519.49,400.0
Outpatient,7101,100,99,20250.0,202.5,75.0
Outpatient,4612,160,160,20250.0,126.56,60.0
Outpatient,24971,140,140,20240.0,144.57,70.0
Outpatient,33720,52,52,20230.0,389.04,200.0
Outpatient,V1254,64,64,20230.0,316.09,100.0
Outpatient,5996,116,116,20230.0,174.4,40.0
Outpatient,32739,53,53,20200.0,381.13,200.0
Outpatient,33942,73,73,20190.0,276.58,200.0
Outpatient,29595,68,68,20180.0,296.76,95.0
Outpatient,3384,52,52,20180.0,388.08,150.0
Outpatient,V717,68,68,20180.0,296.76,100.0
Outpatient,25032,162,161,20170.0,124.51,70.0
Outpatient,8479,65,65,20170.0,310.31,100.0
Outpatient,3518,60,60,20170.0,336.17,200.0
Outpatient,29593,67,66,20150.0,300.75,100.0
Outpatient,4565,74,74,20140.0,272.16,100.0
Outpatient,4049,64,64,20140.0,314.69,75.0
Outpatient,2903,102,101,20130.0,197.35,90.0
Outpatient,5934,95,95,20130.0,211.89,60.0
Outpatient,5692,55,55,20120.0,365.82,200.0
Outpatient,51181,31,29,20110.0,648.71,400.0
Outpatient,2305,54,54,20100.0,372.22,90.0
Outpatient,1971,28,28,20100.0,717.86,350.0
Outpatient,43830,59,58,20100.0,340.68,200.0
Outpatient,24921,140,140,20080.0,143.43,80.0
Outpatient,5648,84,84,20080.0,239.05,90.0
Outpatient,4168,112,111,20080.0,179.29,35.0
Outpatient,68101,103,103,20070.0,194.85,100.0
Outpatient,43841,50,49,20060.0,401.2,300.0
Outpatient,71687,70,70,20060.0,286.57,90.0
Outpatient,78491,140,140,20050.0,143.21,60.0
Outpatient,29580,65,64,20040.0,308.31,90.0
Outpatient,29513,68,67,20040.0,294.71,80.0
Outpatient,84502,75,75,20040.0,267.2,200.0
Outpatient,56989,96,96,20030.0,208.65,100.0
Outpatient,34551,95,95,20010.0,210.63,60.0
Outpatient,56943,49,49,19990.0,407.96,300.0
Outpatient,2460,240,240,19980.0,83.25,60.0
Outpatient,5852,96,96,19980.0,208.13,60.0
Outpatient,44381,70,70,19980.0,285.43,80.0
Outpatient,1801,30,30,19970.0,665.67,90.0
Outpatient,71822,86,86,19970.0,232.21,70.0
Outpatient,0381,26,26,19960.0,767.69,250.0
Outpatient,4611,180,180,19960.0,110.89,70.0
Outpatient,29189,35,35,19960.0,570.29,300.0
Outpatient,2851,93,91,19940.0,214.41,50.0
Outpatient,40591,51,51,19930.0,390.78,80.0
Outpatient,79439,68,67,19930.0,293.09,100.0
Outpatient,2114,35,35,19910.0,568.86,500.0
Outpatient,71924,69,69,19900.0,288.41,100.0
Outpatient,71955,74,74,19890.0,268.78,100.0
Outpatient,40301,73,73,19890.0,272.47,70.0
Outpatient,11595,73,73,19870.0,272.19,100.0
Outpatient,2454,249,248,19870.0,79.8,60.0
Outpatient,3536,45,45,19870.0,441.56,100.0
Outpatient,25063,168,167,19860.0,118.21,75.0
Outpatient,3460,84,83,19860.0,236.43,200.0
Outpatient,20032,19,19,19860.0,1045.26,500.0
Outpatient,4380,46,46,19850.0,431.52,250.0
Outpatient,2112,45,45,19850.0,441.11,400.0
Outpatient,46411,181,181,19840.0,109.61,60.0
Outpatient,29555,72,72,19830.0,275.42,80.0
Outpatient,25040,139,139,19820.0,142.59,70.0
Outpatient,3577,55,55,19820.0,360.36,200.0
Outpatient,2443,258,258,19820.0,76.82,60.0
Outpatient,20970,31,30,19810.0,639.03,300.0
Outpatient,71654,79,79,19800.0,250.63,100.0
Outpatient,2982,78,77,19800.0,253.85,80.0
Outpatient,8443,60,60,19790.0,329.83,200.0
Outpatient,72762,98,98,19790.0,201.94,80.0
Outpatient,79413,50,50,19750.0,395.0,200.0
Outpatient,2381,54,54,19740.0,365.56,70.0
Outpatient,5724,123,123,19740.0,160.49,80.0
Outpatient,78947,95,95,19740.0,207.79,100.0
Outpatient,7920,55,55,19740.0,358.91,200.0
Outpatient,78469,59,59,19740.0,334.58,200.0
Outpatient,2247,33,33,19740.0,598.18,400.0
Outpatient,0220,111,111,19730.0,177.75,80.0
Outpatient,5851,101,101,19730.0,195.35,60.0
Outpatient,1978,23,23,19710.0,856.96,200.0
Outpatient,78862,156,155,19710.0,126.35,40.0
Outpatient,4475,64,64,19710.0,307.97,80.0
Outpatient,78722,105,105,19680.0,187.43,90.0
Outpatient,2794,20,20,19670.0,983.5,450.0
Outpatient,4420,61,61,19650.0,322.13,200.0
Outpatient,4465,68,68,19630.0,288.68,95.0
Outpatient,44321,60,60,19630.0,327.17,200.0
Outpatient,V555,135,135,19620.0,145.33,50.0
Outpatient,35929,54,54,19610.0,363.15,200.0
Outpatient,56489,96,96,19610.0,204.27,100.0
Outpatient,2971,71,71,19600.0,276.06,90.0
Outpatient,23875,77,77,19600.0,254.55,70.0
Outpatient,1144,57,56,19590.0,343.68,100.0
Outpatient,72749,105,105,19580.0,186.48,80.0
Outpatient,32734,54,54,19580.0,362.59,200.0
Outpatient,56481,93,93,19570.0,210.43,100.0
Outpatient,2981,73,73,19540.0,267.67,90.0
Outpatient,4374,50,50,19530.0,390.6,100.0
Outpatient,2399,62,62,19520.0,314.84,60.0
Outpatient,5128,97,97,19510.0,201.13,100.0
Outpatient,44322,59,59,19510.0,330.68,200.0
Outpatient,1725,51,51,19490.0,382.16,60.0
Outpatient,35979,50,50,19490.0,389.8,200.0
Outpatient,7104,96,95,19490.0,203.02,80.0
Outpatient,78837,144,144,19480.0,135.28,45.0
Outpatient,29570,61,61,19480.0,319.34,100.0
Outpatient,20963,34,34,19480.0,572.94,400.0
Outpatient,3492,52,52,19460.0,374.23,95.0
Outpatient,2980,83,83,19460.0,234.46,80.0
Outpatient,5728,130,130,19450.0,149.62,60.0
Outpatient,4171,135,133,19450.0,144.07,20.0
Outpatient,4581,72,72,19450.0,270.14,90.0
Outpatient,2860,101,101,19430.0,192.38,20.0
Outpatient,4429,70,70,19410.0,277.29,200.0
Outpatient,V4974,99,99,19410.0,196.06,80.0
Outpatient,51881,30,30,19390.0,646.33,250.0
Outpatient,24211,242,242,19390.0,80.12,60.0
Outpatient,3321,48,48,19380.0,403.75,90.0
Outpatient,78869,156,156,19380.0,124.23,40.0
Outpatient,71684,80,80,19370.0,242.13,95.0
Outpatient,5699,102,102,19370.0,189.9,90.0
Outpatient,20053,20,20,19360.0,968.0,450.0
Outpatient,71986,70,70,19350.0,276.43,90.0
Outpatient,V4459,132,132,19350.0,146.59,45.0
Outpatient,570,136,136,19350.0,142.28,60.0
Outpatient,6860,125,125,19340.0,154.72,80.0
Outpatient,5932,96,96,19320.0,201.25,60.0
Outpatient,2107,45,45,19310.0,429.11,400.0
Outpatient,2461,249,249,19300.0,77.51,60.0
Outpatient,3540,47,47,19300.0,410.64,200.0
Outpatient,46430,198,196,19290.0,97.42,60.0
Outpatient,79414,53,53,19290.0,363.96,200.0
Outpatient,7350,25,25,19290.0,771.6,100.0
Outpatient,59389,107,107,19280.0,180.19,70.0
Outpatient,3531,54,54,19250.0,356.48,200.0
Outpatient,4659,173,172,19250.0,111.27,70.0
Outpatient,1972,43,43,19250.0,447.67,200.0
Outpatient,4733,194,192,19240.0,99.18,70.0
Outpatient,78932,96,96,19240.0,200.42,100.0
Outpatient,2127,33,33,19230.0,582.73,400.0
Outpatient,7279,98,98,19230.0,196.22,90.0
Outpatient,43814,46,46,19200.0,417.39,200.0
Outpatient,4512,130,129,19200.0,147.69,20.0
Outpatient,3535,50,50,19180.0,383.6,200.0
Outpatient,32732,54,54,19180.0,355.19,200.0
Outpatient,71926,68,68,19180.0,282.06,100.0
Outpatient,99647,29,29,19180.0,661.38,100.0
Outpatient,5651,43,43,19170.0,445.81,400.0
Outpatient,59970,134,134,19170.0,143.06,60.0
Outpatient,2400,255,254,19150.0,75.1,60.0
Outpatient,25071,159,158,19140.0,120.38,80.0
Outpatient,40391,56,56,19130.0,341.61,60.0
Outpatient,5994,31,31,19100.0,616.13,60.0
Outpatient,23871,62,62,19100.0,308.06,70.0
Outpatient,2979,71,69,19090.0,268.87,80.0
Outpatient,59373,101,101,19050.0,188.61,60.0
Outpatient,29571,71,71,19020.0,267.89,80.0
Outpatient,29594,63,63,19020.0,301.9,100.0
Outpatient,5961,30,30,19010.0,633.67,100.0
Outpatient,2972,76,76,19010.0,250.13,80.0
Outpatient,78936,94,94,18980.0,201.91,100.0
Outpatient,20966,37,37,18980.0,512.97,500.0
Outpatient,V127,102,102,18980.0,186.08,95.0
Outpatient,6827,122,121,18970.0,155.49,80.0
Outpatient,1992,39,39,18970.0,486.41,90.0
Outpatient,2109,37,37,18960.0,512.43,400.0
Outpatient,2983,75,75,18960.0,252.8,80.0
Outpatient,53400,63,63,18960.0,300.95,100.0
Outpatient,4370,44,44,18960.0,430.91,95.0
Outpatient,4416,50,50,18950.0,379.0,150.0
Outpatient,V441,98,98,18950.0,193.37,100.0
Outpatient,78939,99,99,18940.0,191.31,80.0
Outpatient,5930,108,108,18920.0,175.19,60.0
Outpatient,0321,181,181,18920.0,104.53,60.0
Outpatient,46451,149,149,18920.0,126.98,60.0
Outpatient,29565,59,59,18920.0,320.68,80.0
Outpatient,28859,44,43,18900.0,429.55,55.0
Outpatient,24941,151,151,18900.0,125.17,80.0
Outpatient,82013,45,44,18900.0,420.0,300.0
Outpatient,44282,64,64,18890.0,295.16,200.0
Outpatient,78723,92,92,18890.0,205.33,100.0
Outpatient,5997,161,161,18880.0,117.27,40.0
Outpatient,5640,107,107,18870.0,176.36,90.0
Outpatient,4658,169,168,18860.0,111.6,70.0
Outpatient,V474,140,140,18850.0,134.64,50.0
Outpatient,34510,101,101,18840.0,186.53,60.0
Outpatient,5641,93,93,18830.0,202.47,80.0
Outpatient,3589,46,46,18800.0,408.7,100.0
Outpatient,11505,65,65,18780.0,288.92,100.0
Outpatient,2167,45,45,18770.0,417.11,300.0
Outpatient,5781,55,55,18770.0,341.27,80.0
Outpatient,78831,128,128,18760.0,146.56,55.0
Outpatient,6820,108,108,18750.0,173.61,70.0
Outpatient,1973,23,23,18740.0,814.78,400.0
Outpatient,72981,89,89,18730.0,210.45,90.0
Outpatient,29523,60,60,18720.0,312.0,100.0
Outpatient,78861,126,126,18720.0,148.57,60.0
Outpatient,4801,73,73,18720.0,256.44,80.0
Outpatient,29582,48,48,18710.0,389.79,100.0
Outpatient,4592,63,63,18700.0,296.83,100.0
Outpatient,V1259,71,71,18700.0,263.38,90.0
Outpatient,7109,98,96,18690.0,190.71,80.0
Outpatient,71681,66,66,18680.0,283.03,100.0
Outpatient,4417,63,63,18680.0,296.51,200.0
Outpatient,4169,140,140,18670.0,133.36,20.0
Outpatient,24901,154,154,18660.0,121.17,75.0
Outpatient,V5309,51,51,18650.0,365.69,200.0
Outpatient,8470,59,59,18630.0,315.76,200.0
Outpatient,82524,31,31,18620.0,600.65,200.0
Outpatient,3573,52,51,18620.0,358.08,100.0
Outpatient,3383,58,58,18610.0,320.86,200.0
Outpatient,8449,77,77,18610.0,241.69,100.0
Outpatient,78931,89,89,18590.0,208.88,100.0
Outpatient,7889,121,121,18590.0,153.64,40.0
Outpatient,3592,54,53,18580.0,344.07,100.0
Outpatient,2870,98,97,18570.0,189.49,15.0
Outpatient,34690,76,76,18570.0,244.34,200.0
Outpatient,3619,16,16,18550.0,1159.38,1650.0
Outpatient,8403,69,69,18540.0,268.7,200.0
Outpatient,8440,62,62,18530.0,298.87,100.0
Outpatient,3455,103,103,18510.0,179.71,60.0
Outpatient,71812,86,86,18510.0,215.23,100.0
Outpatient,7108,97,96,18500.0,190.72,70.0
Outpatient,7885,132,131,18500.0,140.15,50.0
Outpatient,71994,85,85,18490.0,217.53,100.0
Outpatient,28866,40,40,18490.0,462.25,90.0
Outpatient,34581,102,102,18480.0,181.18,70.0
Outpatient,78821,153,153,18460.0,120.65,40.0
Outpatient,29505,62,62,18440.0,297.42,85.0
Outpatient,92300,51,51,18430.0,361.37,200.0
Outpatient,24230,227,227,18410.0,81.1,60.0
Outpatient,34989,38,38,18410.0,484.47,250.0
Outpatient,4010,74,74,18400.0,248.65,50.0
Outpatient,35981,56,56,18400.0,328.57,200.0
Outpatient,59659,25,25,18390.0,735.6,300.0
Outpatient,71856,77,77,18380.0,238.7,100.0
Outpatient,5880,93,92,18370.0,197.53,70.0
Outpatient,243,237,237,18370.0,77.51,60.0
Outpatient,71601,71,71,18360.0,258.59,90.0
Outpatient,82011,43,43,18360.0,426.98,300.0
Outpatient,3534,60,60,18360.0,306.0,200.0
Outpatient,45989,81,81,18350.0,226.54,80.0
Outpatient,8483,62,62,18350.0,295.97,100.0
Outpatient,2155,32,32,18330.0,572.81,400.0
Outpatient,4151,128,128,18330.0,143.2,10.0
Outpatient,2392,60,60,18330.0,305.5,75.0
Outpatient,5581,91,91,18320.0,201.32,100.0
Outpatient,34889,52,52,18320.0,352.31,100.0
Outpatient,2352,63,63,18320.0,290.79,100.0
Outpatient,34541,93,93,18320.0,196.99,90.0
Outpatient,79419,52,52,18290.0,351.73,200.0
Outpatient,7919,123,123,18270.0,148.54,50.0
Outpatient,1500,31,31,18270.0,589.35,100.0
Outpatient,78799,100,100,18260.0,182.6,70.0
Outpatient,3452,101,101,18250.0,180.69,60.0
Outpatient,78032,104,103,18250.0,175.48,60.0
Outpatient,5968,33,33,18250.0,553.03,100.0
Outpatient,44283,74,74,18240.0,246.49,200.0
Outpatient,2224,38,38,18230.0,479.74,400.0
Outpatient,84513,71,71,18220.0,256.62,100.0
Outpatient,6806,105,105,18220.0,173.52,80.0
Outpatient,2469,233,230,18210.0,78.15,60.0
Outpatient,V074,129,129,18210.0,141.16,50.0
Outpatient,5109,87,87,18210.0,209.31,100.0
Outpatient,2411,236,236,18190.0,77.08,60.0
Outpatient,78943,98,98,18180.0,185.51,90.0
Outpatient,4563,70,68,18180.0,259.71,100.0
Outpatient,5889,113,113,18170.0,160.8,60.0
Outpatient,71658,79,79,18170.0,230.0,90.0
Outpatient,4461,55,55,18160.0,330.18,70.0
Outpatient,1363,58,58,18150.0,312.93,75.0
Outpatient,7962,71,71,18140.0,255.49,90.0
Outpatient,V4611,28,28,18130.0,647.5,200.0
Outpatient,2165,32,32,18130.0,566.56,400.0
Outpatient,71936,79,79,18120.0,229.37,100.0
Outpatient,71819,76,76,18100.0,238.16,100.0
Outpatient,56981,100,99,18090.0,180.9,95.0
Outpatient,V1007,57,57,18090.0,317.37,100.0
Outpatient,78833,167,167,18080.0,108.26,40.0
Outpatient,34580,98,97,18070.0,184.39,80.0
Outpatient,5693,48,48,18070.0,376.46,300.0
Outpatient,4553,60,60,18070.0,301.17,100.0
Outpatient,V530,52,52,18050.0,347.12,100.0
Outpatient,71697,90,90,18050.0,200.56,90.0
Outpatient,29545,63,63,18040.0,286.35,90.0
Outpatient,6279,125,125,18040.0,144.32,60.0
Outpatient,71853,73,73,18030.0,246.99,100.0
Outpatient,7105,87,87,18030.0,207.24,90.0
Outpatient,23877,69,68,18020.0,261.16,70.0
Outpatient,3558,53,53,18020.0,340.0,200.0
Outpatient,59989,132,132,18000.0,136.36,50.0
Outpatient,71957,79,79,18000.0,227.85,90.0
Outpatient,25053,149,148,18000.0,120.81,70.0
Outpatient,2254,47,47,17980.0,382.55,400.0
Outpatient,29514,60,60,17950.0,299.17,80.0
Outpatient,25073,135,133,17950.0,132.96,80.0
Outpatient,3598,49,49,17950.0,366.33,100.0
Outpatient,7935,129,129,17930.0,138.99,60.0
Outpatient,71946,64,64,17930.0,280.16,85.0
Outpatient,32753,53,53,17920.0,338.11,100.0
Outpatient,V421,62,62,17910.0,288.87,90.0
Outpatient,V151,60,60,17910.0,298.5,90.0
Outpatient,25060,161,159,17890.0,111.12,70.0
Outpatient,8404,65,65,17870.0,274.92,200.0
Outpatient,71991,67,67,17860.0,266.57,100.0
Outpatient,20044,20,20,17860.0,893.0,650.0
Outpatient,V1309,123,123,17850.0,145.12,50.0
Outpatient,48289,49,48,17850.0,364.29,100.0
Outpatient,8410,64,64,17840.0,278.75,200.0
Outpatient,V4613,30,30,17830.0,594.33,250.0
Outpatient,59372,98,98,17830.0,181.94,80.0
Outpatient,4413,64,64,17810.0,278.28,200.0
Outpatient,53241,53,53,17800.0,335.85,100.0
Outpatient,6804,123,123,17780.0,144.55,70.0
Outpatient,71951,72,72,17770.0,246.81,95.0
Outpatient,3453,112,112,17770.0,158.66,60.0
Outpatient,24201,247,247,17760.0,71.9,60.0
Outpatient,5401,12,12,17750.0,1479.17,1700.0
Outpatient,4040,68,68,17740.0,260.88,95.0
Outpatient,20280,17,17,17740.0,1043.53,400.0
Outpatient,78930,93,93,17720.0,190.54,100.0
Outpatient,79430,67,67,17700.0,264.18,90.0
Outpatient,4739,171,170,17680.0,103.39,60.0
Outpatient,5609,36,36,17680.0,491.11,300.0
Outpatient,71889,75,75,17680.0,235.73,100.0
Outpatient,43811,51,51,17680.0,346.67,200.0
Outpatient,44102,62,62,17670.0,285.0,200.0
Outpatient,33729,52,52,17670.0,339.81,100.0
Outpatient,1984,28,28,17670.0,631.07,300.0
Outpatient,71914,72,72,17650.0,245.14,70.0
Outpatient,1722,48,47,17650.0,367.71,70.0
Outpatient,35571,51,50,17650.0,346.08,200.0
Outpatient,0310,68,67,17650.0,259.56,75.0
Outpatient,7910,166,166,17640.0,106.27,40.0
Outpatient,460,165,163,17630.0,106.85,60.0
Outpatient,7134,84,84,17630.0,209.88,100.0
Outpatient,71662,75,75,17620.0,234.93,100.0
Outpatient,4718,60,60,17610.0,293.5,90.0
Outpatient,V485,49,49,17590.0,358.98,200.0
Outpatient,79417,52,52,17580.0,338.08,100.0
Outpatient,V1082,50,50,17570.0,351.4,90.0
Outpatient,2231,32,32,17560.0,548.75,400.0
Outpatient,2970,59,56,17560.0,297.63,90.0
Outpatient,4463,60,60,17550.0,292.5,100.0
Outpatient,44629,70,69,17540.0,250.57,80.0
Outpatient,29564,73,72,17530.0,240.14,70.0
Outpatient,78459,40,40,17530.0,438.25,150.0
Outpatient,3530,42,42,17530.0,417.38,200.0
Outpatient,73313,20,20,17500.0,875.0,150.0
Outpatient,29553,60,59,17500.0,291.67,85.0
Outpatient,6265,52,52,17500.0,336.54,65.0
Outpatient,3480,57,57,17500.0,307.02,100.0
Outpatient,78834,131,131,17500.0,133.59,40.0
Outpatient,36254,16,16,17500.0,1093.75,1100.0
Outpatient,V475,156,156,17490.0,112.12,40.0
Outpatient,7888,141,141,17490.0,124.04,40.0
Outpatient,2124,39,39,17480.0,448.21,400.0
Outpatient,3550,43,43,17470.0,406.28,100.0
Outpatient,V130,135,135,17460.0,129.33,50.0
Outpatient,20006,19,19,17460.0,918.95,300.0
Outpatient,V536,142,141,17450.0,122.89,40.0
Outpatient,53440,58,58,17450.0,300.86,90.0
Outpatient,8413,58,58,17450.0,300.86,200.0
Outpatient,2359,62,62,17410.0,280.81,95.0
Outpatient,2251,33,33,17380.0,526.67,400.0
Outpatient,4552,57,57,17380.0,304.91,100.0
Outpatient,8469,61,61,17380.0,284.92,200.0
Outpatient,73393,24,24,17370.0,723.75,200.0
Outpatient,1985,30,30,17370.0,579.0,200.0
Outpatient,84519,60,60,17360.0,289.33,200.0
Outpatient,6807,99,99,17360.0,175.35,70.0
Outpatient,4788,50,50,17360.0,347.2,100.0
Outpatient,2989,64,64,17350.0,271.09,80.0
Outpatient,3520,47,47,17330.0,368.72,100.0
Outpatient,3484,45,45,17300.0,384.44,200.0
Outpatient,8481,62,62,17300.0,279.03,200.0
Outpatient,2370,51,51,17290.0,339.02,80.0
Outpatient,35801,57,57,17290.0,303.33,200.0
Outpatient,1505,45,45,17280.0,384.0,100.0
Outpatient,2879,104,104,17270.0,166.06,10.0
Outpatient,34550,105,105,17270.0,164.48,60.0
Outpatient,23874,67,67,17260.0,257.61,70.0
Outpatient,29531,72,71,17260.0,239.72,80.0
Outpatient,59960,141,141,17260.0,122.41,40.0
Outpatient,71643,75,75,17260.0,230.13,100.0
Outpatient,556,42,42,17250.0,410.71,75.0
Outpatient,2125,42,42,17250.0,410.71,400.0
Outpatient,2799,19,19,17250.0,907.89,700.0
Outpatient,80503,20,20,17240.0,862.0,300.0
Outpatient,7132,73,73,17230.0,236.03,100.0
Outpatient,28981,91,91,17230.0,189.34,20.0
Outpatient,3562,48,48,17220.0,358.75,100.0
Outpatient,71858,78,78,17210.0,220.64,100.0
Outpatient,8442,73,73,17180.0,235.34,200.0
Outpatient,41411,73,73,17180.0,235.34,70.0
Outpatient,1726,54,54,17180.0,318.15,75.0
Outpatient,V1300,135,135,17170.0,127.19,50.0
Outpatient,5799,91,91,17170.0,188.68,80.0
Outpatient,33922,68,68,17160.0,252.35,200.0
Outpatient,7803,95,95,17150.0,180.53,90.0
Outpatient,3519,57,57,17150.0,300.88,100.0
Outpatient,2419,221,219,17130.0,77.51,60.0
Outpatient,33818,39,39,17130.0,439.23,200.0
Outpatient,71928,67,67,17120.0,255.52,100.0
Outpatient,2115,33,33,17120.0,518.79,400.0
Outpatient,6808,98,98,17110.0,174.59,80.0
Outpatient,8474,59,59,17100.0,289.83,100.0
Outpatient,32737,51,51,17100.0,335.29,100.0
Outpatient,68609,106,106,17090.0,161.23,90.0
Outpatient,71993,65,65,17090.0,262.92,100.0
Outpatient,36220,19,19,17090.0,899.47,100.0
Outpatient,84213,61,61,17070.0,279.84,100.0
Outpatient,71659,78,78,17060.0,218.72,75.0
Outpatient,217,36,36,17060.0,473.89,400.0
Outpatient,53200,60,60,17060.0,284.33,95.0
Outpatient,4644,154,154,17060.0,110.78,60.0
Outpatient,40413,79,79,17050.0,215.82,60.0
Outpatient,71815,82,82,17050.0,207.93,100.0
Outpatient,4591,68,68,17050.0,250.74,100.0
Outpatient,0311,121,121,17030.0,140.74,70.0
Outpatient,29560,69,69,17030.0,246.81,100.0
Outpatient,4102,28,28,17030.0,608.21,600.0
Outpatient,2449,244,242,17020.0,69.75,50.0
Outpatient,7961,65,65,17010.0,261.69,100.0
Outpatient,71966,85,85,17010.0,200.12,80.0
Outpatient,7812,38,38,17000.0,447.37,150.0
Outpatient,0382,18,18,16990.0,943.89,650.0
Outpatient,1976,42,42,16990.0,404.52,200.0
Outpatient,7135,68,68,16990.0,249.85,100.0
Outpatient,59651,34,34,16980.0,499.41,70.0
Outpatient,71950,75,75,16970.0,226.27,90.0
Outpatient,61802,27,27,16960.0,628.15,60.0
Outpatient,4824,50,50,16960.0,339.2,100.0
Outpatient,41519,146,146,16950.0,116.1,25.0
Outpatient,3543,49,48,16950.0,345.92,200.0
Outpatient,8462,65,65,16940.0,260.62,100.0
Outpatient,29533,74,74,16930.0,228.78,70.0
Outpatient,71641,60,60,16920.0,282.0,95.0
Outpatient,03285,104,104,16900.0,162.5,70.0
Outpatient,2360,65,65,16890.0,259.85,60.0
Outpatient,71663,69,69,16890.0,244.78,100.0
Outpatient,71630,70,70,16880.0,241.14,100.0
Outpatient,71905,78,78,16880.0,216.41,100.0
Outpatient,2130,39,39,16880.0,432.82,400.0
Outpatient,3579,51,51,16860.0,330.59,100.0
Outpatient,3411,53,52,16840.0,317.74,100.0
Outpatient,4410,51,51,16840.0,330.2,100.0
Outpatient,7917,129,128,16830.0,130.47,50.0
Outpatient,73396,23,23,16810.0,730.87,100.0
Outpatient,V4612,32,32,16810.0,525.31,300.0
Outpatient,1975,29,29,16800.0,579.31,300.0
Outpatient,71877,74,74,16790.0,226.89,70.0
Outpatient,35789,44,44,16790.0,381.59,200.0
Outpatient,45910,71,70,16780.0,236.34,100.0
Outpatient,29502,57,57,16780.0,294.39,80.0
Outpatient,5991,36,36,16770.0,465.83,150.0
Outpatient,71992,76,76,16770.0,220.66,100.0
Outpatient,2375,62,62,16770.0,270.48,60.0
Outpatient,40599,76,76,16760.0,220.53,65.0
Outpatient,0390,99,98,16760.0,169.29,80.0
Outpatient,33821,53,53,16740.0,315.85,100.0
Outpatient,84212,71,71,16740.0,235.77,200.0
Outpatient,33811,55,55,16740.0,304.36,100.0
Outpatient,3410,54,54,16730.0,309.81,100.0
Outpatient,2244,31,31,16730.0,539.68,500.0
Outpatient,8488,62,62,16720.0,269.68,200.0
Outpatient,4376,52,52,16720.0,321.54,100.0
Outpatient,79093,47,47,16690.0,355.11,90.0
Outpatient,82010,40,40,16690.0,417.25,250.0
Outpatient,28851,41,40,16680.0,406.83,100.0
Outpatient,734,18,18,16680.0,926.67,240.0
Outpatient,82012,37,37,16680.0,450.81,300.0
Outpatient,V556,145,144,16670.0,114.97,60.0
Outpatient,25081,143,142,16670.0,116.57,70.0
Outpatient,2304,52,52,16670.0,320.58,100.0
Outpatient,46450,149,147,16670.0,111.88,70.0
Outpatient,5646,45,45,16650.0,370.0,400.0
Outpatient,2390,62,62,16650.0,268.55,60.0
Outpatient,4570,76,76,16650.0,219.08,100.0
Outpatient,34701,66,66,16640.0,252.12,200.0
Outpatient,42491,100,98,16640.0,166.4,75.0
Outpatient,19882,33,33,16630.0,503.94,100.0
Outpatient,11515,61,61,16630.0,272.62,90.0
Outpatient,68100,110,110,16620.0,151.09,80.0
Outpatient,34571,95,95,16620.0,174.95,70.0
Outpatient,48281,60,60,16610.0,276.83,65.0
Outpatient,6829,138,138,16610.0,120.36,80.0
Outpatient,59971,134,134,16590.0,123.81,50.0
Outpatient,2102,29,29,16590.0,572.07,400.0
Outpatient,71980,85,85,16580.0,195.06,80.0
Outpatient,8472,74,74,16560.0,223.78,200.0
Outpatient,36131,16,16,16560.0,1035.0,150.0
Outpatient,32700,55,55,16540.0,300.73,90.0
Outpatient,45911,76,75,16540.0,217.63,90.0
Outpatient,2137,39,39,16510.0,423.33,400.0
Outpatient,V162,53,53,16500.0,311.32,100.0
Outpatient,53420,56,56,16500.0,294.64,100.0
Outpatient,2382,59,59,16500.0,279.66,70.0
Outpatient,8419,66,66,16500.0,250.0,150.0
Outpatient,1968,35,35,16490.0,471.14,100.0
Outpatient,7100,88,88,16490.0,187.39,100.0
Outpatient,29500,66,66,16480.0,249.7,70.0
Outpatient,71632,77,76,16480.0,214.03,100.0
Outpatient,486,63,63,16480.0,261.59,100.0
Outpatient,3459,109,108,16470.0,151.1,60.0
Outpatient,4292,65,64,16460.0,253.23,70.0
Outpatient,0320,159,159,16460.0,103.52,60.0
Outpatient,4161,137,137,16450.0,120.07,30.0
Outpatient,4560,47,47,16440.0,349.79,100.0
Outpatient,71826,78,78,16420.0,210.51,100.0
Outpatient,78864,114,114,16420.0,144.04,50.0
Outpatient,59984,29,29,16420.0,566.21,70.0
Outpatient,V4322,52,52,16420.0,315.77,90.0
Outpatient,9971,28,28,16380.0,585.0,250.0
Outpatient,29573,62,61,16370.0,264.03,100.0
Outpatient,6274,116,116,16360.0,141.03,50.0
Outpatient,71947,69,69,16350.0,236.96,100.0
Outpatient,33822,48,48,16340.0,340.42,100.0
Outpatient,71854,71,71,16320.0,229.86,100.0
Outpatient,4557,44,44,16320.0,370.91,300.0
Outpatient,3419,46,46,16320.0,354.78,100.0
Outpatient,71688,67,67,16310.0,243.43,90.0
Outpatient,84209,64,64,16310.0,254.84,100.0
Outpatient,71650,90,90,16310.0,181.22,80.0
Outpatient,2301,34,33,16290.0,479.12,400.0
Outpatient,8473,79,79,16270.0,205.95,200.0
Outpatient,71873,77,77,16270.0,211.3,80.0
Outpatient,V417,144,143,16270.0,112.99,50.0
Outpatient,71818,62,62,16260.0,262.26,100.0
Outpatient,78838,132,132,16220.0,122.88,40.0
Outpatient,40291,68,68,16220.0,238.53,80.0
Outpatient,7912,133,133,16220.0,121.95,40.0
Outpatient,27904,15,15,16210.0,1080.67,600.0
Outpatient,7914,139,139,16210.0,116.62,50.0
Outpatient,6828,110,110,16190.0,147.18,80.0
Outpatient,59653,36,36,16180.0,449.44,95.0
Outpatient,71690,85,85,16180.0,190.35,90.0
Outpatient,45930,72,72,16180.0,224.72,95.0
Outpatient,29590,72,72,16170.0,224.58,90.0
Outpatient,71633,65,65,16170.0,248.77,90.0
Outpatient,7197,66,66,16170.0,245.0,85.0
Outpatient,2299,30,30,16170.0,539.0,400.0
Outpatient,3593,57,57,16160.0,283.51,100.0
Outpatient,2298,34,34,16160.0,475.29,400.0
Outpatient,5173,23,23,16160.0,702.61,500.0
Outpatient,1543,59,58,16150.0,273.73,70.0
Outpatient,9057,61,61,16140.0,264.59,200.0
Outpatient,44501,22,22,16130.0,733.18,150.0
Outpatient,29381,56,53,16120.0,287.86,85.0
Outpatient,36215,21,21,16120.0,767.62,200.0
Outpatient,71683,81,81,16120.0,199.01,70.0
Outpatient,5939,99,99,16110.0,162.73,60.0
Outpatient,8431,74,74,16110.0,217.7,100.0
Outpatient,0210,105,105,16100.0,153.33,100.0
Outpatient,41512,142,142,16090.0,113.31,20.0
Outpatient,45919,76,76,16080.0,211.58,80.0
Outpatient,4479,69,68,16070.0,232.9,90.0
Outpatient,71963,72,72,16070.0,223.19,75.0
Outpatient,4820,63,63,16060.0,254.92,70.0
Outpatient,53220,56,56,16050.0,286.61,200.0
Outpatient,4588,60,60,16050.0,267.5,90.0
Outpatient,61800,21,21,16040.0,763.81,80.0
Outpatient,1911,11,11,16040.0,1458.18,400.0
Outpatient,20969,42,42,16030.0,381.67,400.0
Outpatient,035,108,108,15990.0,148.06,80.0
Outpatient,71660,89,89,15990.0,179.66,80.0
Outpatient,8441,65,65,15980.0,245.85,200.0
Outpatient,34680,78,78,15980.0,204.87,100.0
Outpatient,56039,31,31,15970.0,515.16,500.0
Outpatient,24291,242,241,15970.0,65.99,50.0
Outpatient,44101,63,63,15960.0,253.33,200.0
Outpatient,3554,49,49,15950.0,325.51,200.0
Outpatient,20058,18,18,15930.0,885.0,450.0
Outpatient,2389,57,57,15920.0,279.3,90.0
Outpatient,3450,80,79,15900.0,198.75,60.0
Outpatient,22804,29,29,15900.0,548.28,400.0
Outpatient,1737,73,73,15900.0,217.81,60.0
Outpatient,3580,50,50,15900.0,318.0,100.0
Outpatient,462,177,177,15890.0,89.77,70.0
Outpatient,79402,54,54,15890.0,294.26,100.0
Outpatient,4472,63,63,15890.0,252.22,90.0
Outpatient,8460,68,67,15870.0,233.38,150.0
Outpatient,4178,147,147,15870.0,107.96,30.0
Outpatient,2232,44,44,15860.0,360.45,400.0
Outpatient,3454,95,94,15850.0,166.84,70.0
Outpatient,71886,70,70,15850.0,226.43,100.0
Outpatient,7103,99,98,15840.0,160.0,70.0
Outpatient,71699,71,71,15840.0,223.1,90.0
Outpatient,6826,104,104,15830.0,152.21,80.0
Outpatient,6809,111,111,15820.0,142.52,80.0
Outpatient,V124,53,53,15820.0,298.49,100.0
Outpatient,3544,39,39,15800.0,405.13,200.0
Outpatient,5550,43,43,15800.0,367.44,70.0
Outpatient,20215,20,20,15800.0,790.0,100.0
Outpatient,33984,80,79,15790.0,197.38,100.0
Outpatient,03811,19,19,15790.0,831.05,300.0
Outpatient,7138,75,75,15770.0,210.27,100.0
Outpatient,36100,17,17,15770.0,927.65,100.0
Outpatient,6869,95,95,15770.0,166.0,70.0
Outpatient,59652,25,25,15760.0,630.4,300.0
Outpatient,71621,86,86,15750.0,183.14,75.0
Outpatient,33183,58,58,15720.0,271.03,90.0
Outpatient,7817,59,59,15720.0,266.44,100.0
Outpatient,84210,60,60,15710.0,261.83,200.0
Outpatient,4578,65,65,15710.0,241.69,100.0
Outpatient,2110,38,38,15700.0,413.16,400.0
Outpatient,71903,70,70,15680.0,224.0,100.0
Outpatient,22381,31,31,15680.0,505.81,600.0
Outpatient,71979,74,73,15660.0,211.62,100.0
Outpatient,71664,78,78,15660.0,200.77,95.0
Outpatient,23691,64,64,15650.0,244.53,60.0
Outpatient,27912,18,18,15650.0,869.44,250.0
Outpatient,32733,44,44,15650.0,355.68,200.0
Outpatient,2154,38,38,15650.0,411.84,400.0
Outpatient,2157,38,38,15630.0,411.32,400.0
Outpatient,2219,42,42,15630.0,372.14,350.0
Outpatient,41051,20,20,15620.0,781.0,400.0
Outpatient,36234,17,17,15610.0,918.24,200.0
Outpatient,71956,73,73,15590.0,213.56,100.0
Outpatient,53300,55,55,15590.0,283.45,90.0
Outpatient,29591,62,62,15580.0,251.29,80.0
Outpatient,99831,20,20,15580.0,779.0,200.0
Outpatient,32736,56,56,15570.0,278.04,200.0
Outpatient,45981,65,65,15570.0,239.54,100.0
Outpatient,79416,40,40,15570.0,389.25,100.0
Outpatient,71810,81,81,15560.0,192.1,100.0
Outpatient,20075,19,19,15560.0,818.95,90.0
Outpatient,3538,43,43,15530.0,361.16,100.0
Outpatient,25043,158,158,15530.0,98.29,70.0
Outpatient,3557,52,52,15530.0,298.65,100.0
Outpatient,71978,68,68,15530.0,228.38,100.0
Outpatient,53301,70,69,15530.0,221.86,100.0
Outpatient,5650,36,36,15520.0,431.11,250.0
Outpatient,4568,69,69,15520.0,224.93,90.0
Outpatient,23690,65,65,15520.0,238.77,60.0
Outpatient,2383,59,59,15520.0,263.05,60.0
Outpatient,2364,54,54,15500.0,287.04,85.0
Outpatient,78832,119,118,15500.0,130.25,60.0
Outpatient,4473,59,59,15500.0,262.71,70.0
Outpatient,4375,33,33,15500.0,469.7,200.0
Outpatient,43853,46,46,15490.0,336.74,95.0
Outpatient,2218,28,28,15490.0,553.21,450.0
Outpatient,34631,76,76,15490.0,203.82,100.0
Outpatient,V1240,46,46,15480.0,336.52,150.0
Outpatient,6185,27,27,15480.0,573.33,80.0
Outpatient,43842,43,42,15470.0,359.77,100.0
Outpatient,2126,38,38,15470.0,407.11,400.0
Outpatient,6803,97,97,15470.0,159.48,80.0
Outpatient,4808,49,49,15470.0,315.71,100.0
Outpatient,2132,28,28,15470.0,552.5,450.0
Outpatient,29535,69,69,15450.0,223.91,80.0
Outpatient,48239,63,63,15440.0,245.08,70.0
Outpatient,71960,64,64,15420.0,240.94,100.0
Outpatient,43832,43,42,15420.0,358.6,300.0
Outpatient,47824,65,64,15410.0,237.08,90.0
Outpatient,83303,16,16,15410.0,963.13,750.0
Outpatient,2129,31,31,15390.0,496.45,400.0
Outpatient,41030,18,18,15390.0,855.0,550.0
Outpatient,3523,48,48,15380.0,320.42,200.0
Outpatient,23879,55,54,15380.0,279.64,70.0
Outpatient,59983,29,29,15370.0,530.0,100.0
Outpatient,2719,56,56,15370.0,274.46,70.0
Outpatient,4618,176,175,15360.0,87.27,60.0
Outpatient,71964,80,80,15350.0,191.88,85.0
Outpatient,2385,65,65,15330.0,235.85,80.0
Outpatient,34623,64,63,15320.0,239.38,200.0
Outpatient,4829,46,46,15310.0,332.83,80.0
Outpatient,41022,15,15,15300.0,1020.0,500.0
Outpatient,6805,102,102,15280.0,149.8,70.0
Outpatient,29575,51,51,15280.0,299.61,80.0
Outpatient,71913,74,74,15270.0,206.35,95.0
Outpatient,71656,81,81,15270.0,188.52,80.0
Outpatient,8271,24,24,15260.0,635.83,250.0
Outpatient,2271,41,41,15250.0,371.95,400.0
Outpatient,79673,48,48,15250.0,317.71,90.0
Outpatient,78839,154,154,15240.0,98.96,40.0
Outpatient,5600,30,30,15240.0,508.0,400.0
Outpatient,3485,49,49,15220.0,310.61,100.0
Outpatient,V186,50,50,15210.0,304.2,95.0
Outpatient,81347,25,25,15200.0,608.0,200.0
Outpatient,3612,15,15,15190.0,1012.67,700.0
Outpatient,73394,24,24,15190.0,632.92,200.0
Outpatient,2388,65,65,15190.0,233.69,70.0
Outpatient,2243,31,31,15180.0,489.68,400.0
Outpatient,4476,68,68,15180.0,223.24,60.0
Outpatient,20940,33,33,15170.0,459.7,400.0
Outpatient,29512,62,60,15170.0,244.68,80.0
Outpatient,71990,75,75,15170.0,202.27,100.0
Outpatient,45620,51,51,15170.0,297.45,200.0
Outpatient,6851,109,109,15170.0,139.17,60.0
Outpatient,20952,39,39,15160.0,388.72,300.0
Outpatient,6868,113,113,15160.0,134.16,80.0
Outpatient,485,47,47,15140.0,322.13,100.0
Outpatient,71892,75,75,15140.0,201.87,70.0
Outpatient,53461,59,59,15140.0,256.61,80.0
Outpatient,2356,47,47,15130.0,321.91,70.0
Outpatient,82001,40,40,15130.0,378.25,150.0
Outpatient,71696,66,66,15110.0,228.94,100.0
Outpatient,9053,41,41,15110.0,368.54,90.0
Outpatient,71647,63,63,15110.0,239.84,100.0
Outpatient,2384,58,58,15110.0,260.52,60.0
Outpatient,2984,59,59,15110.0,256.1,80.0
Outpatient,83212,14,14,15110.0,1079.29,900.0
Outpatient,9517,26,26,15100.0,580.77,250.0
Outpatient,71645,59,59,15100.0,255.93,100.0
Outpatient,2158,42,42,15070.0,358.81,400.0
Outpatient,71995,76,76,15070.0,198.29,90.0
Outpatient,71907,84,84,15070.0,179.4,90.0
Outpatient,4572,65,65,15070.0,231.85,80.0
Outpatient,20081,16,16,15070.0,941.88,150.0
Outpatient,34560,97,96,15060.0,155.26,100.0
Outpatient,51883,29,29,15060.0,519.31,200.0
Outpatient,4372,63,63,15060.0,239.05,70.0
Outpatient,71668,65,65,15060.0,231.69,100.0
Outpatient,0323,172,172,15050.0,87.5,60.0
Outpatient,78461,42,42,15040.0,358.1,150.0
Outpatient,33901,79,79,15030.0,190.25,100.0
Outpatient,8461,58,58,15030.0,259.14,200.0
Outpatient,79921,51,51,15020.0,294.51,80.0
Outpatient,34691,67,67,15020.0,224.18,200.0
Outpatient,5430,7,7,15020.0,2145.71,2800.0
Outpatient,7311,47,47,15020.0,319.57,60.0
Outpatient,71609,72,72,15010.0,208.47,95.0
Outpatient,20957,30,30,15010.0,500.33,350.0
Outpatient,6850,106,106,15000.0,141.51,60.0
Outpatient,92310,55,55,15000.0,272.73,200.0
Outpatient,8468,66,66,15000.0,227.27,100.0
Outpatient,2978,61,60,15000.0,245.9,80.0
Outpatient,34673,58,58,15000.0,258.62,200.0
Outpatient,4610,168,168,14990.0,89.23,60.0
Outpatient,7887,148,148,14990.0,101.28,40.0
Outpatient,4373,52,52,14980.0,288.08,100.0
Outpatient,36260,13,13,14970.0,1151.54,1800.0
Outpatient,3568,40,40,14960.0,374.0,90.0
Outpatient,V664,30,30,14950.0,498.33,200.0
Outpatient,25090,140,140,14940.0,106.71,70.0
Outpatient,78099,56,56,14940.0,266.79,75.0
Outpatient,71653,64,64,14930.0,233.28,100.0
Outpatient,V125,73,73,14930.0,204.52,80.0
Outpatient,29572,77,75,14930.0,193.9,80.0
Outpatient,3559,51,51,14920.0,292.55,200.0
Outpatient,20960,33,33,14900.0,451.52,400.0
Outpatient,8489,62,62,14900.0,240.32,150.0
Outpatient,4423,62,62,14890.0,240.16,100.0
Outpatient,71959,77,77,14890.0,193.38,100.0
Outpatient,44289,54,54,14890.0,275.74,150.0
Outpatient,3588,49,49,14890.0,303.88,200.0
Outpatient,1987,19,19,14880.0,783.16,600.0
Outpatient,3590,46,46,14870.0,323.26,200.0
Outpatient,20070,25,25,14850.0,594.0,200.0
Outpatient,2210,31,31,14850.0,479.03,400.0
Outpatient,2988,60,60,14850.0,247.5,90.0
Outpatient,3569,44,44,14840.0,337.27,200.0
Outpatient,0212,52,52,14830.0,285.19,85.0
Outpatient,V5302,52,52,14820.0,285.0,150.0
Outpatient,2101,33,33,14800.0,448.48,300.0
Outpatient,2350,65,65,14800.0,227.69,60.0
Outpatient,8851,51,51,14790.0,290.0,200.0
Outpatient,53240,49,49,14770.0,301.43,200.0
Outpatient,2387,60,60,14750.0,245.83,65.0
Outpatient,1990,45,44,14750.0,327.78,100.0
Outpatient,99881,27,27,14750.0,546.3,100.0
Outpatient,2358,59,59,14740.0,249.83,70.0
Outpatient,3595,53,53,14740.0,278.11,100.0
Outpatient,2221,38,38,14730.0,387.63,400.0
Outpatient,2144,38,38,14720.0,387.37,400.0
Outpatient,20221,17,17,14720.0,865.88,200.0
Outpatient,41011,26,26,14720.0,566.15,300.0
Outpatient,71606,67,67,14720.0,219.7,100.0
Outpatient,81416,18,18,14720.0,817.78,150.0
Outpatient,71908,72,72,14710.0,204.31,100.0
Outpatient,23771,56,56,14700.0,262.5,60.0
Outpatient,4846,64,64,14700.0,229.69,90.0
Outpatient,81305,28,28,14680.0,524.29,200.0
Outpatient,07953,66,65,14670.0,222.27,100.0
Outpatient,71989,78,78,14670.0,188.08,90.0
Outpatient,47834,47,47,14660.0,311.91,100.0
Outpatient,5993,17,17,14660.0,862.35,400.0
Outpatient,20218,17,17,14660.0,862.35,200.0
Outpatient,2150,35,35,14650.0,418.57,400.0
Outpatient,2973,55,55,14640.0,266.18,80.0
Outpatient,9129,49,49,14640.0,298.78,200.0
Outpatient,042,85,80,14630.0,172.12,90.0
Outpatient,1145,50,49,14620.0,292.4,80.0
Outpatient,V8731,50,50,14620.0,292.4,65.0
Outpatient,7810,44,44,14610.0,332.05,100.0
Outpatient,325,48,48,14600.0,304.17,200.0
Outpatient,71922,63,63,14590.0,231.59,100.0
Outpatient,V8538,51,50,14580.0,285.88,80.0
Outpatient,8820,52,52,14580.0,280.38,200.0
Outpatient,48249,61,61,14570.0,238.85,90.0
Outpatient,33982,65,65,14560.0,224.0,200.0
Outpatient,84503,71,71,14560.0,205.07,100.0
Outpatient,6268,40,40,14550.0,363.75,100.0
Outpatient,71698,62,62,14540.0,234.52,90.0
Outpatient,68102,95,95,14530.0,152.95,70.0
Outpatient,41050,24,24,14530.0,605.42,300.0
Outpatient,33909,61,61,14520.0,238.03,200.0
Outpatient,20955,35,35,14520.0,414.86,400.0
Outpatient,8080,26,26,14520.0,558.46,200.0
Outpatient,44100,65,65,14520.0,223.38,100.0
Outpatient,7133,85,85,14500.0,170.59,100.0
Outpatient,71850,73,73,14500.0,198.63,100.0
Outpatient,48240,53,53,14500.0,273.58,60.0
Outpatient,7092,97,96,14500.0,149.48,60.0
Outpatient,71935,70,70,14490.0,207.0,95.0
Outpatient,8208,44,44,14480.0,329.09,200.0
Outpatient,34613,54,54,14480.0,268.15,100.0
Outpatient,7843,48,48,14480.0,301.67,100.0
Outpatient,36226,23,23,14470.0,629.13,200.0
Outpatient,1509,45,44,14460.0,321.33,100.0
Outpatient,33902,63,63,14440.0,229.21,200.0
Outpatient,2863,102,102,14430.0,141.47,10.0
Outpatient,7130,73,73,14430.0,197.67,100.0
Outpatient,23772,72,72,14420.0,200.28,50.0
Outpatient,2252,36,36,14410.0,400.28,400.0
Outpatient,33943,62,62,14410.0,232.42,100.0
Outpatient,2133,31,31,14400.0,464.52,400.0
Outpatient,7041,89,89,14400.0,161.8,70.0
Outpatient,5890,81,81,14400.0,177.78,60.0
Outpatient,25051,120,120,14390.0,119.92,80.0
Outpatient,4464,64,64,14380.0,224.69,85.0
Outpatient,20287,28,28,14370.0,513.21,300.0
Outpatient,2867,98,97,14350.0,146.43,20.0
Outpatient,2141,40,40,14350.0,358.75,65.0
Outpatient,34982,43,43,14320.0,333.02,100.0
Outpatient,V432,63,63,14320.0,227.3,90.0
Outpatient,80712,29,29,14310.0,493.45,200.0
Outpatient,34670,67,67,14310.0,213.58,100.0
Outpatient,41419,74,73,14310.0,193.38,65.0
Outpatient,7137,68,68,14300.0,210.29,100.0
Outpatient,2111,36,36,14300.0,397.22,100.0
Outpatient,71860,83,83,14290.0,172.17,90.0
Outpatient,5964,28,27,14280.0,510.0,90.0
Outpatient,23699,45,45,14280.0,317.33,60.0
Outpatient,9922,24,24,14270.0,594.58,200.0
Outpatient,53320,55,55,14260.0,259.27,100.0
Outpatient,29541,60,60,14240.0,237.33,80.0
Outpatient,7042,93,92,14230.0,153.01,70.0
Outpatient,4722,58,58,14230.0,245.34,100.0
Outpatient,20930,31,31,14220.0,458.71,90.0
Outpatient,68110,118,118,14220.0,120.51,80.0
Outpatient,2148,29,29,14210.0,490.0,400.0
Outpatient,6824,99,99,14200.0,143.43,80.0
Outpatient,71931,86,86,14200.0,165.12,90.0
Outpatient,53082,57,57,14200.0,249.12,60.0
Outpatient,4377,41,41,14190.0,346.1,100.0
Outpatient,5307,52,52,14180.0,272.69,90.0
Outpatient,20014,19,19,14180.0,746.32,100.0
Outpatient,29384,78,78,14170.0,181.67,80.0
Outpatient,44389,63,63,14170.0,224.92,100.0
Outpatient,71872,64,64,14160.0,221.25,100.0
Outpatient,20021,17,16,14160.0,832.94,200.0
Outpatient,29585,61,60,14160.0,232.13,80.0
Outpatient,71817,76,76,14150.0,186.18,90.0
Outpatient,4831,55,55,14140.0,257.09,90.0
Outpatient,71824,65,65,14140.0,217.54,100.0
Outpatient,2246,26,26,14140.0,543.85,400.0
Outpatient,20951,26,26,14140.0,543.85,400.0
Outpatient,20962,35,35,14130.0,403.71,400.0
Outpatient,71920,68,68,14120.0,207.65,95.0
Outpatient,71825,70,70,14110.0,201.57,90.0
Outpatient,71952,74,74,14100.0,190.54,70.0
Outpatient,3278,56,56,14090.0,251.61,65.0
Outpatient,44489,24,24,14090.0,587.08,150.0
Outpatient,53101,51,51,14080.0,276.08,100.0
Outpatient,2861,100,100,14080.0,140.8,20.0
Outpatient,71943,79,79,14070.0,178.1,70.0
Outpatient,71637,61,61,14070.0,230.66,70.0
Outpatient,71624,84,84,14070.0,167.5,100.0
Outpatient,71692,65,65,14070.0,216.46,80.0
Outpatient,53120,59,59,14050.0,238.14,100.0
Outpatient,V8522,47,47,14040.0,298.72,70.0
Outpatient,0205,64,64,14040.0,219.38,65.0
Outpatient,V1781,58,58,14030.0,241.9,75.0
Outpatient,1809,21,20,14030.0,668.1,200.0
Outpatient,84840,66,66,14000.0,212.12,100.0
Outpatient,78031,81,80,14000.0,172.84,80.0
Outpatient,542,8,8,14000.0,1750.0,1750.0
Outpatient,0440,88,83,13990.0,158.98,90.0
Outpatient,4419,60,60,13990.0,233.17,100.0
Outpatient,45912,59,59,13990.0,237.12,100.0
Outpatient,7808,95,95,13980.0,147.16,60.0
Outpatient,71997,62,62,13980.0,225.48,100.0
Outpatient,71855,73,72,13970.0,191.37,80.0
Outpatient,53100,56,56,13970.0,249.46,90.0
Outpatient,53140,51,51,13960.0,273.73,90.0
Outpatient,71975,69,69,13960.0,202.32,80.0
Outpatient,20025,18,18,13950.0,775.0,100.0
Outpatient,61803,17,17,13940.0,820.0,60.0
Outpatient,3560,42,42,13940.0,331.9,200.0
Outpatient,78039,97,96,13940.0,143.71,70.0
Outpatient,3526,33,33,13930.0,422.12,200.0
Outpatient,3599,53,53,13930.0,262.83,100.0
Outpatient,2878,114,114,13920.0,122.11,20.0
Outpatient,71603,91,91,13910.0,152.86,90.0
Outpatient,3539,39,39,13910.0,356.67,100.0
Outpatient,20950,33,33,13900.0,421.21,400.0
Outpatient,35924,44,44,13900.0,315.91,100.0
Outpatient,47879,64,64,13900.0,217.19,80.0
Outpatient,53141,44,44,13890.0,315.68,200.0
Outpatient,V4282,51,51,13890.0,272.35,100.0
Outpatient,20015,20,20,13880.0,694.0,350.0
Outpatient,V8719,56,56,13870.0,247.68,90.0
Outpatient,2136,30,30,13870.0,462.33,400.0
Outpatient,6802,102,102,13870.0,135.98,80.0
Outpatient,53321,58,58,13860.0,238.97,60.0
Outpatient,45932,66,65,13860.0,210.0,75.0
Outpatient,7010,76,76,13850.0,182.24,60.0
Outpatient,V8802,60,60,13840.0,230.67,100.0
Outpatient,4838,57,57,13840.0,242.81,100.0
Outpatient,5696,26,26,13840.0,532.31,200.0
Outpatient,34610,69,69,13830.0,200.43,100.0
Outpatient,71898,63,63,13830.0,219.52,90.0
Outpatient,V470,52,52,13830.0,265.96,80.0
Outpatient,29524,65,65,13820.0,212.62,60.0
Outpatient,4770,62,62,13810.0,222.74,80.0
Outpatient,700,84,84,13810.0,164.4,60.0
Outpatient,V5413,42,42,13800.0,328.57,150.0
Outpatient,2394,70,70,13790.0,197.0,85.0
Outpatient,61881,18,18,13790.0,766.11,80.0
Outpatient,36552,33,33,13790.0,417.88,60.0
Outpatient,71828,73,73,13790.0,188.9,80.0
Outpatient,1540,51,51,13770.0,270.0,60.0
Outpatient,47832,58,58,13770.0,237.41,100.0
Outpatient,33985,53,53,13760.0,259.62,200.0
Outpatient,71686,77,77,13760.0,178.7,90.0
Outpatient,6188,26,26,13760.0,529.23,65.0
Outpatient,2138,26,26,13750.0,528.85,400.0
Outpatient,V165,59,59,13750.0,233.05,90.0
Outpatient,V8531,55,54,13740.0,249.82,70.0
Outpatient,81412,23,23,13730.0,596.96,300.0
Outpatient,71695,60,60,13730.0,228.83,80.0
Outpatient,0432,76,73,13720.0,180.53,100.0
Outpatient,53161,55,55,13720.0,249.45,100.0
Outpatient,7992,56,56,13720.0,245.0,75.0
Outpatient,45933,62,62,13710.0,221.13,80.0
Outpatient,80515,24,24,13710.0,571.25,250.0
Outpatient,82021,47,47,13710.0,291.7,200.0
Outpatient,4101,19,19,13690.0,720.53,400.0
Outpatient,78052,50,50,13670.0,273.4,80.0
Outpatient,71811,77,77,13660.0,177.4,90.0
Outpatient,53421,53,53,13650.0,257.55,90.0
Outpatient,71900,80,80,13640.0,170.5,70.0
Outpatient,7813,56,56,13630.0,243.39,100.0
Outpatient,82009,32,32,13630.0,425.94,100.0
Outpatient,2164,30,30,13620.0,454.0,400.0
Outpatient,71927,63,63,13610.0,216.03,80.0
Outpatient,V072,42,42,13610.0,324.05,95.0
Outpatient,2270,35,35,13600.0,388.57,400.0
Outpatient,31321,65,65,13590.0,209.08,80.0
Outpatient,23876,62,62,13590.0,219.19,65.0
Outpatient,4100,16,16,13590.0,849.38,600.0
Outpatient,28984,107,107,13580.0,126.92,10.0
Outpatient,6260,42,42,13580.0,323.33,100.0
Outpatient,2168,27,27,13570.0,502.59,400.0
Outpatient,82031,38,38,13550.0,356.58,200.0
Outpatient,71689,73,73,13550.0,185.62,90.0
Outpatient,7821,86,86,13550.0,157.56,60.0
Outpatient,73320,54,54,13540.0,250.74,55.0
Outpatient,1459,18,18,13540.0,752.22,200.0
Outpatient,V5423,37,37,13530.0,365.68,200.0
Outpatient,0439,75,72,13530.0,180.4,100.0
Outpatient,5360,42,42,13530.0,322.14,200.0
Outpatient,2559,33,33,13510.0,409.39,80.0
Outpatient,44284,57,57,13500.0,236.84,100.0
Outpatient,20206,22,22,13490.0,613.18,250.0
Outpatient,32731,47,47,13480.0,286.81,100.0
Outpatient,71657,74,74,13480.0,182.16,75.0
Outpatient,8240,20,20,13470.0,673.5,200.0
Outpatient,3469,61,61,13470.0,220.82,200.0
Outpatient,4772,57,57,13470.0,236.32,90.0
Outpatient,2228,30,30,13470.0,449.0,400.0
Outpatient,1480,9,9,13470.0,1496.67,1300.0
Outpatient,V8709,46,46,13460.0,292.61,100.0
Outpatient,2242,35,35,13460.0,384.57,100.0
Outpatient,29551,59,58,13460.0,228.14,80.0
Outpatient,71857,71,71,13450.0,189.44,90.0
Outpatient,32726,48,48,13450.0,280.21,95.0
Outpatient,71880,75,75,13450.0,179.33,90.0
Outpatient,70909,87,87,13440.0,154.48,60.0
Outpatient,7323,50,50,13420.0,268.4,60.0
Outpatient,2875,110,110,13420.0,122.0,10.0
Outpatient,2872,100,100,13420.0,134.2,20.0
Outpatient,34650,57,57,13420.0,235.44,100.0
Outpatient,0433,72,68,13420.0,186.39,100.0
Outpatient,V487,63,63,13420.0,213.02,50.0
Outpatient,71982,68,68,13420.0,197.35,90.0
Outpatient,3458,95,95,13400.0,141.05,60.0
Outpatient,20942,37,37,13400.0,362.16,400.0
Outpatient,71939,53,53,13390.0,252.64,100.0
Outpatient,8300,10,10,13380.0,1338.0,1450.0
Outpatient,42971,42,42,13370.0,318.33,80.0
Outpatient,9114,53,53,13370.0,252.26,100.0
Outpatient,1508,37,36,13360.0,361.08,100.0
Outpatient,9134,53,53,13350.0,251.89,200.0
Outpatient,34561,102,102,13350.0,130.88,60.0
Outpatient,2156,25,25,13340.0,533.6,400.0
Outpatient,2152,27,27,13340.0,494.07,400.0
Outpatient,84509,60,60,13320.0,222.0,100.0
Outpatient,20211,23,23,13310.0,578.7,100.0
Outpatient,78449,63,63,13300.0,211.11,90.0
Outpatient,4411,53,53,13300.0,250.94,100.0
Outpatient,V4575,59,59,13300.0,225.42,80.0
Outpatient,30981,86,86,13290.0,154.53,80.0
Outpatient,1453,12,12,13290.0,1107.5,175.0
Outpatient,34692,66,65,13290.0,201.36,100.0
Outpatient,0422,69,66,13280.0,192.46,200.0
Outpatient,684,99,99,13260.0,133.94,80.0
Outpatient,92421,48,48,13250.0,276.04,200.0
Outpatient,00322,67,67,13240.0,197.61,60.0
Outpatient,2162,35,35,13240.0,378.29,400.0
Outpatient,7882,132,132,13240.0,100.3,40.0
Outpatient,3451,86,86,13230.0,153.84,60.0
Outpatient,71887,65,65,13230.0,203.54,100.0
Outpatient,78444,43,43,13220.0,307.44,100.0
Outpatient,53642,28,28,13220.0,472.14,200.0
Outpatient,4848,51,51,13220.0,259.22,100.0
Outpatient,6861,110,110,13210.0,120.09,80.0
Outpatient,27910,70,69,13210.0,188.71,100.0
Outpatient,71622,69,69,13210.0,191.45,100.0
Outpatient,1124,56,56,13210.0,235.89,90.0
Outpatient,9179,43,43,13200.0,306.98,200.0
Outpatient,79676,54,54,13200.0,244.44,60.0
Outpatient,2108,29,29,13190.0,454.83,400.0
Outpatient,34601,57,57,13180.0,231.23,100.0
Outpatient,71932,86,86,13180.0,153.26,80.0
Outpatient,71911,72,72,13180.0,183.06,95.0
Outpatient,V1272,40,40,13170.0,329.25,145.0
Outpatient,2397,59,59,13170.0,223.22,50.0
Outpatient,33989,55,55,13160.0,239.27,100.0
Outpatient,20202,14,14,13150.0,939.29,120.0
Outpatient,9983,32,32,13150.0,410.94,100.0
Outpatient,71958,64,64,13150.0,205.47,100.0
Outpatient,59654,22,22,13150.0,597.73,65.0
Outpatient,2869,107,106,13140.0,122.8,20.0
Outpatient,7063,88,88,13140.0,149.32,60.0
Outpatient,34831,44,44,13140.0,298.64,100.0
Outpatient,9130,44,44,13130.0,298.41,200.0
Outpatient,4480,58,57,13130.0,226.38,90.0
Outpatient,27781,51,50,13120.0,257.25,80.0
Outpatient,20085,24,24,13120.0,546.67,95.0
Outpatient,48242,44,44,13110.0,297.95,60.0
Outpatient,34643,53,53,13110.0,247.36,200.0
Outpatient,22389,28,28,13110.0,468.21,400.0
Outpatient,71998,67,67,13110.0,195.67,80.0
Outpatient,70522,77,77,13110.0,170.26,80.0
Outpatient,4421,60,60,13100.0,218.33,100.0
Outpatient,79571,75,72,13100.0,174.67,90.0
Outpatient,23981,60,60,13090.0,218.17,65.0
Outpatient,71691,62,62,13080.0,210.97,80.0
Outpatient,2881,38,38,13080.0,344.21,45.0
Outpatient,71881,68,68,13070.0,192.21,95.0
Outpatient,2376,64,64,13070.0,204.22,60.0
Outpatient,34693,54,54,13050.0,241.67,200.0
Outpatient,56944,44,44,13040.0,296.36,150.0
Outpatient,2121,37,37,13030.0,352.16,400.0
Outpatient,2258,37,37,13030.0,352.16,400.0
Outpatient,32715,49,49,13030.0,265.92,100.0
Outpatient,2142,29,29,13030.0,449.31,400.0
Outpatient,9393,28,28,13020.0,465.0,300.0
Outpatient,4823,52,52,13020.0,250.38,95.0
Outpatient,2365,53,53,13020.0,245.66,100.0
Outpatient,71644,78,78,13020.0,166.92,90.0
Outpatient,34672,57,57,13010.0,228.25,200.0
Outpatient,34612,61,61,13010.0,213.28,100.0
Outpatient,47871,58,58,13000.0,224.14,100.0
Outpatient,34710,49,49,13000.0,265.31,100.0
Outpatient,40200,60,60,13000.0,216.67,65.0
Outpatient,40509,70,70,12990.0,185.57,50.0
Outpatient,28803,31,31,12990.0,419.03,80.0
Outpatient,1980,35,35,12990.0,371.14,200.0
Outpatient,71977,61,61,12980.0,212.79,80.0
Outpatient,7929,53,53,12980.0,244.91,100.0
Outpatient,59981,27,27,12970.0,480.37,100.0
Outpatient,2259,35,35,12970.0,370.57,200.0
Outpatient,59982,28,28,12970.0,463.21,100.0
Outpatient,34590,110,109,12960.0,117.82,60.0
Outpatient,4481,66,66,12960.0,196.36,80.0
Outpatient,2118,30,30,12960.0,432.0,400.0
Outpatient,V171,55,54,12950.0,235.45,70.0
Outpatient,34511,81,81,12950.0,159.88,60.0
Outpatient,53160,47,47,12950.0,275.53,200.0
Outpatient,60883,29,29,12940.0,446.21,70.0
Outpatient,V480,58,58,12940.0,223.1,90.0
Outpatient,6821,98,98,12930.0,131.94,70.0
Outpatient,81343,12,12,12930.0,1077.5,250.0
Outpatient,19889,37,37,12930.0,349.46,100.0
Outpatient,36229,14,14,12930.0,923.57,250.0
Outpatient,V198,49,49,12920.0,263.67,60.0
Outpatient,2371,67,67,12900.0,192.54,70.0
Outpatient,71605,71,71,12890.0,181.55,100.0
Outpatient,2380,52,50,12890.0,247.88,60.0
Outpatient,20220,16,16,12890.0,805.63,85.0
Outpatient,20293,22,22,12890.0,585.91,400.0
Outpatient,34620,60,60,12890.0,214.83,100.0
Outpatient,8831,34,34,12880.0,378.82,200.0
Outpatient,71680,67,67,12880.0,192.24,90.0
Outpatient,2120,27,27,12880.0,477.04,500.0
Outpatient,4564,64,64,12880.0,201.25,100.0
Outpatient,6819,101,101,12870.0,127.43,80.0
Outpatient,V469,43,43,12870.0,299.3,90.0
Outpatient,8873,38,38,12850.0,338.16,200.0
Outpatient,71626,74,74,12840.0,173.51,80.0
Outpatient,48284,69,69,12840.0,186.09,60.0
Outpatient,9229,45,45,12830.0,285.11,200.0
Outpatient,V08,71,67,12820.0,180.56,100.0
Outpatient,V1003,41,41,12820.0,312.68,60.0
Outpatient,7840,62,62,12820.0,206.77,100.0
Outpatient,40400,65,65,12820.0,197.23,80.0
Outpatient,4809,61,61,12820.0,210.16,60.0
Outpatient,34653,64,64,12810.0,200.16,200.0
Outpatient,60821,21,21,12810.0,610.0,100.0
Outpatient,36211,13,13,12810.0,985.38,200.0
Outpatient,3418,58,58,12810.0,220.86,100.0
Outpatient,4109,15,15,12800.0,853.33,300.0
Outpatient,34570,95,95,12780.0,134.53,70.0
Outpatient,2241,28,28,12770.0,456.07,400.0
Outpatient,71894,68,68,12770.0,187.79,75.0
Outpatient,V446,140,140,12760.0,91.14,40.0
Outpatient,9194,40,40,12760.0,319.0,200.0
Outpatient,29544,51,51,12750.0,250.0,80.0
Outpatient,0551,55,55,12750.0,231.82,80.0
Outpatient,2149,41,41,12750.0,310.98,200.0
Outpatient,71623,68,68,12740.0,187.35,90.0
Outpatient,71823,57,57,12730.0,223.33,90.0
Outpatient,84500,65,64,12720.0,195.69,100.0
Outpatient,80701,22,22,12720.0,578.18,250.0
Outpatient,V1522,49,49,12720.0,259.59,70.0
Outpatient,71912,88,88,12710.0,144.43,100.0
Outpatient,2117,30,30,12710.0,423.67,400.0
Outpatient,71996,63,63,12710.0,201.75,100.0
Outpatient,29503,64,64,12700.0,198.44,80.0
Outpatient,46420,174,174,12700.0,72.99,60.0
Outpatient,68601,115,114,12700.0,110.43,80.0
Outpatient,2106,28,28,12690.0,453.21,400.0
Outpatient,80508,23,23,12690.0,551.74,200.0
Outpatient,20035,26,26,12690.0,488.08,70.0
Outpatient,71865,70,70,12680.0,181.14,80.0
Outpatient,71965,71,71,12680.0,178.59,90.0
Outpatient,9131,48,48,12680.0,264.17,200.0
Outpatient,3468,64,64,12670.0,197.97,100.0
Outpatient,41021,23,23,12670.0,550.87,400.0
Outpatient,48241,54,54,12670.0,234.63,85.0
Outpatient,29525,62,62,12670.0,204.35,80.0
Outpatient,34683,63,63,12670.0,201.11,100.0
Outpatient,78064,44,44,12660.0,287.73,100.0
Outpatient,V6442,50,50,12660.0,253.2,65.0
Outpatient,3488,38,38,12660.0,333.16,100.0
Outpatient,71604,66,66,12650.0,191.67,90.0
Outpatient,9135,44,44,12650.0,287.5,200.0
Outpatient,79506,29,29,12650.0,436.21,70.0
Outpatient,48232,67,67,12640.0,188.66,70.0
Outpatient,9132,50,50,12630.0,252.6,200.0
Outpatient,71682,80,80,12630.0,157.88,90.0
Outpatient,6823,117,117,12620.0,107.86,80.0
Outpatient,46431,147,147,12620.0,85.85,60.0
Outpatient,33944,52,52,12620.0,242.69,200.0
Outpatient,71916,71,71,12620.0,177.75,100.0
Outpatient,2386,54,54,12610.0,233.52,65.0
Outpatient,71882,62,62,12610.0,203.39,90.0
Outpatient,2393,46,46,12610.0,274.13,95.0
Outpatient,2100,24,24,12610.0,525.42,350.0
Outpatient,6226,20,20,12600.0,630.0,100.0
Outpatient,32713,58,58,12600.0,217.24,90.0
Outpatient,81250,24,24,12590.0,524.58,200.0
Outpatient,20223,24,24,12590.0,524.58,65.0
Outpatient,6801,102,102,12590.0,123.43,70.0
Outpatient,33920,59,58,12580.0,213.22,200.0
Outpatient,44382,51,51,12580.0,246.67,100.0
Outpatient,2377,56,56,12580.0,224.64,95.0
Outpatient,36210,13,13,12580.0,967.69,300.0
Outpatient,25631,111,111,12570.0,113.24,50.0
Outpatient,8088,25,25,12560.0,502.4,200.0
Outpatient,7059,79,79,12560.0,158.99,60.0
Outpatient,4803,61,61,12550.0,205.74,100.0
Outpatient,71899,67,67,12540.0,187.16,80.0
Outpatient,80507,27,27,12540.0,464.44,200.0
Outpatient,83918,11,11,12530.0,1139.09,1400.0
Outpatient,81393,20,20,12530.0,626.5,200.0
Outpatient,81405,21,21,12530.0,596.67,200.0
Outpatient,4780,54,54,12520.0,231.85,70.0
Outpatient,4430,60,60,12510.0,208.5,90.0
Outpatient,7982,49,49,12510.0,255.31,80.0
Outpatient,2354,58,58,12510.0,215.69,55.0
Outpatient,5565,45,45,12500.0,277.78,70.0
Outpatient,8399,16,16,12500.0,781.25,200.0
Outpatient,34682,57,57,12490.0,219.12,100.0
Outpatient,29592,69,69,12490.0,181.01,80.0
Outpatient,23872,64,64,12480.0,195.0,80.0
Outpatient,2140,32,32,12480.0,390.0,350.0
Outpatient,36227,17,17,12470.0,733.53,200.0
Outpatient,2250,28,28,12470.0,445.36,400.0
Outpatient,2128,24,24,12460.0,519.17,500.0
Outpatient,23770,58,58,12460.0,214.83,80.0
Outpatient,70401,94,94,12460.0,132.55,65.0
Outpatient,82380,23,23,12450.0,541.3,200.0
Outpatient,4779,72,72,12450.0,172.92,65.0
Outpatient,41031,11,11,12450.0,1131.82,400.0
Outpatient,36277,16,16,12440.0,777.5,250.0
Outpatient,5691,32,32,12440.0,388.75,200.0
Outpatient,71602,55,55,12440.0,226.18,100.0
Outpatient,20077,21,21,12440.0,592.38,500.0
Outpatient,8170,29,29,12440.0,428.97,300.0
Outpatient,71870,63,63,12430.0,197.3,100.0
Outpatient,71813,76,76,12430.0,163.55,75.0
Outpatient,71743,12,12,12420.0,1035.0,300.0
Outpatient,80514,19,19,12420.0,653.68,300.0
Outpatient,71942,58,58,12420.0,214.14,90.0
Outpatient,6825,94,94,12400.0,131.91,70.0
Outpatient,34500,79,79,12400.0,156.96,60.0
Outpatient,20412,17,17,12400.0,729.41,200.0
Outpatient,32702,49,49,12400.0,253.06,100.0
Outpatient,71969,68,68,12390.0,182.21,90.0
Outpatient,34830,47,47,12390.0,263.62,100.0
Outpatient,V8701,42,42,12390.0,295.0,100.0
Outpatient,36274,16,16,12390.0,774.38,100.0
Outpatient,7011,91,90,12390.0,136.15,60.0
Outpatient,0430,76,74,12390.0,163.03,100.0
Outpatient,34600,61,61,12390.0,203.11,100.0
Outpatient,71876,75,75,12390.0,165.2,100.0
Outpatient,34642,51,51,12380.0,242.75,200.0
Outpatient,3462,62,62,12380.0,199.68,100.0
Outpatient,33921,63,63,12370.0,196.35,100.0
Outpatient,2116,28,28,12370.0,441.79,400.0
Outpatient,29522,61,60,12360.0,202.62,70.0
Outpatient,2535,26,26,12360.0,475.38,100.0
Outpatient,1965,26,25,12360.0,475.38,100.0
Outpatient,20073,26,26,12360.0,475.38,100.0
Outpatient,03843,24,24,12350.0,514.58,150.0
Outpatient,47830,66,66,12350.0,187.12,90.0
Outpatient,71612,12,12,12340.0,1028.33,350.0
Outpatient,8091,27,27,12340.0,457.04,90.0
Outpatient,V540,29,29,12340.0,425.52,200.0
Outpatient,34640,62,62,12330.0,198.87,100.0
Outpatient,3570,53,53,12320.0,232.45,90.0
Outpatient,8290,32,32,12310.0,384.69,150.0
Outpatient,2366,49,48,12300.0,251.02,90.0
Outpatient,1518,26,26,12290.0,472.69,150.0
Outpatient,20975,29,28,12290.0,423.79,90.0
Outpatient,20038,16,16,12280.0,767.5,250.0
Outpatient,59382,95,95,12270.0,129.16,60.0
Outpatient,68600,103,102,12270.0,119.13,80.0
Outpatient,2290,45,45,12250.0,272.22,100.0
Outpatient,45350,105,104,12240.0,116.57,20.0
Outpatient,41080,18,18,12240.0,680.0,200.0
Outpatient,8054,26,26,12240.0,470.77,200.0
Outpatient,4414,44,44,12240.0,278.18,150.0
Outpatient,9503,23,23,12240.0,532.17,200.0
Outpatient,V5425,23,23,12230.0,531.74,200.0
Outpatient,2166,30,30,12230.0,407.67,400.0
Outpatient,V4587,47,47,12220.0,260.0,80.0
Outpatient,8244,22,22,12220.0,555.45,300.0
Outpatient,9249,47,47,12220.0,260.0,200.0
Outpatient,7949,45,45,12220.0,271.56,90.0
Outpatient,71970,67,67,12210.0,182.24,80.0
Outpatient,71910,57,57,12200.0,214.04,100.0
Outpatient,88019,48,48,12180.0,253.75,100.0
Outpatient,36242,11,11,12180.0,1107.27,300.0
Outpatient,71859,70,70,12180.0,174.0,90.0
Outpatient,27802,42,42,12170.0,289.76,70.0
Outpatient,80853,28,28,12160.0,434.29,200.0
Outpatient,29562,52,51,12160.0,233.85,80.0
Outpatient,92420,53,53,12150.0,229.25,200.0
Outpatient,40493,57,57,12140.0,212.98,70.0
Outpatient,82520,32,32,12140.0,379.38,200.0
Outpatient,80705,25,25,12140.0,485.6,300.0
Outpatient,0389,22,22,12130.0,551.36,150.0
Outpatient,V1789,48,48,12120.0,252.5,75.0
Outpatient,83502,12,12,12110.0,1009.17,950.0
Outpatient,6263,43,43,12110.0,281.63,100.0
Outpatient,1560,8,8,12100.0,1512.5,1600.0
Outpatient,2353,53,53,12080.0,227.92,40.0
Outpatient,1619,14,14,12080.0,862.86,600.0
Outpatient,71915,74,74,12080.0,163.24,90.0
Outpatient,2357,55,55,12070.0,219.45,50.0
Outpatient,71665,72,72,12070.0,167.64,80.0
Outpatient,9063,54,54,12070.0,223.52,100.0
Outpatient,71948,65,65,12060.0,185.54,70.0
Outpatient,20045,20,20,12060.0,603.0,200.0
Outpatient,20292,15,15,12050.0,803.33,80.0
Outpatient,45829,30,30,12050.0,401.67,200.0
Outpatient,78499,54,54,12040.0,222.96,80.0
Outpatient,2779,36,36,12030.0,334.17,60.0
Outpatient,82032,33,33,12010.0,363.94,400.0
Outpatient,3532,43,43,12010.0,279.3,200.0
Outpatient,71884,66,66,12010.0,181.97,80.0
Outpatient,4296,55,55,12010.0,218.36,100.0
Outpatient,470,54,54,12010.0,222.41,90.0
Outpatient,83942,11,11,12000.0,1090.91,1200.0
Outpatient,34652,65,65,11990.0,184.46,100.0
Outpatient,4150,140,137,11990.0,85.64,30.0
Outpatient,73321,70,70,11990.0,171.29,55.0
Outpatient,9178,43,43,11970.0,278.37,200.0
Outpatient,22803,32,32,11970.0,374.06,400.0
Outpatient,33910,55,55,11960.0,217.45,200.0
Outpatient,80518,28,28,11960.0,427.14,200.0
Outpatient,2391,34,34,11960.0,351.76,80.0
Outpatient,9107,54,54,11950.0,221.3,200.0
Outpatient,3461,61,61,11940.0,195.74,100.0
Outpatient,32714,41,41,11940.0,291.22,90.0
Outpatient,7018,79,78,11940.0,151.14,60.0
Outpatient,9985,33,33,11930.0,361.52,200.0
Outpatient,7049,86,86,11930.0,138.72,60.0
Outpatient,4847,54,54,11920.0,220.74,70.0
Outpatient,9176,43,43,11920.0,277.21,200.0
Outpatient,82002,38,38,11910.0,313.42,100.0
Outpatient,71646,63,63,11910.0,189.05,100.0
Outpatient,47829,52,52,11910.0,229.04,90.0
Outpatient,2239,31,31,11880.0,383.23,400.0
Outpatient,2222,35,35,11880.0,339.43,300.0
Outpatient,71921,80,80,11870.0,148.38,80.0
Outpatient,20060,19,19,11870.0,624.74,500.0
Outpatient,2396,54,54,11870.0,219.81,35.0
Outpatient,6030,24,24,11870.0,494.58,55.0
Outpatient,V8481,46,46,11860.0,257.83,100.0
Outpatient,1609,19,19,11850.0,623.68,200.0
Outpatient,71640,73,73,11840.0,162.19,90.0
Outpatient,34671,62,62,11840.0,190.97,100.0
Outpatient,7328,47,47,11830.0,251.7,60.0
Outpatient,71929,75,75,11830.0,157.73,90.0
Outpatient,71694,65,65,11820.0,181.85,80.0
Outpatient,V1252,101,101,11820.0,117.03,20.0
Outpatient,20953,35,35,11820.0,337.71,400.0
Outpatient,71628,58,58,11820.0,203.79,85.0
Outpatient,71981,64,64,11810.0,184.53,80.0
Outpatient,2240,33,33,11810.0,357.88,400.0
Outpatient,28262,22,22,11800.0,536.36,200.0
Outpatient,92400,47,47,11800.0,251.06,200.0
Outpatient,71895,82,82,11770.0,143.54,70.0
Outpatient,20979,34,34,11770.0,346.18,70.0
Outpatient,1404,20,20,11770.0,588.5,300.0
Outpatient,1410,15,15,11770.0,784.67,500.0
Outpatient,20802,13,13,11760.0,904.62,300.0
Outpatient,20055,19,19,11760.0,618.95,200.0
Outpatient,8960,51,51,11760.0,230.59,100.0
Outpatient,29554,65,65,11750.0,180.77,80.0
Outpatient,2889,36,36,11750.0,326.39,65.0
Outpatient,48231,56,56,11740.0,209.64,60.0
Outpatient,V6443,48,48,11740.0,244.58,100.0
Outpatient,71651,75,75,11740.0,156.53,90.0
Outpatient,4162,133,133,11730.0,88.2,20.0
Outpatient,9163,55,55,11720.0,213.09,200.0
Outpatient,51901,22,22,11720.0,532.73,200.0
Outpatient,33722,39,39,11710.0,300.26,100.0
Outpatient,2374,63,63,11710.0,185.87,60.0
Outpatient,36285,25,25,11710.0,468.4,100.0
Outpatient,81011,21,21,11700.0,557.14,300.0
Outpatient,2135,30,30,11700.0,390.0,400.0
Outpatient,81390,20,20,11700.0,585.0,300.0
Outpatient,0362,21,21,11700.0,557.14,100.0
Outpatient,71940,58,58,11700.0,201.72,100.0
Outpatient,41511,23,23,11690.0,508.26,80.0
Outpatient,20066,16,16,11690.0,730.63,50.0
Outpatient,59655,28,28,11690.0,417.5,95.0
Outpatient,34603,60,60,11680.0,194.67,100.0
Outpatient,2068,17,17,11680.0,687.06,100.0
Outpatient,71999,59,58,11680.0,197.97,90.0
Outpatient,34630,56,56,11680.0,208.57,100.0
Outpatient,82535,21,21,11680.0,556.19,200.0
Outpatient,2362,49,48,11680.0,238.37,40.0
Outpatient,27913,18,18,11680.0,648.89,80.0
Outpatient,9138,44,44,11670.0,265.23,200.0
Outpatient,2725,35,35,11670.0,333.43,80.0
Outpatient,1708,15,15,11660.0,777.33,300.0
Outpatient,78820,144,144,11660.0,80.97,40.0
Outpatient,82000,33,33,11650.0,353.03,300.0
Outpatient,4710,58,58,11650.0,200.86,100.0
Outpatient,71962,79,79,11640.0,147.34,90.0
Outpatient,33941,51,51,11640.0,228.24,100.0
Outpatient,V5429,31,31,11640.0,375.48,200.0
Outpatient,6266,37,37,11630.0,314.32,80.0
Outpatient,71631,64,64,11630.0,181.72,90.0
Outpatient,71661,78,78,11620.0,148.97,70.0
Outpatient,71902,63,63,11610.0,184.29,80.0
Outpatient,4800,50,50,11610.0,232.2,60.0
Outpatient,4160,133,133,11610.0,87.29,20.0
Outpatient,2874,104,103,11600.0,111.54,10.0
Outpatient,7099,94,94,11600.0,123.4,60.0
Outpatient,7102,99,98,11590.0,117.07,70.0
Outpatient,20891,12,12,11590.0,965.83,45.0
Outpatient,V471,48,48,11590.0,241.46,85.0
Outpatient,V598,54,54,11580.0,214.44,80.0
Outpatient,3596,32,32,11580.0,361.88,200.0
Outpatient,34633,56,56,11580.0,206.79,100.0
Outpatient,2190,20,20,11570.0,578.5,150.0
Outpatient,53261,51,51,11570.0,226.86,80.0
Outpatient,4295,60,59,11560.0,192.67,85.0
Outpatient,71852,62,62,11560.0,186.45,100.0
Outpatient,71897,70,70,11560.0,165.14,75.0
Outpatient,71953,62,62,11550.0,186.29,100.0
Outpatient,71984,68,68,11550.0,169.85,100.0
Outpatient,20943,29,29,11550.0,398.28,300.0
Outpatient,V4389,49,49,11550.0,235.71,80.0
Outpatient,71814,65,65,11540.0,177.54,100.0
Outpatient,V079,53,53,11530.0,217.55,60.0
Outpatient,3541,53,53,11530.0,217.55,100.0
Outpatient,9157,47,47,11530.0,245.32,200.0
Outpatient,34681,50,50,11530.0,230.6,100.0
Outpatient,56949,34,34,11530.0,339.12,200.0
Outpatient,34632,50,50,11520.0,230.4,200.0
Outpatient,2139,34,34,11510.0,338.53,400.0
Outpatient,71879,58,58,11510.0,198.45,100.0
Outpatient,33900,50,50,11500.0,230.0,100.0
Outpatient,2253,25,25,11500.0,460.0,200.0
Outpatient,36207,13,13,11490.0,883.85,100.0
Outpatient,27783,27,27,11480.0,425.19,200.0
Outpatient,33983,50,50,11470.0,229.4,100.0
Outpatient,81220,18,18,11470.0,637.22,200.0
Outpatient,2521,20,20,11460.0,573.0,150.0
Outpatient,2169,30,30,11460.0,382.0,400.0
Outpatient,45931,57,57,11460.0,201.05,100.0
Outpatient,V499,46,46,11460.0,249.13,70.0
Outpatient,20276,15,15,11460.0,764.0,90.0
Outpatient,V418,46,46,11450.0,248.91,70.0
Outpatient,71888,55,55,11440.0,208.0,100.0
Outpatient,41010,18,18,11440.0,635.56,400.0
Outpatient,8977,43,43,11430.0,265.81,100.0
Outpatient,V8551,46,46,11420.0,248.26,65.0
Outpatient,71600,68,68,11420.0,167.94,100.0
Outpatient,81411,23,23,11420.0,496.52,200.0
Outpatient,0830,45,45,11410.0,253.56,70.0
Outpatient,71961,60,60,11410.0,190.17,100.0
Outpatient,32740,47,47,11400.0,242.55,80.0
Outpatient,81402,19,19,11400.0,600.0,200.0
Outpatient,47825,52,52,11400.0,219.23,85.0
Outpatient,33904,60,60,11400.0,190.0,100.0
Outpatient,71851,60,60,11390.0,189.83,85.0
Outpatient,30023,75,75,11390.0,151.87,80.0
Outpatient,80505,33,33,11380.0,344.85,200.0
Outpatient,29574,65,63,11360.0,174.77,70.0
Outpatient,82521,27,27,11350.0,420.37,200.0
Outpatient,46410,165,164,11350.0,68.79,60.0
Outpatient,V4984,43,43,11340.0,263.72,80.0
Outpatient,V4983,53,53,11340.0,213.96,80.0
Outpatient,36189,9,9,11320.0,1257.78,1800.0
Outpatient,29583,53,53,11310.0,213.4,80.0
Outpatient,7318,69,69,11310.0,163.91,60.0
Outpatient,3009,79,79,11300.0,143.04,80.0
Outpatient,5960,21,21,11290.0,537.62,300.0
Outpatient,28802,30,30,11290.0,376.33,50.0
Outpatient,71829,66,66,11290.0,171.06,90.0
Outpatient,9160,41,41,11290.0,275.37,200.0
Outpatient,34602,60,60,11280.0,188.0,100.0
Outpatient,71820,68,68,11280.0,165.88,70.0
Outpatient,47820,57,57,11280.0,197.89,80.0
Outpatient,6232,23,23,11280.0,490.43,100.0
Outpatient,7958,71,70,11270.0,158.73,100.0
Outpatient,7811,39,39,11270.0,288.97,100.0
Outpatient,81417,25,25,11270.0,450.8,200.0
Outpatient,7019,83,83,11270.0,135.78,60.0
Outpatient,6262,50,50,11260.0,225.2,60.0
Outpatient,36253,21,21,11250.0,535.71,300.0
Outpatient,7062,84,84,11250.0,133.93,60.0
Outpatient,71938,67,67,11230.0,167.61,90.0
Outpatient,71667,71,71,11230.0,158.17,90.0
Outpatient,2707,55,55,11230.0,204.18,60.0
Outpatient,2103,29,29,11230.0,387.24,400.0
Outpatient,7061,80,80,11230.0,140.38,60.0
Outpatient,23873,62,62,11220.0,180.97,55.0
Outpatient,80706,29,29,11220.0,386.9,200.0
Outpatient,9926,18,18,11210.0,622.78,400.0
Outpatient,V6409,54,54,11210.0,207.59,60.0
Outpatient,8370,13,13,11210.0,862.31,400.0
Outpatient,V8535,43,43,11210.0,260.7,90.0
Outpatient,71933,51,51,11210.0,219.8,80.0
Outpatient,9171,42,42,11200.0,266.67,200.0
Outpatient,82310,27,27,11200.0,414.81,70.0
Outpatient,20282,24,24,11200.0,466.67,100.0
Outpatient,V4579,59,59,11190.0,189.66,70.0
Outpatient,95893,21,21,11190.0,532.86,400.0
Outpatient,71988,68,68,11170.0,164.26,100.0
Outpatient,36212,19,19,11170.0,587.89,90.0
Outpatient,34591,89,88,11170.0,125.51,60.0
Outpatient,83114,10,10,11170.0,1117.0,900.0
Outpatient,0203,49,49,11160.0,227.76,70.0
Outpatient,8408,51,51,11160.0,218.82,100.0
Outpatient,2355,54,54,11160.0,206.67,60.0
Outpatient,9122,45,45,11160.0,248.0,200.0
Outpatient,47870,50,50,11150.0,223.0,100.0
Outpatient,71976,63,63,11150.0,176.98,90.0
Outpatient,9059,38,38,11150.0,293.42,100.0
Outpatient,V493,43,43,11150.0,259.3,100.0
Outpatient,9155,56,56,11140.0,198.93,100.0
Outpatient,1304,47,47,11140.0,237.02,60.0
Outpatient,53441,48,48,11140.0,232.08,70.0
Outpatient,35921,47,47,11140.0,237.02,100.0
Outpatient,45939,67,66,11130.0,166.12,100.0
Outpatient,4299,75,75,11120.0,148.27,70.0
Outpatient,71937,73,73,11120.0,152.33,80.0
Outpatient,7831,39,39,11120.0,285.13,80.0
Outpatient,2143,30,30,11120.0,370.67,400.0
Outpatient,2245,34,34,11120.0,327.06,350.0
Outpatient,22800,30,30,11110.0,370.33,400.0
Outpatient,V8530,46,46,11110.0,241.52,75.0
Outpatient,82531,29,29,11100.0,382.76,200.0
Outpatient,73382,67,67,11100.0,165.67,70.0
Outpatient,81002,20,20,11090.0,554.5,200.0
Outpatient,87412,28,28,11090.0,396.07,300.0
Outpatient,79581,43,43,11090.0,257.91,80.0
Outpatient,1501,33,33,11090.0,336.06,90.0
Outpatient,20273,24,24,11080.0,461.67,150.0
Outpatient,28953,40,40,11070.0,276.75,90.0
Outpatient,4789,53,53,11070.0,208.87,90.0
Outpatient,36251,14,14,11070.0,790.71,150.0
Outpatient,0391,49,49,11060.0,225.71,100.0
Outpatient,20247,12,12,11060.0,921.67,200.0
Outpatient,29530,56,55,11060.0,197.5,80.0
Outpatient,33905,55,55,11060.0,201.09,200.0
Outpatient,82022,40,39,11060.0,276.5,100.0
Outpatient,20048,25,25,11060.0,442.4,70.0
Outpatient,3456,93,92,11050.0,118.82,60.0
Outpatient,7861,54,54,11050.0,204.63,80.0
Outpatient,20001,18,18,11040.0,613.33,200.0
Outpatient,20961,33,33,11030.0,334.24,300.0
Outpatient,449,16,16,11020.0,688.75,200.0
Outpatient,41002,22,22,11020.0,500.91,250.0
Outpatient,80718,17,16,11020.0,648.24,200.0
Outpatient,80502,18,18,11020.0,612.22,400.0
Outpatient,9169,45,45,11020.0,244.89,200.0
Outpatient,V178,54,54,11000.0,203.7,90.0
Outpatient,27788,29,29,11000.0,379.31,100.0
Outpatient,44421,25,25,11000.0,440.0,70.0
Outpatient,61805,24,24,10990.0,457.92,60.0
Outpatient,28731,107,106,10990.0,102.71,20.0
Outpatient,20210,19,19,10990.0,578.42,50.0
Outpatient,71649,53,53,10980.0,207.17,80.0
Outpatient,34641,53,53,10980.0,207.17,100.0
Outpatient,8780,24,24,10970.0,457.08,200.0
Outpatient,83941,12,12,10970.0,914.17,750.0
Outpatient,9125,47,47,10950.0,232.98,200.0
Outpatient,5789,45,45,10950.0,243.33,100.0
Outpatient,8363,15,15,10950.0,730.0,200.0
Outpatient,20954,28,28,10940.0,390.71,400.0
Outpatient,71875,68,68,10940.0,160.88,90.0
Outpatient,20224,21,21,10940.0,520.95,200.0
Outpatient,9113,45,45,10920.0,242.67,200.0
Outpatient,92232,46,46,10920.0,237.39,200.0
Outpatient,29563,53,53,10920.0,206.04,80.0
Outpatient,71987,73,73,10910.0,149.45,90.0
Outpatient,2372,50,50,10900.0,218.0,70.0
Outpatient,20275,25,25,10880.0,435.2,70.0
Outpatient,9051,23,23,10880.0,473.04,100.0
Outpatient,71967,51,51,10880.0,213.33,100.0
Outpatient,78093,40,40,10880.0,272.0,80.0
Outpatient,36181,19,19,10880.0,572.63,100.0
Outpatient,41091,20,20,10870.0,543.5,80.0
Outpatient,28269,22,22,10870.0,494.09,150.0
Outpatient,5192,50,50,10860.0,217.2,85.0
Outpatient,92411,49,49,10860.0,221.63,200.0
Outpatient,9139,44,43,10860.0,246.82,200.0
Outpatient,V4583,36,36,10860.0,301.67,85.0
Outpatient,2556,22,22,10850.0,493.18,200.0
Outpatient,53260,56,56,10850.0,193.75,55.0
Outpatient,81401,17,17,10850.0,638.24,200.0
Outpatient,2752,48,48,10850.0,226.04,60.0
Outpatient,1449,12,12,10840.0,903.33,300.0
Outpatient,4761,66,66,10840.0,164.24,90.0
Outpatient,36225,15,15,10830.0,722.0,90.0
Outpatient,20290,14,14,10820.0,772.86,350.0
Outpatient,03840,21,21,10810.0,514.76,90.0
Outpatient,2279,31,31,10810.0,348.71,400.0
Outpatient,20050,22,22,10810.0,491.36,85.0
Outpatient,20241,16,16,10810.0,675.63,350.0
Outpatient,41061,19,19,10810.0,568.95,400.0
Outpatient,2302,23,23,10800.0,469.57,200.0
Outpatient,70900,89,89,10800.0,121.35,70.0
Outpatient,83661,13,13,10800.0,830.77,600.0
Outpatient,71648,76,76,10800.0,142.11,80.0
Outpatient,6211,19,19,10790.0,567.89,100.0
Outpatient,71918,71,71,10790.0,151.97,100.0
Outpatient,20681,17,17,10790.0,634.71,60.0
Outpatient,37800,7,7,10780.0,1540.0,1700.0
Outpatient,81102,21,21,10780.0,513.33,200.0
Outpatient,80843,22,22,10770.0,489.55,300.0
Outpatient,4441,30,30,10770.0,359.0,60.0
Outpatient,79929,50,50,10760.0,215.2,95.0
Outpatient,2379,55,54,10760.0,195.64,60.0
Outpatient,71968,71,71,10760.0,151.55,70.0
Outpatient,27919,66,66,10760.0,163.03,95.0
Outpatient,41412,52,50,10750.0,206.73,60.0
Outpatient,2153,30,30,10740.0,358.0,400.0
Outpatient,2249,31,31,10740.0,346.45,400.0
Outpatient,V5415,25,25,10740.0,429.6,200.0
Outpatient,9591,16,16,10740.0,671.25,300.0
Outpatient,8822,58,58,10730.0,185.0,200.0
Outpatient,8171,30,30,10730.0,357.67,200.0
Outpatient,2223,32,31,10720.0,335.0,350.0
Outpatient,78440,58,58,10720.0,184.83,90.0
Outpatient,83961,10,10,10720.0,1072.0,500.0
Outpatient,36221,16,16,10710.0,669.38,200.0
Outpatient,36524,42,42,10710.0,255.0,60.0
Outpatient,33912,45,45,10680.0,237.33,100.0
Outpatient,9173,55,55,10680.0,194.18,200.0
Outpatient,5370,32,32,10680.0,333.75,150.0
Outpatient,71642,63,63,10680.0,169.52,100.0
Outpatient,2233,39,39,10670.0,273.59,100.0
Outpatient,V078,50,50,10670.0,213.4,75.0
Outpatient,45375,97,97,10670.0,110.0,20.0
Outpatient,70402,86,86,10660.0,123.95,60.0
Outpatient,20031,20,20,10660.0,533.0,75.0
Outpatient,20941,30,30,10660.0,355.33,400.0
Outpatient,71635,71,71,10660.0,150.14,80.0
Outpatient,78443,56,56,10650.0,190.18,100.0
Outpatient,78057,45,45,10640.0,236.44,100.0
Outpatient,8055,28,28,10640.0,380.0,200.0
Outpatient,7324,44,44,10630.0,241.59,60.0
Outpatient,4721,52,52,10630.0,204.42,85.0
Outpatient,4786,52,52,10620.0,204.23,100.0
Outpatient,8930,46,46,10620.0,230.87,100.0
Outpatient,9165,37,37,10620.0,287.03,100.0
Outpatient,V5971,37,37,10620.0,287.03,200.0
Outpatient,36241,16,16,10600.0,662.5,200.0
Outpatient,2274,31,31,10600.0,341.94,400.0
Outpatient,36114,18,18,10600.0,588.89,95.0
Outpatient,47819,42,42,10600.0,252.38,95.0
Outpatient,82111,22,22,10600.0,481.82,200.0
Outpatient,81382,22,22,10590.0,481.36,90.0
Outpatient,V184,43,43,10590.0,246.28,80.0
Outpatient,81212,24,24,10590.0,441.25,150.0
Outpatient,8074,34,34,10580.0,311.18,100.0
Outpatient,7886,133,132,10580.0,79.55,50.0
Outpatient,32724,44,44,10580.0,240.45,70.0
Outpatient,2708,40,40,10580.0,264.5,95.0
Outpatient,220,23,23,10570.0,459.57,500.0
Outpatient,9167,46,46,10570.0,229.78,200.0
Outpatient,V1050,12,12,10560.0,880.0,700.0
Outpatient,78063,27,27,10560.0,391.11,200.0
Outpatient,9111,42,42,10560.0,251.43,200.0
Outpatient,2220,30,30,10550.0,351.67,350.0
Outpatient,71944,71,71,10550.0,148.59,80.0
Outpatient,2211,29,29,10540.0,363.45,300.0
Outpatient,53401,41,41,10530.0,256.83,100.0
Outpatient,32725,50,50,10530.0,210.6,60.0
Outpatient,7320,56,56,10530.0,188.04,60.0
Outpatient,48230,49,49,10530.0,214.9,60.0
Outpatient,V5974,44,44,10520.0,239.09,60.0
Outpatient,29181,24,24,10520.0,438.33,150.0
Outpatient,9161,48,48,10520.0,219.17,200.0
Outpatient,9104,52,52,10520.0,202.31,100.0
Outpatient,20284,18,18,10510.0,583.89,85.0
Outpatient,20033,13,13,10510.0,808.46,90.0
Outpatient,44581,16,16,10500.0,656.25,35.0
Outpatient,20222,16,16,10500.0,656.25,80.0
Outpatient,9586,24,24,10490.0,437.08,250.0
Outpatient,7013,78,77,10490.0,134.49,60.0
Outpatient,83401,9,9,10490.0,1165.56,1400.0
Outpatient,2726,48,48,10490.0,218.54,65.0
Outpatient,9196,42,42,10480.0,249.52,200.0
Outpatient,V4381,55,54,10480.0,190.55,60.0
Outpatient,1706,18,18,10470.0,581.67,400.0
Outpatient,V8534,47,47,10470.0,222.77,70.0
Outpatient,5967,35,35,10470.0,299.14,70.0
Outpatient,V189,38,38,10460.0,275.26,95.0
Outpatient,82522,31,31,10460.0,337.42,100.0
Outpatient,3457,94,93,10460.0,111.28,65.0
Outpatient,7969,42,42,10460.0,249.05,70.0
Outpatient,81249,16,16,10460.0,653.75,300.0
Outpatient,V851,48,48,10450.0,217.71,75.0
Outpatient,36262,16,16,10450.0,653.13,95.0
Outpatient,81010,23,23,10450.0,454.35,200.0
Outpatient,4103,20,20,10440.0,522.0,200.0
Outpatient,1511,24,23,10440.0,435.0,100.0
Outpatient,0201,87,87,10430.0,119.89,70.0
Outpatient,4379,46,46,10430.0,226.74,100.0
Outpatient,V640,47,47,10430.0,221.91,70.0
Outpatient,9143,38,38,10410.0,273.95,200.0
Outpatient,5130,52,52,10400.0,200.0,60.0
Outpatient,83203,13,13,10400.0,800.0,300.0
Outpatient,31382,76,76,10400.0,136.84,75.0
Outpatient,V4588,46,46,10390.0,225.87,95.0
Outpatient,5368,33,33,10390.0,314.85,100.0
Outpatient,7829,41,41,10380.0,253.17,60.0
Outpatient,71985,65,65,10380.0,159.69,80.0
Outpatient,9140,48,48,10380.0,216.25,200.0
Outpatient,V503,42,42,10380.0,247.14,90.0
Outpatient,71904,52,52,10370.0,199.42,95.0
Outpatient,41410,60,58,10370.0,172.83,100.0
Outpatient,1713,15,15,10370.0,691.33,300.0
Outpatient,34651,59,59,10370.0,175.76,100.0
Outpatient,4105,12,12,10370.0,864.17,350.0
Outpatient,7398,55,55,10370.0,188.55,70.0
Outpatient,71627,55,55,10370.0,188.55,100.0
Outpatient,80707,26,26,10360.0,398.46,200.0
Outpatient,84200,58,58,10360.0,178.62,200.0
Outpatient,9116,50,50,10350.0,207.0,100.0
Outpatient,V8409,43,43,10350.0,240.7,80.0
Outpatient,V169,43,43,10350.0,240.7,80.0
Outpatient,41001,19,19,10340.0,544.21,500.0
Outpatient,83213,13,13,10340.0,795.38,200.0
Outpatient,4830,47,47,10330.0,219.79,60.0
Outpatient,32744,48,48,10320.0,215.0,95.0
Outpatient,9916,30,30,10320.0,344.0,200.0
Outpatient,V854,47,47,10310.0,219.36,60.0
Outpatient,9928,25,25,10300.0,412.0,400.0
Outpatient,71949,58,58,10300.0,177.59,85.0
Outpatient,0421,63,62,10300.0,163.49,100.0
Outpatient,1714,17,17,10300.0,605.88,500.0
Outpatient,20892,16,16,10290.0,643.13,75.0
Outpatient,34622,57,57,10290.0,180.53,100.0
Outpatient,71906,69,69,10280.0,148.99,80.0
Outpatient,V138,42,42,10270.0,244.52,70.0
Outpatient,2113,31,31,10270.0,331.29,100.0
Outpatient,20225,17,17,10270.0,604.12,300.0
Outpatient,V5901,41,41,10270.0,250.49,60.0
Outpatient,9172,40,40,10260.0,256.5,200.0
Outpatient,5644,22,22,10250.0,465.91,150.0
Outpatient,20063,24,24,10250.0,427.08,150.0
Outpatient,71874,71,71,10230.0,144.08,90.0
Outpatient,20026,21,21,10230.0,487.14,50.0
Outpatient,20013,16,16,10230.0,639.38,85.0
Outpatient,34611,52,52,10230.0,196.73,100.0
Outpatient,71891,65,65,10220.0,157.23,80.0
Outpatient,4845,49,49,10220.0,208.57,100.0
Outpatient,4107,23,23,10210.0,443.91,100.0
Outpatient,87339,24,24,10210.0,425.42,300.0
Outpatient,3084,80,80,10210.0,127.63,80.0
Outpatient,V164,30,30,10210.0,340.33,350.0
Outpatient,36222,12,12,10210.0,850.83,250.0
Outpatient,71917,64,64,10200.0,159.38,70.0
Outpatient,1140,46,46,10200.0,221.74,80.0
Outpatient,226,20,20,10200.0,510.0,400.0
Outpatient,4378,44,44,10200.0,231.82,100.0
Outpatient,2104,32,32,10190.0,318.44,400.0
Outpatient,7090,82,82,10180.0,124.15,60.0
Outpatient,V8742,57,57,10180.0,178.6,70.0
Outpatient,V550,62,62,10170.0,164.03,70.0
Outpatient,81418,17,17,10170.0,598.24,200.0
Outpatient,83111,7,7,10160.0,1451.43,1800.0
Outpatient,0420,64,63,10140.0,158.44,100.0
Outpatient,8073,29,29,10130.0,349.31,200.0
Outpatient,V4383,42,42,10130.0,241.19,150.0
Outpatient,03841,20,20,10130.0,506.5,400.0
Outpatient,9210,41,41,10120.0,246.83,200.0
Outpatient,99586,28,28,10120.0,361.43,100.0
Outpatient,V210,52,52,10120.0,194.62,100.0
Outpatient,V5401,17,17,10110.0,594.71,300.0
Outpatient,36235,14,14,10110.0,722.14,250.0
Outpatient,44422,27,27,10100.0,374.07,90.0
Outpatient,78065,44,44,10100.0,229.55,95.0
Outpatient,82322,20,20,10090.0,504.5,150.0
Outpatient,36283,19,19,10090.0,531.05,100.0
Outpatient,V848,29,29,10090.0,347.93,90.0
Outpatient,9943,24,24,10080.0,420.0,350.0
Outpatient,7954,44,44,10080.0,229.09,80.0
Outpatient,83911,16,16,10080.0,630.0,300.0
Outpatient,47821,60,60,10070.0,167.83,100.0
Outpatient,29521,50,49,10070.0,201.4,85.0
Outpatient,7909,45,45,10070.0,223.78,100.0
Outpatient,2189,21,21,10060.0,479.05,100.0
Outpatient,V6404,48,48,10060.0,209.58,70.0
Outpatient,V8904,53,53,10050.0,189.62,60.0
Outpatient,V1004,29,29,10050.0,346.55,70.0
Outpatient,7021,94,94,10050.0,106.91,60.0
Outpatient,30500,26,26,10050.0,386.54,200.0
Outpatient,5362,32,32,10050.0,314.06,200.0
Outpatient,81313,23,23,10040.0,436.52,200.0
Outpatient,78053,48,48,10040.0,209.17,70.0
Outpatient,71909,64,64,10040.0,156.88,80.0
Outpatient,53360,41,41,10030.0,244.63,80.0
Outpatient,V4574,49,49,10030.0,204.69,80.0
Outpatient,71827,56,56,10020.0,178.93,95.0
Outpatient,9149,39,39,10020.0,256.92,200.0
Outpatient,1923,15,15,10020.0,668.0,300.0
Outpatient,8942,37,37,10020.0,270.81,100.0
Outpatient,37855,11,11,10020.0,910.91,100.0
Outpatient,33903,52,52,10020.0,192.69,100.0
Outpatient,V6408,36,36,10010.0,278.06,50.0
Outpatient,53781,45,45,9990.0,222.0,100.0
Outpatient,61884,22,22,9990.0,454.09,95.0
Outpatient,V8536,34,34,9990.0,293.82,65.0
Outpatient,81406,18,18,9990.0,555.0,200.0
Outpatient,2733,40,40,9990.0,249.75,70.0
Outpatient,5373,36,36,9980.0,277.22,100.0
Outpatient,70219,79,79,9980.0,126.33,60.0
Outpatient,2591,21,21,9980.0,475.24,100.0
Outpatient,6242,18,18,9970.0,553.89,90.0
Outpatient,9128,36,36,9970.0,276.94,200.0
Outpatient,80852,29,29,9970.0,343.79,200.0
Outpatient,20072,16,16,9970.0,623.13,30.0
Outpatient,7337,59,59,9970.0,168.98,60.0
Outpatient,92303,40,40,9960.0,249.0,200.0
Outpatient,0730,52,52,9960.0,191.54,80.0
Outpatient,V5041,51,51,9950.0,195.1,80.0
Outpatient,7091,71,70,9950.0,140.14,70.0
Outpatient,4781,60,60,9940.0,165.67,100.0
Outpatient,V1749,47,47,9940.0,211.49,70.0
Outpatient,1411,15,15,9930.0,662.0,90.0
Outpatient,0449,65,63,9930.0,152.77,100.0
Outpatient,V8403,53,53,9920.0,187.17,60.0
Outpatient,V460,45,45,9920.0,220.44,100.0
Outpatient,9213,47,47,9920.0,211.06,100.0
Outpatient,73390,58,58,9920.0,171.03,60.0
Outpatient,42982,64,64,9910.0,154.84,50.0
Outpatient,3081,72,72,9890.0,137.36,80.0
Outpatient,4822,42,42,9890.0,235.48,90.0
Outpatient,88010,40,40,9890.0,247.25,150.0
Outpatient,20781,17,17,9890.0,581.76,60.0
Outpatient,80506,25,25,9890.0,395.6,200.0
Outpatient,32743,37,37,9880.0,267.03,90.0
Outpatient,81409,18,18,9860.0,547.78,200.0
Outpatient,2514,30,30,9860.0,328.67,55.0
Outpatient,20296,21,21,9860.0,469.52,100.0
Outpatient,V690,50,50,9850.0,197.0,80.0
Outpatient,8861,47,47,9850.0,209.57,100.0
Outpatient,45371,94,94,9850.0,104.79,30.0
Outpatient,6228,18,18,9850.0,547.22,150.0
Outpatient,79981,39,39,9850.0,252.56,80.0
Outpatient,36583,43,43,9840.0,228.84,70.0
Outpatient,5780,45,45,9840.0,218.67,100.0
Outpatient,9211,54,54,9830.0,182.04,100.0
Outpatient,2278,25,25,9830.0,393.2,400.0
Outpatient,81601,18,18,9820.0,545.56,200.0
Outpatient,9244,39,39,9820.0,251.79,200.0
Outpatient,2773,36,36,9820.0,272.78,45.0
Outpatient,79579,50,50,9820.0,196.4,80.0
Outpatient,7991,24,24,9800.0,408.33,300.0
Outpatient,V596,43,42,9790.0,227.67,60.0
Outpatient,7322,56,56,9790.0,174.82,60.0
Outpatient,30009,77,77,9790.0,127.14,80.0
Outpatient,80510,28,28,9780.0,349.29,100.0
Outpatient,9180,42,42,9780.0,232.86,200.0
Outpatient,81307,13,13,9780.0,752.31,200.0
Outpatient,5690,30,30,9770.0,325.67,400.0
Outpatient,2731,47,47,9760.0,207.66,80.0
Outpatient,5372,36,36,9760.0,271.11,200.0
Outpatient,1462,17,17,9750.0,573.53,200.0
Outpatient,4784,49,49,9750.0,198.98,80.0
Outpatient,8360,13,13,9740.0,749.23,400.0
Outpatient,9197,37,37,9740.0,263.24,100.0
Outpatient,83901,12,12,9740.0,811.67,200.0
Outpatient,20274,18,18,9730.0,540.56,65.0
Outpatient,9914,24,24,9730.0,405.42,200.0
Outpatient,22802,32,32,9730.0,304.06,350.0
Outpatient,73391,59,59,9730.0,164.92,70.0
Outpatient,92233,51,51,9720.0,190.59,100.0
Outpatient,81308,18,18,9720.0,540.0,200.0
Outpatient,5191,60,60,9710.0,161.83,70.0
Outpatient,7847,57,57,9710.0,170.35,80.0
Outpatient,81209,16,16,9710.0,606.88,150.0
Outpatient,71617,10,10,9710.0,971.0,1250.0
Outpatient,71821,56,55,9710.0,173.39,95.0
Outpatient,83654,10,10,9700.0,970.0,200.0
Outpatient,83411,11,11,9700.0,881.82,600.0
Outpatient,2701,48,48,9690.0,201.88,60.0
Outpatient,7849,47,47,9690.0,206.17,100.0
Outpatient,V8389,51,51,9690.0,190.0,60.0
Outpatient,92231,45,45,9680.0,215.11,200.0
Outpatient,45182,97,96,9670.0,99.69,10.0
Outpatient,2273,30,30,9670.0,322.33,400.0
Outpatient,81202,18,18,9660.0,536.67,200.0
Outpatient,2865,98,98,9660.0,98.57,10.0
Outpatient,20074,20,20,9660.0,483.0,350.0
Outpatient,36257,13,13,9650.0,742.31,60.0
Outpatient,20056,17,17,9650.0,567.65,400.0
Outpatient,V153,50,50,9650.0,193.0,80.0
Outpatient,81111,15,15,9630.0,642.0,200.0
Outpatient,45377,82,82,9620.0,117.32,20.0
Outpatient,79391,50,50,9610.0,192.2,90.0
Outpatient,2212,31,31,9610.0,310.0,200.0
Outpatient,8922,42,42,9610.0,228.81,200.0
Outpatient,0545,20,20,9610.0,480.5,75.0
Outpatient,71611,13,13,9590.0,737.69,200.0
Outpatient,71666,56,56,9590.0,171.25,85.0
Outpatient,71615,9,9,9590.0,1065.56,400.0
Outpatient,36102,12,12,9590.0,799.17,200.0
Outpatient,3082,60,60,9590.0,159.83,80.0
Outpatient,83912,9,9,9590.0,1065.56,200.0
Outpatient,6261,53,53,9590.0,180.94,70.0
Outpatient,80842,18,18,9590.0,532.78,100.0
Outpatient,99772,26,26,9580.0,368.46,200.0
Outpatient,V8909,46,46,9580.0,208.26,70.0
Outpatient,20298,17,17,9580.0,563.53,100.0
Outpatient,5992,24,24,9580.0,399.17,70.0
Outpatient,71833,12,12,9580.0,798.33,200.0
Outpatient,9166,39,38,9580.0,245.64,100.0
Outpatient,9191,37,37,9570.0,258.65,200.0
Outpatient,20920,25,24,9570.0,382.8,100.0
Outpatient,99700,28,28,9570.0,341.79,200.0
Outpatient,0380,14,14,9560.0,682.86,400.0
Outpatient,8787,28,28,9560.0,341.43,300.0
Outpatient,2729,39,39,9550.0,244.87,50.0
Outpatient,3629,13,13,9550.0,734.62,200.0
Outpatient,9975,23,23,9540.0,414.78,200.0
Outpatient,V212,42,42,9540.0,227.14,65.0
Outpatient,6082,18,18,9540.0,530.0,70.0
Outpatient,71893,65,65,9540.0,146.77,90.0
Outpatient,V593,50,50,9530.0,190.6,80.0
Outpatient,8280,21,21,9520.0,453.33,100.0
Outpatient,9106,39,39,9520.0,244.1,200.0
Outpatient,V8745,42,42,9510.0,226.43,95.0
Outpatient,9540,18,18,9510.0,528.33,300.0
Outpatient,81600,18,18,9510.0,528.33,200.0
Outpatient,83979,9,9,9500.0,1055.56,1400.0
Outpatient,5371,32,32,9500.0,296.88,200.0
Outpatient,78055,40,40,9500.0,237.5,60.0
Outpatient,V592,41,41,9500.0,231.71,70.0
Outpatient,81354,14,14,9500.0,678.57,150.0
Outpatient,29520,53,53,9500.0,179.25,60.0
Outpatient,69275,72,72,9490.0,131.81,60.0
Outpatient,71835,10,10,9490.0,949.0,1100.0
Outpatient,82100,22,22,9480.0,430.91,100.0
Outpatient,71878,71,71,9480.0,133.52,90.0
Outpatient,9137,42,42,9470.0,225.48,150.0
Outpatient,4843,56,56,9470.0,169.11,90.0
Outpatient,0221,49,49,9470.0,193.27,90.0
Outpatient,71923,61,61,9470.0,155.25,90.0
Outpatient,7823,50,50,9470.0,189.4,65.0
Outpatient,9148,33,33,9460.0,286.67,200.0
Outpatient,70583,84,83,9460.0,112.62,60.0
Outpatient,1478,19,19,9450.0,497.37,300.0
Outpatient,7836,40,40,9450.0,236.25,100.0
Outpatient,V196,54,54,9450.0,175.0,60.0
Outpatient,9086,25,25,9450.0,378.0,300.0
Outpatient,9182,38,38,9450.0,248.68,200.0
Outpatient,3083,78,77,9450.0,121.15,80.0
Outpatient,32719,55,54,9440.0,171.64,70.0
Outpatient,9144,46,46,9430.0,205.0,100.0
Outpatient,V1069,16,16,9430.0,589.38,300.0
Outpatient,V4571,53,53,9420.0,177.74,60.0
Outpatient,30021,63,63,9420.0,149.52,80.0
Outpatient,29552,46,45,9420.0,204.78,80.0
Outpatient,9989,16,16,9420.0,588.75,150.0
Outpatient,73381,57,57,9410.0,165.09,50.0
Outpatient,53341,46,46,9410.0,204.57,95.0
Outpatient,8241,13,13,9390.0,722.31,100.0
Outpatient,9569,22,22,9390.0,426.82,350.0
Outpatient,71954,60,60,9380.0,156.33,80.0
Outpatient,2131,27,27,9380.0,347.41,400.0
Outpatient,9121,41,41,9370.0,228.54,200.0
Outpatient,82003,38,38,9360.0,246.32,150.0
Outpatient,70400,72,72,9350.0,129.86,70.0
Outpatient,28982,99,99,9350.0,94.44,10.0
Outpatient,V8732,45,45,9350.0,207.78,100.0
Outpatient,8975,46,46,9350.0,203.26,100.0
Outpatient,9136,42,42,9340.0,222.38,200.0
Outpatient,V166,47,47,9330.0,198.51,70.0
Outpatient,9987,31,31,9330.0,300.97,100.0
Outpatient,9105,41,41,9320.0,227.32,200.0
Outpatient,V188,52,52,9310.0,179.04,95.0
Outpatient,V219,54,54,9310.0,172.41,85.0
Outpatient,32729,48,48,9310.0,193.96,85.0
Outpatient,81112,20,20,9300.0,465.0,200.0
Outpatient,81316,16,16,9300.0,581.25,200.0
Outpatient,V5909,37,37,9290.0,251.08,100.0
Outpatient,8053,20,20,9290.0,464.5,200.0
Outpatient,36201,15,15,9290.0,619.33,200.0
Outpatient,28739,118,117,9290.0,78.73,10.0
Outpatient,3080,76,76,9280.0,122.11,80.0
Outpatient,20043,18,18,9280.0,515.56,70.0
Outpatient,9932,27,27,9280.0,343.7,100.0
Outpatient,3131,75,75,9280.0,123.73,70.0
Outpatient,81512,18,18,9270.0,515.0,300.0
Outpatient,V461,19,19,9270.0,487.89,300.0
Outpatient,73345,60,60,9260.0,154.33,80.0
Outpatient,V1819,44,44,9260.0,210.45,90.0
Outpatient,87263,25,25,9250.0,370.0,300.0
Outpatient,702,64,64,9250.0,144.53,70.0
Outpatient,V197,39,39,9250.0,237.18,80.0
Outpatient,V1585,39,39,9240.0,236.92,90.0
Outpatient,7069,103,103,9240.0,89.71,60.0
Outpatient,9145,46,46,9230.0,200.65,200.0
Outpatient,3003,68,68,9220.0,135.59,80.0
Outpatient,62579,16,16,9220.0,576.25,95.0
Outpatient,30089,71,71,9220.0,129.86,90.0
Outpatient,78059,43,43,9220.0,214.42,80.0
Outpatient,79582,39,39,9220.0,236.41,90.0
Outpatient,36240,14,14,9210.0,657.86,250.0
Outpatient,V5972,48,48,9200.0,191.67,85.0
Outpatient,V187,42,42,9200.0,219.05,90.0
Outpatient,42989,52,52,9200.0,176.92,75.0
Outpatient,71685,65,65,9200.0,141.54,80.0
Outpatient,92311,40,40,9190.0,229.75,200.0
Outpatient,07420,23,23,9190.0,399.57,40.0
Outpatient,V191,44,44,9180.0,208.64,85.0
Outpatient,20964,30,30,9170.0,305.67,85.0
Outpatient,5995,22,22,9170.0,416.82,55.0
Outpatient,4711,48,48,9170.0,191.04,80.0
Outpatient,81119,28,28,9170.0,327.5,250.0
Outpatient,92309,47,47,9170.0,195.11,100.0
Outpatient,41000,9,9,9170.0,1018.89,300.0
Outpatient,80710,26,25,9160.0,352.31,200.0
Outpatient,V8553,41,41,9160.0,223.41,70.0
Outpatient,1912,18,18,9150.0,508.33,300.0
Outpatient,36133,16,16,9150.0,571.88,100.0
Outpatient,78056,56,56,9150.0,163.39,75.0
Outpatient,80715,21,21,9150.0,435.71,300.0
Outpatient,99830,19,19,9150.0,481.58,100.0
Outpatient,20037,9,9,9140.0,1015.56,400.0
Outpatient,9062,38,38,9130.0,240.26,200.0
Outpatient,7397,58,58,9130.0,157.41,55.0
Outpatient,20782,21,21,9110.0,433.81,70.0
Outpatient,V176,47,47,9100.0,193.62,90.0
Outpatient,1421,19,19,9100.0,478.95,200.0
Outpatient,0431,57,57,9090.0,159.47,100.0
Outpatient,6028,27,27,9090.0,336.67,70.0
Outpatient,81323,20,20,9090.0,454.5,250.0
Outpatient,2776,36,36,9090.0,252.5,60.0
Outpatient,80703,17,17,9070.0,533.53,200.0
Outpatient,8056,29,29,9070.0,312.76,80.0
Outpatient,3502,37,37,9070.0,245.14,100.0
Outpatient,1719,13,13,9060.0,696.92,200.0
Outpatient,83112,7,7,9050.0,1292.86,1100.0
Outpatient,V0759,51,51,9050.0,177.45,70.0
Outpatient,6264,38,38,9050.0,238.16,75.0
Outpatient,V4981,39,39,9040.0,231.79,60.0
Outpatient,78322,39,39,9040.0,231.79,80.0
Outpatient,9223,42,42,9040.0,215.24,150.0
Outpatient,36514,39,39,9040.0,231.79,60.0
Outpatient,6069,22,22,9030.0,410.45,70.0
Outpatient,81259,20,20,9030.0,451.5,300.0
Outpatient,9055,22,22,9020.0,410.0,200.0
Outpatient,71608,62,62,9020.0,145.48,80.0
Outpatient,5369,30,30,9020.0,300.67,200.0
Outpatient,5363,31,31,9020.0,290.97,200.0
Outpatient,V1640,33,33,9020.0,273.33,100.0
Outpatient,2866,94,94,9010.0,95.85,20.0
Outpatient,81254,21,21,9010.0,429.05,200.0
Outpatient,V484,37,37,9010.0,243.51,200.0
Outpatient,32709,41,41,9010.0,219.76,50.0
Outpatient,81341,9,9,9010.0,1001.11,300.0
Outpatient,9189,29,29,9000.0,310.34,200.0
Outpatient,7020,86,86,9000.0,104.65,70.0
Outpatient,9599,23,23,9000.0,391.3,200.0
Outpatient,07423,13,13,9000.0,692.31,80.0
Outpatient,V713,19,19,9000.0,473.68,300.0
Outpatient,32742,45,45,9000.0,200.0,80.0
Outpatient,34621,50,49,8990.0,179.8,100.0
Outpatient,V132,13,13,8990.0,691.54,200.0
Outpatient,9198,33,33,8990.0,272.42,200.0
Outpatient,9115,37,37,8980.0,242.7,200.0
Outpatient,9559,29,29,8980.0,309.66,200.0
Outpatient,9224,51,51,8980.0,176.08,100.0
Outpatient,36500,41,41,8980.0,219.02,70.0
Outpatient,71620,77,77,8980.0,116.62,80.0
Outpatient,2549,31,31,8970.0,289.35,90.0
Outpatient,8052,21,21,8970.0,427.14,200.0
Outpatient,5374,26,26,8970.0,345.0,300.0
Outpatient,20200,18,18,8970.0,498.33,150.0
Outpatient,9946,20,20,8970.0,448.5,300.0
Outpatient,7043,87,87,8970.0,103.1,60.0
Outpatient,6213,17,17,8960.0,527.06,80.0
Outpatient,9945,30,30,8960.0,298.67,350.0
Outpatient,80516,34,34,8960.0,263.53,100.0
Outpatient,20047,19,19,8960.0,471.58,300.0
Outpatient,V4577,42,42,8950.0,213.1,75.0
Outpatient,8714,23,23,8950.0,389.13,300.0
Outpatient,7171,11,11,8950.0,813.64,400.0
Outpatient,V1851,45,45,8950.0,198.89,70.0
Outpatient,28242,24,24,8950.0,372.92,200.0
Outpatient,2050,14,14,8950.0,639.29,200.0
Outpatient,9146,39,39,8950.0,229.49,200.0
Outpatient,V440,56,56,8940.0,159.64,75.0
Outpatient,6209,21,21,8940.0,425.71,80.0
Outpatient,2782,45,45,8930.0,198.44,60.0
Outpatient,9103,35,35,8930.0,255.14,200.0
Outpatient,2730,49,49,8920.0,182.04,70.0
Outpatient,9151,47,47,8920.0,189.79,200.0
Outpatient,81613,16,16,8920.0,557.5,200.0
Outpatient,20602,16,16,8920.0,557.5,95.0
Outpatient,V1643,37,37,8920.0,241.08,90.0
Outpatient,36541,44,44,8920.0,202.73,65.0
Outpatient,1463,13,13,8910.0,685.38,500.0
Outpatient,8972,44,44,8910.0,202.5,100.0
Outpatient,71801,8,8,8900.0,1112.5,1050.0
Outpatient,5439,6,6,8900.0,1483.33,1550.0
Outpatient,71613,7,7,8900.0,1271.43,800.0
Outpatient,53641,19,19,8900.0,468.42,100.0
Outpatient,V498,48,48,8900.0,185.42,60.0
Outpatient,33981,55,55,8890.0,161.64,100.0
Outpatient,70901,85,85,8890.0,104.59,60.0
Outpatient,83119,11,11,8890.0,808.18,500.0
Outpatient,9054,26,26,8890.0,341.92,200.0
Outpatient,20067,18,18,8890.0,493.89,100.0
Outpatient,9117,47,47,8890.0,189.15,100.0
Outpatient,32727,51,51,8880.0,174.12,80.0
Outpatient,20295,22,22,8880.0,403.64,85.0
Outpatient,7999,35,35,8870.0,253.43,80.0
Outpatient,44481,18,18,8860.0,492.22,90.0
Outpatient,V172,50,50,8860.0,177.2,80.0
Outpatient,45382,93,93,8860.0,95.27,20.0
Outpatient,42981,73,73,8860.0,121.37,60.0
Outpatient,3572,31,31,8860.0,285.81,90.0
Outpatient,6180,21,21,8860.0,421.9,60.0
Outpatient,V438,44,44,8850.0,201.14,60.0
Outpatient,483,49,49,8850.0,180.61,60.0
Outpatient,83209,11,11,8850.0,804.55,200.0
Outpatient,2276,24,23,8840.0,368.33,400.0
Outpatient,9101,46,46,8840.0,192.17,100.0
Outpatient,30002,52,52,8840.0,170.0,90.0
Outpatient,1929,18,18,8840.0,491.11,90.0
Outpatient,41092,9,9,8830.0,981.11,200.0
Outpatient,6079,23,23,8820.0,383.48,60.0
Outpatient,1471,12,12,8820.0,735.0,150.0
Outpatient,71934,63,63,8820.0,140.0,70.0
Outpatient,8081,29,29,8820.0,304.14,90.0
Outpatient,9582,25,25,8810.0,352.4,200.0
Outpatient,27549,40,40,8810.0,220.25,95.0
Outpatient,87341,26,26,8800.0,338.46,200.0
Outpatient,6175,3,3,8800.0,2933.33,3000.0
Outpatient,81519,17,17,8800.0,517.65,200.0
Outpatient,83800,7,7,8800.0,1257.14,500.0
Outpatient,2718,43,43,8800.0,204.65,80.0
Outpatient,V590,44,44,8790.0,199.77,65.0
Outpatient,5409,8,8,8790.0,1098.75,550.0
Outpatient,9108,43,43,8790.0,204.42,200.0
Outpatient,3300,19,19,8790.0,462.63,80.0
Outpatient,1456,14,14,8780.0,627.14,95.0
Outpatient,70211,84,84,8780.0,104.52,65.0
Outpatient,V8712,44,44,8780.0,199.55,60.0
Outpatient,78342,43,43,8780.0,204.19,70.0
Outpatient,6239,10,10,8770.0,877.0,250.0
Outpatient,87330,19,19,8770.0,461.58,300.0
Outpatient,20712,21,21,8770.0,417.62,80.0
Outpatient,62920,22,22,8770.0,398.64,100.0
Outpatient,5989,20,20,8760.0,438.0,100.0
Outpatient,30020,64,62,8760.0,136.88,80.0
Outpatient,71805,12,12,8760.0,730.0,400.0
Outpatient,6253,39,39,8760.0,224.62,90.0
Outpatient,9341,23,23,8760.0,380.87,200.0
Outpatient,28864,37,37,8750.0,236.49,70.0
Outpatient,9973,21,21,8750.0,416.67,200.0
Outpatient,V8554,44,44,8750.0,198.86,70.0
Outpatient,2363,62,62,8750.0,141.13,50.0
Outpatient,V4289,40,40,8750.0,218.75,100.0
Outpatient,V642,44,44,8750.0,198.86,60.0
Outpatient,79924,45,45,8750.0,194.44,70.0
Outpatient,1515,22,22,8740.0,397.27,95.0
Outpatient,9153,39,39,8730.0,223.85,100.0
Outpatient,V8711,43,43,8720.0,202.79,90.0
Outpatient,9168,39,39,8720.0,223.59,200.0
Outpatient,7014,76,76,8720.0,114.74,60.0
Outpatient,V428,43,43,8720.0,202.79,80.0
Outpatient,0521,50,50,8710.0,174.2,60.0
Outpatient,8181,19,19,8710.0,458.42,200.0
Outpatient,36276,20,20,8700.0,435.0,75.0
Outpatient,9557,27,27,8690.0,321.85,200.0
Outpatient,20003,14,14,8690.0,620.71,280.0
Outpatient,5361,31,31,8680.0,280.0,200.0
Outpatient,6070,26,26,8670.0,333.46,70.0
Outpatient,81320,19,19,8660.0,455.79,200.0
Outpatient,70582,90,90,8660.0,96.22,60.0
Outpatient,V1587,45,45,8650.0,192.22,60.0
Outpatient,7060,71,71,8650.0,121.83,60.0
Outpatient,30503,26,26,8650.0,332.69,200.0
Outpatient,45184,99,99,8650.0,87.37,20.0
Outpatient,2792,12,12,8640.0,720.0,150.0
Outpatient,20028,12,12,8640.0,720.0,65.0
Outpatient,81503,20,20,8630.0,431.5,200.0
Outpatient,9349,21,21,8630.0,410.95,300.0
Outpatient,88100,36,36,8630.0,239.72,100.0
Outpatient,20288,20,20,8620.0,431.0,85.0
Outpatient,5988,25,25,8620.0,344.8,80.0
Outpatient,76071,25,25,8610.0,344.4,200.0
Outpatient,V5414,27,27,8610.0,318.89,200.0
Outpatient,7094,73,73,8610.0,117.95,60.0
Outpatient,9156,42,42,8610.0,205.0,150.0
Outpatient,V1551,26,26,8610.0,331.15,200.0
Outpatient,V695,47,47,8610.0,183.19,60.0
Outpatient,81243,20,20,8610.0,430.5,200.0
Outpatient,9112,44,44,8600.0,195.45,200.0
Outpatient,4108,8,8,8600.0,1075.0,800.0
Outpatient,36501,30,30,8600.0,286.67,70.0
Outpatient,7172,15,15,8600.0,573.33,300.0
Outpatient,7932,43,43,8590.0,199.77,90.0
Outpatient,V8903,40,40,8590.0,214.75,100.0
Outpatient,9133,44,44,8590.0,195.23,100.0
Outpatient,6189,22,21,8590.0,390.45,70.0
Outpatient,1898,10,10,8580.0,858.0,280.0
Outpatient,9915,26,26,8580.0,330.0,200.0
Outpatient,V872,43,43,8580.0,199.53,80.0
Outpatient,V8489,42,42,8580.0,204.29,100.0
Outpatient,V8302,45,45,8580.0,190.67,60.0
Outpatient,92320,35,35,8580.0,245.14,200.0
Outpatient,2059,14,14,8580.0,612.86,80.0
Outpatient,7815,37,37,8570.0,231.62,100.0
Outpatient,9222,39,39,8570.0,219.74,200.0
Outpatient,9192,38,38,8570.0,225.53,200.0
Outpatient,3005,55,55,8570.0,155.82,90.0
Outpatient,7068,77,77,8570.0,111.3,60.0
Outpatient,7370,10,10,8560.0,856.0,250.0
Outpatient,51909,26,26,8560.0,329.23,100.0
Outpatient,28261,20,20,8560.0,428.0,200.0
Outpatient,71831,11,11,8560.0,778.18,300.0
Outpatient,V073,47,47,8550.0,181.91,60.0
Outpatient,20027,19,19,8550.0,450.0,80.0
Outpatient,9124,43,43,8550.0,198.84,200.0
Outpatient,7335,56,56,8540.0,152.5,60.0
Outpatient,36503,41,40,8540.0,208.29,90.0
Outpatient,99591,16,16,8540.0,533.75,500.0
Outpatient,28804,28,28,8540.0,305.0,60.0
Outpatient,07422,17,16,8530.0,501.76,100.0
Outpatient,27731,32,32,8530.0,266.56,60.0
Outpatient,36110,12,12,8530.0,710.83,300.0
Outpatient,88003,31,31,8520.0,274.84,200.0
Outpatient,99799,22,22,8520.0,387.27,80.0
Outpatient,V175,44,44,8510.0,193.41,65.0
Outpatient,2159,25,25,8510.0,340.4,300.0
Outpatient,8719,29,29,8500.0,293.1,300.0
Outpatient,V489,42,42,8500.0,202.38,60.0
Outpatient,V595,50,50,8500.0,170.0,80.0
Outpatient,V4281,40,40,8500.0,212.5,85.0
Outpatient,7050,87,87,8500.0,97.7,60.0
Outpatient,28863,34,34,8500.0,250.0,35.0
Outpatient,9228,40,40,8490.0,212.25,150.0
Outpatient,20923,11,11,8480.0,770.91,400.0
Outpatient,9119,48,48,8480.0,176.67,100.0
Outpatient,2775,56,56,8480.0,151.43,60.0
Outpatient,82330,22,22,8480.0,385.45,200.0
Outpatient,8870,44,44,8470.0,192.5,100.0
Outpatient,53784,29,28,8460.0,291.72,100.0
Outpatient,V218,44,44,8460.0,192.27,95.0
Outpatient,8961,53,53,8460.0,159.62,100.0
Outpatient,83319,10,10,8460.0,846.0,650.0
Outpatient,82530,20,20,8450.0,422.5,350.0
Outpatient,9239,36,36,8450.0,234.72,200.0
Outpatient,9159,39,39,8450.0,216.67,200.0
Outpatient,9984,25,25,8450.0,338.0,200.0
Outpatient,3432,14,14,8440.0,602.86,200.0
Outpatient,71784,15,15,8440.0,562.67,200.0
Outpatient,5963,25,25,8440.0,337.6,90.0
Outpatient,6145,28,28,8440.0,301.43,70.0
Outpatient,41032,16,16,8440.0,527.5,300.0
Outpatient,92301,32,32,8430.0,263.44,200.0
Outpatient,9531,24,24,8430.0,351.25,400.0
Outpatient,27786,38,38,8430.0,221.84,60.0
Outpatient,9154,39,38,8430.0,216.15,100.0
Outpatient,36266,12,12,8430.0,702.5,200.0
Outpatient,3089,68,67,8430.0,123.97,80.0
Outpatient,9052,14,14,8420.0,601.43,95.0
Outpatient,41020,13,13,8420.0,647.69,100.0
Outpatient,79099,38,38,8410.0,221.32,90.0
Outpatient,71901,55,55,8410.0,152.91,70.0
Outpatient,83949,7,7,8400.0,1200.0,1500.0
Outpatient,83664,10,10,8400.0,840.0,350.0
Outpatient,7827,97,97,8390.0,86.49,10.0
Outpatient,2229,19,19,8380.0,441.05,400.0
Outpatient,9118,46,46,8380.0,182.17,100.0
Outpatient,V1001,15,15,8380.0,558.67,200.0
Outpatient,4719,54,54,8380.0,155.19,80.0
Outpatient,5966,25,25,8380.0,335.2,70.0
Outpatient,99554,27,27,8370.0,310.0,300.0
Outpatient,2248,30,30,8370.0,279.0,200.0
Outpatient,5379,29,29,8370.0,288.62,100.0
Outpatient,81340,24,24,8370.0,348.75,200.0
Outpatient,6019,30,30,8360.0,278.67,90.0
Outpatient,79982,35,35,8360.0,238.86,80.0
Outpatient,71808,9,9,8360.0,928.89,1300.0
Outpatient,7960,25,25,8360.0,334.4,200.0
Outpatient,20065,18,18,8360.0,464.44,65.0
Outpatient,8970,43,43,8350.0,194.19,100.0
Outpatient,V6402,54,54,8350.0,154.63,75.0
Outpatient,32749,45,45,8350.0,185.56,80.0
Outpatient,2070,17,17,8350.0,491.18,80.0
Outpatient,V152,42,42,8350.0,198.81,70.0
Outpatient,81392,24,24,8340.0,347.5,200.0
Outpatient,20810,11,11,8340.0,758.18,400.0
Outpatient,7030,81,81,8340.0,102.96,60.0
Outpatient,9999,16,16,8340.0,521.25,150.0
Outpatient,V0752,50,50,8340.0,166.8,75.0
Outpatient,20016,17,17,8340.0,490.59,50.0
Outpatient,2751,38,38,8330.0,219.21,65.0
Outpatient,2713,38,38,8330.0,219.21,75.0
Outpatient,2862,85,85,8330.0,98.0,10.0
Outpatient,20018,24,24,8330.0,347.08,60.0
Outpatient,32711,48,48,8320.0,173.33,70.0
Outpatient,38583,22,22,8320.0,378.18,60.0
Outpatient,4760,49,49,8310.0,169.59,100.0
Outpatient,7993,47,47,8310.0,176.81,80.0
Outpatient,1910,20,20,8300.0,415.0,100.0
Outpatient,V139,37,37,8300.0,224.32,80.0
Outpatient,80711,25,25,8300.0,332.0,200.0
Outpatient,9170,32,32,8300.0,259.38,200.0
Outpatient,4293,63,63,8290.0,131.59,70.0
Outpatient,V5902,46,46,8290.0,180.22,70.0
Outpatient,9147,37,37,8290.0,224.05,200.0
Outpatient,78094,40,40,8290.0,207.25,80.0
Outpatient,7028,72,72,8290.0,115.14,65.0
Outpatient,8790,20,20,8290.0,414.5,400.0
Outpatient,9986,19,19,8280.0,435.79,400.0
Outpatient,36250,14,14,8280.0,591.43,100.0
Outpatient,5793,32,32,8280.0,258.75,100.0
Outpatient,0429,54,53,8270.0,153.15,95.0
Outpatient,V1529,43,43,8270.0,192.33,60.0
Outpatient,2060,17,17,8270.0,486.47,200.0
Outpatient,87202,21,21,8260.0,393.33,300.0
Outpatient,36224,15,15,8260.0,550.67,100.0
Outpatient,36515,38,38,8260.0,217.37,65.0
Outpatient,92321,38,38,8250.0,217.11,100.0
Outpatient,20012,13,13,8250.0,634.62,80.0
Outpatient,20592,15,15,8250.0,550.0,60.0
Outpatient,8976,50,50,8250.0,165.0,100.0
Outpatient,73632,13,13,8250.0,634.62,400.0
Outpatient,8963,44,44,8250.0,187.5,100.0
Outpatient,80517,24,24,8240.0,343.33,200.0
Outpatient,9141,44,44,8240.0,187.27,200.0
Outpatient,8261,19,19,8240.0,433.68,200.0
Outpatient,4539,103,103,8230.0,79.9,10.0
Outpatient,99889,19,19,8230.0,433.16,200.0
Outpatient,79094,41,41,8230.0,200.73,60.0
Outpatient,V4989,38,38,8220.0,216.32,95.0
Outpatient,30300,32,32,8220.0,256.88,250.0
Outpatient,V4283,50,50,8220.0,164.4,60.0
Outpatient,9248,38,38,8220.0,216.32,200.0
Outpatient,99593,20,20,8210.0,410.5,200.0
Outpatient,2088,15,15,8210.0,547.33,70.0
Outpatient,V594,46,46,8210.0,178.48,90.0
Outpatient,83305,11,11,8210.0,746.36,200.0
Outpatient,0202,18,18,8210.0,456.11,200.0
Outpatient,7394,51,51,8210.0,160.98,70.0
Outpatient,03640,17,17,8210.0,482.94,70.0
Outpatient,71619,9,9,8200.0,911.11,600.0
Outpatient,2888,30,30,8190.0,273.0,150.0
Outpatient,9500,34,33,8190.0,240.88,150.0
Outpatient,71629,59,59,8190.0,138.81,80.0
Outpatient,30022,72,71,8180.0,113.61,70.0
Outpatient,82130,13,13,8180.0,629.23,300.0
Outpatient,5982,18,18,8180.0,454.44,200.0
Outpatient,56721,6,6,8180.0,1363.33,700.0
Outpatient,9212,41,41,8170.0,199.27,200.0
Outpatient,88020,52,52,8170.0,157.12,100.0
Outpatient,1510,17,17,8170.0,480.59,400.0
Outpatient,99555,13,13,8160.0,627.69,200.0
Outpatient,2783,46,46,8160.0,177.39,75.0
Outpatient,47822,50,50,8150.0,163.0,80.0
Outpatient,36544,44,44,8150.0,185.23,80.0
Outpatient,47811,56,56,8150.0,145.54,60.0
Outpatient,V160,39,39,8140.0,208.72,90.0
Outpatient,95912,12,12,8140.0,678.33,350.0
Outpatient,V6406,37,37,8140.0,220.0,80.0
Outpatient,88009,43,43,8130.0,189.07,100.0
Outpatient,9126,34,34,8120.0,238.82,200.0
Outpatient,99813,29,29,8120.0,280.0,90.0
Outpatient,36205,9,9,8120.0,902.22,200.0
Outpatient,7841,32,32,8120.0,253.75,95.0
Outpatient,36232,15,15,8120.0,541.33,100.0
Outpatient,20610,9,9,8120.0,902.22,60.0
Outpatient,2040,13,13,8110.0,623.85,200.0
Outpatient,V6401,45,45,8110.0,180.22,90.0
Outpatient,78262,49,49,8110.0,165.51,70.0
Outpatient,V4573,55,55,8110.0,147.45,60.0
Outpatient,9058,42,42,8110.0,193.1,150.0
Outpatient,83113,7,7,8100.0,1157.14,1600.0
Outpatient,83210,11,11,8100.0,736.36,400.0
Outpatient,V8801,42,42,8100.0,192.86,40.0
Outpatient,36237,15,15,8090.0,539.33,200.0
Outpatient,79589,39,39,8090.0,207.44,100.0
Outpatient,9195,36,36,8080.0,224.44,200.0
Outpatient,8832,46,46,8080.0,175.65,100.0
Outpatient,45111,105,104,8080.0,76.95,20.0
Outpatient,20903,15,15,8070.0,538.0,100.0
Outpatient,80841,30,30,8070.0,269.0,100.0
Outpatient,8830,39,39,8060.0,206.67,100.0
Outpatient,V8902,45,45,8060.0,179.11,70.0
Outpatient,51919,62,62,8060.0,130.0,90.0
Outpatient,9571,26,26,8060.0,310.0,95.0
Outpatient,41060,15,15,8050.0,536.67,400.0
Outpatient,7391,59,59,8050.0,136.44,70.0
Outpatient,81200,13,13,8040.0,618.46,200.0
Outpatient,6212,20,20,8040.0,402.0,150.0
Outpatient,71614,9,9,8040.0,893.33,400.0
Outpatient,53783,32,32,8030.0,250.94,75.0
Outpatient,71638,47,47,8030.0,170.85,80.0
Outpatient,87352,21,21,8030.0,382.38,300.0
Outpatient,9175,33,33,8020.0,243.03,200.0
Outpatient,20071,16,15,8020.0,501.25,135.0
Outpatient,3133,76,75,8020.0,105.53,80.0
Outpatient,36531,36,36,8020.0,222.78,80.0
Outpatient,7093,84,84,8010.0,95.36,50.0
Outpatient,28264,24,24,8010.0,333.75,200.0
Outpatient,4720,51,51,8010.0,157.06,100.0
Outpatient,2598,19,19,8010.0,421.58,90.0
Outpatient,83510,6,6,8000.0,1333.33,1600.0
Outpatient,92401,38,38,8000.0,210.53,100.0
Outpatient,28732,105,105,7990.0,76.1,10.0
Outpatient,36106,17,17,7990.0,470.0,100.0
Outpatient,36523,49,49,7990.0,163.06,70.0
Outpatient,2919,27,27,7990.0,295.93,90.0
Outpatient,22801,32,32,7990.0,249.69,90.0
Outpatient,V173,45,45,7980.0,177.33,60.0
Outpatient,36265,9,9,7980.0,886.67,200.0
Outpatient,V8743,39,39,7980.0,204.62,100.0
Outpatient,81203,16,16,7970.0,498.13,250.0
Outpatient,73730,67,67,7970.0,118.96,50.0
Outpatient,32710,39,39,7970.0,204.36,80.0
Outpatient,80719,26,26,7960.0,306.15,200.0
Outpatient,9120,40,40,7960.0,199.0,100.0
Outpatient,V193,40,40,7950.0,198.75,90.0
Outpatient,8841,36,36,7950.0,220.83,100.0
Outpatient,V1652,39,39,7950.0,203.85,90.0
Outpatient,81501,26,26,7950.0,305.77,200.0
Outpatient,70581,80,80,7950.0,99.38,70.0
Outpatient,V4284,44,44,7950.0,180.68,80.0
Outpatient,V168,44,44,7950.0,180.68,60.0
Outpatient,7998,48,48,7940.0,165.42,75.0
Outpatient,61883,20,20,7940.0,397.0,95.0
Outpatient,6299,18,18,7940.0,441.11,80.0
Outpatient,73322,61,60,7940.0,130.16,50.0
Outpatient,4258,20,20,7940.0,397.0,100.0
Outpatient,20820,13,13,7940.0,610.77,70.0
Outpatient,V159,37,37,7940.0,214.59,60.0
Outpatient,9233,32,32,7930.0,247.81,200.0
Outpatient,7131,68,68,7930.0,116.62,70.0
Outpatient,7393,64,64,7930.0,123.91,70.0
Outpatient,7981,42,42,7930.0,188.81,75.0
Outpatient,2880,37,37,7930.0,214.32,40.0
Outpatient,20052,6,6,7920.0,1320.0,600.0
Outpatient,6298,26,26,7920.0,304.62,75.0
Outpatient,4785,45,45,7910.0,175.78,90.0
Outpatient,1488,12,12,7910.0,659.17,550.0
Outpatient,83804,9,9,7900.0,877.78,600.0
Outpatient,5193,45,45,7900.0,175.56,90.0
Outpatient,36261,14,14,7900.0,564.29,100.0
Outpatient,36217,13,13,7890.0,606.92,100.0
Outpatient,36565,39,38,7890.0,202.31,60.0
Outpatient,2134,32,32,7890.0,246.56,100.0
Outpatient,9127,41,41,7890.0,192.44,100.0
Outpatient,6083,25,25,7890.0,315.6,60.0
Outpatient,20205,23,23,7880.0,342.61,70.0
Outpatient,V1861,38,38,7880.0,207.37,90.0
Outpatient,45374,106,106,7880.0,74.34,10.0
Outpatient,1922,17,17,7870.0,462.94,300.0
Outpatient,920,37,37,7870.0,212.7,100.0
Outpatient,41081,17,17,7870.0,462.94,100.0
Outpatient,1401,11,11,7860.0,714.55,60.0
Outpatient,30302,22,22,7860.0,357.27,300.0
Outpatient,81001,18,18,7860.0,436.67,250.0
Outpatient,9110,40,40,7860.0,196.5,200.0
Outpatient,36273,19,19,7850.0,413.16,70.0
Outpatient,30301,26,26,7850.0,301.92,250.0
Outpatient,V4586,39,39,7850.0,201.28,100.0
Outpatient,20410,19,19,7840.0,412.63,50.0
Outpatient,20690,12,12,7840.0,653.33,65.0
Outpatient,80851,20,20,7840.0,392.0,150.0
Outpatient,9100,40,40,7830.0,195.75,100.0
Outpatient,7830,38,38,7830.0,206.05,80.0
Outpatient,8246,24,24,7830.0,326.25,95.0
Outpatient,53087,21,21,7830.0,372.86,200.0
Outpatient,9164,40,40,7820.0,195.5,150.0
Outpatient,82533,33,33,7820.0,236.97,200.0
Outpatient,47826,48,48,7820.0,162.92,90.0
Outpatient,42979,53,53,7820.0,147.55,60.0
Outpatient,1561,13,13,7810.0,600.77,300.0
Outpatient,03844,19,19,7810.0,411.05,200.0
Outpatient,2351,47,47,7810.0,166.17,60.0
Outpatient,30392,28,28,7810.0,278.93,200.0
Outpatient,71636,58,58,7810.0,134.66,95.0
Outpatient,9181,35,35,7800.0,222.86,100.0
Outpatient,45352,85,85,7800.0,91.76,40.0
Outpatient,73344,52,52,7800.0,150.0,65.0
Outpatient,73342,51,51,7800.0,152.94,70.0
Outpatient,V715,21,21,7800.0,371.43,200.0
Outpatient,20265,7,7,7800.0,1114.29,800.0
Outpatient,71789,10,10,7790.0,779.0,300.0
Outpatient,45379,103,102,7790.0,75.63,10.0
Outpatient,7822,79,79,7790.0,98.61,60.0
Outpatient,V1521,50,50,7790.0,155.8,60.0
Outpatient,V8539,43,43,7780.0,180.93,60.0
Outpatient,20083,14,14,7780.0,555.71,75.0
Outpatient,82534,23,23,7770.0,337.83,100.0
Outpatient,48283,46,46,7770.0,168.91,55.0
Outpatient,9243,34,34,7760.0,228.24,200.0
Outpatient,V163,50,50,7760.0,155.2,60.0
Outpatient,8082,23,23,7760.0,337.39,200.0
Outpatient,56971,18,18,7760.0,431.11,200.0
Outpatient,9532,29,29,7760.0,267.59,200.0
Outpatient,36264,14,14,7760.0,554.29,100.0
Outpatient,20811,16,16,7750.0,484.38,90.0
Outpatient,27730,43,43,7750.0,180.23,60.0
Outpatient,V414,53,53,7750.0,146.23,70.0
Outpatient,7989,41,41,7750.0,189.02,90.0
Outpatient,9584,22,22,7750.0,352.27,200.0
Outpatient,2519,24,24,7750.0,322.92,100.0
Outpatient,79504,14,14,7740.0,552.86,65.0
Outpatient,36520,36,36,7740.0,215.0,50.0
Outpatient,99988,21,21,7730.0,368.1,80.0
Outpatient,36213,11,11,7710.0,700.91,200.0
Outpatient,2555,22,22,7690.0,349.55,75.0
Outpatient,4104,14,14,7690.0,549.29,250.0
Outpatient,81314,19,19,7690.0,404.74,200.0
Outpatient,9533,32,32,7690.0,240.31,100.0
Outpatient,4106,21,21,7680.0,365.71,100.0
Outpatient,99585,25,25,7680.0,307.2,200.0
Outpatient,V4578,40,40,7680.0,192.0,80.0
Outpatient,V0731,52,52,7670.0,147.5,60.0
Outpatient,45119,101,101,7670.0,75.94,10.0
Outpatient,V131,44,44,7670.0,174.32,95.0
Outpatient,78062,23,23,7670.0,333.48,200.0
Outpatient,V183,44,44,7670.0,174.32,85.0
Outpatient,9221,31,31,7650.0,246.77,200.0
Outpatient,V501,53,53,7650.0,144.34,90.0
Outpatient,83651,9,9,7650.0,850.0,500.0
Outpatient,87354,22,22,7650.0,347.73,200.0
Outpatient,8089,18,18,7640.0,424.44,90.0
Outpatient,9590,23,23,7640.0,332.17,400.0
Outpatient,6203,22,22,7640.0,347.27,150.0
Outpatient,9109,40,40,7640.0,191.0,100.0
Outpatient,80717,25,25,7630.0,305.2,200.0
Outpatient,80859,15,15,7630.0,508.67,200.0
Outpatient,9190,40,40,7630.0,190.75,100.0
Outpatient,2914,22,22,7630.0,346.82,350.0
Outpatient,4841,52,52,7620.0,146.54,60.0
Outpatient,53789,22,22,7620.0,346.36,350.0
Outpatient,78343,31,31,7620.0,245.81,90.0
Outpatient,81244,18,18,7620.0,423.33,250.0
Outpatient,V6403,46,46,7620.0,165.65,50.0
Outpatient,V133,65,65,7610.0,117.08,60.0
Outpatient,30010,66,66,7610.0,115.3,80.0
Outpatient,9152,36,36,7610.0,211.39,200.0
Outpatient,20088,14,14,7610.0,543.57,100.0
Outpatient,8710,20,20,7610.0,380.5,200.0
Outpatient,85175,4,4,7600.0,1900.0,2000.0
Outpatient,7048,89,89,7590.0,85.28,60.0
Outpatient,88121,52,52,7590.0,145.96,100.0
Outpatient,22809,29,29,7590.0,261.72,50.0
Outpatient,25512,29,29,7590.0,261.72,70.0
Outpatient,V122,32,32,7590.0,237.19,80.0
Outpatient,62929,20,20,7590.0,379.5,70.0
Outpatient,28850,37,37,7580.0,204.86,50.0
Outpatient,9553,24,24,7580.0,315.83,200.0
Outpatient,1715,17,17,7580.0,445.88,400.0
Outpatient,V8803,47,47,7580.0,161.28,60.0
Outpatient,V494,53,53,7580.0,143.02,50.0
Outpatient,7922,30,30,7580.0,252.67,70.0
Outpatient,7828,37,37,7580.0,204.86,70.0
Outpatient,20076,15,15,7570.0,504.67,40.0
Outpatient,20036,23,22,7570.0,329.13,80.0
Outpatient,V4982,43,43,7570.0,176.05,90.0
Outpatient,03842,13,13,7570.0,582.31,200.0
Outpatient,2367,57,57,7570.0,132.81,40.0
Outpatient,1915,18,18,7570.0,420.56,100.0
Outpatient,V1741,32,32,7570.0,236.56,95.0
Outpatient,7399,60,60,7570.0,126.17,50.0
Outpatient,53201,32,32,7550.0,235.94,200.0
Outpatient,3393,47,47,7550.0,160.64,90.0
Outpatient,28865,27,26,7540.0,279.26,200.0
Outpatient,2520,23,23,7540.0,327.83,100.0
Outpatient,1519,20,20,7540.0,377.0,100.0
Outpatient,31383,62,62,7540.0,121.61,80.0
Outpatient,1903,8,8,7530.0,941.25,750.0
Outpatient,2512,23,23,7530.0,327.39,60.0
Outpatient,87379,22,22,7530.0,342.27,200.0
Outpatient,4253,24,24,7530.0,313.75,95.0
Outpatient,V8744,48,48,7520.0,156.67,60.0
Outpatient,2755,44,44,7520.0,170.91,60.0
Outpatient,36206,16,16,7520.0,470.0,100.0
Outpatient,488,42,42,7520.0,179.05,80.0
Outpatient,78054,39,39,7520.0,192.82,70.0
Outpatient,36272,15,15,7520.0,501.33,90.0
Outpatient,32751,44,44,7520.0,170.91,55.0
Outpatient,71782,6,6,7520.0,1253.33,1400.0
Outpatient,2853,17,17,7510.0,441.76,200.0
Outpatient,80716,20,19,7510.0,375.5,80.0
Outpatient,2774,36,36,7510.0,208.61,50.0
Outpatient,7816,52,52,7510.0,144.42,60.0
Outpatient,20294,12,12,7510.0,625.83,60.0
Outpatient,9954,20,20,7510.0,375.5,150.0
Outpatient,1439,10,10,7500.0,750.0,350.0
Outpatient,36214,16,16,7490.0,468.13,200.0
Outpatient,7333,55,55,7490.0,136.18,50.0
Outpatient,83809,11,11,7490.0,680.91,200.0
Outpatient,8860,52,52,7490.0,144.04,100.0
Outpatient,81213,13,13,7490.0,576.15,200.0
Outpatient,82300,19,19,7480.0,393.68,90.0
Outpatient,8872,45,45,7470.0,166.0,60.0
Outpatient,7396,69,69,7470.0,108.26,50.0
Outpatient,8059,17,17,7450.0,438.24,100.0
Outpatient,51911,51,51,7450.0,146.08,100.0
Outpatient,25200,23,23,7450.0,323.91,100.0
Outpatient,37701,7,7,7450.0,1064.29,700.0
Outpatient,7392,58,58,7450.0,128.45,50.0
Outpatient,30001,68,68,7450.0,109.56,80.0
Outpatient,81502,19,19,7440.0,391.58,200.0
Outpatient,88029,40,40,7440.0,186.0,100.0
Outpatient,4871,41,41,7440.0,181.46,90.0
Outpatient,1460,17,17,7440.0,437.65,80.0
Outpatient,88012,52,52,7440.0,143.08,100.0
Outpatient,00844,7,7,7440.0,1062.86,300.0
Outpatient,83304,9,9,7440.0,826.67,200.0
Outpatient,8291,20,20,7430.0,371.5,100.0
Outpatient,3020,47,47,7430.0,158.09,70.0
Outpatient,71838,10,10,7430.0,743.0,400.0
Outpatient,20051,14,14,7420.0,530.0,195.0
Outpatient,7809,56,56,7420.0,132.5,60.0
Outpatient,99859,23,23,7420.0,322.61,100.0
Outpatient,82132,20,20,7420.0,371.0,200.0
Outpatient,9579,23,23,7420.0,322.61,300.0
Outpatient,6218,20,20,7420.0,371.0,100.0
Outpatient,V643,40,40,7410.0,185.25,70.0
Outpatient,9995,23,23,7410.0,322.17,100.0
Outpatient,1800,21,21,7410.0,352.86,50.0
Outpatient,81407,17,17,7410.0,435.88,200.0
Outpatient,8973,43,43,7410.0,172.33,100.0
Outpatient,81303,15,15,7400.0,493.33,100.0
Outpatient,81312,13,13,7400.0,569.23,300.0
Outpatient,87349,27,27,7400.0,274.07,200.0
Outpatient,7963,46,46,7400.0,160.87,80.0
Outpatient,7329,66,66,7390.0,111.97,60.0
Outpatient,20411,13,13,7390.0,568.46,100.0
Outpatient,82019,33,33,7380.0,223.64,90.0
Outpatient,88102,47,47,7380.0,157.02,100.0
Outpatient,31322,71,71,7380.0,103.94,80.0
Outpatient,69460,16,16,7380.0,461.25,70.0
Outpatient,80700,22,22,7380.0,335.45,100.0
Outpatient,83500,7,7,7360.0,1051.43,500.0
Outpatient,2704,45,45,7360.0,163.56,90.0
Outpatient,8072,21,21,7360.0,350.48,200.0
Outpatient,36370,7,7,7360.0,1051.43,200.0
Outpatient,2281,22,22,7360.0,334.55,150.0
Outpatient,36231,18,18,7360.0,408.89,90.0
Outpatient,9538,27,27,7360.0,272.59,200.0
Outpatient,1438,13,13,7360.0,566.15,200.0
Outpatient,V8901,35,35,7360.0,210.29,80.0
Outpatient,79092,40,40,7350.0,183.75,85.0
Outpatient,82539,23,23,7340.0,319.13,200.0
Outpatient,45386,92,91,7340.0,79.78,20.0
Outpatient,20590,16,16,7340.0,458.75,95.0
Outpatient,393,14,14,7340.0,524.29,145.0
Outpatient,V8525,42,42,7330.0,174.52,60.0
Outpatient,20312,13,13,7330.0,563.85,200.0
Outpatient,7170,10,10,7320.0,732.0,350.0
Outpatient,9392,19,19,7320.0,385.26,300.0
Outpatient,20291,18,18,7320.0,406.67,80.0
Outpatient,30029,60,60,7310.0,121.83,85.0
Outpatient,V449,39,39,7300.0,187.18,70.0
Outpatient,81311,14,14,7300.0,521.43,150.0
Outpatient,V532,21,21,7300.0,347.62,90.0
Outpatient,45342,87,86,7300.0,83.91,30.0
Outpatient,V1581,49,49,7300.0,148.98,60.0
Outpatient,36063,6,6,7300.0,1216.67,950.0
Outpatient,9561,18,18,7300.0,405.56,300.0
Outpatient,8708,17,17,7290.0,428.82,300.0
Outpatient,V070,44,44,7290.0,165.68,75.0
Outpatient,7177,11,11,7290.0,662.73,100.0
Outpatient,71807,8,8,7290.0,911.25,700.0
Outpatient,8821,39,39,7280.0,186.67,100.0
Outpatient,36132,17,17,7280.0,428.24,100.0
Outpatient,36101,10,10,7280.0,728.0,75.0
Outpatient,88000,43,43,7280.0,169.3,100.0
Outpatient,2537,25,25,7280.0,291.2,60.0
Outpatient,36223,13,13,7280.0,560.0,90.0
Outpatient,9910,17,17,7270.0,427.65,200.0
Outpatient,9089,27,27,7270.0,269.26,100.0
Outpatient,2739,43,43,7260.0,168.84,60.0
Outpatient,2395,51,51,7260.0,142.35,40.0
Outpatient,60784,24,24,7260.0,302.5,55.0
Outpatient,1405,18,18,7250.0,402.78,150.0
Outpatient,81317,15,15,7250.0,483.33,100.0
Outpatient,V488,44,44,7250.0,164.77,60.0
Outpatient,V174,42,42,7250.0,172.62,70.0
Outpatient,9056,10,10,7240.0,724.0,250.0
Outpatient,V508,37,37,7240.0,195.68,60.0
Outpatient,30923,22,22,7220.0,328.18,80.0
Outpatient,28733,102,100,7220.0,70.78,10.0
Outpatient,2882,31,31,7210.0,232.58,30.0
Outpatient,41012,12,12,7210.0,600.83,400.0
Outpatient,20230,7,7,7210.0,1030.0,700.0
Outpatient,1416,12,12,7210.0,600.83,245.0
Outpatient,V190,43,43,7210.0,167.67,90.0
Outpatient,2589,17,17,7210.0,424.12,100.0
Outpatient,7175,9,9,7200.0,800.0,300.0
Outpatient,32722,39,39,7200.0,184.62,90.0
Outpatient,99981,26,26,7200.0,276.92,150.0
Outpatient,1514,22,21,7200.0,327.27,100.0
Outpatient,73340,50,50,7190.0,143.8,50.0
Outpatient,57149,29,29,7180.0,247.59,90.0
Outpatient,1512,25,25,7180.0,287.2,80.0
Outpatient,8743,24,24,7180.0,299.17,200.0
Outpatient,9583,24,24,7180.0,299.17,200.0
Outpatient,6061,27,27,7180.0,265.93,60.0
Outpatient,95914,18,18,7170.0,398.33,300.0
Outpatient,V8552,39,39,7170.0,183.85,60.0
Outpatient,69581,16,16,7160.0,447.5,60.0
Outpatient,87371,16,16,7150.0,446.88,300.0
Outpatient,2331,25,25,7150.0,286.0,90.0
Outpatient,71919,54,54,7150.0,132.41,75.0
Outpatient,V1583,19,19,7150.0,376.32,100.0
Outpatient,V860,39,39,7140.0,183.08,60.0
Outpatient,53640,27,27,7140.0,264.44,200.0
Outpatient,5190,25,25,7140.0,285.6,100.0
Outpatient,41041,18,18,7140.0,396.67,300.0
Outpatient,78050,52,52,7140.0,137.31,75.0
Outpatient,6182,19,19,7140.0,375.79,50.0
Outpatient,81344,13,13,7140.0,549.23,100.0
Outpatient,7835,42,42,7130.0,169.76,70.0
Outpatient,V463,37,37,7130.0,192.7,70.0
Outpatient,4449,16,16,7130.0,445.63,30.0
Outpatient,5643,20,20,7120.0,356.0,150.0
Outpatient,32759,32,32,7120.0,222.5,65.0
Outpatient,41040,18,18,7120.0,395.56,250.0
Outpatient,5962,22,22,7110.0,323.18,90.0
Outpatient,81231,18,18,7110.0,395.0,250.0
Outpatient,9061,43,43,7110.0,165.35,100.0
Outpatient,99589,20,20,7110.0,355.5,300.0
Outpatient,45381,94,93,7110.0,75.64,10.0
Outpatient,20502,12,12,7110.0,592.5,450.0
Outpatient,99791,26,26,7100.0,273.08,100.0
Outpatient,1610,10,10,7100.0,710.0,50.0
Outpatient,2592,31,31,7100.0,229.03,80.0
Outpatient,V177,40,40,7100.0,177.5,70.0
Outpatient,V4382,47,47,7090.0,150.85,60.0
Outpatient,82321,25,25,7090.0,283.6,100.0
Outpatient,V1659,42,42,7090.0,168.81,75.0
Outpatient,07022,40,40,7090.0,177.25,70.0
Outpatient,8871,42,42,7090.0,168.81,100.0
Outpatient,V6407,37,37,7080.0,191.35,80.0
Outpatient,73399,56,56,7080.0,126.43,50.0
Outpatient,20201,16,16,7080.0,442.5,150.0
Outpatient,5400,10,10,7080.0,708.0,400.0
Outpatient,8744,21,21,7080.0,337.14,300.0
Outpatient,9150,34,34,7080.0,208.24,200.0
Outpatient,81322,17,17,7070.0,415.88,100.0
Outpatient,V1642,45,45,7070.0,157.11,70.0
Outpatient,33709,17,17,7060.0,415.29,70.0
Outpatient,4530,91,91,7060.0,77.58,20.0
Outpatient,1498,13,13,7060.0,543.08,200.0
Outpatient,20620,17,17,7060.0,415.29,60.0
Outpatient,81211,19,19,7060.0,371.58,200.0
Outpatient,20068,21,21,7040.0,335.24,100.0
Outpatient,71749,10,10,7040.0,704.0,150.0
Outpatient,95911,25,25,7030.0,281.2,300.0
Outpatient,V1649,43,43,7030.0,163.49,80.0
Outpatient,32723,51,51,7030.0,137.84,60.0
Outpatient,51902,25,25,7030.0,281.2,100.0
Outpatient,8900,39,39,7030.0,180.26,100.0
Outpatient,2732,47,47,7020.0,149.36,60.0
Outpatient,73732,56,56,7020.0,125.36,80.0
Outpatient,83801,10,10,7020.0,702.0,250.0
Outpatient,6187,24,24,7020.0,292.5,60.0
Outpatient,8910,36,36,7020.0,195.0,100.0
Outpatient,9219,40,40,7010.0,175.25,100.0
Outpatient,V5049,45,45,7010.0,155.78,70.0
Outpatient,6948,25,25,7010.0,280.4,60.0
Outpatient,4210,22,22,7000.0,318.18,75.0
Outpatient,8398,9,9,7000.0,777.78,200.0
Outpatient,83110,6,6,7000.0,1166.67,500.0
Outpatient,4778,44,44,6990.0,158.86,80.0
Outpatient,61882,12,12,6990.0,582.5,45.0
Outpatient,V8521,51,51,6990.0,137.06,90.0
Outpatient,3813,9,9,6990.0,776.67,100.0
Outpatient,8761,18,18,6990.0,388.33,200.0
Outpatient,20213,17,17,6980.0,410.59,50.0
Outpatient,9515,25,25,6980.0,279.2,100.0
Outpatient,V615,55,55,6980.0,126.91,50.0
Outpatient,78051,45,45,6980.0,155.11,70.0
Outpatient,0383,21,21,6980.0,332.38,300.0
Outpatient,47831,47,47,6970.0,148.3,80.0
Outpatient,78261,38,38,6970.0,183.42,80.0
Outpatient,2062,10,10,6970.0,697.0,150.0
Outpatient,78002,33,33,6970.0,211.21,50.0
Outpatient,1448,11,11,6960.0,632.73,200.0
Outpatient,V423,73,73,6960.0,95.34,60.0
Outpatient,99832,29,29,6960.0,240.0,100.0
Outpatient,8850,38,38,6950.0,182.89,200.0
Outpatient,V181,38,38,6950.0,182.89,100.0
Outpatient,81330,12,12,6950.0,579.17,200.0
Outpatient,V861,47,47,6950.0,147.87,60.0
Outpatient,7980,37,37,6940.0,187.57,90.0
Outpatient,20270,11,11,6940.0,630.91,40.0
Outpatient,8751,16,16,6940.0,433.75,200.0
Outpatient,7326,42,42,6930.0,165.0,70.0
Outpatient,73721,12,12,6930.0,577.5,400.0
Outpatient,71837,7,7,6920.0,988.57,700.0
Outpatient,9162,38,38,6910.0,181.84,100.0
Outpatient,70589,79,79,6910.0,87.47,60.0
Outpatient,9330,23,23,6910.0,300.43,200.0
Outpatient,4881,47,47,6910.0,147.02,60.0
Outpatient,V447,42,42,6910.0,164.52,75.0
Outpatient,41072,10,9,6910.0,691.0,450.0
Outpatient,1440,14,14,6910.0,493.57,75.0
Outpatient,7325,54,54,6900.0,127.78,55.0
Outpatient,8250,24,24,6900.0,287.5,150.0
Outpatient,8974,44,44,6900.0,156.82,100.0
Outpatient,6221,16,16,6900.0,431.25,100.0
Outpatient,3910,18,18,6900.0,383.33,75.0
Outpatient,20203,13,13,6890.0,530.0,100.0
Outpatient,4519,90,90,6890.0,76.56,20.0
Outpatient,932,14,14,6890.0,492.14,300.0
Outpatient,37557,6,6,6890.0,1148.33,95.0
Outpatient,1431,10,10,6890.0,689.0,250.0
Outpatient,V195,36,36,6890.0,191.39,60.0
Outpatient,60882,32,32,6880.0,215.0,60.0
Outpatient,4532,105,105,6880.0,65.52,20.0
Outpatient,2705,32,32,6880.0,215.0,90.0
Outpatient,5187,14,14,6870.0,490.71,100.0
Outpatient,7939,45,45,6870.0,152.67,60.0
Outpatient,92410,35,34,6870.0,196.29,100.0
Outpatient,V8532,42,42,6870.0,163.57,75.0
Outpatient,V1811,46,46,6870.0,149.35,60.0
Outpatient,9556,25,25,6870.0,274.8,200.0
Outpatient,1454,14,14,6850.0,489.29,150.0
Outpatient,9158,30,30,6850.0,228.33,200.0
Outpatient,1658,4,4,6850.0,1712.5,1750.0
Outpatient,V8402,46,46,6850.0,148.91,65.0
Outpatient,45181,99,98,6840.0,69.09,30.0
Outpatient,9800,25,25,6840.0,273.6,200.0
Outpatient,9585,19,19,6830.0,359.47,300.0
Outpatient,73012,5,5,6830.0,1366.0,100.0
Outpatient,20207,16,16,6830.0,426.88,65.0
Outpatient,33393,15,15,6830.0,455.33,200.0
Outpatient,20272,20,20,6820.0,341.0,70.0
Outpatient,1467,11,11,6810.0,619.09,300.0
Outpatient,6244,19,19,6810.0,358.42,100.0
Outpatient,20882,13,13,6810.0,523.85,50.0
Outpatient,99580,24,24,6810.0,283.75,300.0
Outpatient,8709,18,18,6810.0,378.33,250.0
Outpatient,88013,45,45,6810.0,151.33,80.0
Outpatient,83314,6,6,6810.0,1135.0,1050.0
Outpatient,9510,27,27,6800.0,251.85,200.0
Outpatient,9501,17,17,6800.0,400.0,200.0
Outpatient,8840,34,34,6800.0,200.0,100.0
Outpatient,0093,9,9,6800.0,755.56,100.0
Outpatient,37141,5,5,6800.0,1360.0,100.0
Outpatient,88110,42,42,6800.0,161.9,200.0
Outpatient,36551,41,41,6790.0,165.61,60.0
Outpatient,82341,24,24,6790.0,282.92,100.0
Outpatient,36902,8,8,6790.0,848.75,195.0
Outpatient,3491,19,19,6790.0,357.37,100.0
Outpatient,9562,29,29,6790.0,234.14,100.0
Outpatient,V182,42,42,6790.0,161.67,60.0
Outpatient,2550,25,25,6790.0,271.6,100.0
Outpatient,80511,15,15,6790.0,452.67,200.0
Outpatient,82382,26,26,6780.0,260.77,150.0
Outpatient,45373,101,101,6780.0,67.13,20.0
Outpatient,7098,88,88,6780.0,77.05,70.0
Outpatient,9535,25,25,6780.0,271.2,200.0
Outpatient,83815,11,11,6780.0,616.36,300.0
Outpatient,28800,29,29,6770.0,233.45,50.0
Outpatient,9193,33,33,6760.0,204.85,100.0
Outpatient,71832,9,9,6760.0,751.11,300.0
Outpatient,20228,23,23,6760.0,293.91,80.0
Outpatient,37241,8,8,6760.0,845.0,450.0
Outpatient,8742,17,17,6750.0,397.06,100.0
Outpatient,8912,27,27,6750.0,250.0,100.0
Outpatient,9199,31,31,6750.0,217.74,100.0
Outpatient,1520,9,9,6740.0,748.89,100.0
Outpatient,87340,20,20,6740.0,337.0,250.0
Outpatient,V424,48,48,6740.0,140.42,60.0
Outpatient,6233,10,10,6730.0,673.0,200.0
Outpatient,3839,11,11,6730.0,611.82,80.0
Outpatient,4536,87,87,6720.0,77.24,20.0
Outpatient,32720,50,50,6720.0,134.4,50.0
Outpatient,V8746,47,47,6720.0,142.98,70.0
Outpatient,9912,24,24,6720.0,280.0,200.0
Outpatient,81241,19,19,6720.0,353.68,200.0
Outpatient,V1586,38,38,6720.0,176.84,85.0
Outpatient,V500,39,39,6720.0,172.31,60.0
Outpatient,81210,15,15,6710.0,447.33,300.0
Outpatient,38000,30,30,6710.0,223.67,90.0
Outpatient,81251,23,23,6710.0,291.74,200.0
Outpatient,6250,18,18,6710.0,372.78,100.0
Outpatient,82332,21,21,6710.0,319.52,200.0
Outpatient,45383,86,86,6700.0,77.91,30.0
Outpatient,87373,23,23,6700.0,291.3,200.0
Outpatient,V1869,50,50,6690.0,133.8,60.0
Outpatient,79500,22,22,6690.0,304.09,60.0
Outpatient,7966,48,48,6690.0,139.38,85.0
Outpatient,4291,51,51,6690.0,131.18,60.0
Outpatient,8876,38,38,6690.0,176.05,90.0
Outpatient,V5412,14,14,6680.0,477.14,150.0
Outpatient,80714,26,26,6680.0,256.92,150.0
Outpatient,8874,36,36,6680.0,185.56,200.0
Outpatient,87361,19,19,6670.0,351.05,200.0
Outpatient,83300,9,9,6670.0,741.11,200.0
Outpatient,V419,41,41,6660.0,162.44,60.0
Outpatient,2310,9,9,6660.0,740.0,90.0
Outpatient,3448,16,16,6660.0,416.25,100.0
Outpatient,20271,9,9,6660.0,740.0,200.0
Outpatient,9238,36,36,6650.0,184.72,100.0
Outpatient,V1071,15,15,6650.0,443.33,90.0
Outpatient,78442,40,39,6650.0,166.25,85.0
Outpatient,61804,18,18,6650.0,369.44,60.0
Outpatient,V0739,48,48,6640.0,138.33,70.0
Outpatient,2781,46,46,6640.0,144.35,55.0
Outpatient,8792,24,24,6640.0,276.67,250.0
Outpatient,2700,50,50,6640.0,132.8,70.0
Outpatient,44589,25,24,6640.0,265.6,50.0
Outpatient,7378,12,12,6630.0,552.5,450.0
Outpatient,9940,20,20,6630.0,331.5,100.0
Outpatient,8075,27,27,6620.0,245.19,200.0
Outpatient,V5411,19,19,6610.0,347.89,200.0
Outpatient,V429,36,36,6610.0,183.61,60.0
Outpatient,38052,26,26,6610.0,254.23,60.0
Outpatient,V1041,20,20,6610.0,330.5,55.0
Outpatient,V8401,47,47,6610.0,140.64,70.0
Outpatient,27785,45,45,6610.0,146.89,60.0
Outpatient,20240,13,13,6610.0,508.46,70.0
Outpatient,6170,2,2,6600.0,3300.0,3300.0
Outpatient,42983,57,57,6600.0,115.79,60.0
Outpatient,2780,42,42,6590.0,156.9,75.0
Outpatient,8058,27,27,6590.0,244.07,100.0
Outpatient,V5424,27,27,6590.0,244.07,80.0
Outpatient,V5421,18,18,6590.0,366.11,200.0
Outpatient,99731,22,22,6580.0,299.09,95.0
Outpatient,3831,13,13,6580.0,506.15,90.0
Outpatient,20283,16,16,6580.0,411.25,45.0
Outpatient,8798,20,20,6570.0,328.5,300.0
Outpatient,V4572,44,44,6570.0,149.32,60.0
Outpatient,20711,17,17,6570.0,386.47,90.0
Outpatient,42292,16,16,6570.0,410.63,80.0
Outpatient,73743,13,13,6560.0,504.62,200.0
Outpatient,62134,20,20,6560.0,328.0,100.0
Outpatient,36284,9,9,6550.0,727.78,200.0
Outpatient,9509,21,21,6550.0,311.9,300.0
Outpatient,79989,42,42,6550.0,155.95,75.0
Outpatient,2307,13,13,6550.0,503.85,500.0
Outpatient,20227,16,16,6550.0,409.38,150.0
Outpatient,79507,13,13,6540.0,503.08,60.0
Outpatient,83204,9,9,6540.0,726.67,500.0
Outpatient,20253,4,4,6540.0,1635.0,1590.0
Outpatient,2728,43,43,6540.0,152.09,70.0
Outpatient,1409,14,14,6540.0,467.14,250.0
Outpatient,V8905,45,45,6530.0,145.11,80.0
Outpatient,83803,8,8,6530.0,816.25,300.0
Outpatient,9979,22,22,6520.0,296.36,100.0
Outpatient,81221,14,14,6520.0,465.71,250.0
Outpatient,9580,20,20,6520.0,326.0,250.0
Outpatient,8245,17,17,6520.0,383.53,100.0
Outpatient,80709,23,23,6510.0,283.04,100.0
Outpatient,8962,42,42,6510.0,155.0,100.0
Outpatient,6255,28,28,6510.0,232.5,95.0
Outpatient,4533,94,94,6510.0,69.26,15.0
Outpatient,80849,30,30,6510.0,217.0,80.0
Outpatient,20622,14,14,6510.0,465.0,60.0
Outpatient,9931,28,28,6500.0,232.14,150.0
Outpatient,0074,8,8,6500.0,812.5,100.0
Outpatient,9102,36,36,6500.0,180.56,100.0
Outpatient,0052,3,3,6500.0,2166.67,2200.0
Outpatient,9934,14,14,6500.0,464.29,200.0
Outpatient,7313,45,45,6500.0,144.44,40.0
Outpatient,20030,22,22,6500.0,295.45,65.0
Outpatient,V758,109,109,6490.0,59.54,40.0
Outpatient,8247,18,18,6490.0,360.56,85.0
Outpatient,1901,8,8,6490.0,811.25,800.0
Outpatient,83913,7,7,6490.0,927.14,1300.0
Outpatient,32712,36,36,6490.0,180.28,100.0
Outpatient,36252,19,19,6490.0,341.58,70.0
Outpatient,30501,27,27,6490.0,240.37,200.0
Outpatient,82121,18,18,6490.0,360.56,200.0
Outpatient,9991,17,17,6490.0,381.76,200.0
Outpatient,7012,73,73,6480.0,88.77,60.0
Outpatient,V180,32,32,6480.0,202.5,60.0
Outpatient,38913,21,21,6480.0,308.57,70.0
Outpatient,9555,16,16,6470.0,404.38,350.0
Outpatient,88111,43,43,6470.0,150.47,100.0
Outpatient,9391,16,16,6470.0,404.38,300.0
Outpatient,99779,23,23,6460.0,280.87,100.0
Outpatient,20078,19,19,6460.0,340.0,40.0
Outpatient,42099,27,27,6450.0,238.89,100.0
Outpatient,83920,13,13,6450.0,496.15,200.0
Outpatient,6191,15,15,6440.0,429.33,100.0
Outpatient,60822,23,23,6440.0,280.0,60.0
Outpatient,34931,21,21,6440.0,306.67,100.0
Outpatient,1612,15,15,6440.0,429.33,200.0
Outpatient,87362,16,16,6440.0,402.5,450.0
Outpatient,1892,7,7,6440.0,920.0,400.0
Outpatient,81253,21,21,6440.0,306.67,200.0
Outpatient,99812,23,23,6430.0,279.57,70.0
Outpatient,37999,6,6,6430.0,1071.67,875.0
Outpatient,28730,88,88,6420.0,72.95,20.0
Outpatient,88122,34,34,6420.0,188.82,100.0
Outpatient,99594,24,24,6420.0,267.5,200.0
Outpatient,45189,106,106,6420.0,60.57,10.0
Outpatient,V5973,48,48,6420.0,133.75,50.0
Outpatient,99833,26,26,6420.0,246.92,100.0
Outpatient,9123,31,31,6420.0,207.1,100.0
Outpatient,99762,23,23,6420.0,279.13,100.0
Outpatient,71834,10,10,6410.0,641.0,250.0
Outpatient,3659,35,35,6410.0,183.14,60.0
Outpatient,8951,42,42,6400.0,152.38,100.0
Outpatient,V4559,2,2,6400.0,3200.0,3200.0
Outpatient,1473,18,18,6400.0,355.56,140.0
Outpatient,83219,9,9,6400.0,711.11,200.0
Outpatient,80501,19,19,6390.0,336.32,90.0
Outpatient,36512,40,40,6390.0,159.75,55.0
Outpatient,41070,11,11,6390.0,580.91,300.0
Outpatient,6215,14,14,6390.0,456.43,80.0
Outpatient,6186,22,21,6380.0,290.0,90.0
Outpatient,70409,68,68,6380.0,93.82,60.0
Outpatient,87342,11,11,6380.0,580.0,200.0
Outpatient,6081,19,19,6380.0,335.79,70.0
Outpatient,36504,38,38,6380.0,167.89,75.0
Outpatient,2738,38,38,6380.0,167.89,60.0
Outpatient,36559,41,41,6380.0,155.61,60.0
Outpatient,32701,46,46,6370.0,138.48,60.0
Outpatient,87364,20,20,6370.0,318.5,200.0
Outpatient,8249,30,30,6370.0,212.33,140.0
Outpatient,V1859,54,54,6370.0,117.96,60.0
Outpatient,7015,67,67,6370.0,95.07,60.0
Outpatient,82101,17,17,6360.0,374.12,100.0
Outpatient,V699,44,44,6350.0,144.32,55.0
Outpatient,V479,36,36,6350.0,176.39,100.0
Outpatient,62130,15,15,6350.0,423.33,50.0
Outpatient,9530,25,25,6340.0,253.6,200.0
Outpatient,80702,20,20,6330.0,316.5,200.0
Outpatient,20680,13,13,6330.0,486.92,100.0
Outpatient,1611,12,12,6320.0,526.67,100.0
Outpatient,20005,19,19,6320.0,332.63,40.0
Outpatient,3130,61,61,6320.0,103.61,60.0
Outpatient,20510,14,14,6320.0,451.43,100.0
Outpatient,34460,15,15,6320.0,421.33,50.0
Outpatient,V185,42,42,6320.0,150.48,60.0
Outpatient,V192,36,36,6320.0,175.56,80.0
Outpatient,78321,42,42,6310.0,150.24,50.0
Outpatient,452,92,91,6310.0,68.59,20.0
Outpatient,81110,9,9,6300.0,700.0,400.0
Outpatient,03810,16,16,6290.0,393.13,50.0
Outpatient,60889,26,26,6290.0,241.92,60.0
Outpatient,81003,15,15,6290.0,419.33,300.0
Outpatient,V5416,14,14,6290.0,449.29,200.0
Outpatient,4510,101,101,6280.0,62.18,10.0
Outpatient,83211,9,9,6280.0,697.78,800.0
Outpatient,6071,27,27,6270.0,232.22,100.0
Outpatient,7848,54,54,6270.0,116.11,100.0
Outpatient,79922,37,37,6270.0,169.46,70.0
Outpatient,20057,19,19,6270.0,330.0,50.0
Outpatient,V1088,11,11,6270.0,570.0,200.0
Outpatient,V557,12,12,6270.0,522.5,200.0
Outpatient,1529,7,7,6260.0,894.29,300.0
Outpatient,V4589,28,28,6260.0,223.57,60.0
Outpatient,2053,15,15,6260.0,417.33,200.0
Outpatient,V468,39,39,6260.0,160.51,60.0
Outpatient,8901,43,43,6250.0,145.35,100.0
Outpatient,V8404,33,33,6250.0,189.39,90.0
Outpatient,78340,52,52,6250.0,120.19,50.0
Outpatient,7395,49,49,6240.0,127.35,50.0
Outpatient,73731,61,61,6240.0,102.3,50.0
Outpatient,5121,20,20,6240.0,312.0,65.0
Outpatient,V6400,42,42,6240.0,148.57,60.0
Outpatient,6241,15,15,6240.0,416.0,100.0
Outpatient,83310,12,12,6230.0,519.17,200.0
Outpatient,88120,45,45,6230.0,138.44,100.0
Outpatient,4878,45,45,6230.0,138.44,60.0
Outpatient,78095,41,41,6230.0,151.95,80.0
Outpatient,7039,74,74,6220.0,84.05,60.0
Outpatient,2570,21,21,6220.0,296.19,90.0
Outpatient,9075,20,20,6210.0,310.5,300.0
Outpatient,2513,22,22,6210.0,282.27,80.0
Outpatient,60887,20,20,6210.0,310.5,65.0
Outpatient,41082,9,9,6210.0,690.0,300.0
Outpatient,99883,16,16,6200.0,387.5,100.0
Outpatient,8251,19,19,6200.0,326.32,70.0
Outpatient,7964,47,47,6200.0,131.91,70.0
Outpatient,6222,16,16,6200.0,387.5,75.0
Outpatient,2230,20,20,6190.0,309.5,300.0
Outpatient,8260,24,24,6190.0,257.92,100.0
Outpatient,79091,33,33,6190.0,187.58,100.0
Outpatient,37811,8,8,6190.0,773.75,125.0
Outpatient,88112,40,40,6190.0,154.75,80.0
Outpatient,30390,34,34,6180.0,181.76,100.0
Outpatient,7842,33,33,6180.0,187.27,60.0
Outpatient,36263,13,13,6170.0,474.62,80.0
Outpatient,34404,12,12,6170.0,514.17,250.0
Outpatient,83103,10,10,6160.0,616.0,200.0
Outpatient,2538,16,16,6160.0,385.0,65.0
Outpatient,20722,7,7,6160.0,880.0,500.0
Outpatient,81346,15,15,6160.0,410.67,200.0
Outpatient,36107,13,13,6160.0,473.85,200.0
Outpatient,00804,11,11,6160.0,560.0,90.0
Outpatient,41042,17,17,6160.0,362.35,200.0
Outpatient,33519,13,13,6160.0,473.85,200.0
Outpatient,6060,17,17,6160.0,362.35,100.0
Outpatient,2910,25,25,6150.0,246.0,200.0
Outpatient,87322,19,19,6150.0,323.68,300.0
Outpatient,87363,17,17,6140.0,361.18,400.0
Outpatient,36233,16,16,6140.0,383.75,150.0
Outpatient,V472,43,43,6140.0,142.79,60.0
Outpatient,7834,37,37,6140.0,165.95,50.0
Outpatient,V5422,15,15,6130.0,408.67,200.0
Outpatient,45385,93,92,6130.0,65.91,10.0
Outpatient,2918,21,21,6120.0,291.43,200.0
Outpatient,9596,17,17,6120.0,360.0,200.0
Outpatient,V1651,48,48,6110.0,127.29,75.0
Outpatient,88022,39,39,6100.0,156.41,100.0
Outpatient,80405,4,4,6100.0,1525.0,1100.0
Outpatient,9350,12,12,6100.0,508.33,200.0
Outpatient,87201,20,20,6100.0,305.0,300.0
Outpatient,V711,5,5,6100.0,1220.0,600.0
Outpatient,81509,15,15,6100.0,406.67,200.0
Outpatient,71783,7,7,6090.0,870.0,200.0
Outpatient,36236,8,8,6090.0,761.25,300.0
Outpatient,8902,40,40,6090.0,152.25,100.0
Outpatient,9539,23,23,6090.0,264.78,200.0
Outpatient,9980,21,21,6090.0,290.0,200.0
Outpatient,1429,14,14,6090.0,435.0,80.0
Outpatient,37444,7,7,6090.0,870.0,300.0
Outpatient,7321,48,48,6090.0,126.88,75.0
Outpatient,V8524,44,44,6080.0,138.18,70.0
Outpatient,20420,20,19,6080.0,304.0,45.0
Outpatient,82123,25,25,6080.0,243.2,100.0
Outpatient,45821,22,22,6070.0,275.91,150.0
Outpatient,9079,24,24,6070.0,252.92,200.0
Outpatient,8794,15,15,6070.0,404.67,400.0
Outpatient,87369,21,21,6070.0,289.05,200.0
Outpatient,1928,13,13,6070.0,466.92,300.0
Outpatient,1919,15,15,6070.0,404.67,200.0
Outpatient,87360,18,18,6070.0,337.22,200.0
Outpatient,20285,22,22,6070.0,275.91,90.0
Outpatient,2771,43,43,6060.0,140.93,60.0
Outpatient,00869,6,6,6060.0,1010.0,550.0
Outpatient,8361,9,9,6060.0,673.33,200.0
Outpatient,20286,12,12,6060.0,505.0,65.0
Outpatient,73681,14,14,6060.0,432.86,250.0
Outpatient,6072,20,20,6060.0,303.0,85.0
Outpatient,87343,19,19,6050.0,318.42,300.0
Outpatient,1950,18,18,6050.0,336.11,50.0
Outpatient,9993,26,26,6040.0,232.31,100.0
Outpatient,V4576,38,38,6040.0,158.95,80.0
Outpatient,28959,27,27,6040.0,223.7,50.0
Outpatient,V8301,42,42,6030.0,143.57,60.0
Outpatient,03849,19,19,6030.0,317.37,300.0
Outpatient,8731,22,22,6020.0,273.64,200.0
Outpatient,4880,38,38,6020.0,158.42,75.0
Outpatient,81511,18,18,6020.0,334.44,150.0
Outpatient,20008,8,8,6020.0,752.5,350.0
Outpatient,8057,19,19,6010.0,316.32,100.0
Outpatient,30532,6,6,6010.0,1001.67,80.0
Outpatient,9942,21,21,6010.0,286.19,300.0
Outpatient,2884,27,27,6010.0,222.59,30.0
Outpatient,6205,14,14,6010.0,429.29,95.0
Outpatient,9918,25,25,6010.0,240.4,200.0
Outpatient,2758,45,45,6000.0,133.33,40.0
Outpatient,1916,16,16,6000.0,375.0,80.0
Outpatient,20062,16,15,6000.0,375.0,250.0
Outpatient,99989,26,25,6000.0,230.77,150.0
Outpatient,99769,21,21,6000.0,285.71,100.0
Outpatient,8190,18,18,5990.0,332.78,150.0
Outpatient,8941,32,32,5990.0,187.19,200.0
Outpatient,87400,17,17,5990.0,352.35,300.0
Outpatient,2727,45,45,5990.0,133.11,60.0
Outpatient,70521,75,75,5990.0,79.87,60.0
Outpatient,4440,17,17,5990.0,352.35,50.0
Outpatient,83904,5,5,5990.0,1198.0,1000.0
Outpatient,2563,31,31,5980.0,192.9,70.0
Outpatient,37489,6,6,5980.0,996.67,590.0
Outpatient,87374,23,23,5980.0,260.0,200.0
Outpatient,38906,27,27,5980.0,221.48,80.0
Outpatient,V6441,41,41,5980.0,145.85,70.0
Outpatient,8220,21,21,5980.0,284.76,200.0
Outpatient,8083,19,19,5970.0,314.21,200.0
Outpatient,V599,39,39,5970.0,153.08,60.0
Outpatient,92302,38,38,5970.0,157.11,100.0
Outpatient,20082,14,14,5970.0,426.43,85.0
Outpatient,81219,19,19,5970.0,314.21,100.0
Outpatient,V674,14,14,5960.0,425.71,100.0
Outpatient,28260,16,16,5960.0,372.5,150.0
Outpatient,20046,15,15,5960.0,397.33,200.0
Outpatient,V850,44,44,5960.0,135.45,60.0
Outpatient,47874,46,46,5960.0,129.57,75.0
Outpatient,20821,18,18,5950.0,330.56,90.0
Outpatient,2511,21,21,5950.0,283.33,90.0
Outpatient,37872,4,4,5950.0,1487.5,1325.0
Outpatient,53491,10,10,5950.0,595.0,550.0
Outpatient,36281,17,17,5940.0,349.41,70.0
Outpatient,V732,86,85,5940.0,69.07,40.0
Outpatient,81603,23,23,5930.0,257.83,200.0
Outpatient,71941,58,57,5930.0,102.24,70.0
Outpatient,83814,8,8,5930.0,741.25,500.0
Outpatient,33523,18,18,5930.0,329.44,70.0
Outpatient,V0259,88,88,5920.0,67.27,40.0
Outpatient,78096,42,42,5920.0,140.95,65.0
Outpatient,2588,21,21,5920.0,281.9,100.0
Outpatient,88023,38,38,5920.0,155.79,100.0
Outpatient,37414,7,7,5920.0,845.71,200.0
Outpatient,1618,11,11,5920.0,538.18,200.0
Outpatient,81000,15,15,5920.0,394.67,200.0
Outpatient,8911,41,41,5920.0,144.39,100.0
Outpatient,99939,26,26,5910.0,227.31,100.0
Outpatient,28869,19,19,5910.0,311.05,60.0
Outpatient,83819,10,10,5910.0,591.0,250.0
Outpatient,1705,12,12,5910.0,492.5,200.0
Outpatient,44502,10,10,5910.0,591.0,65.0
Outpatient,3440,13,13,5900.0,453.85,100.0
Outpatient,9565,18,18,5900.0,327.78,85.0
Outpatient,9142,36,36,5900.0,163.89,100.0
Outpatient,7801,39,39,5890.0,151.03,80.0
Outpatient,34291,15,15,5890.0,392.67,80.0
Outpatient,9923,28,28,5890.0,210.36,200.0
Outpatient,53086,21,21,5880.0,280.0,80.0
Outpatient,30391,27,26,5880.0,217.78,200.0
Outpatient,38012,19,19,5880.0,309.47,80.0
Outpatient,7965,37,37,5880.0,158.92,60.0
Outpatient,2777,32,32,5870.0,183.44,70.0
Outpatient,9554,21,21,5870.0,279.52,200.0
Outpatient,81013,22,22,5870.0,266.82,200.0
Outpatient,9939,17,17,5860.0,344.71,300.0
Outpatient,1413,13,13,5860.0,450.77,200.0
Outpatient,81101,19,19,5860.0,308.42,200.0
Outpatient,62923,14,14,5860.0,418.57,100.0
Outpatient,8711,16,16,5860.0,366.25,250.0
Outpatient,V1062,13,13,5860.0,450.77,100.0
Outpatient,36218,15,15,5850.0,390.0,100.0
Outpatient,78097,43,43,5850.0,136.05,60.0
Outpatient,37271,4,4,5850.0,1462.5,1750.0
Outpatient,0042,6,6,5850.0,975.0,280.0
Outpatient,2581,26,26,5840.0,224.62,80.0
Outpatient,83663,11,11,5840.0,530.91,200.0
Outpatient,37156,5,5,5830.0,1166.0,1500.0
Outpatient,81332,11,11,5830.0,530.0,100.0
Outpatient,36522,41,41,5820.0,141.95,60.0
Outpatient,99550,21,21,5820.0,277.14,300.0
Outpatient,9177,35,35,5820.0,166.29,100.0
Outpatient,1710,16,15,5820.0,363.75,60.0
Outpatient,2712,46,46,5820.0,126.52,70.0
Outpatient,20297,18,18,5820.0,323.33,45.0
Outpatient,V693,35,35,5810.0,166.0,80.0
Outpatient,2072,12,12,5810.0,484.17,40.0
Outpatient,20611,14,14,5810.0,415.0,65.0
Outpatient,56979,20,20,5810.0,290.5,100.0
Outpatient,36202,14,14,5800.0,414.29,100.0
Outpatient,9587,18,18,5800.0,322.22,300.0
Outpatient,83903,7,7,5800.0,828.57,600.0
Outpatient,7387,8,8,5790.0,723.75,300.0
Outpatient,61801,15,15,5790.0,386.0,70.0
Outpatient,1588,14,14,5790.0,413.57,150.0
Outpatient,79399,41,41,5790.0,141.22,60.0
Outpatient,6022,19,19,5780.0,304.21,60.0
Outpatient,1768,10,10,5780.0,578.0,400.0
Outpatient,1598,18,18,5780.0,321.11,95.0
Outpatient,8703,17,17,5770.0,339.41,300.0
Outpatient,9060,18,18,5770.0,320.56,300.0
Outpatient,9581,18,18,5770.0,320.56,200.0
Outpatient,80704,27,27,5770.0,213.7,100.0
Outpatient,53782,23,23,5760.0,250.43,200.0
Outpatient,1458,15,15,5760.0,384.0,200.0
Outpatient,36203,7,7,5760.0,822.86,70.0
Outpatient,V448,46,46,5760.0,125.22,60.0
Outpatient,37402,8,8,5750.0,718.75,150.0
Outpatient,95892,24,24,5750.0,239.58,200.0
Outpatient,28860,42,42,5750.0,136.9,50.0
Outpatient,27784,46,46,5750.0,125.0,60.0
Outpatient,V698,46,46,5750.0,125.0,60.0
Outpatient,1913,13,13,5740.0,441.54,70.0
Outpatient,69552,16,16,5740.0,358.75,60.0
Outpatient,V1251,107,107,5740.0,53.64,20.0
Outpatient,V1589,35,35,5740.0,164.0,50.0
Outpatient,20024,14,14,5730.0,409.29,150.0
Outpatient,88021,33,33,5730.0,173.64,100.0
Outpatient,81352,18,18,5720.0,317.78,200.0
Outpatient,V161,43,43,5720.0,133.02,60.0
Outpatient,V716,14,14,5710.0,407.86,150.0
Outpatient,0079,6,6,5710.0,951.67,300.0
Outpatient,45387,116,116,5710.0,49.22,10.0
Outpatient,1808,27,26,5710.0,211.48,50.0
Outpatient,20041,16,16,5710.0,356.88,90.0
Outpatient,87262,20,20,5700.0,285.0,200.0
Outpatient,38810,24,24,5700.0,237.5,70.0
Outpatient,V509,39,39,5690.0,145.9,60.0
Outpatient,87401,16,16,5690.0,355.63,250.0
Outpatient,1718,17,17,5690.0,334.71,60.0
Outpatient,88011,38,38,5690.0,149.74,150.0
Outpatient,36112,17,17,5680.0,334.12,100.0
Outpatient,36511,44,44,5680.0,129.09,75.0
Outpatient,2710,37,37,5670.0,153.24,60.0
Outpatient,69589,20,20,5670.0,283.5,60.0
Outpatient,82392,25,25,5670.0,226.8,100.0
Outpatient,9093,22,22,5670.0,257.73,100.0
Outpatient,6208,17,17,5670.0,333.53,80.0
Outpatient,8748,20,20,5660.0,283.0,300.0
Outpatient,38110,16,16,5660.0,353.75,80.0
Outpatient,28861,26,26,5660.0,217.69,35.0
Outpatient,2300,10,10,5660.0,566.0,175.0
Outpatient,1914,13,13,5650.0,434.62,80.0
Outpatient,33524,16,16,5650.0,353.13,85.0
Outpatient,6240,20,20,5650.0,282.5,75.0
Outpatient,1528,13,13,5640.0,433.85,80.0
Outpatient,1842,10,10,5640.0,564.0,60.0
Outpatient,4233,18,18,5640.0,313.33,65.0
Outpatient,71809,8,8,5640.0,705.0,200.0
Outpatient,45183,98,98,5630.0,57.45,15.0
Outpatient,8243,17,17,5630.0,331.18,200.0
Outpatient,1908,8,8,5630.0,703.75,400.0
Outpatient,5642,18,18,5630.0,312.78,200.0
Outpatient,8877,32,32,5630.0,175.94,100.0
Outpatient,79902,21,21,5620.0,267.62,200.0
Outpatient,5679,7,7,5620.0,802.86,500.0
Outpatient,37754,7,7,5620.0,802.86,100.0
Outpatient,2058,14,14,5610.0,400.71,70.0
Outpatient,1605,14,14,5600.0,400.0,100.0
Outpatient,36130,20,20,5600.0,280.0,50.0
Outpatient,2518,29,29,5600.0,193.1,80.0
Outpatient,81350,15,15,5600.0,373.33,400.0
Outpatient,4238,13,13,5590.0,430.0,40.0
Outpatient,3335,22,22,5590.0,254.09,70.0
Outpatient,73392,49,49,5590.0,114.08,50.0
Outpatient,8745,23,23,5590.0,243.04,200.0
Outpatient,45389,89,88,5590.0,62.81,20.0
Outpatient,99553,19,19,5580.0,293.68,200.0
Outpatient,938,20,20,5580.0,279.0,100.0
Outpatient,28801,26,26,5580.0,214.62,65.0
Outpatient,83914,9,9,5580.0,620.0,400.0
Outpatient,83908,9,9,5580.0,620.0,200.0
Outpatient,8932,51,51,5570.0,109.22,80.0
Outpatient,81413,15,15,5570.0,371.33,100.0
Outpatient,9512,20,20,5560.0,278.0,200.0
Outpatient,V641,39,39,5560.0,142.56,60.0
Outpatient,1707,15,15,5560.0,370.67,80.0
Outpatient,45372,97,96,5540.0,57.11,10.0
Outpatient,7906,40,40,5540.0,138.5,60.0
Outpatient,3079,19,19,5530.0,291.05,100.0
Outpatient,27801,43,43,5530.0,128.6,60.0
Outpatient,9390,17,17,5530.0,325.29,300.0
Outpatient,41071,16,16,5530.0,345.63,250.0
Outpatient,7957,43,43,5530.0,128.6,60.0
Outpatient,37170,6,6,5520.0,920.0,100.0
Outpatient,79901,15,15,5510.0,367.33,200.0
Outpatient,20902,13,13,5510.0,423.85,200.0
Outpatient,33384,16,16,5510.0,344.38,95.0
Outpatient,V167,35,35,5500.0,157.14,80.0
Outpatient,2753,39,39,5500.0,141.03,60.0
Outpatient,V1329,20,20,5500.0,275.0,100.0
Outpatient,6204,21,21,5500.0,261.9,70.0
Outpatient,81103,18,18,5500.0,305.56,85.0
Outpatient,25801,19,19,5500.0,289.47,60.0
Outpatient,37145,5,5,5500.0,1100.0,80.0
Outpatient,83910,6,6,5500.0,916.67,850.0
Outpatient,8842,38,38,5490.0,144.47,100.0
Outpatient,8875,28,28,5490.0,196.07,100.0
Outpatient,45340,83,82,5490.0,66.14,40.0
Outpatient,73603,9,9,5490.0,610.0,200.0
Outpatient,03641,19,19,5490.0,288.95,80.0
Outpatient,28862,40,40,5480.0,137.0,30.0
Outpatient,V6405,40,40,5480.0,137.0,60.0
Outpatient,20020,12,12,5480.0,456.67,55.0
Outpatient,4231,14,14,5480.0,391.43,80.0
Outpatient,4582,25,25,5480.0,219.2,70.0
Outpatient,83309,8,8,5470.0,683.75,200.0
Outpatient,83811,7,7,5470.0,781.43,1000.0
Outpatient,1483,17,17,5470.0,321.76,80.0
Outpatient,20530,17,17,5470.0,321.76,60.0
Outpatient,V1584,39,39,5470.0,140.26,60.0
Outpatient,8717,17,17,5470.0,321.76,300.0
Outpatient,9074,20,20,5470.0,273.5,150.0
Outpatient,87200,14,14,5460.0,390.0,200.0
Outpatient,83905,6,6,5460.0,910.0,900.0
Outpatient,V140,33,33,5460.0,165.45,60.0
Outpatient,83806,8,8,5460.0,682.5,300.0
Outpatient,30000,53,53,5460.0,103.02,80.0
Outpatient,4251,21,21,5450.0,259.52,80.0
Outpatient,45341,110,110,5450.0,49.55,10.0
Outpatient,20054,18,17,5450.0,302.78,85.0
Outpatient,83301,6,6,5440.0,906.67,200.0
Outpatient,1516,23,23,5440.0,236.52,50.0
Outpatient,8739,16,16,5440.0,340.0,350.0
Outpatient,1599,14,14,5440.0,388.57,65.0
Outpatient,V023,95,95,5430.0,57.16,40.0
Outpatient,8730,20,20,5430.0,271.5,200.0
Outpatient,38400,25,25,5420.0,216.8,90.0
Outpatient,71804,11,11,5420.0,492.73,100.0
Outpatient,9348,22,22,5410.0,245.91,100.0
Outpatient,36510,29,29,5410.0,186.55,70.0
Outpatient,8940,43,43,5410.0,125.81,100.0
Outpatient,8700,19,19,5410.0,284.74,200.0
Outpatient,87365,17,17,5410.0,318.24,200.0
Outpatient,V692,35,35,5410.0,154.57,100.0
Outpatient,36589,35,35,5410.0,154.57,70.0
Outpatient,37003,6,6,5400.0,900.0,400.0
Outpatient,3980,15,15,5400.0,360.0,70.0
Outpatient,07053,37,37,5400.0,145.95,90.0
Outpatient,87279,20,20,5390.0,269.5,300.0
Outpatient,6068,18,18,5390.0,299.44,45.0
Outpatient,8921,44,44,5380.0,122.27,75.0
Outpatient,37250,8,8,5380.0,672.5,250.0
Outpatient,37113,8,8,5380.0,672.5,65.0
Outpatient,37946,5,5,5380.0,1076.0,1000.0
Outpatient,0072,9,9,5380.0,597.78,70.0
Outpatient,8738,19,19,5370.0,282.63,200.0
Outpatient,20040,15,15,5360.0,357.33,60.0
Outpatient,3334,25,25,5360.0,214.4,100.0
Outpatient,33379,22,22,5360.0,243.64,100.0
Outpatient,2711,43,43,5350.0,124.42,50.0
Outpatient,58081,10,10,5350.0,535.0,60.0
Outpatient,V1501,32,32,5340.0,166.88,70.0
Outpatient,27541,39,39,5340.0,136.92,70.0
Outpatient,99552,18,18,5330.0,296.11,250.0
Outpatient,45376,97,96,5330.0,54.95,20.0
Outpatient,60785,27,27,5330.0,197.41,50.0
Outpatient,1162,41,41,5320.0,129.76,50.0
Outpatient,41090,11,11,5310.0,482.73,300.0
Outpatient,4257,16,16,5310.0,331.88,95.0
Outpatient,83662,5,5,5300.0,1060.0,500.0
Outpatient,37131,2,2,5300.0,2650.0,2650.0
Outpatient,5271,15,14,5290.0,352.67,60.0
Outpatient,36256,13,13,5290.0,406.92,90.0
Outpatient,9949,18,18,5280.0,293.33,150.0
Outpatient,3892,25,25,5280.0,211.2,90.0
Outpatient,99551,22,22,5270.0,239.55,200.0
Outpatient,07044,28,28,5270.0,188.21,65.0
Outpatient,07059,29,29,5270.0,181.72,80.0
Outpatient,1954,6,6,5270.0,878.33,950.0
Outpatient,87264,23,23,5260.0,228.7,100.0
Outpatient,34211,11,11,5260.0,478.18,80.0
Outpatient,20011,16,16,5260.0,328.75,100.0
Outpatient,8920,31,31,5260.0,169.68,100.0
Outpatient,V170,38,38,5250.0,138.16,65.0
Outpatient,3438,9,9,5240.0,582.22,200.0
Outpatient,1704,18,18,5240.0,291.11,100.0
Outpatient,87331,19,19,5230.0,275.26,200.0
Outpatient,83109,8,8,5230.0,653.75,300.0
Outpatient,9302,18,18,5230.0,290.56,95.0
Outpatient,4870,35,34,5220.0,149.14,90.0
Outpatient,V1641,33,33,5220.0,158.18,60.0
Outpatient,1602,10,10,5220.0,522.0,75.0
Outpatient,20691,12,12,5220.0,435.0,65.0
Outpatient,36271,13,13,5220.0,401.54,100.0
Outpatient,20086,11,11,5220.0,474.55,60.0
Outpatient,8090,16,16,5220.0,326.25,100.0
Outpatient,V4584,38,38,5220.0,137.37,60.0
Outpatient,78058,41,41,5210.0,127.07,60.0
Outpatient,37512,5,5,5210.0,1042.0,300.0
Outpatient,9578,20,20,5210.0,260.5,200.0
Outpatient,9174,29,29,5210.0,179.66,100.0
Outpatient,9981,27,27,5210.0,192.96,100.0
Outpatient,80238,4,4,5200.0,1300.0,1200.0
Outpatient,5376,27,27,5200.0,192.59,100.0
Outpatient,V5420,18,18,5190.0,288.33,300.0
Outpatient,62212,13,13,5190.0,399.23,200.0
Outpatient,6089,21,21,5170.0,246.19,70.0
Outpatient,0019,4,4,5170.0,1292.5,1030.0
Outpatient,7038,69,69,5160.0,74.78,60.0
Outpatient,27739,36,36,5150.0,143.06,55.0
Outpatient,V691,41,41,5150.0,125.61,50.0
Outpatient,6020,21,21,5150.0,245.24,60.0
Outpatient,37143,4,4,5150.0,1287.5,1000.0
Outpatient,83805,8,8,5150.0,643.75,200.0
Outpatient,2080,16,16,5150.0,321.88,90.0
Outpatient,28241,21,21,5150.0,245.24,100.0
Outpatient,82523,22,22,5140.0,233.64,95.0
Outpatient,69511,19,19,5140.0,270.53,70.0
Outpatient,8786,22,22,5130.0,233.18,150.0
Outpatient,20010,14,14,5130.0,366.43,450.0
Outpatient,36532,27,26,5130.0,190.0,100.0
Outpatient,0021,10,10,5130.0,513.0,250.0
Outpatient,9245,33,33,5120.0,155.15,100.0
Outpatient,30502,22,22,5120.0,232.73,100.0
Outpatient,1489,15,15,5120.0,341.33,60.0
Outpatient,99739,19,19,5120.0,269.47,200.0
Outpatient,45384,93,93,5110.0,54.95,20.0
Outpatient,3349,10,10,5110.0,511.0,130.0
Outpatient,81381,13,13,5110.0,393.08,200.0
Outpatient,36564,34,33,5110.0,150.29,80.0
Outpatient,8784,14,14,5110.0,365.0,300.0
Outpatient,9340,25,25,5110.0,204.4,90.0
Outpatient,73739,17,17,5110.0,300.59,100.0
Outpatient,83653,8,8,5100.0,637.5,250.0
Outpatient,7946,28,28,5100.0,182.14,100.0
Outpatient,V8381,36,36,5090.0,141.39,75.0
Outpatient,1604,12,12,5090.0,424.17,350.0
Outpatient,99590,18,18,5090.0,282.78,200.0
Outpatient,99982,24,24,5090.0,212.08,100.0
Outpatient,V1059,8,8,5080.0,635.0,290.0
Outpatient,6231,8,8,5080.0,635.0,65.0
Outpatient,V5042,30,30,5070.0,169.0,65.0
Outpatient,79509,17,17,5070.0,298.24,80.0
Outpatient,5214,12,12,5070.0,422.5,75.0
Outpatient,V486,54,54,5070.0,93.89,50.0
Outpatient,87333,23,23,5070.0,220.43,200.0
Outpatient,81500,19,19,5070.0,266.84,200.0
Outpatient,56962,21,21,5060.0,240.95,200.0
Outpatient,1403,12,12,5060.0,421.67,350.0
Outpatient,9927,8,8,5060.0,632.5,250.0
Outpatient,36513,35,35,5050.0,144.29,100.0
Outpatient,7453,5,5,5050.0,1010.0,200.0
Outpatient,9351,18,18,5050.0,280.56,150.0
Outpatient,71227,19,19,5040.0,265.26,80.0
Outpatient,1464,9,9,5040.0,560.0,80.0
Outpatient,30303,24,24,5040.0,210.0,200.0
Outpatient,1109,30,30,5030.0,167.67,60.0
Outpatient,71830,9,9,5030.0,558.89,200.0
Outpatient,36113,8,8,5030.0,628.75,200.0
Outpatient,9913,22,22,5030.0,228.64,200.0
Outpatient,9921,16,16,5030.0,314.38,200.0
Outpatient,V211,41,41,5020.0,122.44,60.0
Outpatient,2871,88,87,5020.0,57.05,15.0
Outpatient,33390,17,17,5020.0,295.29,200.0
Outpatient,87320,18,18,5010.0,278.33,200.0
Outpatient,9592,16,16,5010.0,313.13,300.0
Outpatient,6230,21,21,5010.0,238.57,80.0
Outpatient,20216,17,17,5010.0,294.71,70.0
Outpatient,82390,19,19,5010.0,263.68,100.0
Outpatient,83907,7,7,5000.0,714.29,300.0
Outpatient,80512,16,16,5000.0,312.5,85.0
Outpatient,87269,15,15,4990.0,332.67,200.0
Outpatient,78341,45,45,4980.0,110.67,50.0
Outpatient,20682,8,8,4980.0,622.5,350.0
Outpatient,9597,21,21,4980.0,237.14,200.0
Outpatient,83812,9,9,4980.0,553.33,200.0
Outpatient,2754,40,40,4980.0,124.5,60.0
Outpatient,6014,24,24,4980.0,207.5,85.0
Outpatient,00863,5,5,4980.0,996.0,100.0
Outpatient,7312,50,50,4970.0,99.4,50.0
Outpatient,30541,7,7,4970.0,710.0,500.0
Outpatient,8789,15,15,4970.0,331.33,300.0
Outpatient,4538,95,94,4960.0,52.21,10.0
Outpatient,6214,13,13,4960.0,381.54,100.0
Outpatient,20242,18,18,4960.0,275.56,75.0
Outpatient,27787,27,27,4960.0,183.7,50.0
Outpatient,V723,21,21,4950.0,235.71,70.0
Outpatient,4232,18,18,4950.0,275.0,65.0
Outpatient,36032,5,5,4950.0,990.0,60.0
Outpatient,36846,6,6,4950.0,825.0,75.0
Outpatient,3912,18,18,4940.0,274.44,55.0
Outpatient,99811,18,18,4930.0,273.89,150.0
Outpatient,37992,6,6,4930.0,821.67,590.0
Outpatient,2638,68,68,4920.0,72.35,50.0
Outpatient,81345,11,11,4920.0,447.27,300.0
Outpatient,3308,16,16,4920.0,307.5,95.0
Outpatient,8795,16,16,4920.0,307.5,200.0
Outpatient,V741,83,83,4920.0,59.28,40.0
Outpatient,37959,8,8,4920.0,615.0,150.0
Outpatient,2709,50,50,4920.0,98.4,60.0
Outpatient,1712,19,19,4920.0,258.95,200.0
Outpatient,0706,26,26,4920.0,189.23,85.0
Outpatient,V7211,25,25,4910.0,196.4,80.0
Outpatient,9399,14,14,4900.0,350.0,250.0
Outpatient,2554,22,22,4900.0,222.73,75.0
Outpatient,20116,2,2,4900.0,2450.0,2450.0
Outpatient,99592,20,20,4890.0,244.5,200.0
Outpatient,9997,22,22,4890.0,222.27,60.0
Outpatient,8971,33,33,4890.0,148.18,100.0
Outpatient,71136,6,6,4890.0,815.0,120.0
Outpatient,80500,25,25,4890.0,195.6,90.0
Outpatient,9994,22,22,4890.0,222.27,90.0
Outpatient,6984,22,22,4880.0,221.82,75.0
Outpatient,1418,17,17,4880.0,287.06,80.0
Outpatient,8713,19,19,4880.0,256.84,200.0
Outpatient,2825,28,28,4880.0,174.29,100.0
Outpatient,4239,18,18,4880.0,271.11,35.0
Outpatient,9560,13,13,4880.0,375.38,300.0
Outpatient,8076,25,25,4880.0,195.2,200.0
Outpatient,V5402,23,23,4880.0,212.17,100.0
Outpatient,V694,35,35,4880.0,139.43,40.0
Outpatient,V8739,25,25,4880.0,195.2,60.0
Outpatient,7839,39,39,4870.0,124.87,60.0
Outpatient,36052,3,3,4870.0,1623.33,1600.0
Outpatient,81302,19,19,4870.0,256.32,200.0
Outpatient,30393,21,21,4860.0,231.43,200.0
Outpatient,87211,17,17,4860.0,285.88,300.0
Outpatient,V644,36,36,4860.0,135.0,65.0
Outpatient,20481,8,8,4860.0,607.5,200.0
Outpatient,42090,14,14,4850.0,346.43,150.0
Outpatient,87410,18,18,4850.0,269.44,250.0
Outpatient,20501,9,9,4850.0,538.89,300.0
Outpatient,6918,39,39,4850.0,124.36,70.0
Outpatient,1946,6,6,4840.0,806.67,350.0
Outpatient,20204,22,22,4840.0,220.0,40.0
Outpatient,8242,25,25,4840.0,193.6,100.0
Outpatient,7907,10,10,4840.0,484.0,70.0
Outpatient,51900,22,22,4830.0,219.55,150.0
Outpatient,71178,12,12,4830.0,402.5,200.0
Outpatient,1450,8,8,4830.0,603.75,200.0
Outpatient,37823,5,5,4830.0,966.0,50.0
Outpatient,9518,21,21,4830.0,230.0,300.0
Outpatient,20023,21,21,4830.0,230.0,100.0
Outpatient,8931,35,35,4830.0,138.0,100.0
Outpatient,9570,20,20,4830.0,241.5,85.0
Outpatient,33383,15,15,4830.0,322.0,100.0
Outpatient,7336,49,49,4830.0,98.57,60.0
Outpatient,81410,10,10,4820.0,482.0,150.0
Outpatient,32721,34,34,4810.0,141.47,60.0
Outpatient,73602,8,8,4810.0,601.25,400.0
Outpatient,95890,17,17,4810.0,282.94,200.0
Outpatient,36289,10,10,4810.0,481.0,90.0
Outpatient,2778,39,39,4810.0,123.33,50.0
Outpatient,2639,61,61,4810.0,78.85,50.0
Outpatient,1469,8,8,4810.0,601.25,85.0
Outpatient,42299,20,20,4800.0,240.0,60.0
Outpatient,73071,10,10,4800.0,480.0,85.0
Outpatient,37949,3,3,4800.0,1600.0,1600.0
Outpatient,20125,3,3,4800.0,1600.0,1300.0
Outpatient,73018,5,5,4800.0,960.0,300.0
Outpatient,81380,17,17,4800.0,282.35,200.0
Outpatient,1461,11,11,4800.0,436.36,200.0
Outpatient,29182,22,22,4790.0,217.73,150.0
Outpatient,87344,18,18,4790.0,266.11,200.0
Outpatient,07032,27,27,4780.0,177.04,100.0
Outpatient,9568,21,21,4780.0,227.62,100.0
Outpatient,3490,23,23,4780.0,207.83,100.0
Outpatient,9563,16,16,4780.0,298.75,200.0
Outpatient,V735,81,81,4780.0,59.01,40.0
Outpatient,9534,21,21,4770.0,227.14,200.0
Outpatient,7310,54,54,4770.0,88.33,60.0
Outpatient,99584,16,16,4770.0,298.13,250.0
Outpatient,2309,14,14,4770.0,340.71,150.0
Outpatient,2530,16,16,4760.0,297.5,70.0
Outpatient,8783,17,17,4760.0,280.0,300.0
Outpatient,82529,27,27,4760.0,176.3,90.0
Outpatient,20245,14,14,4760.0,340.0,55.0
Outpatient,2864,94,94,4760.0,50.64,10.0
Outpatient,3319,20,20,4760.0,238.0,150.0
Outpatient,23331,8,8,4750.0,593.75,100.0
Outpatient,20511,14,14,4750.0,339.29,90.0
Outpatient,3332,9,9,4750.0,527.78,60.0
Outpatient,6010,27,27,4750.0,175.93,80.0
Outpatient,2630,66,66,4750.0,71.97,50.0
Outpatient,2788,48,48,4740.0,98.75,50.0
Outpatient,81353,13,13,4740.0,364.62,200.0
Outpatient,38102,13,13,4740.0,364.62,90.0
Outpatient,6291,17,17,4730.0,278.24,90.0
Outpatient,6248,23,23,4720.0,205.22,100.0
Outpatient,3099,23,23,4720.0,205.22,90.0
Outpatient,0709,32,32,4720.0,147.5,75.0
Outpatient,2915,25,25,4720.0,188.8,200.0
Outpatient,60490,24,23,4720.0,196.67,65.0
Outpatient,7051,69,69,4710.0,68.26,60.0
Outpatient,3330,17,17,4710.0,277.06,200.0
Outpatient,V8537,43,43,4700.0,109.3,70.0
Outpatient,62135,13,13,4700.0,361.54,80.0
Outpatient,88101,37,37,4700.0,127.03,100.0
Outpatient,7176,9,9,4700.0,522.22,100.0
Outpatient,83512,7,7,4700.0,671.43,200.0
Outpatient,82131,20,20,4700.0,235.0,200.0
Outpatient,20581,13,13,4700.0,361.54,40.0
Outpatient,83950,6,6,4700.0,783.33,300.0
Outpatient,9933,19,19,4690.0,246.84,200.0
Outpatient,20421,14,14,4690.0,335.0,145.0
Outpatient,7327,57,57,4690.0,82.28,50.0
Outpatient,3343,15,15,4690.0,312.67,200.0
Outpatient,88001,36,36,4690.0,130.28,100.0
Outpatient,V8749,32,32,4690.0,146.56,70.0
Outpatient,2081,14,14,4690.0,335.0,75.0
Outpatient,81301,14,14,4680.0,334.29,200.0
Outpatient,9595,21,21,4680.0,222.86,200.0
Outpatient,60499,21,21,4680.0,222.86,70.0
Outpatient,71842,8,8,4670.0,583.75,300.0
Outpatient,8180,18,18,4670.0,259.44,200.0
Outpatient,37834,5,5,4670.0,934.0,30.0
Outpatient,3371,13,13,4670.0,359.23,100.0
Outpatient,9549,19,19,4660.0,245.26,100.0
Outpatient,V018,80,80,4650.0,58.13,40.0
Outpatient,81304,17,17,4650.0,273.53,200.0
Outpatient,2595,25,25,4650.0,186.0,80.0
Outpatient,1452,8,8,4650.0,581.25,60.0
Outpatient,9951,17,17,4650.0,273.53,200.0
Outpatient,2911,25,25,4640.0,185.6,80.0
Outpatient,11281,15,15,4640.0,309.33,100.0
Outpatient,80713,15,15,4640.0,309.33,100.0
Outpatient,2061,13,12,4640.0,356.92,90.0
Outpatient,9920,14,14,4630.0,330.71,200.0
Outpatient,V0382,96,96,4630.0,48.23,40.0
Outpatient,36561,50,49,4630.0,92.6,60.0
Outpatient,2645,62,62,4630.0,74.68,55.0
Outpatient,81611,16,16,4630.0,289.38,200.0
Outpatient,73343,55,55,4630.0,84.18,50.0
Outpatient,2590,22,22,4630.0,210.45,65.0
Outpatient,V1588,22,22,4630.0,210.45,200.0
Outpatient,2578,20,20,4620.0,231.0,100.0
Outpatient,99559,19,19,4620.0,243.16,100.0
Outpatient,81510,14,14,4620.0,330.0,300.0
Outpatient,9998,23,23,4620.0,200.87,100.0
Outpatient,2913,25,25,4620.0,184.8,80.0
Outpatient,83101,8,8,4620.0,577.5,250.0
Outpatient,83916,7,7,4620.0,660.0,400.0
Outpatient,20780,19,19,4620.0,243.16,70.0
Outpatient,6258,16,16,4610.0,288.13,60.0
Outpatient,36361,5,5,4610.0,922.0,60.0
Outpatient,36720,10,10,4610.0,461.0,70.0
Outpatient,73013,10,10,4610.0,461.0,80.0
Outpatient,37636,3,3,4600.0,1533.33,1200.0
Outpatient,53430,6,6,4600.0,766.67,550.0
Outpatient,83660,5,5,4600.0,920.0,300.0
Outpatient,1650,3,3,4600.0,1533.33,1300.0
Outpatient,95919,14,14,4600.0,328.57,300.0
Outpatient,80475,5,5,4600.0,920.0,1100.0
Outpatient,00862,10,10,4590.0,459.0,140.0
Outpatient,9925,20,20,4590.0,229.5,150.0
Outpatient,82312,28,28,4590.0,163.93,150.0
Outpatient,5375,32,32,4590.0,143.44,60.0
Outpatient,9220,18,18,4590.0,255.0,200.0
Outpatient,V042,85,84,4590.0,54.0,30.0
Outpatient,87370,18,18,4580.0,254.44,300.0
Outpatient,2078,16,16,4580.0,286.25,45.0
Outpatient,82120,20,20,4580.0,229.0,150.0
Outpatient,87274,17,17,4580.0,269.41,200.0
Outpatient,83940,8,8,4570.0,571.25,250.0
Outpatient,25541,17,17,4570.0,268.82,90.0
Outpatient,82311,17,17,4570.0,268.82,100.0
Outpatient,9309,21,21,4570.0,217.62,100.0
Outpatient,1468,11,11,4560.0,414.55,200.0
Outpatient,20490,11,11,4560.0,414.55,90.0
Outpatient,9929,19,19,4560.0,240.0,100.0
Outpatient,9588,19,19,4560.0,240.0,200.0
Outpatient,20258,5,5,4560.0,912.0,400.0
Outpatient,0092,12,12,4560.0,380.0,80.0
Outpatient,80319,3,3,4550.0,1516.67,1200.0
Outpatient,6192,12,12,4550.0,379.17,150.0
Outpatient,3379,13,13,4550.0,350.0,100.0
Outpatient,38022,23,23,4540.0,197.39,90.0
Outpatient,1921,10,10,4540.0,454.0,80.0
Outpatient,30983,27,27,4540.0,168.15,90.0
Outpatient,0086,4,4,4520.0,1130.0,1040.0
Outpatient,37142,5,5,4520.0,904.0,600.0
Outpatient,9099,20,20,4520.0,226.0,200.0
Outpatient,33521,20,20,4520.0,226.0,100.0
Outpatient,87353,21,21,4520.0,215.24,200.0
Outpatient,64844,7,7,4520.0,645.71,70.0
Outpatient,20080,17,17,4510.0,265.29,80.0
Outpatient,V059,110,110,4510.0,41.0,40.0
Outpatient,20017,15,15,4510.0,300.67,300.0
Outpatient,31502,17,17,4510.0,265.29,80.0
Outpatient,9947,20,20,4510.0,225.5,100.0
Outpatient,73006,9,9,4510.0,501.11,100.0
Outpatient,83313,8,8,4510.0,563.75,200.0
Outpatient,80404,3,3,4500.0,1500.0,700.0
Outpatient,73089,4,4,4500.0,1125.0,450.0
Outpatient,0223,20,20,4500.0,225.0,70.0
Outpatient,80352,6,6,4500.0,750.0,650.0
Outpatient,20601,12,12,4500.0,375.0,95.0
Outpatient,81012,14,14,4490.0,320.71,200.0
Outpatient,36331,5,5,4490.0,898.0,90.0
Outpatient,73074,5,5,4490.0,898.0,100.0
Outpatient,20880,14,14,4480.0,320.0,80.0
Outpatient,36230,10,10,4480.0,448.0,90.0
Outpatient,937,19,19,4480.0,235.79,200.0
Outpatient,81109,19,19,4480.0,235.79,200.0
Outpatient,2912,22,22,4480.0,203.64,100.0
Outpatient,8950,33,33,4470.0,135.45,80.0
Outpatient,36255,7,7,4470.0,638.57,200.0
Outpatient,82302,19,19,4470.0,235.26,200.0
Outpatient,1717,15,15,4470.0,298.0,70.0
Outpatient,5836,8,8,4460.0,557.5,250.0
Outpatient,37953,9,9,4460.0,495.56,90.0
Outpatient,V8523,43,43,4460.0,103.72,60.0
Outpatient,6237,15,15,4460.0,297.33,100.0
Outpatient,81383,12,12,4460.0,371.67,250.0
Outpatient,V0261,86,86,4460.0,51.86,35.0
Outpatient,1835,10,10,4460.0,446.0,85.0
Outpatient,69514,22,22,4450.0,202.27,60.0
Outpatient,4259,15,15,4450.0,296.67,70.0
Outpatient,V756,94,94,4450.0,47.34,40.0
Outpatient,25208,24,24,4450.0,185.42,100.0
Outpatient,6013,25,25,4450.0,178.0,70.0
Outpatient,99702,21,21,4450.0,211.9,80.0
Outpatient,33382,17,17,4440.0,261.18,100.0
Outpatient,38106,10,10,4430.0,443.0,55.0
Outpatient,36502,36,36,4430.0,123.06,60.0
Outpatient,6951,27,27,4430.0,164.07,60.0
Outpatient,37150,5,5,4430.0,886.0,60.0
Outpatient,3370,16,16,4430.0,276.88,200.0
Outpatient,20480,16,16,4420.0,276.25,90.0
Outpatient,2552,21,21,4420.0,210.48,90.0
Outpatient,2702,48,48,4410.0,91.88,50.0
Outpatient,83917,3,3,4400.0,1466.67,1500.0
Outpatient,37569,5,5,4400.0,880.0,100.0
Outpatient,78559,4,4,4400.0,1100.0,1200.0
Outpatient,27542,34,34,4400.0,129.41,65.0
Outpatient,8509,3,3,4400.0,1466.67,900.0
Outpatient,03819,14,14,4400.0,314.29,145.0
Outpatient,27800,40,40,4400.0,110.0,60.0
Outpatient,8771,16,16,4390.0,274.38,250.0
Outpatient,2750,42,42,4390.0,104.52,65.0
Outpatient,8248,25,25,4380.0,175.2,200.0
Outpatient,87372,17,17,4380.0,257.65,200.0
Outpatient,37716,6,6,4380.0,730.0,50.0
Outpatient,20004,14,14,4380.0,312.86,75.0
Outpatient,20246,13,13,4380.0,336.92,60.0
Outpatient,27540,44,44,4370.0,99.32,60.0
Outpatient,80513,20,20,4370.0,218.5,90.0
Outpatient,36119,11,11,4370.0,397.27,50.0
Outpatient,9092,20,20,4360.0,218.0,150.0
Outpatient,9541,22,22,4360.0,198.18,100.0
Outpatient,79923,33,33,4360.0,132.12,70.0
Outpatient,34431,15,15,4360.0,290.67,100.0
Outpatient,83511,8,8,4350.0,543.75,200.0
Outpatient,36582,29,29,4350.0,150.0,90.0
Outpatient,99771,24,24,4350.0,181.25,80.0
Outpatient,82340,23,23,4350.0,189.13,200.0
Outpatient,47833,52,52,4340.0,83.46,60.0
Outpatient,83311,5,5,4340.0,868.0,1300.0
Outpatient,37956,4,4,4340.0,1085.0,500.0
Outpatient,60783,13,13,4340.0,333.85,80.0
Outpatient,5205,6,6,4340.0,723.33,240.0
Outpatient,2714,33,33,4330.0,131.21,80.0
Outpatient,87359,18,18,4330.0,240.56,200.0
Outpatient,V5427,22,22,4330.0,196.82,80.0
Outpatient,30989,31,31,4330.0,139.68,80.0
Outpatient,6962,20,20,4320.0,216.0,65.0
Outpatient,9352,13,13,4320.0,332.31,300.0
Outpatient,4252,17,17,4320.0,254.12,60.0
Outpatient,6190,16,16,4320.0,270.0,100.0
Outpatient,87402,15,15,4320.0,288.0,200.0
Outpatient,1716,15,15,4320.0,288.0,100.0
Outpatient,1562,11,11,4320.0,392.73,200.0
Outpatient,2553,30,30,4320.0,144.0,70.0
Outpatient,5981,19,19,4320.0,227.37,70.0
Outpatient,95913,17,17,4310.0,253.53,200.0
Outpatient,30463,5,5,4310.0,862.0,500.0
Outpatient,62133,19,19,4310.0,226.84,80.0
Outpatient,73019,10,10,4310.0,431.0,100.0
Outpatient,9511,21,21,4310.0,205.24,100.0
Outpatient,27782,35,35,4310.0,123.14,60.0
Outpatient,4230,18,18,4300.0,238.89,65.0
Outpatient,07043,33,33,4300.0,130.3,90.0
Outpatient,52871,10,10,4300.0,430.0,75.0
Outpatient,80426,4,4,4300.0,1075.0,450.0
Outpatient,25513,35,35,4300.0,122.86,60.0
Outpatient,2644,57,57,4300.0,75.44,50.0
Outpatient,37945,4,4,4300.0,1075.0,1050.0
Outpatient,V8533,27,27,4300.0,159.26,80.0
Outpatient,37703,7,7,4300.0,614.29,70.0
Outpatient,2784,35,35,4300.0,122.86,60.0
Outpatient,2052,10,10,4290.0,429.0,70.0
Outpatient,38030,27,27,4290.0,158.89,70.0
Outpatient,6964,14,14,4290.0,306.43,65.0
Outpatient,1412,9,9,4290.0,476.67,200.0
Outpatient,20212,15,15,4290.0,286.0,60.0
Outpatient,V048,91,91,4290.0,47.14,40.0
Outpatient,62211,13,13,4290.0,330.0,60.0
Outpatient,2539,16,16,4290.0,268.13,65.0
Outpatient,20522,8,8,4280.0,535.0,85.0
Outpatient,33394,17,17,4280.0,251.76,200.0
Outpatient,37456,5,5,4280.0,856.0,100.0
Outpatient,0081,5,5,4280.0,856.0,400.0
Outpatient,37934,7,7,4280.0,611.43,100.0
Outpatient,30400,6,6,4280.0,713.33,150.0
Outpatient,9071,14,14,4280.0,305.71,150.0
Outpatient,3638,6,6,4270.0,711.67,420.0
Outpatient,60881,13,13,4270.0,328.46,70.0
Outpatient,36334,6,6,4270.0,711.67,90.0
Outpatient,71297,28,28,4260.0,152.14,55.0
Outpatient,79508,14,14,4250.0,303.57,75.0
Outpatient,V064,85,84,4250.0,50.0,40.0
Outpatient,38530,23,23,4250.0,184.78,80.0
Outpatient,37413,7,7,4250.0,607.14,200.0
Outpatient,2571,20,20,4240.0,212.0,100.0
Outpatient,V714,13,13,4240.0,326.15,300.0
Outpatient,1227,4,4,4240.0,1060.0,445.0
Outpatient,V0482,70,70,4240.0,60.57,40.0
Outpatient,07031,33,33,4240.0,128.48,70.0
Outpatient,6970,15,15,4240.0,282.67,70.0
Outpatient,99761,20,20,4230.0,211.5,100.0
Outpatient,62570,16,16,4230.0,264.38,100.0
Outpatient,03812,15,15,4230.0,282.0,100.0
Outpatient,74710,10,10,4230.0,423.0,150.0
Outpatient,79503,13,13,4230.0,325.38,100.0
Outpatient,71803,10,10,4220.0,422.0,140.0
Outpatient,8364,10,10,4220.0,422.0,200.0
Outpatient,81513,21,21,4220.0,200.95,200.0
Outpatient,37711,8,8,4220.0,527.5,135.0
Outpatient,4294,16,16,4220.0,263.75,100.0
Outpatient,2759,45,45,4220.0,93.78,50.0
Outpatient,00842,7,7,4210.0,601.43,90.0
Outpatient,71127,7,7,4210.0,601.43,200.0
Outpatient,74519,4,4,4210.0,1052.5,450.0
Outpatient,2533,13,13,4210.0,323.85,90.0
Outpatient,81113,15,15,4210.0,280.67,70.0
Outpatient,73099,7,7,4200.0,600.0,50.0
Outpatient,07030,27,27,4200.0,155.56,90.0
Outpatient,60886,27,27,4200.0,155.56,70.0
Outpatient,V194,36,36,4200.0,116.67,50.0
Outpatient,20235,8,8,4200.0,525.0,450.0
Outpatient,V7388,82,82,4200.0,51.22,40.0
Outpatient,9594,23,23,4200.0,182.61,100.0
Outpatient,37240,4,4,4200.0,1050.0,400.0
Outpatient,83501,6,6,4190.0,698.33,350.0
Outpatient,V0751,46,46,4190.0,91.09,60.0
Outpatient,37189,8,8,4190.0,523.75,75.0
Outpatient,27489,21,21,4190.0,199.52,60.0
Outpatient,05379,14,14,4190.0,299.29,100.0
Outpatient,45351,104,104,4190.0,40.29,10.0
Outpatient,9930,22,22,4180.0,190.0,100.0
Outpatient,5282,13,13,4170.0,320.77,50.0
Outpatient,20278,18,18,4160.0,231.11,40.0
Outpatient,69289,34,34,4160.0,122.35,90.0
Outpatient,2651,63,63,4160.0,66.03,50.0
Outpatient,V150,28,28,4160.0,148.57,65.0
Outpatient,V017,80,80,4160.0,52.0,40.0
Outpatient,8371,9,9,4160.0,462.22,200.0
Outpatient,81333,18,18,4160.0,231.11,150.0
Outpatient,07021,30,30,4160.0,138.67,80.0
Outpatient,79095,38,38,4160.0,109.47,50.0
Outpatient,71186,7,7,4150.0,592.86,200.0
Outpatient,7389,9,9,4150.0,461.11,90.0
Outpatient,V7109,18,17,4150.0,230.56,60.0
Outpatient,07071,28,28,4150.0,148.21,80.0
Outpatient,3309,19,19,4150.0,218.42,100.0
Outpatient,8791,13,13,4150.0,319.23,300.0
Outpatient,37155,4,4,4150.0,1037.5,425.0
Outpatient,V754,84,84,4140.0,49.29,40.0
Outpatient,3444,9,9,4140.0,460.0,70.0
Outpatient,80056,5,5,4140.0,828.0,800.0
Outpatient,V0262,79,78,4140.0,52.41,40.0
Outpatient,V730,84,84,4140.0,49.29,40.0
Outpatient,37149,6,6,4140.0,690.0,545.0
Outpatient,6236,14,14,4140.0,295.71,100.0
Outpatient,20170,5,5,4130.0,826.0,200.0
Outpatient,9301,22,22,4130.0,187.73,100.0
Outpatient,81300,14,14,4130.0,295.0,150.0
Outpatient,1642,5,5,4130.0,826.0,400.0
Outpatient,9955,24,24,4120.0,171.67,90.0
Outpatient,2649,54,53,4120.0,76.3,60.0
Outpatient,2560,23,23,4120.0,179.13,80.0
Outpatient,99709,22,22,4120.0,187.27,100.0
Outpatient,73607,11,11,4120.0,374.55,200.0
Outpatient,6259,12,12,4110.0,342.5,70.0
Outpatient,V740,83,82,4110.0,49.52,40.0
Outpatient,5298,8,8,4110.0,513.75,55.0
Outpatient,79502,19,19,4100.0,215.79,90.0
Outpatient,2899,18,18,4100.0,227.78,45.0
Outpatient,73712,9,9,4100.0,455.56,90.0
Outpatient,82532,16,16,4100.0,256.25,145.0
Outpatient,73029,8,8,4100.0,512.5,100.0
Outpatient,2529,13,12,4100.0,315.38,70.0
Outpatient,71177,5,5,4090.0,818.0,40.0
Outpatient,2896,19,19,4090.0,215.26,80.0
Outpatient,9550,19,19,4080.0,214.74,200.0
Outpatient,6256,13,13,4080.0,313.85,100.0
Outpatient,87272,10,10,4080.0,408.0,350.0
Outpatient,1408,19,19,4080.0,214.74,60.0
Outpatient,73642,11,11,4080.0,370.91,200.0
Outpatient,7833,35,35,4080.0,116.57,80.0
Outpatient,87261,14,14,4080.0,291.43,150.0
Outpatient,73349,35,35,4070.0,116.29,60.0
Outpatient,37404,5,5,4070.0,814.0,300.0
Outpatient,37445,4,4,4060.0,1015.0,1050.0
Outpatient,1568,13,13,4060.0,312.31,100.0
Outpatient,38120,11,11,4050.0,368.18,90.0
Outpatient,7924,11,11,4050.0,368.18,60.0
Outpatient,V5419,21,21,4050.0,192.86,100.0
Outpatient,95901,20,20,4050.0,202.5,150.0
Outpatient,1125,28,28,4050.0,144.64,90.0
Outpatient,V591,33,33,4050.0,122.73,60.0
Outpatient,5294,14,14,4050.0,289.29,70.0
Outpatient,9551,18,18,4050.0,225.0,150.0
Outpatient,7459,4,4,4040.0,1010.0,350.0
Outpatient,36474,4,4,4040.0,1010.0,795.0
Outpatient,99561,22,22,4030.0,183.18,60.0
Outpatient,36204,13,13,4030.0,310.0,200.0
Outpatient,6029,22,22,4030.0,183.18,55.0
Outpatient,8322,6,6,4030.0,671.67,250.0
Outpatient,28809,39,39,4020.0,103.08,30.0
Outpatient,36963,7,7,4020.0,574.29,60.0
Outpatient,07054,29,29,4020.0,138.62,70.0
Outpatient,38842,27,27,4010.0,148.52,100.0
Outpatient,1893,8,8,4010.0,501.25,100.0
Outpatient,82122,26,26,4010.0,154.23,100.0
Outpatient,9938,20,20,4010.0,200.5,200.0
Outpatient,69011,21,21,4010.0,190.95,60.0
Outpatient,79925,43,43,4010.0,93.26,50.0
Outpatient,2643,65,65,4010.0,61.69,50.0
Outpatient,8715,17,17,4010.0,235.88,200.0
Outpatient,20267,3,3,4000.0,1333.33,500.0
Outpatient,69282,35,35,4000.0,114.29,70.0
Outpatient,2534,23,23,4000.0,173.91,50.0
Outpatient,7390,47,47,4000.0,85.11,50.0
Outpatient,37924,7,7,4000.0,571.43,60.0
Outpatient,37589,3,3,4000.0,1333.33,1400.0
Outpatient,80489,2,2,4000.0,2000.0,2000.0
Outpatient,83202,6,6,4000.0,666.67,250.0
Outpatient,73810,7,7,4000.0,571.43,300.0
Outpatient,33385,15,15,4000.0,266.67,100.0
Outpatient,20084,17,17,4000.0,235.29,40.0
Outpatient,37553,6,6,3990.0,665.0,75.0
Outpatient,8712,12,12,3990.0,332.5,300.0
Outpatient,4531,86,86,3980.0,46.28,25.0
Outpatient,3359,15,15,3980.0,265.33,100.0
Outpatient,81306,22,22,3980.0,180.91,200.0
Outpatient,87210,14,14,3980.0,284.29,200.0
Outpatient,20582,8,8,3980.0,497.5,75.0
Outpatient,2662,58,58,3980.0,68.62,45.0
Outpatient,73329,51,51,3970.0,77.84,50.0
Outpatient,33389,17,17,3970.0,233.53,100.0
Outpatient,83969,8,8,3960.0,495.0,300.0
Outpatient,2646,57,57,3960.0,69.47,50.0
Outpatient,33510,21,21,3960.0,188.57,70.0
Outpatient,2703,40,40,3950.0,98.75,60.0
Outpatient,03682,5,5,3950.0,790.0,100.0
Outpatient,5186,26,26,3950.0,151.92,100.0
Outpatient,3368,23,23,3950.0,171.74,90.0
Outpatient,34401,13,13,3940.0,303.08,60.0
Outpatient,8716,18,18,3940.0,218.89,100.0
Outpatient,37642,8,8,3940.0,492.5,60.0
Outpatient,7529,6,6,3940.0,656.67,295.0
Outpatient,20580,9,9,3940.0,437.78,70.0
Outpatient,53450,10,10,3940.0,394.0,450.0
Outpatient,03282,16,16,3940.0,246.25,60.0
Outpatient,41062,11,11,3940.0,358.18,200.0
Outpatient,990,22,22,3940.0,179.09,100.0
Outpatient,5270,8,8,3940.0,492.5,100.0
Outpatient,20208,17,17,3940.0,231.76,80.0
Outpatient,3433,14,14,3930.0,280.71,95.0
Outpatient,2706,37,37,3930.0,106.22,60.0
Outpatient,2318,4,4,3930.0,982.5,300.0
Outpatient,36851,13,13,3930.0,302.31,70.0
Outpatient,52681,5,5,3930.0,786.0,80.0
Outpatient,7901,37,37,3930.0,106.22,60.0
Outpatient,36357,6,6,3920.0,653.33,80.0
Outpatient,0388,18,18,3920.0,217.78,150.0
Outpatient,V0481,81,81,3920.0,48.4,40.0
Outpatient,5731,30,30,3920.0,130.67,70.0
Outpatient,20701,12,12,3920.0,326.67,95.0
Outpatient,V0251,85,85,3910.0,46.0,30.0
Outpatient,38510,14,14,3910.0,279.29,80.0
Outpatient,61650,26,26,3900.0,150.0,80.0
Outpatient,1620,3,3,3900.0,1300.0,500.0
Outpatient,V0269,75,75,3900.0,52.0,40.0
Outpatient,9693,2,2,3900.0,1950.0,1950.0
Outpatient,80504,17,17,3890.0,228.82,200.0
Outpatient,71236,23,23,3890.0,169.13,90.0
Outpatient,9970,16,16,3890.0,243.13,150.0
Outpatient,V738,73,73,3890.0,53.29,40.0
Outpatient,82525,15,15,3890.0,259.33,100.0
Outpatient,37274,5,5,3890.0,778.0,200.0
Outpatient,37845,6,6,3890.0,648.33,295.0
Outpatient,2699,57,57,3880.0,68.07,60.0
Outpatient,V1580,17,17,3880.0,228.24,80.0
Outpatient,38589,20,20,3880.0,194.0,90.0
Outpatient,36803,13,13,3880.0,298.46,200.0
Outpatient,8785,11,11,3880.0,352.73,400.0
Outpatient,62131,17,17,3870.0,227.65,70.0
Outpatient,3151,18,18,3870.0,215.0,85.0
Outpatient,96509,6,6,3870.0,645.0,100.0
Outpatient,6207,15,15,3870.0,258.0,60.0
Outpatient,69554,12,12,3860.0,321.67,50.0
Outpatient,62402,11,11,3860.0,350.91,100.0
Outpatient,38300,7,7,3860.0,551.43,70.0
Outpatient,28989,27,27,3860.0,142.96,40.0
Outpatient,0703,32,32,3850.0,120.31,70.0
Outpatient,7947,46,46,3850.0,83.7,60.0
Outpatient,73734,7,7,3850.0,550.0,100.0
Outpatient,V5417,18,18,3850.0,213.89,100.0
Outpatient,20236,7,7,3840.0,548.57,300.0
Outpatient,34201,13,12,3840.0,295.38,200.0
Outpatient,6981,12,12,3840.0,320.0,30.0
Outpatient,1491,7,7,3840.0,548.57,300.0
Outpatient,260,57,56,3840.0,67.37,50.0
Outpatient,3336,17,17,3830.0,225.29,80.0
Outpatient,2181,12,12,3830.0,319.17,100.0
Outpatient,2640,66,66,3830.0,58.03,50.0
Outpatient,62401,19,19,3830.0,201.58,60.0
Outpatient,3804,26,26,3830.0,147.31,75.0
Outpatient,0020,6,6,3830.0,638.33,300.0
Outpatient,9598,15,15,3830.0,255.33,200.0
Outpatient,87350,13,13,3820.0,293.85,200.0
Outpatient,2541,21,21,3820.0,181.9,100.0
Outpatient,82320,22,22,3820.0,173.64,95.0
Outpatient,80461,5,5,3820.0,764.0,800.0
Outpatient,V015,77,77,3820.0,49.61,40.0
Outpatient,V060,88,88,3810.0,43.3,40.0
Outpatient,3313,18,18,3810.0,211.67,100.0
Outpatient,8704,19,19,3810.0,200.53,100.0
Outpatient,71741,5,5,3810.0,762.0,200.0
Outpatient,37231,10,10,3810.0,381.0,55.0
Outpatient,8728,15,15,3810.0,254.0,200.0
Outpatient,25202,26,26,3810.0,146.54,70.0
Outpatient,2682,55,54,3800.0,69.09,50.0
Outpatient,95891,22,22,3800.0,172.73,100.0
Outpatient,6140,24,24,3800.0,158.33,60.0
Outpatient,0053,5,5,3800.0,760.0,400.0
Outpatient,1900,5,5,3800.0,760.0,600.0
Outpatient,36061,4,4,3800.0,950.0,250.0
Outpatient,1455,13,13,3790.0,291.54,60.0
Outpatient,1451,14,14,3790.0,270.71,85.0
Outpatient,2660,59,59,3790.0,64.24,50.0
Outpatient,V731,61,61,3790.0,62.13,40.0
Outpatient,81400,18,18,3790.0,210.56,100.0
Outpatient,6245,10,10,3790.0,379.0,100.0
Outpatient,20311,9,9,3790.0,421.11,80.0
Outpatient,37522,5,5,3790.0,758.0,100.0
Outpatient,3735,3,3,3790.0,1263.33,1200.0
Outpatient,37172,7,7,3790.0,541.43,100.0
Outpatient,71618,7,7,3780.0,540.0,400.0
Outpatient,53291,11,11,3780.0,343.64,400.0
Outpatient,33181,11,11,3780.0,343.64,200.0
Outpatient,1482,10,10,3770.0,377.0,65.0
Outpatient,9564,22,22,3770.0,171.36,200.0
Outpatient,2199,24,24,3760.0,156.67,100.0
Outpatient,9996,19,19,3760.0,197.89,90.0
Outpatient,20401,10,10,3750.0,375.0,40.0
Outpatient,69276,16,16,3750.0,234.38,60.0
Outpatient,V1061,15,15,3750.0,250.0,60.0
Outpatient,71802,6,6,3750.0,625.0,300.0
Outpatient,3361,20,20,3750.0,187.5,100.0
Outpatient,83810,6,6,3750.0,625.0,200.0
Outpatient,73742,7,7,3740.0,534.29,200.0
Outpatient,99524,22,22,3740.0,170.0,90.0
Outpatient,71299,26,26,3740.0,143.85,50.0
Outpatient,3373,15,15,3740.0,249.33,90.0
Outpatient,V155,12,12,3740.0,311.67,200.0
Outpatient,7837,43,43,3740.0,86.98,60.0
Outpatient,36459,6,6,3740.0,623.33,200.0
Outpatient,37453,6,6,3730.0,621.67,50.0
Outpatient,319,12,12,3730.0,310.83,95.0
Outpatient,73039,4,4,3730.0,932.5,195.0
Outpatient,V0183,84,83,3730.0,44.4,40.0
Outpatient,38531,23,23,3730.0,162.17,70.0
Outpatient,2536,20,20,3730.0,186.5,45.0
Outpatient,8729,14,14,3730.0,266.43,250.0
Outpatient,V054,87,87,3730.0,42.87,30.0
Outpatient,81331,11,11,3720.0,338.18,200.0
Outpatient,83201,5,5,3720.0,744.0,500.0
Outpatient,9331,16,16,3720.0,232.5,150.0
Outpatient,262,60,60,3720.0,62.0,50.0
Outpatient,V046,77,77,3720.0,48.31,40.0
Outpatient,95899,17,17,3720.0,218.82,200.0
Outpatient,5275,15,15,3710.0,247.33,60.0
Outpatient,2681,48,48,3710.0,77.29,40.0
Outpatient,0068,6,6,3710.0,618.33,250.0
Outpatient,71281,20,20,3710.0,185.5,55.0
Outpatient,11514,20,20,3710.0,185.5,55.0
Outpatient,0338,5,5,3710.0,742.0,200.0
Outpatient,41052,9,9,3710.0,412.22,200.0
Outpatient,71836,8,8,3710.0,463.75,150.0
Outpatient,36423,8,8,3710.0,463.75,90.0
Outpatient,V121,58,58,3700.0,63.79,50.0
Outpatient,05413,11,11,3700.0,336.36,100.0
Outpatient,8702,17,17,3700.0,217.65,100.0
Outpatient,36563,35,35,3700.0,105.71,60.0
Outpatient,V742,80,80,3700.0,46.25,30.0
Outpatient,3090,26,26,3700.0,142.31,80.0
Outpatient,52407,4,4,3700.0,925.0,200.0
Outpatient,74342,2,2,3700.0,1850.0,1850.0
Outpatient,0054,3,3,3700.0,1233.33,200.0
Outpatient,1904,4,4,3700.0,925.0,850.0
Outpatient,74569,2,2,3700.0,1850.0,1850.0
Outpatient,37942,3,3,3700.0,1233.33,400.0
Outpatient,V0184,84,84,3690.0,43.93,30.0
Outpatient,7400,4,4,3690.0,922.5,150.0
Outpatient,25201,23,23,3690.0,160.43,50.0
Outpatient,3719,8,8,3690.0,461.25,95.0
Outpatient,1709,20,20,3690.0,184.5,80.0
Outpatient,V053,83,83,3690.0,44.46,40.0
Outpatient,37802,4,4,3680.0,920.0,170.0
Outpatient,05812,8,8,3680.0,460.0,60.0
Outpatient,9593,13,13,3680.0,283.08,200.0
Outpatient,1522,10,10,3680.0,368.0,65.0
Outpatient,37484,4,4,3670.0,917.5,150.0
Outpatient,53370,9,8,3670.0,407.78,400.0
Outpatient,1906,9,9,3670.0,407.78,200.0
Outpatient,1918,19,19,3670.0,193.16,100.0
Outpatient,25951,15,15,3670.0,244.67,100.0
Outpatient,2652,57,57,3670.0,64.39,60.0
Outpatient,71161,7,7,3660.0,522.86,200.0
Outpatient,71126,4,4,3660.0,915.0,180.0
Outpatient,37702,10,10,3660.0,366.0,100.0
Outpatient,83104,4,4,3660.0,915.0,1000.0
Outpatient,36560,35,35,3660.0,104.57,60.0
Outpatient,32741,40,40,3660.0,91.5,70.0
Outpatient,83813,8,8,3660.0,457.5,200.0
Outpatient,34400,8,8,3650.0,456.25,200.0
Outpatient,87273,18,18,3650.0,202.78,200.0
Outpatient,87323,15,15,3650.0,243.33,200.0
Outpatient,6183,20,20,3650.0,182.5,60.0
Outpatient,V5970,30,30,3650.0,121.67,55.0
Outpatient,87375,10,10,3650.0,365.0,300.0
Outpatient,2042,13,13,3640.0,280.0,60.0
Outpatient,V745,77,77,3640.0,47.27,40.0
Outpatient,81403,20,20,3640.0,182.0,100.0
Outpatient,3315,20,20,3640.0,182.0,95.0
Outpatient,71785,10,10,3640.0,364.0,150.0
Outpatient,69461,20,20,3640.0,182.0,60.0
Outpatient,87411,17,17,3640.0,214.12,200.0
Outpatient,3429,11,11,3630.0,330.0,70.0
Outpatient,81504,10,10,3630.0,363.0,85.0
Outpatient,V143,42,42,3630.0,86.43,85.0
Outpatient,V8741,28,28,3630.0,129.64,90.0
Outpatient,30403,5,5,3630.0,726.0,70.0
Outpatient,8788,17,17,3630.0,213.53,200.0
Outpatient,71840,8,8,3630.0,453.75,450.0
Outpatient,11289,39,39,3630.0,93.08,60.0
Outpatient,36834,5,5,3620.0,724.0,60.0
Outpatient,69553,15,15,3620.0,241.33,50.0
Outpatient,6031,23,23,3620.0,157.39,80.0
Outpatient,20422,10,10,3620.0,362.0,70.0
Outpatient,V1063,6,6,3620.0,603.33,50.0
Outpatient,0705,25,25,3620.0,144.8,70.0
Outpatient,27410,21,21,3620.0,172.38,60.0
Outpatient,V0489,89,89,3620.0,40.67,40.0
Outpatient,1422,9,9,3610.0,401.11,90.0
Outpatient,2647,53,53,3610.0,68.11,50.0
Outpatient,31532,20,20,3610.0,180.5,60.0
Outpatient,2890,25,25,3610.0,144.4,40.0
Outpatient,3609,6,6,3610.0,601.67,60.0
Outpatient,75526,5,5,3610.0,722.0,200.0
Outpatient,V1502,28,28,3610.0,128.93,70.0
Outpatient,V021,82,82,3610.0,44.02,40.0
Outpatient,07421,12,12,3600.0,300.0,80.0
Outpatient,1951,6,6,3600.0,600.0,300.0
Outpatient,80152,4,4,3600.0,900.0,750.0
Outpatient,71841,8,8,3600.0,450.0,250.0
Outpatient,V0181,71,71,3600.0,50.7,40.0
Outpatient,1894,9,9,3600.0,400.0,40.0
Outpatient,V022,85,85,3600.0,42.35,40.0
Outpatient,36054,5,5,3600.0,720.0,400.0
Outpatient,2883,29,29,3590.0,123.79,30.0
Outpatient,0022,5,5,3590.0,718.0,600.0
Outpatient,07052,23,23,3590.0,156.09,70.0
Outpatient,V1322,14,14,3590.0,256.43,50.0
Outpatient,64830,8,8,3580.0,447.5,90.0
Outpatient,261,45,44,3580.0,79.56,50.0
Outpatient,V037,82,82,3570.0,43.54,40.0
Outpatient,83952,7,7,3570.0,510.0,100.0
Outpatient,8270,19,19,3570.0,187.89,200.0
Outpatient,6149,15,15,3570.0,238.0,100.0
Outpatient,73639,10,10,3560.0,356.0,135.0
Outpatient,36916,6,6,3560.0,593.33,80.0
Outpatient,74742,3,3,3560.0,1186.67,200.0
Outpatient,37871,5,5,3560.0,712.0,200.0
Outpatient,V0252,87,87,3550.0,40.8,30.0
Outpatient,33372,18,18,3550.0,197.22,95.0
Outpatient,1848,3,3,3550.0,1183.33,200.0
Outpatient,2532,16,16,3550.0,221.88,70.0
Outpatient,20087,16,16,3550.0,221.88,75.0
Outpatient,2734,32,32,3550.0,110.94,80.0
Outpatient,1603,11,11,3550.0,322.73,90.0
Outpatient,V531,4,4,3550.0,887.5,125.0
Outpatient,07041,20,20,3550.0,177.5,80.0
Outpatient,82331,24,24,3550.0,147.92,100.0
Outpatient,2572,26,26,3540.0,136.15,60.0
Outpatient,3885,18,18,3540.0,196.67,75.0
Outpatient,5284,13,13,3540.0,272.31,100.0
Outpatient,1591,9,9,3540.0,393.33,100.0
Outpatient,80221,5,5,3540.0,708.0,400.0
Outpatient,05571,6,6,3540.0,590.0,90.0
Outpatient,3443,10,10,3540.0,354.0,65.0
Outpatient,20281,24,24,3530.0,147.08,40.0
Outpatient,1441,9,9,3530.0,392.22,50.0
Outpatient,87351,14,14,3530.0,252.14,250.0
Outpatient,9085,20,20,3530.0,176.5,200.0
Outpatient,V5409,19,19,3530.0,185.79,200.0
Outpatient,V036,78,78,3530.0,45.26,40.0
Outpatient,5296,12,12,3530.0,294.17,100.0
Outpatient,V142,41,41,3530.0,86.1,60.0
Outpatient,6151,17,17,3520.0,207.06,60.0
Outpatient,3728,5,5,3520.0,704.0,60.0
Outpatient,33701,19,19,3520.0,185.26,100.0
Outpatient,81321,14,14,3520.0,251.43,200.0
Outpatient,2669,64,64,3520.0,55.0,50.0
Outpatient,V1321,13,13,3520.0,270.77,70.0
Outpatient,37262,3,3,3510.0,1170.0,200.0
Outpatient,33529,13,13,3510.0,270.0,90.0
Outpatient,73341,47,47,3510.0,74.68,40.0
Outpatient,83902,4,4,3500.0,875.0,900.0
Outpatient,79009,19,19,3500.0,184.21,60.0
Outpatient,8025,4,4,3500.0,875.0,600.0
Outpatient,V411,6,6,3500.0,583.33,55.0
Outpatient,73008,2,2,3500.0,1750.0,1750.0
Outpatient,4254,16,16,3500.0,218.75,60.0
Outpatient,1948,5,5,3500.0,700.0,600.0
Outpatient,37844,4,4,3500.0,875.0,850.0
Outpatient,2691,54,54,3490.0,64.63,40.0
Outpatient,V712,81,80,3490.0,43.09,40.0
Outpatient,36372,4,4,3490.0,872.5,70.0
Outpatient,V069,90,90,3490.0,38.78,30.0
Outpatient,605,13,13,3490.0,268.46,40.0
Outpatient,20901,10,10,3490.0,349.0,150.0
Outpatient,7454,4,4,3490.0,872.5,200.0
Outpatient,37925,6,6,3490.0,581.67,650.0
Outpatient,81240,15,15,3490.0,232.67,200.0
Outpatient,38902,23,23,3490.0,151.74,80.0
Outpatient,9992,22,22,3480.0,158.18,100.0
Outpatient,1638,8,7,3480.0,435.0,350.0
Outpatient,38101,12,12,3470.0,289.17,90.0
Outpatient,V752,73,73,3470.0,47.53,40.0
Outpatient,V012,84,83,3470.0,41.31,40.0
Outpatient,6216,10,10,3470.0,347.0,100.0
Outpatient,3732,4,4,3460.0,865.0,60.0
Outpatient,11590,34,34,3460.0,101.76,65.0
Outpatient,71844,9,9,3460.0,384.44,100.0
Outpatient,36521,31,31,3450.0,111.29,60.0
Outpatient,52115,6,6,3450.0,575.0,25.0
Outpatient,20721,10,10,3450.0,345.0,150.0
Outpatient,V750,81,81,3450.0,42.59,30.0
Outpatient,33520,19,19,3440.0,181.05,100.0
Outpatient,9734,4,4,3440.0,860.0,115.0
Outpatient,71843,6,6,3440.0,573.33,595.0
Outpatient,78072,10,10,3440.0,344.0,80.0
Outpatient,6944,13,13,3440.0,264.62,50.0
Outpatient,07033,32,32,3440.0,107.5,70.0
Outpatient,71740,8,8,3440.0,430.0,200.0
Outpatient,31509,15,15,3440.0,229.33,70.0
Outpatient,36581,39,39,3430.0,87.95,60.0
Outpatient,20801,14,14,3430.0,245.0,90.0
Outpatient,52561,6,6,3430.0,571.67,60.0
Outpatient,20198,4,4,3430.0,857.5,800.0
Outpatient,20214,12,12,3430.0,285.83,50.0
Outpatient,37926,7,7,3430.0,490.0,60.0
Outpatient,1120,29,29,3430.0,118.28,60.0
Outpatient,62921,19,19,3430.0,180.53,80.0
Outpatient,3911,18,18,3430.0,190.56,75.0
Outpatient,2693,55,55,3420.0,62.18,50.0
Outpatient,85012,3,3,3420.0,1140.0,90.0
Outpatient,37146,6,6,3420.0,570.0,250.0
Outpatient,81404,15,15,3420.0,228.0,100.0
Outpatient,V011,85,85,3420.0,40.24,40.0
Outpatient,80708,22,22,3420.0,155.45,100.0
Outpatient,81351,22,22,3420.0,155.45,150.0
Outpatient,4220,21,21,3410.0,162.38,60.0
Outpatient,V030,85,85,3410.0,40.12,30.0
Outpatient,62989,10,10,3410.0,341.0,150.0
Outpatient,6040,23,23,3410.0,148.26,70.0
Outpatient,81612,11,11,3410.0,310.0,200.0
Outpatient,1613,10,10,3410.0,341.0,80.0
Outpatient,V0254,79,79,3410.0,43.16,40.0
Outpatient,36830,12,12,3400.0,283.33,100.0
Outpatient,71112,3,3,3400.0,1133.33,100.0
Outpatient,73083,4,4,3400.0,850.0,650.0
Outpatient,6023,17,17,3400.0,200.0,60.0
Outpatient,0222,3,3,3400.0,1133.33,60.0
Outpatient,37646,3,3,3400.0,1133.33,1300.0
Outpatient,1659,4,4,3400.0,850.0,35.0
Outpatient,80143,2,2,3400.0,1700.0,1700.0
Outpatient,80452,6,6,3400.0,566.67,550.0
Outpatient,9308,13,13,3400.0,261.54,200.0
Outpatient,34442,16,16,3400.0,212.5,200.0
Outpatient,85169,2,2,3400.0,1700.0,1700.0
Outpatient,V040,73,73,3400.0,46.58,40.0
Outpatient,28268,17,17,3400.0,200.0,100.0
Outpatient,V027,68,68,3390.0,49.85,40.0
Outpatient,7994,62,62,3390.0,54.68,40.0
Outpatient,82342,25,24,3390.0,135.6,100.0
Outpatient,1521,15,15,3390.0,226.0,90.0
Outpatient,37804,3,3,3390.0,1130.0,50.0
Outpatient,6225,8,8,3380.0,422.5,55.0
Outpatient,37860,4,4,3380.0,845.0,820.0
Outpatient,V016,76,76,3380.0,44.47,40.0
Outpatient,V063,85,85,3380.0,39.76,30.0
Outpatient,7379,10,10,3370.0,337.0,60.0
Outpatient,71848,6,6,3370.0,561.67,90.0
Outpatient,3302,10,10,3370.0,337.0,150.0
Outpatient,37887,4,4,3370.0,842.5,800.0
Outpatient,38800,26,26,3370.0,129.62,95.0
Outpatient,V7399,77,77,3370.0,43.77,40.0
Outpatient,2336,2,2,3370.0,1685.0,1685.0
Outpatient,2698,53,52,3370.0,63.58,40.0
Outpatient,38830,26,26,3370.0,129.62,95.0
Outpatient,37741,6,6,3370.0,561.67,70.0
Outpatient,2641,65,65,3370.0,51.85,40.0
Outpatient,V0389,77,77,3360.0,43.64,40.0
Outpatient,75431,2,2,3360.0,1680.0,1680.0
Outpatient,8749,16,16,3360.0,210.0,150.0
Outpatient,V031,77,77,3360.0,43.64,40.0
Outpatient,V1000,11,11,3360.0,305.45,40.0
Outpatient,V736,83,83,3350.0,40.36,30.0
Outpatient,1945,5,5,3350.0,670.0,100.0
Outpatient,20400,13,13,3350.0,257.69,100.0
Outpatient,69510,23,23,3350.0,145.65,50.0
Outpatient,9911,18,18,3350.0,186.11,150.0
Outpatient,3094,25,25,3350.0,134.0,80.0
Outpatient,81310,13,13,3350.0,257.69,200.0
Outpatient,71295,23,23,3340.0,145.22,70.0
Outpatient,82391,17,17,3340.0,196.47,200.0
Outpatient,34441,16,16,3340.0,208.75,70.0
Outpatient,6206,17,17,3340.0,196.47,60.0
Outpatient,V746,71,71,3340.0,47.04,40.0
Outpatient,75460,2,2,3330.0,1665.0,1665.0
Outpatient,36216,12,12,3320.0,276.67,70.0
Outpatient,7951,8,8,3320.0,415.0,300.0
Outpatient,75558,2,2,3320.0,1660.0,1660.0
Outpatient,38535,27,27,3320.0,122.96,100.0
Outpatient,7990,11,11,3320.0,301.82,200.0
Outpatient,99566,21,21,3320.0,158.1,80.0
Outpatient,81602,19,19,3320.0,174.74,200.0
Outpatient,34200,13,13,3310.0,254.62,200.0
Outpatient,7956,71,71,3310.0,46.62,40.0
Outpatient,79512,6,6,3310.0,551.67,445.0
Outpatient,74741,1,1,3300.0,3300.0,3300.0
Outpatient,85151,1,1,3300.0,3300.0,3300.0
Outpatient,0530,1,1,3300.0,3300.0,3300.0
Outpatient,80350,2,2,3300.0,1650.0,1650.0
Outpatient,6179,1,1,3300.0,3300.0,3300.0
Outpatient,85305,1,1,3300.0,3300.0,3300.0
Outpatient,37835,2,2,3300.0,1650.0,1650.0
Outpatient,81242,11,11,3300.0,300.0,200.0
Outpatient,7503,6,6,3300.0,550.0,500.0
Outpatient,V755,65,65,3300.0,50.77,30.0
Outpatient,V5410,9,9,3300.0,366.67,300.0
Outpatient,73733,7,7,3300.0,471.43,400.0
Outpatient,74685,1,1,3300.0,3300.0,3300.0
Outpatient,78552,1,1,3300.0,3300.0,3300.0
Outpatient,94303,1,1,3300.0,3300.0,3300.0
Outpatient,75538,1,1,3300.0,3300.0,3300.0
Outpatient,7089,31,31,3300.0,106.45,70.0
Outpatient,V757,78,78,3300.0,42.31,35.0
Outpatient,2642,57,57,3300.0,57.89,50.0
Outpatient,74441,1,1,3300.0,3300.0,3300.0
Outpatient,82139,14,14,3300.0,235.71,200.0
Outpatient,V061,67,67,3290.0,49.1,40.0
Outpatient,9519,15,15,3290.0,219.33,100.0
Outpatient,30928,24,24,3290.0,137.08,80.0
Outpatient,V0179,75,75,3290.0,43.87,40.0
Outpatient,9972,14,14,3290.0,235.0,75.0
Outpatient,2690,54,54,3290.0,60.93,50.0
Outpatient,36542,40,39,3290.0,82.25,65.0
Outpatient,2689,52,52,3290.0,63.27,40.0
Outpatient,73028,4,4,3280.0,820.0,900.0
Outpatient,8781,17,17,3280.0,192.94,200.0
Outpatient,0701,23,23,3270.0,142.17,80.0
Outpatient,83915,7,7,3270.0,467.14,200.0
Outpatient,2632,54,53,3270.0,60.56,55.0
Outpatient,V749,84,84,3270.0,38.93,30.0
Outpatient,8191,18,18,3270.0,181.67,150.0
Outpatient,2041,9,9,3270.0,363.33,40.0
Outpatient,69279,31,31,3270.0,105.48,70.0
Outpatient,1122,24,24,3260.0,135.83,50.0
Outpatient,1000,3,3,3260.0,1086.67,800.0
Outpatient,V019,86,86,3260.0,37.91,40.0
Outpatient,99760,14,14,3260.0,232.86,100.0
Outpatient,6168,14,14,3250.0,232.14,65.0
Outpatient,38051,29,29,3250.0,112.07,80.0
Outpatient,37952,5,5,3250.0,650.0,200.0
Outpatient,V035,75,75,3250.0,43.33,40.0
Outpatient,71114,9,9,3240.0,360.0,100.0
Outpatient,9073,15,15,3240.0,216.0,200.0
Outpatient,V286,71,71,3240.0,45.63,40.0
Outpatient,V156,17,17,3240.0,190.59,100.0
Outpatient,8796,13,13,3240.0,249.23,200.0
Outpatient,20621,8,8,3230.0,403.75,95.0
Outpatient,87321,15,15,3230.0,215.33,200.0
Outpatient,7081,36,36,3230.0,89.72,60.0
Outpatient,2551,26,26,3230.0,124.23,90.0
Outpatient,0702,36,36,3230.0,89.72,60.0
Outpatient,30922,25,25,3230.0,129.2,80.0
Outpatient,V010,83,82,3230.0,38.92,40.0
Outpatient,2579,21,21,3230.0,153.81,100.0
Outpatient,52464,4,4,3230.0,807.5,65.0
Outpatient,38010,35,35,3230.0,92.29,80.0
Outpatient,20702,9,9,3220.0,357.78,100.0
Outpatient,53290,9,9,3220.0,357.78,400.0
Outpatient,7179,9,9,3220.0,357.78,200.0
Outpatient,1589,8,8,3220.0,402.5,180.0
Outpatient,5287,16,16,3220.0,201.25,70.0
Outpatient,0399,5,5,3220.0,644.0,100.0
Outpatient,38922,32,32,3210.0,100.31,80.0
Outpatient,5733,30,30,3210.0,107.0,60.0
Outpatient,3333,19,19,3210.0,168.95,90.0
Outpatient,80433,3,3,3200.0,1066.67,500.0
Outpatient,V0171,75,75,3200.0,42.67,30.0
Outpatient,52456,5,5,3200.0,640.0,100.0
Outpatient,83650,7,7,3200.0,457.14,200.0
Outpatient,7388,6,6,3200.0,533.33,400.0
Outpatient,10089,1,1,3200.0,3200.0,3200.0
Outpatient,37242,4,4,3200.0,800.0,900.0
Outpatient,6227,17,17,3200.0,188.24,60.0
Outpatient,36562,34,34,3200.0,94.12,60.0
Outpatient,83214,3,3,3190.0,1063.33,1300.0
Outpatient,5264,3,3,3190.0,1063.33,200.0
Outpatient,33371,13,13,3190.0,245.38,100.0
Outpatient,V032,80,80,3190.0,39.88,30.0
Outpatient,81610,14,14,3180.0,227.14,200.0
Outpatient,3303,16,16,3180.0,198.75,100.0
Outpatient,V033,78,78,3170.0,40.64,40.0
Outpatient,69010,18,17,3170.0,176.11,50.0
Outpatient,36355,5,5,3170.0,634.0,50.0
Outpatient,20064,10,10,3170.0,317.0,70.0
Outpatient,20720,14,13,3170.0,226.43,80.0
Outpatient,V748,76,76,3170.0,41.71,40.0
Outpatient,38503,11,11,3170.0,288.18,60.0
Outpatient,53171,11,11,3170.0,288.18,400.0
Outpatient,20238,7,7,3170.0,452.86,300.0
Outpatient,2661,48,48,3160.0,65.83,60.0
Outpatient,38001,29,29,3160.0,108.97,60.0
Outpatient,37681,4,4,3160.0,790.0,950.0
Outpatient,V663,11,11,3160.0,287.27,90.0
Outpatient,37411,3,3,3160.0,1053.33,200.0
Outpatient,V014,68,68,3150.0,46.32,40.0
Outpatient,37929,3,3,3150.0,1050.0,100.0
Outpatient,62571,24,24,3150.0,131.25,60.0
Outpatient,83312,8,8,3150.0,393.75,145.0
Outpatient,5244,8,8,3140.0,392.5,90.0
Outpatient,V026,73,73,3140.0,43.01,40.0
Outpatient,7083,33,32,3140.0,95.15,80.0
Outpatient,9950,30,30,3140.0,104.67,80.0
Outpatient,60885,23,23,3140.0,136.52,50.0
Outpatient,2692,58,58,3140.0,54.14,50.0
Outpatient,V734,74,74,3130.0,42.3,40.0
Outpatient,52554,6,6,3130.0,521.67,80.0
Outpatient,V041,72,72,3130.0,43.47,35.0
Outpatient,81315,13,13,3130.0,240.77,200.0
Outpatient,87212,16,16,3130.0,195.63,150.0
Outpatient,30423,6,6,3120.0,520.0,400.0
Outpatient,V020,75,75,3120.0,41.6,40.0
Outpatient,99583,15,15,3120.0,208.0,90.0
Outpatient,81391,18,18,3120.0,173.33,100.0
Outpatient,V4569,6,6,3120.0,520.0,150.0
Outpatient,82301,13,13,3120.0,240.0,200.0
Outpatient,0239,6,6,3120.0,520.0,10.0
Outpatient,541,2,2,3120.0,1560.0,1560.0
Outpatient,8793,16,16,3120.0,195.0,200.0
Outpatient,64834,3,3,3120.0,1040.0,300.0
Outpatient,3340,16,16,3110.0,194.38,95.0
Outpatient,3317,18,18,3110.0,172.78,60.0
Outpatient,71292,20,20,3110.0,155.5,80.0
Outpatient,37803,4,4,3100.0,775.0,545.0
Outpatient,V062,60,60,3100.0,51.67,40.0
Outpatient,53649,17,17,3100.0,182.35,100.0
Outpatient,20491,14,14,3100.0,221.43,30.0
Outpatient,30572,6,6,3100.0,516.67,300.0
Outpatient,20243,15,15,3100.0,206.67,70.0
Outpatient,3671,3,3,3100.0,1033.33,500.0
Outpatient,6931,31,31,3100.0,100.0,60.0
Outpatient,6146,13,13,3100.0,238.46,100.0
Outpatient,80233,4,4,3100.0,775.0,650.0
Outpatient,83200,3,3,3100.0,1033.33,1000.0
Outpatient,53410,8,8,3100.0,387.5,400.0
Outpatient,V047,71,71,3090.0,43.52,40.0
Outpatient,71210,22,22,3090.0,140.45,60.0
Outpatient,9944,14,14,3090.0,220.71,200.0
Outpatient,38381,9,9,3090.0,343.33,70.0
Outpatient,1701,14,14,3090.0,220.71,55.0
Outpatient,V751,78,78,3090.0,39.62,30.0
Outpatient,0029,6,6,3080.0,513.33,500.0
Outpatient,62922,13,13,3080.0,236.92,80.0
Outpatient,34292,12,12,3080.0,256.67,90.0
Outpatient,38081,21,21,3080.0,146.67,60.0
Outpatient,07023,27,27,3080.0,114.07,70.0
Outpatient,2180,14,14,3080.0,220.0,65.0
Outpatient,1513,18,18,3080.0,171.11,70.0
Outpatient,36960,10,10,3070.0,307.0,85.0
Outpatient,37005,4,4,3070.0,767.5,250.0
Outpatient,V013,81,81,3070.0,37.9,30.0
Outpatient,69277,15,15,3070.0,204.67,60.0
Outpatient,V1509,31,31,3070.0,99.03,80.0
Outpatient,V743,75,75,3070.0,40.93,40.0
Outpatient,6080,31,31,3070.0,99.03,70.0
Outpatient,20890,19,19,3070.0,161.58,30.0
Outpatient,71845,10,10,3060.0,306.0,250.0
Outpatient,81318,7,7,3060.0,437.14,200.0
Outpatient,9988,16,16,3060.0,191.25,65.0
Outpatient,05921,11,11,3060.0,278.18,60.0
Outpatient,37245,3,3,3060.0,1020.0,1200.0
Outpatient,8770,15,15,3060.0,204.0,200.0
Outpatient,V058,79,79,3060.0,38.73,30.0
Outpatient,37915,6,6,3060.0,510.0,45.0
Outpatient,2593,23,23,3050.0,132.61,40.0
Outpatient,9948,17,17,3050.0,179.41,200.0
Outpatient,V051,72,72,3050.0,42.36,40.0
Outpatient,7469,4,4,3040.0,760.0,265.0
Outpatient,1844,6,6,3040.0,506.67,55.0
Outpatient,2740,22,22,3040.0,138.18,60.0
Outpatient,36722,6,6,3040.0,506.67,95.0
Outpatient,11594,20,20,3040.0,152.0,90.0
Outpatient,4740,6,6,3040.0,506.67,150.0
Outpatient,4200,14,14,3040.0,217.14,95.0
Outpatient,6021,22,22,3040.0,138.18,75.0
Outpatient,37561,8,8,3040.0,380.0,100.0
Outpatient,9516,14,14,3040.0,217.14,100.0
Outpatient,20710,12,12,3030.0,252.5,45.0
Outpatient,53451,7,7,3030.0,432.86,400.0
Outpatient,37682,6,6,3030.0,505.0,125.0
Outpatient,1700,11,11,3030.0,275.45,80.0
Outpatient,V7389,76,76,3030.0,39.87,30.0
Outpatient,V1020,3,3,3030.0,1010.0,200.0
Outpatient,57141,30,30,3020.0,100.67,45.0
Outpatient,00801,5,5,3020.0,604.0,60.0
Outpatient,1608,16,16,3020.0,188.75,50.0
Outpatient,36869,13,13,3020.0,232.31,90.0
Outpatient,38521,12,12,3020.0,251.67,70.0
Outpatient,90249,3,3,3010.0,1003.33,60.0
Outpatient,83659,8,8,3010.0,376.25,250.0
Outpatient,3918,23,23,3010.0,130.87,80.0
Outpatient,37919,4,4,3010.0,752.5,80.0
Outpatient,6950,18,18,3010.0,167.22,45.0
Outpatient,V034,72,72,3010.0,41.81,30.0
Outpatient,931,16,16,3000.0,187.5,200.0
Outpatient,1009,1,1,3000.0,3000.0,3000.0
Outpatient,9600,7,7,3000.0,428.57,300.0
Outpatient,80415,2,2,3000.0,1500.0,1500.0
Outpatient,80134,1,1,3000.0,3000.0,3000.0
Outpatient,37724,2,2,3000.0,1500.0,1500.0
Outpatient,9513,17,17,3000.0,176.47,200.0
Outpatient,80029,3,3,3000.0,1000.0,300.0
Outpatient,0704,27,27,3000.0,111.11,70.0
Outpatient,38016,30,30,3000.0,100.0,70.0
Outpatient,96902,5,5,3000.0,600.0,500.0
Outpatient,6171,1,1,3000.0,3000.0,3000.0
Outpatient,80059,3,3,3000.0,1000.0,700.0
Outpatient,V065,70,70,3000.0,42.86,40.0
Outpatient,1141,35,35,2990.0,85.43,60.0
Outpatient,6223,12,12,2990.0,249.17,85.0
Outpatient,V068,75,75,2980.0,39.73,30.0
Outpatient,9982,18,18,2980.0,165.56,100.0
Outpatient,36843,4,4,2980.0,745.0,500.0
Outpatient,07051,27,27,2980.0,110.37,60.0
Outpatient,83921,8,8,2980.0,372.5,200.0
Outpatient,5235,7,7,2970.0,424.29,60.0
Outpatient,3331,16,16,2970.0,185.63,60.0
Outpatient,56739,5,5,2970.0,594.0,300.0
Outpatient,5583,31,31,2970.0,95.81,80.0
Outpatient,1702,14,14,2970.0,212.14,80.0
Outpatient,V739,74,74,2970.0,40.14,40.0
Outpatient,2648,52,52,2970.0,57.12,40.0
Outpatient,0038,9,9,2970.0,330.0,300.0
Outpatient,20277,19,19,2960.0,155.79,80.0
Outpatient,73600,10,10,2960.0,296.0,200.0
Outpatient,36362,3,3,2960.0,986.67,1400.0
Outpatient,36475,3,3,2960.0,986.67,40.0
Outpatient,71296,31,31,2960.0,95.48,60.0
Outpatient,20034,16,16,2960.0,185.0,55.0
Outpatient,87271,13,13,2960.0,227.69,200.0
Outpatient,0063,5,5,2960.0,592.0,500.0
Outpatient,1143,33,33,2960.0,89.7,50.0
Outpatient,38903,27,27,2960.0,109.63,70.0
Outpatient,0509,11,11,2950.0,268.18,40.0
Outpatient,3859,28,27,2950.0,105.36,85.0
Outpatient,42291,22,22,2950.0,134.09,65.0
Outpatient,38872,23,23,2950.0,128.26,60.0
Outpatient,9924,15,15,2940.0,196.0,100.0
Outpatient,9941,15,15,2940.0,196.0,100.0
Outpatient,00803,6,6,2940.0,490.0,80.0
Outpatient,05882,18,18,2940.0,163.33,75.0
Outpatient,V0381,73,73,2940.0,40.27,40.0
Outpatient,V028,75,75,2940.0,39.2,40.0
Outpatient,37200,9,9,2940.0,326.67,80.0
Outpatient,V7381,78,77,2930.0,37.56,30.0
Outpatient,V141,34,34,2930.0,86.18,70.0
Outpatient,53391,8,8,2930.0,366.25,500.0
Outpatient,2631,50,49,2930.0,58.6,50.0
Outpatient,0791,11,11,2930.0,266.36,200.0
Outpatient,V0253,67,67,2930.0,43.73,40.0
Outpatient,74442,2,2,2930.0,1465.0,1465.0
Outpatient,60782,15,15,2920.0,194.67,100.0
Outpatient,36442,5,5,2920.0,584.0,70.0
Outpatient,69558,14,14,2920.0,208.57,60.0
Outpatient,0799,14,14,2920.0,208.57,100.0
Outpatient,1907,4,4,2920.0,730.0,600.0
Outpatient,05442,6,6,2920.0,486.67,70.0
Outpatient,53390,7,7,2920.0,417.14,500.0
Outpatient,37555,3,3,2910.0,970.0,60.0
Outpatient,V759,71,71,2910.0,40.99,40.0
Outpatient,8221,27,27,2910.0,107.78,50.0
Outpatient,31534,8,8,2910.0,363.75,200.0
Outpatient,7955,68,68,2910.0,42.79,40.0
Outpatient,6920,29,29,2910.0,100.34,60.0
Outpatient,63420,2,2,2900.0,1450.0,1450.0
Outpatient,7088,30,30,2900.0,96.67,65.0
Outpatient,37914,3,3,2900.0,966.67,600.0
Outpatient,86343,1,1,2900.0,2900.0,2900.0
Outpatient,20217,9,9,2900.0,322.22,80.0
Outpatient,6267,13,13,2900.0,223.08,40.0
Outpatient,9019,1,1,2900.0,2900.0,2900.0
Outpatient,0723,15,15,2900.0,193.33,90.0
Outpatient,90287,1,1,2900.0,2900.0,2900.0
Outpatient,V0260,76,76,2900.0,38.16,40.0
Outpatient,6238,13,13,2890.0,222.31,70.0
Outpatient,V1085,14,14,2890.0,206.43,100.0
Outpatient,83816,10,10,2890.0,289.0,100.0
Outpatient,30473,6,6,2890.0,481.67,300.0
Outpatient,V1504,32,32,2890.0,90.31,60.0
Outpatient,6926,30,30,2880.0,96.0,60.0
Outpatient,88002,25,25,2880.0,115.2,90.0
Outpatient,36270,9,9,2880.0,320.0,90.0
Outpatient,07998,15,15,2880.0,192.0,200.0
Outpatient,99882,21,21,2880.0,137.14,90.0
Outpatient,V753,71,71,2880.0,40.56,30.0
Outpatient,1763,8,8,2870.0,358.75,400.0
Outpatient,61610,19,19,2870.0,151.05,60.0
Outpatient,6018,21,21,2870.0,136.67,60.0
Outpatient,99562,34,34,2860.0,84.12,80.0
Outpatient,8701,12,12,2860.0,238.33,200.0
Outpatient,37101,3,3,2860.0,953.33,1300.0
Outpatient,9919,13,13,2860.0,220.0,90.0
Outpatient,1909,8,8,2850.0,356.25,250.0
Outpatient,6269,34,34,2850.0,83.82,90.0
Outpatient,V7398,65,65,2850.0,43.85,30.0
Outpatient,38869,29,29,2850.0,98.28,80.0
Outpatient,V0182,66,66,2850.0,43.18,30.0
Outpatient,6220,16,16,2850.0,178.13,85.0
Outpatient,V148,33,33,2850.0,86.36,70.0
Outpatient,9957,32,32,2850.0,89.06,60.0
Outpatient,3879,14,14,2850.0,203.57,75.0
Outpatient,38870,27,27,2840.0,105.19,80.0
Outpatient,28951,23,23,2840.0,123.48,50.0
Outpatient,0062,7,7,2840.0,405.71,200.0
Outpatient,60824,25,25,2840.0,113.6,60.0
Outpatient,V052,65,65,2840.0,43.69,30.0
Outpatient,81100,19,19,2840.0,149.47,100.0
Outpatient,36811,12,12,2840.0,236.67,150.0
Outpatient,V412,27,27,2830.0,104.81,80.0
Outpatient,34432,14,14,2830.0,202.14,95.0
Outpatient,34290,5,5,2830.0,566.0,100.0
Outpatient,6925,25,25,2830.0,113.2,60.0
Outpatient,267,47,47,2830.0,60.21,50.0
Outpatient,74682,4,4,2820.0,705.0,250.0
Outpatient,37954,5,5,2810.0,562.0,60.0
Outpatient,99851,19,19,2810.0,147.89,70.0
Outpatient,8750,16,16,2810.0,175.63,85.0
Outpatient,V744,77,77,2810.0,36.49,40.0
Outpatient,37443,6,6,2810.0,468.33,80.0
Outpatient,37940,7,7,2810.0,401.43,100.0
Outpatient,7528,6,6,2800.0,466.67,200.0
Outpatient,80223,2,2,2800.0,1400.0,1400.0
Outpatient,V1047,10,10,2800.0,280.0,55.0
Outpatient,80492,2,2,2800.0,1400.0,1400.0
Outpatient,83100,4,4,2800.0,700.0,550.0
Outpatient,2650,42,42,2790.0,66.43,50.0
Outpatient,6073,21,21,2790.0,132.86,40.0
Outpatient,1110,31,31,2790.0,90.0,60.0
Outpatient,6142,21,21,2780.0,132.38,100.0
Outpatient,7384,11,11,2780.0,252.73,200.0
Outpatient,33700,10,10,2780.0,278.0,95.0
Outpatient,37422,10,10,2780.0,278.0,145.0
Outpatient,3897,19,19,2770.0,145.79,70.0
Outpatient,81408,14,14,2770.0,197.86,100.0
Outpatient,52424,6,6,2770.0,461.67,35.0
Outpatient,3898,29,29,2770.0,95.52,60.0
Outpatient,6217,18,18,2760.0,153.33,70.0
Outpatient,30413,4,4,2760.0,690.0,300.0
Outpatient,2333,9,9,2760.0,306.67,100.0
Outpatient,81514,12,12,2760.0,230.0,200.0
Outpatient,3829,11,11,2750.0,250.0,70.0
Outpatient,71232,16,16,2750.0,171.88,70.0
Outpatient,60781,21,21,2750.0,130.95,60.0
Outpatient,36103,10,10,2750.0,275.0,100.0
Outpatient,1472,9,9,2750.0,305.56,100.0
Outpatient,80002,3,3,2750.0,916.67,200.0
Outpatient,83959,10,10,2740.0,274.0,50.0
Outpatient,31232,13,13,2740.0,210.77,60.0
Outpatient,53411,7,7,2740.0,391.43,500.0
Outpatient,53151,6,6,2740.0,456.67,500.0
Outpatient,30573,8,8,2730.0,341.25,80.0
Outpatient,0522,14,14,2730.0,195.0,90.0
Outpatient,1420,16,16,2730.0,170.63,80.0
Outpatient,25952,27,27,2730.0,101.11,50.0
Outpatient,2772,30,30,2730.0,91.0,60.0
Outpatient,3882,26,26,2730.0,105.0,70.0
Outpatient,3007,11,11,2730.0,248.18,80.0
Outpatient,52110,7,7,2730.0,390.0,60.0
Outpatient,53111,6,6,2720.0,453.33,300.0
Outpatient,30582,7,7,2720.0,388.57,80.0
Outpatient,75683,3,3,2720.0,906.67,90.0
Outpatient,37610,5,5,2720.0,544.0,60.0
Outpatient,82110,20,20,2720.0,136.0,100.0
Outpatient,V733,65,65,2710.0,41.69,40.0
Outpatient,36050,3,3,2710.0,903.33,60.0
Outpatient,1902,9,9,2710.0,301.11,300.0
Outpatient,0049,3,3,2710.0,903.33,100.0
Outpatient,37832,6,6,2710.0,451.67,150.0
Outpatient,8301,6,6,2700.0,450.0,300.0
Outpatient,28263,13,13,2700.0,207.69,200.0
Outpatient,23330,11,11,2700.0,245.45,100.0
Outpatient,83503,6,6,2700.0,450.0,200.0
Outpatient,9300,10,10,2700.0,270.0,200.0
Outpatient,99701,14,14,2700.0,192.86,150.0
Outpatient,V147,29,29,2700.0,93.1,80.0
Outpatient,7480,4,4,2700.0,675.0,350.0
Outpatient,00843,2,2,2700.0,1350.0,1350.0
Outpatient,V2682,3,3,2700.0,900.0,600.0
Outpatient,1838,4,4,2700.0,675.0,600.0
Outpatient,37631,1,1,2700.0,2700.0,2700.0
Outpatient,75027,5,5,2690.0,538.0,400.0
Outpatient,37160,4,4,2690.0,672.5,75.0
Outpatient,2510,20,20,2690.0,134.5,90.0
Outpatient,V044,64,64,2690.0,42.03,40.0
Outpatient,71781,8,8,2690.0,336.25,135.0
Outpatient,6012,30,30,2690.0,89.67,60.0
Outpatient,V050,72,72,2680.0,37.22,30.0
Outpatient,3739,8,8,2680.0,335.0,55.0
Outpatient,71130,5,5,2670.0,534.0,60.0
Outpatient,81342,14,14,2670.0,190.71,75.0
Outpatient,7832,37,37,2670.0,72.16,60.0
Outpatient,1920,18,17,2670.0,148.33,60.0
Outpatient,37644,9,9,2670.0,296.67,100.0
Outpatient,36354,4,4,2660.0,665.0,150.0
Outpatient,73609,15,15,2660.0,177.33,70.0
Outpatient,V7182,64,64,2660.0,41.56,40.0
Outpatient,V043,64,64,2660.0,41.56,40.0
Outpatient,0010,5,5,2660.0,532.0,60.0
Outpatient,20150,5,5,2660.0,532.0,30.0
Outpatient,V024,60,60,2650.0,44.17,40.0
Outpatient,82133,20,20,2650.0,132.5,75.0
Outpatient,34280,12,12,2650.0,220.83,100.0
Outpatient,20260,6,6,2650.0,441.67,200.0
Outpatient,36456,3,3,2650.0,883.33,1000.0
Outpatient,87329,10,10,2640.0,264.0,250.0
Outpatient,0700,29,29,2640.0,91.03,70.0
Outpatient,36371,4,4,2640.0,660.0,190.0
Outpatient,V1002,16,16,2640.0,165.0,70.0
Outpatient,99581,20,20,2630.0,131.5,80.0
Outpatient,37020,6,6,2630.0,438.33,60.0
Outpatient,36303,5,5,2630.0,526.0,90.0
Outpatient,9953,27,27,2630.0,97.41,60.0
Outpatient,6921,29,29,2630.0,90.69,60.0
Outpatient,6290,18,18,2630.0,146.11,95.0
Outpatient,20532,10,10,2630.0,263.0,25.0
Outpatient,6143,22,22,2630.0,119.55,70.0
Outpatient,V0189,67,67,2630.0,39.25,30.0
Outpatient,37021,5,5,2620.0,524.0,70.0
Outpatient,53330,7,7,2620.0,374.29,500.0
Outpatient,1499,7,7,2620.0,374.29,70.0
Outpatient,36816,6,6,2620.0,436.67,195.0
Outpatient,75262,7,7,2620.0,374.29,200.0
Outpatient,5203,4,4,2620.0,655.0,60.0
Outpatient,31235,16,15,2610.0,163.13,65.0
Outpatient,37862,3,3,2600.0,866.67,400.0
Outpatient,36024,4,4,2600.0,650.0,430.0
Outpatient,0822,3,3,2600.0,866.67,500.0
Outpatient,80389,2,2,2600.0,1300.0,1300.0
Outpatient,30460,3,3,2600.0,866.67,400.0
Outpatient,36350,1,1,2600.0,2600.0,2600.0
Outpatient,73722,6,6,2600.0,433.33,350.0
Outpatient,37916,7,7,2600.0,371.43,70.0
Outpatient,74359,1,1,2600.0,2600.0,2600.0
Outpatient,83400,10,10,2600.0,260.0,75.0
Outpatient,71846,7,7,2600.0,371.43,100.0
Outpatient,9690,5,5,2600.0,520.0,500.0
Outpatient,7365,7,7,2590.0,370.0,200.0
Outpatient,9094,17,17,2590.0,152.35,70.0
Outpatient,30982,26,26,2590.0,99.62,75.0
Outpatient,9552,18,18,2590.0,143.89,85.0
Outpatient,31531,18,18,2590.0,143.89,100.0
Outpatient,69551,16,16,2590.0,161.88,60.0
Outpatient,37214,4,4,2580.0,645.0,85.0
Outpatient,83410,6,6,2580.0,430.0,300.0
Outpatient,83971,9,9,2580.0,286.67,200.0
Outpatient,7369,7,7,2580.0,368.57,200.0
Outpatient,1466,6,6,2570.0,428.33,350.0
Outpatient,71228,26,26,2570.0,98.85,65.0
Outpatient,37103,5,5,2570.0,514.0,70.0
Outpatient,37420,5,5,2570.0,514.0,60.0
Outpatient,2680,47,47,2570.0,54.68,50.0
Outpatient,29911,4,4,2560.0,640.0,230.0
Outpatient,37710,5,5,2560.0,512.0,60.0
Outpatient,7085,19,19,2560.0,134.74,80.0
Outpatient,6938,32,32,2560.0,80.0,60.0
Outpatient,1104,32,32,2560.0,80.0,60.0
Outpatient,31222,6,6,2560.0,426.67,60.0
Outpatient,V025,62,62,2560.0,41.29,40.0
Outpatient,62981,9,9,2560.0,284.44,90.0
Outpatient,V1029,5,5,2560.0,512.0,200.0
Outpatient,83931,7,7,2550.0,364.29,200.0
Outpatient,0669,7,7,2550.0,364.29,200.0
Outpatient,2051,14,14,2550.0,182.14,65.0
Outpatient,6982,11,11,2540.0,230.91,60.0
Outpatient,73005,7,7,2540.0,362.86,100.0
Outpatient,71111,6,6,2540.0,423.33,200.0
Outpatient,6254,11,11,2540.0,230.91,90.0
Outpatient,2198,19,19,2530.0,133.16,100.0
Outpatient,36481,4,4,2530.0,632.5,195.0
Outpatient,7080,26,26,2530.0,97.31,60.0
Outpatient,37102,3,3,2530.0,843.33,90.0
Outpatient,38812,24,24,2530.0,105.42,80.0
Outpatient,V066,64,64,2520.0,39.38,30.0
Outpatient,1523,8,8,2520.0,315.0,70.0
Outpatient,3441,12,12,2520.0,210.0,100.0
Outpatient,05443,10,10,2520.0,252.0,65.0
Outpatient,11519,30,30,2520.0,84.0,60.0
Outpatient,64840,5,5,2520.0,504.0,100.0
Outpatient,80369,3,3,2510.0,836.67,1200.0
Outpatient,2528,33,33,2510.0,76.06,60.0
Outpatient,53431,6,6,2500.0,416.67,400.0
Outpatient,9697,3,3,2500.0,833.33,800.0
Outpatient,3182,21,21,2500.0,119.05,80.0
Outpatient,52661,4,4,2500.0,625.0,600.0
Outpatient,80229,2,2,2500.0,1250.0,1250.0
Outpatient,3301,13,13,2500.0,192.31,100.0
Outpatient,36917,2,2,2500.0,1250.0,1250.0
Outpatient,71105,6,6,2490.0,415.0,150.0
Outpatient,36543,29,29,2490.0,85.86,60.0
Outpatient,83900,6,6,2490.0,415.0,150.0
Outpatient,36282,6,6,2490.0,415.0,150.0
Outpatient,V071,28,28,2490.0,88.93,90.0
Outpatient,37450,6,6,2490.0,415.0,90.0
Outpatient,6952,9,9,2490.0,276.67,70.0
Outpatient,81415,10,10,2490.0,249.0,200.0
Outpatient,83906,5,5,2490.0,498.0,200.0
Outpatient,83669,10,10,2490.0,249.0,100.0
Outpatient,38917,23,23,2480.0,107.83,80.0
Outpatient,05600,11,11,2480.0,225.45,60.0
Outpatient,7538,5,5,2480.0,496.0,100.0
Outpatient,38831,23,23,2480.0,107.83,70.0
Outpatient,V7183,66,66,2470.0,37.42,30.0
Outpatient,36973,9,9,2470.0,274.44,200.0
Outpatient,23339,10,10,2470.0,247.0,75.0
Outpatient,1105,37,37,2470.0,66.76,60.0
Outpatient,V1506,27,27,2460.0,91.11,60.0
Outpatient,47401,5,5,2460.0,492.0,200.0
Outpatient,1123,40,40,2460.0,61.5,60.0
Outpatient,38905,24,24,2460.0,102.5,75.0
Outpatient,1465,10,10,2460.0,246.0,135.0
Outpatient,20002,14,14,2450.0,175.0,45.0
Outpatient,81252,11,11,2450.0,222.73,200.0
Outpatient,1470,17,17,2450.0,144.12,60.0
Outpatient,71142,9,9,2450.0,272.22,300.0
Outpatient,3158,23,23,2450.0,106.52,60.0
Outpatient,37110,4,4,2440.0,610.0,200.0
Outpatient,38911,31,31,2440.0,78.71,50.0
Outpatient,3091,21,21,2440.0,116.19,70.0
Outpatient,79001,22,22,2440.0,110.91,75.0
Outpatient,30583,7,7,2440.0,348.57,200.0
Outpatient,7084,30,30,2430.0,81.0,60.0
Outpatient,57140,28,28,2430.0,86.79,50.0
Outpatient,73606,7,7,2430.0,347.14,200.0
Outpatient,8799,14,14,2430.0,173.57,150.0
Outpatient,4211,15,15,2430.0,162.0,50.0
Outpatient,20157,6,6,2420.0,403.33,350.0
Outpatient,V1559,7,7,2420.0,345.71,200.0
Outpatient,6219,12,12,2420.0,201.67,45.0
Outpatient,37062,7,7,2420.0,345.71,100.0
Outpatient,20254,9,9,2420.0,268.89,100.0
Outpatient,V029,63,62,2420.0,38.41,30.0
Outpatient,60491,22,22,2420.0,110.0,60.0
Outpatient,80470,4,4,2410.0,602.5,150.0
Outpatient,3093,17,17,2410.0,141.76,80.0
Outpatient,29284,7,7,2410.0,344.29,100.0
Outpatient,6011,20,20,2410.0,120.5,75.0
Outpatient,V582,18,18,2410.0,133.89,60.0
Outpatient,1406,7,7,2410.0,344.29,100.0
Outpatient,38032,29,29,2410.0,83.1,80.0
Outpatient,34481,11,11,2410.0,219.09,90.0
Outpatient,36845,6,5,2400.0,400.0,400.0
Outpatient,9754,2,2,2400.0,1200.0,1200.0
Outpatient,80021,4,4,2400.0,600.0,500.0
Outpatient,83802,6,6,2400.0,400.0,300.0
Outpatient,8026,3,3,2400.0,800.0,700.0
Outpatient,96970,4,4,2400.0,600.0,600.0
Outpatient,38916,27,27,2400.0,88.89,80.0
Outpatient,85230,1,1,2400.0,2400.0,2400.0
Outpatient,37771,4,4,2400.0,600.0,85.0
Outpatient,1839,6,6,2400.0,400.0,190.0
Outpatient,80104,4,4,2400.0,600.0,700.0
Outpatient,4771,26,26,2390.0,91.92,75.0
Outpatient,30443,9,9,2390.0,265.56,200.0
Outpatient,37554,3,3,2390.0,796.67,100.0
Outpatient,V1089,7,7,2390.0,341.43,300.0
Outpatient,37487,6,6,2390.0,398.33,80.0
Outpatient,5678,10,10,2390.0,239.0,250.0
Outpatient,8362,10,10,2380.0,238.0,100.0
Outpatient,V045,61,61,2380.0,39.02,30.0
Outpatient,9558,9,9,2380.0,264.44,100.0
Outpatient,8760,8,8,2380.0,297.5,300.0
Outpatient,20042,14,14,2380.0,170.0,70.0
Outpatient,34212,13,13,2370.0,182.31,80.0
Outpatient,52134,6,6,2370.0,395.0,55.0
Outpatient,7385,7,7,2370.0,338.57,80.0
Outpatient,00320,4,4,2370.0,592.5,125.0
Outpatient,83930,5,5,2370.0,474.0,40.0
Outpatient,6922,26,26,2370.0,91.15,85.0
Outpatient,99569,32,32,2370.0,74.06,60.0
Outpatient,9694,6,6,2370.0,395.0,350.0
Outpatient,38003,21,21,2360.0,112.38,90.0
Outpatient,38014,22,22,2360.0,107.27,60.0
Outpatient,38533,27,27,2360.0,87.41,60.0
Outpatient,V038,67,67,2360.0,35.22,30.0
Outpatient,00802,5,5,2360.0,472.0,100.0
Outpatient,73740,8,8,2350.0,293.75,200.0
Outpatient,2031,17,17,2350.0,138.24,50.0
Outpatient,1953,5,5,2350.0,470.0,300.0
Outpatient,37751,4,4,2350.0,587.5,200.0
Outpatient,6160,25,25,2350.0,94.0,60.0
Outpatient,79516,4,4,2350.0,587.5,215.0
Outpatient,71214,27,27,2350.0,87.04,60.0
Outpatient,6147,20,20,2350.0,117.5,85.0
Outpatient,3899,27,27,2350.0,87.04,70.0
Outpatient,20310,9,9,2350.0,261.11,80.0
Outpatient,81230,16,16,2350.0,146.88,150.0
Outpatient,00846,5,5,2350.0,470.0,90.0
Outpatient,V1090,5,5,2340.0,468.0,600.0
Outpatient,3154,18,18,2340.0,130.0,55.0
Outpatient,36463,6,6,2340.0,390.0,100.0
Outpatient,3363,14,14,2340.0,167.14,100.0
Outpatient,3814,9,9,2340.0,260.0,60.0
Outpatient,1111,27,27,2330.0,86.3,60.0
Outpatient,1307,3,3,2330.0,776.67,20.0
Outpatient,2531,15,15,2320.0,154.67,100.0
Outpatient,73091,6,6,2320.0,386.67,350.0
Outpatient,37182,7,7,2320.0,331.43,70.0
Outpatient,4290,12,12,2320.0,193.33,60.0
Outpatient,87332,10,10,2320.0,232.0,250.0
Outpatient,99568,25,25,2320.0,92.8,90.0
Outpatient,1033,3,3,2320.0,773.33,20.0
Outpatient,38861,28,28,2310.0,82.5,65.0
Outpatient,1172,32,32,2310.0,72.19,60.0
Outpatient,6229,13,13,2310.0,177.69,100.0
Outpatient,11503,18,18,2310.0,128.33,80.0
Outpatient,38832,19,19,2310.0,121.58,90.0
Outpatient,85300,2,2,2300.0,1150.0,1150.0
Outpatient,30271,4,4,2300.0,575.0,600.0
Outpatient,80102,4,4,2300.0,575.0,400.0
Outpatient,20192,4,4,2300.0,575.0,390.0
Outpatient,37116,7,7,2300.0,328.57,50.0
Outpatient,71234,17,17,2300.0,135.29,100.0
Outpatient,00589,8,8,2300.0,287.5,200.0
Outpatient,7473,7,7,2300.0,328.57,300.0
Outpatient,80235,4,4,2300.0,575.0,550.0
Outpatient,80189,5,5,2300.0,460.0,100.0
Outpatient,1958,3,3,2300.0,766.67,600.0
Outpatient,36925,4,4,2290.0,572.5,450.0
Outpatient,04042,3,3,2290.0,763.33,90.0
Outpatient,37263,4,4,2290.0,572.5,175.0
Outpatient,6968,10,10,2290.0,229.0,35.0
Outpatient,38920,20,20,2290.0,114.5,90.0
Outpatient,8797,11,11,2290.0,208.18,200.0
Outpatient,07042,32,32,2280.0,71.25,60.0
Outpatient,37700,3,3,2270.0,756.67,40.0
Outpatient,7381,6,6,2270.0,378.33,95.0
Outpatient,37852,5,5,2270.0,454.0,100.0
Outpatient,38425,16,16,2270.0,141.88,70.0
Outpatient,07070,25,25,2270.0,90.8,70.0
Outpatient,6249,12,12,2270.0,189.17,75.0
Outpatient,69272,26,26,2270.0,87.31,65.0
Outpatient,78193,4,4,2270.0,567.5,150.0
Outpatient,0090,7,7,2270.0,324.29,70.0
Outpatient,30523,7,7,2270.0,324.29,100.0
Outpatient,6954,16,16,2270.0,141.88,50.0
Outpatient,3348,10,10,2260.0,226.0,100.0
Outpatient,475,3,3,2260.0,753.33,100.0
Outpatient,62132,17,17,2260.0,132.94,60.0
Outpatient,38330,6,6,2260.0,376.67,130.0
Outpatient,1943,5,5,2250.0,450.0,500.0
Outpatient,31501,21,21,2250.0,107.14,60.0
Outpatient,53350,6,6,2250.0,375.0,450.0
Outpatient,07811,6,6,2250.0,375.0,300.0
Outpatient,3841,28,28,2250.0,80.36,70.0
Outpatient,73033,6,6,2250.0,375.0,95.0
Outpatient,38150,10,10,2240.0,224.0,60.0
Outpatient,05811,9,9,2240.0,248.89,100.0
Outpatient,79510,8,8,2240.0,280.0,300.0
Outpatient,36064,4,4,2240.0,560.0,190.0
Outpatient,3434,10,10,2240.0,224.0,95.0
Outpatient,38904,25,25,2230.0,89.2,80.0
Outpatient,71222,17,17,2230.0,131.18,60.0
Outpatient,73812,9,9,2230.0,247.78,200.0
Outpatient,1161,31,31,2220.0,71.61,50.0
Outpatient,05319,11,11,2220.0,201.82,60.0
Outpatient,71224,17,17,2210.0,130.0,70.0
Outpatient,2568,17,17,2210.0,130.0,80.0
Outpatient,69283,24,24,2210.0,92.08,85.0
Outpatient,1175,32,32,2210.0,69.06,60.0
Outpatient,1112,33,33,2210.0,66.97,60.0
Outpatient,7535,7,7,2200.0,314.29,200.0
Outpatient,6172,1,1,2200.0,2200.0,2200.0
Outpatient,9696,4,4,2200.0,550.0,500.0
Outpatient,8782,9,9,2200.0,244.44,200.0
Outpatient,85412,3,3,2200.0,733.33,500.0
Outpatient,1760,8,8,2200.0,275.0,250.0
Outpatient,20257,5,5,2200.0,440.0,500.0
Outpatient,0023,6,6,2200.0,366.67,40.0
Outpatient,9699,5,5,2200.0,440.0,400.0
Outpatient,0862,2,2,2200.0,1100.0,1100.0
Outpatient,80075,2,2,2200.0,1100.0,1100.0
Outpatient,38900,17,17,2200.0,129.41,60.0
Outpatient,9039,1,1,2200.0,2200.0,2200.0
Outpatient,69273,21,21,2200.0,104.76,70.0
Outpatient,9755,5,5,2190.0,438.0,300.0
Outpatient,9990,10,10,2190.0,219.0,50.0
Outpatient,V798,13,13,2190.0,168.46,80.0
Outpatient,71237,23,23,2190.0,95.22,70.0
Outpatient,96500,5,5,2190.0,438.0,200.0
Outpatient,53230,10,9,2190.0,219.0,145.0
Outpatient,3809,28,28,2190.0,78.21,60.0
Outpatient,61611,17,17,2180.0,128.24,70.0
Outpatient,V039,54,54,2180.0,40.37,40.0
Outpatient,36732,9,9,2180.0,242.22,80.0
Outpatient,3159,15,15,2180.0,145.33,70.0
Outpatient,38100,11,11,2180.0,198.18,60.0
Outpatient,36013,5,5,2180.0,436.0,50.0
Outpatient,2898,12,12,2170.0,180.83,35.0
Outpatient,69271,29,29,2170.0,74.83,60.0
Outpatient,0651,12,12,2170.0,180.83,75.0
Outpatient,V1507,32,32,2170.0,67.81,65.0
Outpatient,0845,5,5,2160.0,432.0,100.0
Outpatient,37861,7,7,2160.0,308.57,100.0
Outpatient,1430,9,9,2160.0,240.0,60.0
Outpatient,53271,12,12,2160.0,180.0,50.0
Outpatient,03642,21,20,2160.0,102.86,60.0
Outpatient,6243,17,17,2160.0,127.06,60.0
Outpatient,99563,26,26,2160.0,83.08,60.0
Outpatient,30593,7,7,2160.0,308.57,100.0
Outpatient,36089,2,2,2150.0,1075.0,1075.0
Outpatient,1106,34,34,2150.0,63.24,50.0
Outpatient,0546,15,15,2150.0,143.33,90.0
Outpatient,53270,7,7,2150.0,307.14,200.0
Outpatient,2089,16,16,2150.0,134.38,65.0
Outpatient,8281,14,14,2150.0,153.57,65.0
Outpatient,6144,21,21,2150.0,102.38,80.0
Outpatient,38015,27,27,2150.0,79.63,70.0
Outpatient,38401,21,21,2150.0,102.38,60.0
Outpatient,20255,5,5,2150.0,430.0,300.0
Outpatient,2540,17,17,2150.0,126.47,90.0
Outpatient,181,7,7,2150.0,307.14,200.0
Outpatient,99564,22,22,2150.0,97.73,75.0
Outpatient,7380,9,9,2150.0,238.89,100.0
Outpatient,73811,8,8,2150.0,268.75,200.0
Outpatient,37433,2,2,2150.0,1075.0,1075.0
Outpatient,1769,4,4,2140.0,535.0,650.0
Outpatient,37651,11,11,2140.0,194.55,60.0
Outpatient,V701,12,12,2140.0,178.33,60.0
Outpatient,27403,19,19,2140.0,112.63,70.0
Outpatient,37423,3,3,2140.0,713.33,80.0
Outpatient,38011,31,31,2140.0,69.03,60.0
Outpatient,71287,16,16,2140.0,133.75,50.0
Outpatient,71742,6,6,2140.0,356.67,200.0
Outpatient,1102,31,31,2140.0,69.03,60.0
Outpatient,39899,19,19,2140.0,112.63,60.0
Outpatient,11284,32,32,2130.0,66.56,50.0
Outpatient,3639,2,2,2130.0,1065.0,1065.0
Outpatient,7082,20,20,2130.0,106.5,60.0
Outpatient,9514,13,13,2130.0,163.85,200.0
Outpatient,52133,7,7,2120.0,302.86,60.0
Outpatient,0652,13,13,2120.0,163.08,60.0
Outpatient,36752,7,7,2120.0,302.86,200.0
Outpatient,37632,5,5,2120.0,424.0,50.0
Outpatient,6039,13,13,2120.0,163.08,50.0
Outpatient,69012,24,24,2120.0,88.33,70.0
Outpatient,7539,5,5,2120.0,424.0,300.0
Outpatient,3180,18,18,2120.0,117.78,75.0
Outpatient,34430,10,10,2120.0,212.0,185.0
Outpatient,3358,17,17,2120.0,124.71,100.0
Outpatient,38811,23,23,2120.0,92.17,90.0
Outpatient,30590,7,7,2120.0,302.86,200.0
Outpatient,38104,17,17,2120.0,124.71,80.0
Outpatient,05371,9,9,2120.0,235.56,100.0
Outpatient,25511,21,21,2110.0,100.48,70.0
Outpatient,82129,12,12,2110.0,175.83,150.0
Outpatient,0491,2,2,2110.0,1055.0,1055.0
Outpatient,V7212,26,26,2110.0,81.15,70.0
Outpatient,85310,3,3,2100.0,700.0,700.0
Outpatient,80092,3,3,2100.0,700.0,900.0
Outpatient,85402,2,2,2100.0,1050.0,1050.0
Outpatient,80374,5,5,2100.0,420.0,300.0
Outpatient,80125,3,3,2100.0,700.0,900.0
Outpatient,504,2,2,2100.0,1050.0,1050.0
Outpatient,53470,6,6,2100.0,350.0,245.0
Outpatient,37806,1,1,2100.0,2100.0,2100.0
Outpatient,20926,9,9,2100.0,233.33,200.0
Outpatient,V1049,1,1,2100.0,2100.0,2100.0
Outpatient,37115,6,6,2100.0,350.0,135.0
Outpatient,71284,25,25,2090.0,83.6,50.0
Outpatient,3369,17,17,2090.0,122.94,90.0
Outpatient,37650,7,7,2090.0,298.57,100.0
Outpatient,27481,19,19,2090.0,110.0,50.0
Outpatient,37907,5,5,2090.0,418.0,70.0
Outpatient,5062,3,3,2090.0,696.67,700.0
Outpatient,5809,8,8,2080.0,260.0,120.0
Outpatient,V400,10,10,2080.0,208.0,80.0
Outpatient,7382,8,8,2080.0,260.0,200.0
Outpatient,1179,28,28,2080.0,74.29,60.0
Outpatient,71109,9,9,2080.0,231.11,100.0
Outpatient,1640,7,7,2080.0,297.14,60.0
Outpatient,95909,14,14,2080.0,148.57,95.0
Outpatient,37157,8,8,2080.0,260.0,55.0
Outpatient,3919,14,14,2080.0,148.57,70.0
Outpatient,6943,14,14,2080.0,148.57,70.0
Outpatient,38914,23,23,2070.0,90.0,60.0
Outpatient,V268,4,4,2070.0,517.5,75.0
Outpatient,V1091,5,5,2060.0,412.0,200.0
Outpatient,3314,15,15,2060.0,137.33,100.0
Outpatient,1490,12,12,2060.0,171.67,80.0
Outpatient,5260,10,10,2060.0,206.0,55.0
Outpatient,27789,38,38,2060.0,54.21,50.0
Outpatient,36363,5,5,2060.0,412.0,90.0
Outpatient,20521,15,15,2060.0,137.33,70.0
Outpatient,37885,5,5,2060.0,412.0,200.0
Outpatient,936,14,14,2060.0,147.14,100.0
Outpatient,75249,3,3,2060.0,686.67,200.0
Outpatient,37171,3,3,2060.0,686.67,100.0
Outpatient,0073,4,4,2060.0,515.0,200.0
Outpatient,38482,14,14,2060.0,147.14,70.0
Outpatient,73026,8,8,2050.0,256.25,150.0
Outpatient,52809,9,9,2050.0,227.78,100.0
Outpatient,38908,26,26,2050.0,78.85,60.0
Outpatient,2082,7,7,2050.0,292.86,60.0
Outpatient,36910,9,9,2050.0,227.78,200.0
Outpatient,1833,5,5,2050.0,410.0,100.0
Outpatient,1481,6,6,2050.0,341.67,60.0
Outpatient,7476,4,4,2050.0,512.5,140.0
Outpatient,7531,6,6,2050.0,341.67,65.0
Outpatient,37161,2,2,2050.0,1025.0,1025.0
Outpatient,V1021,11,11,2040.0,185.45,100.0
Outpatient,V651,9,9,2040.0,226.67,40.0
Outpatient,31234,9,9,2040.0,226.67,70.0
Outpatient,2569,14,14,2040.0,145.71,80.0
Outpatient,73010,7,7,2040.0,291.43,200.0
Outpatient,V410,12,12,2040.0,170.0,100.0
Outpatient,07049,19,19,2040.0,107.37,60.0
Outpatient,V149,23,23,2040.0,88.7,70.0
Outpatient,71294,23,23,2040.0,88.7,70.0
Outpatient,25950,17,17,2030.0,119.41,100.0
Outpatient,9548,12,12,2030.0,169.17,85.0
Outpatient,52433,7,7,2030.0,290.0,90.0
Outpatient,52522,6,6,2030.0,338.33,125.0
Outpatient,3819,9,9,2030.0,225.56,90.0
Outpatient,11504,17,17,2030.0,119.41,50.0
Outpatient,0030,6,6,2030.0,338.33,250.0
Outpatient,73022,5,5,2020.0,404.0,200.0
Outpatient,3421,13,13,2020.0,155.38,60.0
Outpatient,38912,29,29,2020.0,69.66,70.0
Outpatient,80054,4,4,2020.0,505.0,300.0
Outpatient,00809,10,10,2020.0,202.0,60.0
Outpatient,1272,2,2,2020.0,1010.0,1010.0
Outpatient,20061,12,12,2020.0,168.33,35.0
Outpatient,37714,8,8,2020.0,252.5,70.0
Outpatient,53130,7,7,2020.0,288.57,100.0
Outpatient,38039,22,22,2010.0,91.36,70.0
Outpatient,0569,13,13,2010.0,154.62,100.0
Outpatient,31539,15,15,2010.0,134.0,50.0
Outpatient,36853,12,12,2010.0,167.5,90.0
Outpatient,V7219,30,30,2010.0,67.0,60.0
Outpatient,37122,2,2,2010.0,1005.0,1005.0
Outpatient,1118,31,31,2010.0,64.84,60.0
Outpatient,80301,3,3,2000.0,666.67,300.0
Outpatient,9698,3,3,2000.0,666.67,700.0
Outpatient,36471,5,5,2000.0,400.0,200.0
Outpatient,85410,3,3,2000.0,666.67,800.0
Outpatient,42290,15,15,2000.0,133.33,60.0
Outpatient,80156,2,2,2000.0,1000.0,1000.0
Outpatient,85419,4,4,2000.0,500.0,450.0
Outpatient,1949,3,3,2000.0,666.67,800.0
Outpatient,38910,31,31,2000.0,64.52,60.0
Outpatient,37130,1,1,2000.0,2000.0,2000.0
Outpatient,80124,2,2,2000.0,1000.0,1000.0
Outpatient,2594,18,18,2000.0,111.11,60.0
Outpatient,37715,2,2,1990.0,995.0,995.0
Outpatient,73630,10,10,1990.0,199.0,95.0
Outpatient,11500,31,31,1990.0,64.19,60.0
Outpatient,25542,14,14,1990.0,142.14,100.0
Outpatient,07959,10,10,1990.0,199.0,65.0
Outpatient,V6123,6,6,1990.0,331.67,40.0
Outpatient,1108,34,34,1990.0,58.53,55.0
Outpatient,118,28,28,1990.0,71.07,60.0
Outpatient,V1271,9,9,1980.0,220.0,100.0
Outpatient,75013,5,5,1980.0,396.0,400.0
Outpatient,1832,5,5,1980.0,396.0,300.0
Outpatient,37486,3,3,1980.0,660.0,900.0
Outpatient,07882,10,10,1980.0,198.0,55.0
Outpatient,83302,3,3,1980.0,660.0,200.0
Outpatient,20591,9,9,1980.0,220.0,40.0
Outpatient,0398,4,4,1980.0,495.0,80.0
Outpatient,1580,12,11,1970.0,164.17,75.0
Outpatient,V5426,11,11,1970.0,179.09,200.0
Outpatient,20531,10,10,1970.0,197.0,55.0
Outpatient,E9538,3,3,1970.0,656.67,300.0
Outpatient,36976,11,11,1970.0,179.09,100.0
Outpatient,53210,5,5,1970.0,394.0,300.0
Outpatient,33522,16,16,1960.0,122.5,85.0
Outpatient,20492,14,14,1960.0,140.0,25.0
Outpatient,V1081,4,4,1960.0,490.0,400.0
Outpatient,1323,3,3,1960.0,653.33,700.0
Outpatient,37645,3,3,1960.0,653.33,300.0
Outpatient,36923,11,11,1950.0,177.27,70.0
Outpatient,20007,16,16,1950.0,121.88,50.0
Outpatient,69281,30,30,1950.0,65.0,60.0
Outpatient,6939,23,23,1950.0,84.78,80.0
Outpatient,7900,25,25,1950.0,78.0,30.0
Outpatient,9628,3,3,1950.0,650.0,30.0
Outpatient,3155,16,16,1950.0,121.88,80.0
Outpatient,73076,3,3,1950.0,650.0,200.0
Outpatient,20251,6,6,1950.0,325.0,400.0
Outpatient,0783,14,14,1950.0,139.29,70.0
Outpatient,38420,10,10,1950.0,195.0,85.0
Outpatient,05901,13,13,1950.0,150.0,100.0
Outpatient,83652,4,4,1950.0,487.5,250.0
Outpatient,36854,11,11,1950.0,177.27,60.0
Outpatient,07020,28,28,1950.0,69.64,60.0
Outpatient,62210,15,15,1950.0,130.0,100.0
Outpatient,3431,6,6,1950.0,325.0,150.0
Outpatient,2562,15,15,1950.0,130.0,50.0
Outpatient,58181,9,9,1940.0,215.56,60.0
Outpatient,36922,10,10,1940.0,194.0,90.0
Outpatient,2580,16,16,1940.0,121.25,75.0
Outpatient,4255,9,9,1940.0,215.56,90.0
Outpatient,2599,16,16,1940.0,121.25,60.0
Outpatient,37153,4,4,1940.0,485.0,90.0
Outpatient,0512,11,11,1930.0,175.45,100.0
Outpatient,2348,6,6,1930.0,321.67,400.0
Outpatient,37722,2,2,1930.0,965.0,965.0
Outpatient,07982,19,19,1930.0,101.58,60.0
Outpatient,85231,5,5,1930.0,386.0,300.0
Outpatient,0748,10,10,1930.0,193.0,200.0
Outpatient,95211,3,3,1930.0,643.33,200.0
Outpatient,6251,14,14,1930.0,137.86,100.0
Outpatient,75241,6,6,1930.0,321.67,350.0
Outpatient,71183,9,9,1930.0,214.44,100.0
Outpatient,11509,32,32,1930.0,60.31,50.0
Outpatient,6210,17,17,1930.0,113.53,100.0
Outpatient,05910,13,13,1930.0,148.46,70.0
Outpatient,71282,26,26,1920.0,73.85,55.0
Outpatient,V1022,5,5,1920.0,384.0,100.0
Outpatient,9744,6,6,1920.0,320.0,130.0
Outpatient,V4985,28,28,1920.0,68.57,70.0
Outpatient,0519,10,10,1920.0,192.0,65.0
Outpatient,9609,7,7,1920.0,274.29,70.0
Outpatient,20162,3,3,1910.0,636.67,700.0
Outpatient,36341,4,4,1910.0,477.5,55.0
Outpatient,1952,5,5,1910.0,382.0,500.0
Outpatient,38013,22,22,1910.0,86.82,85.0
Outpatient,0043,8,8,1900.0,237.5,125.0
Outpatient,1905,11,11,1900.0,172.73,50.0
Outpatient,80403,5,5,1900.0,380.0,500.0
Outpatient,69284,19,19,1900.0,100.0,80.0
Outpatient,85229,1,1,1900.0,1900.0,1900.0
Outpatient,5810,8,8,1900.0,237.5,75.0
Outpatient,36051,2,2,1900.0,950.0,950.0
Outpatient,37581,2,2,1900.0,950.0,950.0
Outpatient,1103,27,27,1900.0,70.37,50.0
Outpatient,80622,1,1,1900.0,1900.0,1900.0
Outpatient,3888,19,19,1900.0,100.0,80.0
Outpatient,80441,4,4,1900.0,475.0,400.0
Outpatient,33189,17,17,1900.0,111.76,70.0
Outpatient,20142,1,1,1900.0,1900.0,1900.0
Outpatient,37511,1,1,1900.0,1900.0,1900.0
Outpatient,V146,29,29,1900.0,65.52,60.0
Outpatient,33381,9,9,1900.0,211.11,90.0
Outpatient,33391,9,9,1890.0,210.0,200.0
Outpatient,37311,10,10,1890.0,189.0,40.0
Outpatient,6930,24,24,1890.0,78.75,60.0
Outpatient,37251,4,4,1880.0,470.0,150.0
Outpatient,69270,20,20,1880.0,94.0,90.0
Outpatient,6924,27,27,1880.0,69.63,60.0
Outpatient,1703,13,13,1880.0,144.62,70.0
Outpatient,9612,7,7,1880.0,268.57,200.0
Outpatient,82381,16,16,1870.0,116.88,95.0
Outpatient,53311,8,8,1870.0,233.75,80.0
Outpatient,2339,7,7,1870.0,267.14,100.0
Outpatient,71113,5,5,1870.0,374.0,300.0
Outpatient,37405,7,7,1870.0,267.14,50.0
Outpatient,38901,21,21,1870.0,89.05,60.0
Outpatient,30551,5,5,1870.0,374.0,400.0
Outpatient,37501,6,6,1870.0,311.67,70.0
Outpatient,1641,6,6,1860.0,310.0,195.0
Outpatient,69274,19,19,1860.0,97.89,70.0
Outpatient,81419,11,11,1860.0,169.09,200.0
Outpatient,5272,12,12,1860.0,155.0,70.0
Outpatient,071,9,9,1850.0,205.56,90.0
Outpatient,80009,4,4,1850.0,462.5,250.0
Outpatient,6199,17,17,1850.0,108.82,60.0
Outpatient,0790,7,7,1850.0,264.29,100.0
Outpatient,60789,17,17,1850.0,108.82,60.0
Outpatient,1955,5,5,1840.0,368.0,300.0
Outpatient,2071,13,13,1840.0,141.54,40.0
Outpatient,37264,7,7,1840.0,262.86,90.0
Outpatient,3360,14,14,1840.0,131.43,70.0
Outpatient,37957,2,2,1840.0,920.0,920.0
Outpatient,62409,17,17,1840.0,108.24,60.0
Outpatient,71298,19,19,1830.0,96.32,50.0
Outpatient,80199,2,2,1830.0,915.0,915.0
Outpatient,61681,15,15,1830.0,122.0,50.0
Outpatient,58189,10,10,1830.0,183.0,75.0
Outpatient,60823,14,14,1830.0,130.71,35.0
Outpatient,3699,11,11,1830.0,166.36,100.0
Outpatient,0058,5,5,1820.0,364.0,200.0
Outpatient,3128,7,7,1820.0,260.0,300.0
Outpatient,30561,9,9,1820.0,202.22,200.0
Outpatient,73819,8,8,1820.0,227.5,135.0
Outpatient,20226,19,19,1820.0,95.79,50.0
Outpatient,36104,11,11,1820.0,165.45,70.0
Outpatient,74600,4,4,1810.0,452.5,155.0
Outpatient,1303,20,20,1810.0,90.5,65.0
Outpatient,38918,22,22,1810.0,82.27,70.0
Outpatient,V144,21,21,1810.0,86.19,70.0
Outpatient,1178,27,27,1810.0,67.04,60.0
Outpatient,96909,4,4,1800.0,450.0,450.0
Outpatient,94155,2,2,1800.0,900.0,900.0
Outpatient,38409,21,21,1800.0,85.71,60.0
Outpatient,1630,1,1,1800.0,1800.0,1800.0
Outpatient,80122,3,3,1800.0,600.0,400.0
Outpatient,20176,2,2,1800.0,900.0,900.0
Outpatient,71195,3,3,1800.0,600.0,100.0
Outpatient,03283,5,5,1800.0,360.0,300.0
Outpatient,80236,4,4,1800.0,450.0,450.0
Outpatient,20190,3,3,1800.0,600.0,500.0
Outpatient,V1503,26,26,1800.0,69.23,60.0
Outpatient,34120,1,1,1800.0,1800.0,1800.0
Outpatient,64320,3,3,1800.0,600.0,200.0
Outpatient,5280,4,4,1800.0,450.0,95.0
Outpatient,9664,5,5,1800.0,360.0,300.0
Outpatient,86351,1,1,1800.0,1800.0,1800.0
Outpatient,36055,3,3,1800.0,600.0,100.0
Outpatient,95200,1,1,1800.0,1800.0,1800.0
Outpatient,38119,10,10,1800.0,180.0,150.0
Outpatient,47410,5,5,1790.0,358.0,70.0
Outpatient,07812,7,7,1790.0,255.71,200.0
Outpatient,36972,10,10,1790.0,179.0,200.0
Outpatient,75264,6,6,1790.0,298.33,200.0
Outpatient,71231,11,11,1790.0,162.73,60.0
Outpatient,73079,5,5,1780.0,356.0,200.0
Outpatient,38801,26,26,1780.0,68.46,60.0
Outpatient,0540,11,11,1780.0,161.82,90.0
Outpatient,138,4,4,1780.0,445.0,450.0
Outpatient,0082,6,6,1780.0,296.67,300.0
Outpatient,53190,6,6,1780.0,296.67,300.0
Outpatient,80400,3,3,1780.0,593.33,200.0
Outpatient,0529,12,12,1780.0,148.33,95.0
Outpatient,V1086,14,14,1780.0,127.14,70.0
Outpatient,11513,13,13,1770.0,136.15,60.0
Outpatient,9657,6,6,1770.0,295.0,300.0
Outpatient,2558,23,23,1770.0,76.96,60.0
Outpatient,6923,24,24,1770.0,73.75,65.0
Outpatient,74481,4,4,1770.0,442.5,150.0
Outpatient,74782,2,2,1770.0,885.0,885.0
Outpatient,38089,22,22,1770.0,80.45,65.0
Outpatient,37752,5,5,1760.0,352.0,70.0
Outpatient,20237,6,6,1760.0,293.33,300.0
Outpatient,73094,5,5,1760.0,352.0,100.0
Outpatient,11282,34,34,1760.0,51.76,55.0
Outpatient,74190,10,10,1760.0,176.0,150.0
Outpatient,71211,24,24,1760.0,73.33,55.0
Outpatient,V6544,5,5,1760.0,352.0,40.0
Outpatient,7554,4,4,1760.0,440.0,245.0
Outpatient,1569,5,4,1750.0,350.0,100.0
Outpatient,5713,12,12,1750.0,145.83,95.0
Outpatient,2564,19,19,1750.0,92.11,70.0
Outpatient,30430,8,8,1740.0,217.5,150.0
Outpatient,390,4,4,1740.0,435.0,15.0
Outpatient,00581,8,8,1740.0,217.5,120.0
Outpatient,E9502,5,5,1740.0,348.0,300.0
Outpatient,1648,7,7,1730.0,247.14,200.0
Outpatient,80390,4,4,1730.0,432.5,400.0
Outpatient,5278,14,14,1730.0,123.57,90.0
Outpatient,30540,6,6,1730.0,288.33,100.0
Outpatient,99565,23,23,1730.0,75.22,60.0
Outpatient,73002,5,5,1730.0,346.0,200.0
Outpatient,6163,23,23,1730.0,75.22,60.0
Outpatient,5293,10,10,1730.0,173.0,80.0
Outpatient,0659,10,10,1730.0,173.0,90.0
Outpatient,1601,6,6,1720.0,286.67,40.0
Outpatient,99567,26,26,1720.0,66.15,60.0
Outpatient,20800,9,9,1720.0,191.11,70.0
Outpatient,3362,14,14,1720.0,122.86,90.0
Outpatient,52111,6,6,1720.0,286.67,80.0
Outpatient,3698,11,11,1720.0,156.36,100.0
Outpatient,71101,4,4,1720.0,430.0,45.0
Outpatient,37963,10,10,1710.0,171.0,95.0
Outpatient,30929,19,19,1710.0,90.0,80.0
Outpatient,07999,7,7,1710.0,244.29,100.0
Outpatient,V1060,10,10,1710.0,171.0,75.0
Outpatient,38050,20,20,1710.0,85.5,65.0
Outpatient,52879,15,15,1710.0,114.0,70.0
Outpatient,75317,8,8,1710.0,213.75,150.0
Outpatient,36111,13,13,1710.0,131.54,90.0
Outpatient,05102,10,10,1710.0,171.0,90.0
Outpatient,0664,12,12,1710.0,142.5,70.0
Outpatient,38845,19,19,1700.0,89.47,70.0
Outpatient,5202,5,4,1700.0,340.0,400.0
Outpatient,1171,25,25,1700.0,68.0,60.0
Outpatient,53170,3,3,1700.0,566.67,500.0
Outpatient,80370,4,4,1700.0,425.0,450.0
Outpatient,29991,5,5,1700.0,340.0,100.0
Outpatient,1639,1,1,1700.0,1700.0,1700.0
Outpatient,V2634,1,1,1700.0,1700.0,1700.0
Outpatient,99560,21,21,1700.0,80.95,80.0
Outpatient,03643,13,13,1700.0,130.77,60.0
Outpatient,80055,4,4,1700.0,425.0,450.0
Outpatient,38841,20,20,1700.0,85.0,75.0
Outpatient,74102,4,4,1700.0,425.0,70.0
Outpatient,1765,5,5,1700.0,340.0,300.0
Outpatient,9643,2,2,1700.0,850.0,850.0
Outpatient,20250,6,6,1700.0,283.33,65.0
Outpatient,75169,4,4,1700.0,425.0,350.0
Outpatient,80228,2,2,1700.0,850.0,850.0
Outpatient,36044,8,8,1700.0,212.5,60.0
Outpatient,80326,1,1,1700.0,1700.0,1700.0
Outpatient,1761,5,5,1700.0,340.0,300.0
Outpatient,1113,29,29,1690.0,58.28,60.0
Outpatient,75312,6,6,1690.0,281.67,75.0
Outpatient,00865,11,11,1690.0,153.64,50.0
Outpatient,0796,9,9,1690.0,187.78,90.0
Outpatient,37151,6,6,1690.0,281.67,50.0
Outpatient,33511,7,7,1680.0,240.0,100.0
Outpatient,2069,9,9,1680.0,186.67,90.0
Outpatient,11510,33,33,1680.0,50.91,50.0
Outpatient,37007,5,5,1680.0,336.0,90.0
Outpatient,9741,9,9,1680.0,186.67,70.0
Outpatient,37812,3,3,1680.0,560.0,50.0
Outpatient,27401,19,19,1680.0,88.42,60.0
Outpatient,36832,10,10,1680.0,168.0,100.0
Outpatient,7386,7,7,1680.0,240.0,60.0
Outpatient,71180,4,4,1680.0,420.0,30.0
Outpatient,75026,5,5,1680.0,336.0,400.0
Outpatient,33399,13,13,1670.0,128.46,70.0
Outpatient,73080,10,10,1670.0,167.0,85.0
Outpatient,2515,17,17,1670.0,98.24,70.0
Outpatient,37762,6,6,1670.0,278.33,70.0
Outpatient,0061,8,8,1670.0,208.75,145.0
Outpatient,9689,4,4,1670.0,417.5,375.0
Outpatient,73601,11,11,1670.0,151.82,70.0
Outpatient,71235,18,18,1670.0,92.78,50.0
Outpatient,80434,3,3,1670.0,556.67,800.0
Outpatient,20900,11,11,1660.0,150.91,100.0
Outpatient,31230,14,14,1660.0,118.57,70.0
Outpatient,25514,15,15,1660.0,110.67,90.0
Outpatient,28950,17,17,1660.0,97.65,50.0
Outpatient,5292,18,18,1660.0,92.22,65.0
Outpatient,3889,18,18,1660.0,92.22,90.0
Outpatient,30720,4,4,1660.0,415.0,80.0
Outpatient,6929,25,25,1660.0,66.4,60.0
Outpatient,52410,4,4,1650.0,412.5,145.0
Outpatient,1176,26,26,1650.0,63.46,55.0
Outpatient,0654,9,9,1650.0,183.33,90.0
Outpatient,38844,21,21,1650.0,78.57,60.0
Outpatient,20101,4,4,1650.0,412.5,400.0
Outpatient,79501,17,17,1650.0,97.06,50.0
Outpatient,71131,4,4,1650.0,412.5,200.0
Outpatient,V702,9,9,1650.0,183.33,100.0
Outpatient,1119,28,28,1650.0,58.93,60.0
Outpatient,31200,7,7,1640.0,234.29,90.0
Outpatient,31289,7,6,1640.0,234.29,300.0
Outpatient,36841,9,9,1640.0,182.22,100.0
Outpatient,37253,5,5,1640.0,328.0,90.0
Outpatient,37289,6,6,1640.0,273.33,50.0
Outpatient,V721,21,21,1630.0,77.62,70.0
Outpatient,71849,7,7,1630.0,232.86,80.0
Outpatient,06641,9,9,1630.0,181.11,90.0
Outpatient,1149,30,30,1630.0,54.33,55.0
Outpatient,3149,7,7,1630.0,232.86,80.0
Outpatient,31203,10,10,1630.0,163.0,65.0
Outpatient,53331,4,4,1620.0,405.0,450.0
Outpatient,85106,3,3,1620.0,540.0,600.0
Outpatient,38843,18,18,1620.0,90.0,65.0
Outpatient,80359,4,4,1620.0,405.0,200.0
Outpatient,V7101,9,9,1620.0,180.0,100.0
Outpatient,6910,23,23,1620.0,70.43,70.0
Outpatient,75289,7,7,1610.0,230.0,60.0
Outpatient,6150,20,20,1610.0,80.5,60.0
Outpatient,V1582,11,11,1610.0,146.36,100.0
Outpatient,79513,5,5,1610.0,322.0,200.0
Outpatient,05473,14,14,1610.0,115.0,80.0
Outpatient,27700,8,8,1600.0,200.0,200.0
Outpatient,07981,8,8,1600.0,200.0,45.0
Outpatient,01174,1,1,1600.0,1600.0,1600.0
Outpatient,75617,1,1,1600.0,1600.0,1600.0
Outpatient,36062,5,5,1600.0,320.0,50.0
Outpatient,05412,9,9,1600.0,177.78,100.0
Outpatient,20600,7,7,1600.0,228.57,200.0
Outpatient,71154,3,3,1600.0,533.33,100.0
Outpatient,7520,9,9,1600.0,177.78,60.0
Outpatient,37818,2,2,1600.0,800.0,800.0
Outpatient,5822,2,2,1600.0,800.0,800.0
Outpatient,80616,2,2,1600.0,800.0,800.0
Outpatient,74861,2,2,1600.0,800.0,800.0
Outpatient,0839,3,3,1600.0,533.33,200.0
Outpatient,38021,24,24,1600.0,66.67,60.0
Outpatient,36861,11,11,1600.0,145.45,100.0
Outpatient,36970,5,5,1600.0,320.0,300.0
Outpatient,80036,1,1,1600.0,1600.0,1600.0
Outpatient,9859,5,5,1590.0,318.0,200.0
Outpatient,38202,13,13,1590.0,122.31,60.0
Outpatient,V616,10,10,1590.0,159.0,55.0
Outpatient,71128,4,4,1590.0,397.5,325.0
Outpatient,1160,31,31,1590.0,51.29,50.0
Outpatient,5811,7,7,1590.0,227.14,70.0
Outpatient,73741,7,7,1590.0,227.14,200.0
Outpatient,V727,19,19,1590.0,83.68,90.0
Outpatient,36901,11,11,1590.0,144.55,100.0
Outpatient,73015,2,2,1590.0,795.0,795.0
Outpatient,V413,19,19,1580.0,83.16,70.0
Outpatient,36411,5,5,1580.0,316.0,100.0
Outpatient,9758,6,6,1580.0,263.33,75.0
Outpatient,V113,14,14,1580.0,112.86,70.0
Outpatient,6038,20,20,1580.0,79.0,45.0
Outpatient,1170,24,24,1580.0,65.83,50.0
Outpatient,69513,15,15,1580.0,105.33,70.0
Outpatient,75281,11,11,1570.0,142.73,60.0
Outpatient,36921,5,5,1570.0,314.0,300.0
Outpatient,6159,17,17,1570.0,92.35,60.0
Outpatient,0798,8,8,1570.0,196.25,95.0
Outpatient,1600,9,9,1570.0,174.44,80.0
Outpatient,74684,4,4,1570.0,392.5,295.0
Outpatient,71182,7,7,1560.0,222.86,100.0
Outpatient,38421,8,8,1560.0,195.0,70.0
Outpatient,20248,12,12,1560.0,130.0,55.0
Outpatient,38840,22,22,1560.0,70.91,60.0
Outpatient,3141,5,5,1560.0,312.0,90.0
Outpatient,V1505,23,23,1560.0,67.83,60.0
Outpatient,V145,19,19,1560.0,82.11,60.0
Outpatient,0080,4,4,1560.0,390.0,200.0
Outpatient,5732,24,24,1560.0,65.0,50.0
Outpatient,9640,4,4,1560.0,390.0,370.0
Outpatient,81201,11,11,1560.0,141.82,40.0
Outpatient,71120,4,4,1550.0,387.5,240.0
Outpatient,38532,19,19,1550.0,81.58,60.0
Outpatient,30745,5,5,1550.0,310.0,300.0
Outpatient,38582,21,21,1550.0,73.81,70.0
Outpatient,37733,5,5,1550.0,310.0,50.0
Outpatient,31500,18,18,1550.0,86.11,65.0
Outpatient,0064,6,6,1550.0,258.33,60.0
Outpatient,5276,7,7,1550.0,221.43,90.0
Outpatient,71616,3,3,1550.0,516.67,90.0
Outpatient,29281,7,7,1550.0,221.43,200.0
Outpatient,37033,8,8,1550.0,193.75,80.0
Outpatient,3817,17,17,1540.0,90.59,60.0
Outpatient,3342,12,12,1540.0,128.33,80.0
Outpatient,20512,12,12,1540.0,128.33,65.0
Outpatient,6945,19,19,1540.0,81.05,70.0
Outpatient,5800,6,6,1540.0,256.67,85.0
Outpatient,30550,7,7,1540.0,220.0,60.0
Outpatient,0078,7,7,1540.0,220.0,200.0
Outpatient,73098,6,6,1530.0,255.0,80.0
Outpatient,71220,21,21,1530.0,72.86,50.0
Outpatient,73020,4,4,1530.0,382.5,200.0
Outpatient,9730,9,9,1530.0,170.0,90.0
Outpatient,60884,19,19,1530.0,80.53,50.0
Outpatient,9739,3,3,1530.0,510.0,70.0
Outpatient,5819,8,8,1530.0,191.25,60.0
Outpatient,37261,4,4,1530.0,382.5,65.0
Outpatient,1273,3,3,1530.0,510.0,20.0
Outpatient,05579,10,10,1530.0,153.0,95.0
Outpatient,36903,9,9,1520.0,168.89,90.0
Outpatient,0051,7,7,1520.0,217.14,200.0
Outpatient,3070,15,15,1520.0,101.33,70.0
Outpatient,71215,24,24,1520.0,63.33,55.0
Outpatient,75321,8,8,1520.0,190.0,100.0
Outpatient,71229,19,19,1520.0,80.0,40.0
Outpatient,0558,12,12,1520.0,126.67,75.0
Outpatient,1369,2,2,1510.0,755.0,755.0
Outpatient,0510,8,8,1510.0,188.75,100.0
Outpatient,05919,10,10,1510.0,151.0,70.0
Outpatient,36859,5,5,1510.0,302.0,100.0
Outpatient,71171,7,7,1510.0,215.71,200.0
Outpatient,0660,13,13,1510.0,116.15,70.0
Outpatient,71140,8,8,1510.0,188.75,200.0
Outpatient,38511,10,10,1510.0,151.0,60.0
Outpatient,1479,8,8,1510.0,188.75,60.0
Outpatient,75240,6,6,1510.0,251.67,75.0
Outpatient,5273,9,9,1500.0,166.67,100.0
Outpatient,71288,11,11,1500.0,136.36,70.0
Outpatient,83951,3,3,1500.0,500.0,200.0
Outpatient,0411,3,3,1500.0,500.0,100.0
Outpatient,64860,2,2,1500.0,750.0,750.0
Outpatient,1941,3,3,1500.0,500.0,500.0
Outpatient,0953,1,1,1500.0,1500.0,1500.0
Outpatient,75314,4,4,1500.0,375.0,400.0
Outpatient,06642,9,9,1500.0,166.67,60.0
Outpatient,71173,2,2,1500.0,750.0,750.0
Outpatient,7511,2,2,1500.0,750.0,750.0
Outpatient,20127,2,2,1500.0,750.0,750.0
Outpatient,37749,3,3,1500.0,500.0,200.0
Outpatient,1129,26,26,1500.0,57.69,50.0
Outpatient,30530,6,6,1500.0,250.0,200.0
Outpatient,80340,4,4,1500.0,375.0,350.0
Outpatient,80224,2,2,1500.0,750.0,750.0
Outpatient,86113,1,1,1500.0,1500.0,1500.0
Outpatient,83102,5,5,1500.0,300.0,200.0
Outpatient,2340,4,4,1500.0,375.0,450.0
Outpatient,37401,3,3,1500.0,500.0,200.0
Outpatient,80091,3,3,1500.0,500.0,600.0
Outpatient,73621,3,3,1500.0,500.0,400.0
Outpatient,1869,8,8,1500.0,187.5,100.0
Outpatient,38921,22,22,1500.0,68.18,50.0
Outpatient,1843,6,6,1500.0,250.0,95.0
Outpatient,80130,2,2,1500.0,750.0,750.0
Outpatient,92720,1,1,1500.0,1500.0,1500.0
Outpatient,80151,1,1,1500.0,1500.0,1500.0
Outpatient,80179,3,3,1500.0,500.0,500.0
Outpatient,37221,3,3,1490.0,496.67,50.0
Outpatient,96501,8,8,1490.0,186.25,90.0
Outpatient,20115,5,5,1490.0,298.0,100.0
Outpatient,38802,20,20,1490.0,74.5,60.0
Outpatient,71289,22,22,1490.0,67.73,30.0
Outpatient,20114,6,6,1490.0,248.33,75.0
Outpatient,1414,11,11,1490.0,135.45,60.0
Outpatient,85181,3,3,1490.0,496.67,100.0
Outpatient,27709,8,7,1480.0,185.0,95.0
Outpatient,96900,3,3,1480.0,493.33,600.0
Outpatient,6148,15,15,1480.0,98.67,70.0
Outpatient,94115,2,2,1480.0,740.0,740.0
Outpatient,37430,6,6,1480.0,246.67,80.0
Outpatient,30432,6,6,1480.0,246.67,130.0
Outpatient,3181,12,12,1480.0,123.33,50.0
Outpatient,075,10,10,1470.0,147.0,55.0
Outpatient,3729,7,7,1470.0,210.0,90.0
Outpatient,52455,9,9,1470.0,163.33,100.0
Outpatient,20268,5,5,1470.0,294.0,200.0
Outpatient,3439,10,10,1470.0,147.0,60.0
Outpatient,5812,6,6,1470.0,245.0,55.0
Outpatient,71290,20,20,1470.0,73.5,60.0
Outpatient,07950,18,18,1470.0,81.67,70.0
Outpatient,30751,4,4,1470.0,367.5,130.0
Outpatient,34202,9,9,1470.0,163.33,60.0
Outpatient,20107,3,3,1470.0,490.0,500.0
Outpatient,85189,4,4,1470.0,367.5,235.0
Outpatient,20881,9,9,1470.0,163.33,80.0
Outpatient,34282,8,8,1470.0,183.75,80.0
Outpatient,71285,24,24,1460.0,60.83,55.0
Outpatient,3350,11,11,1460.0,132.73,80.0
Outpatient,73605,5,5,1460.0,292.0,200.0
Outpatient,52135,5,5,1460.0,292.0,40.0
Outpatient,1174,29,29,1460.0,50.34,50.0
Outpatient,3871,12,12,1460.0,121.67,60.0
Outpatient,73729,7,7,1460.0,208.57,200.0
Outpatient,37851,5,5,1450.0,290.0,60.0
Outpatient,71175,9,9,1450.0,161.11,100.0
Outpatient,38389,11,11,1450.0,131.82,60.0
Outpatient,74764,4,4,1450.0,362.5,220.0
Outpatient,30591,9,9,1450.0,161.11,70.0
Outpatient,71239,20,20,1450.0,72.5,60.0
Outpatient,05471,11,11,1450.0,131.82,100.0
Outpatient,53490,4,4,1450.0,362.5,450.0
Outpatient,53150,4,4,1440.0,360.0,400.0
Outpatient,71132,5,5,1440.0,288.0,200.0
Outpatient,0501,10,10,1440.0,144.0,90.0
Outpatient,V409,11,11,1440.0,130.91,80.0
Outpatient,31221,6,6,1440.0,240.0,300.0
Outpatient,37813,6,6,1430.0,238.33,135.0
Outpatient,0538,13,13,1430.0,110.0,60.0
Outpatient,2922,5,5,1430.0,286.0,300.0
Outpatient,74903,2,2,1430.0,715.0,715.0
Outpatient,20812,10,10,1430.0,143.0,30.0
Outpatient,56722,5,5,1430.0,286.0,200.0
Outpatient,1415,6,6,1430.0,238.33,95.0
Outpatient,317,14,14,1430.0,102.14,45.0
Outpatient,69555,18,18,1420.0,78.89,65.0
Outpatient,30462,6,6,1420.0,236.67,250.0
Outpatient,9673,6,6,1420.0,236.67,75.0
Outpatient,73077,6,6,1420.0,236.67,80.0
Outpatient,34210,10,10,1420.0,142.0,60.0
Outpatient,3341,7,7,1420.0,202.86,100.0
Outpatient,36789,8,8,1420.0,177.5,150.0
Outpatient,31381,7,7,1420.0,202.86,90.0
Outpatient,07271,9,9,1410.0,156.67,60.0
Outpatient,30015,2,2,1410.0,705.0,705.0
Outpatient,1121,29,29,1410.0,48.62,40.0
Outpatient,V6120,8,8,1410.0,176.25,55.0
Outpatient,71144,3,3,1400.0,466.67,200.0
Outpatient,80300,3,3,1400.0,466.67,500.0
Outpatient,0639,1,1,1400.0,1400.0,1400.0
Outpatient,2929,5,5,1400.0,280.0,70.0
Outpatient,80440,2,2,1400.0,700.0,700.0
Outpatient,30570,3,3,1400.0,466.67,100.0
Outpatient,4219,20,20,1400.0,70.0,45.0
Outpatient,80165,2,2,1400.0,700.0,700.0
Outpatient,7506,4,4,1400.0,350.0,300.0
Outpatient,96979,3,3,1400.0,466.67,500.0
Outpatient,80144,2,2,1400.0,700.0,700.0
Outpatient,86384,1,1,1400.0,1400.0,1400.0
Outpatient,20234,4,4,1400.0,350.0,350.0
Outpatient,30924,13,13,1400.0,107.69,90.0
Outpatient,3449,9,9,1400.0,155.56,60.0
Outpatient,9033,1,1,1400.0,1400.0,1400.0
Outpatient,73689,6,6,1390.0,231.67,225.0
Outpatient,9779,6,6,1390.0,231.67,190.0
Outpatient,3420,9,9,1390.0,154.44,50.0
Outpatient,463,8,8,1390.0,173.75,75.0
Outpatient,36020,4,4,1390.0,347.5,200.0
Outpatient,94355,3,3,1390.0,463.33,100.0
Outpatient,5830,7,7,1380.0,197.14,200.0
Outpatient,3920,11,11,1380.0,125.45,70.0
Outpatient,0852,5,5,1380.0,276.0,60.0
Outpatient,34281,9,9,1370.0,152.22,100.0
Outpatient,71280,25,25,1370.0,54.8,40.0
Outpatient,64833,7,7,1370.0,195.71,100.0
Outpatient,37516,2,2,1370.0,685.0,685.0
Outpatient,38163,14,14,1370.0,97.86,65.0
Outpatient,0065,6,6,1370.0,228.33,65.0
Outpatient,8679,2,2,1370.0,685.0,685.0
Outpatient,V791,15,15,1370.0,91.33,60.0
Outpatient,30275,7,7,1370.0,195.71,100.0
Outpatient,20106,5,5,1370.0,274.0,80.0
Outpatient,64832,8,8,1370.0,171.25,100.0
Outpatient,20612,12,12,1370.0,114.17,35.0
Outpatient,V4552,4,4,1370.0,342.5,80.0
Outpatient,71223,20,20,1370.0,68.5,50.0
Outpatient,38002,21,21,1360.0,64.76,70.0
Outpatient,20700,12,12,1360.0,113.33,40.0
Outpatient,6162,12,12,1360.0,113.33,95.0
Outpatient,52800,12,12,1360.0,113.33,60.0
Outpatient,71116,8,8,1360.0,170.0,95.0
Outpatient,73070,3,3,1360.0,453.33,200.0
Outpatient,52525,6,6,1360.0,226.67,80.0
Outpatient,6940,16,16,1360.0,85.0,65.0
Outpatient,37254,2,2,1360.0,680.0,680.0
Outpatient,36731,9,9,1360.0,151.11,100.0
Outpatient,29285,4,4,1360.0,340.0,250.0
Outpatient,37173,2,2,1360.0,680.0,680.0
Outpatient,3430,4,4,1360.0,340.0,80.0
Outpatient,0650,12,12,1360.0,113.33,60.0
Outpatient,6198,15,15,1360.0,90.67,70.0
Outpatient,36040,5,5,1350.0,270.0,60.0
Outpatient,1222,4,4,1350.0,337.5,75.0
Outpatient,05881,14,14,1350.0,96.43,70.0
Outpatient,V1009,6,6,1350.0,225.0,45.0
Outpatient,74422,2,2,1350.0,675.0,675.0
Outpatient,71216,15,15,1350.0,90.0,60.0
Outpatient,V790,10,10,1350.0,135.0,70.0
Outpatient,11285,22,22,1350.0,61.36,60.0
Outpatient,36962,6,6,1350.0,225.0,135.0
Outpatient,90229,2,2,1350.0,675.0,675.0
Outpatient,37123,4,4,1350.0,337.5,200.0
Outpatient,20232,8,8,1350.0,168.75,150.0
Outpatient,71226,18,18,1350.0,75.0,65.0
Outpatient,2920,5,5,1350.0,270.0,100.0
Outpatient,80001,4,4,1340.0,335.0,295.0
Outpatient,0568,11,11,1340.0,121.82,50.0
Outpatient,06649,14,14,1340.0,95.71,75.0
Outpatient,V1084,4,4,1340.0,335.0,270.0
Outpatient,69557,19,19,1340.0,70.53,60.0
Outpatient,04502,3,3,1340.0,446.67,100.0
Outpatient,3575,12,12,1340.0,111.67,70.0
Outpatient,20022,11,11,1340.0,121.82,30.0
Outpatient,71160,6,6,1340.0,223.33,75.0
Outpatient,71141,10,10,1330.0,133.0,75.0
Outpatient,73604,9,9,1330.0,147.78,70.0
Outpatient,V6540,9,9,1330.0,147.78,60.0
Outpatient,73081,5,5,1330.0,266.0,100.0
Outpatient,73710,10,10,1330.0,133.0,70.0
Outpatient,73720,6,6,1330.0,221.67,75.0
Outpatient,5283,9,9,1330.0,147.78,60.0
Outpatient,20233,5,5,1320.0,264.0,200.0
Outpatient,56738,3,3,1320.0,440.0,500.0
Outpatient,20822,14,14,1320.0,94.29,35.0
Outpatient,75029,4,4,1320.0,330.0,350.0
Outpatient,37514,4,4,1320.0,330.0,135.0
Outpatient,9606,4,4,1320.0,330.0,185.0
Outpatient,73631,8,8,1320.0,165.0,80.0
Outpatient,75315,5,5,1320.0,264.0,200.0
Outpatient,27702,13,13,1320.0,101.54,90.0
Outpatient,71199,4,4,1320.0,330.0,60.0
Outpatient,71221,27,27,1320.0,48.89,30.0
Outpatient,37234,4,4,1320.0,330.0,135.0
Outpatient,37152,4,4,1310.0,327.5,80.0
Outpatient,36862,9,9,1310.0,145.56,90.0
Outpatient,0663,8,8,1310.0,163.75,60.0
Outpatient,V123,17,17,1310.0,77.06,20.0
Outpatient,80006,4,4,1310.0,327.5,150.0
Outpatient,36454,5,5,1310.0,262.0,50.0
Outpatient,7532,7,7,1310.0,187.14,100.0
Outpatient,1419,8,8,1310.0,163.75,80.0
Outpatient,37884,5,5,1310.0,262.0,70.0
Outpatient,71230,21,21,1310.0,62.38,40.0
Outpatient,1173,25,25,1310.0,52.4,60.0
Outpatient,3344,12,12,1300.0,108.33,55.0
Outpatient,5813,7,7,1300.0,185.71,100.0
Outpatient,73086,4,4,1300.0,325.0,225.0
Outpatient,85252,1,1,1300.0,1300.0,1300.0
Outpatient,7461,3,3,1300.0,433.33,400.0
Outpatient,80476,2,2,1300.0,650.0,650.0
Outpatient,E9571,3,3,1300.0,433.33,400.0
Outpatient,80145,1,1,1300.0,1300.0,1300.0
Outpatient,85225,1,1,1300.0,1300.0,1300.0
Outpatient,73037,5,5,1300.0,260.0,50.0
Outpatient,94312,2,2,1300.0,650.0,650.0
Outpatient,80154,4,4,1300.0,325.0,250.0
Outpatient,9645,2,2,1300.0,650.0,650.0
Outpatient,69559,18,18,1300.0,72.22,60.0
Outpatient,0400,3,3,1300.0,433.33,70.0
Outpatient,80351,3,3,1300.0,433.33,400.0
Outpatient,85185,2,2,1300.0,650.0,650.0
Outpatient,0303,2,2,1300.0,650.0,650.0
Outpatient,80030,2,2,1300.0,650.0,650.0
Outpatient,9050,2,2,1300.0,650.0,650.0
Outpatient,76073,8,8,1300.0,162.5,150.0
Outpatient,75322,4,4,1300.0,325.0,350.0
Outpatient,99582,9,9,1300.0,144.44,90.0
Outpatient,E9500,4,4,1300.0,325.0,300.0
Outpatient,2182,12,12,1300.0,108.33,80.0
Outpatient,80322,2,2,1300.0,650.0,650.0
Outpatient,V792,11,11,1290.0,117.27,80.0
Outpatient,74729,5,5,1290.0,258.0,100.0
Outpatient,56782,6,6,1290.0,215.0,200.0
Outpatient,1841,3,3,1290.0,430.0,60.0
Outpatient,37441,4,4,1280.0,320.0,75.0
Outpatient,0527,12,12,1280.0,106.67,60.0
Outpatient,37002,7,7,1280.0,182.86,50.0
Outpatient,7578,4,4,1280.0,320.0,75.0
Outpatient,39890,16,16,1280.0,80.0,50.0
Outpatient,2749,15,15,1280.0,85.33,50.0
Outpatient,57142,19,19,1280.0,67.37,40.0
Outpatient,36914,7,7,1280.0,182.86,200.0
Outpatient,71156,5,5,1270.0,254.0,100.0
Outpatient,1177,21,21,1270.0,60.48,60.0
Outpatient,37652,7,7,1270.0,181.43,40.0
Outpatient,38320,10,10,1270.0,127.0,75.0
Outpatient,65553,7,7,1270.0,181.43,100.0
Outpatient,1100,25,25,1270.0,50.8,50.0
Outpatient,9712,3,3,1270.0,423.33,100.0
Outpatient,37807,3,3,1260.0,420.0,100.0
Outpatient,5265,4,4,1260.0,315.0,30.0
Outpatient,05314,11,11,1260.0,114.55,100.0
Outpatient,37640,3,3,1260.0,420.0,300.0
Outpatient,80354,4,4,1260.0,315.0,350.0
Outpatient,0088,3,3,1260.0,420.0,500.0
Outpatient,6965,21,21,1260.0,60.0,50.0
Outpatient,20520,14,14,1260.0,90.0,30.0
Outpatient,30512,14,14,1260.0,90.0,70.0
Outpatient,1899,8,8,1260.0,157.5,65.0
Outpatient,6983,13,12,1260.0,96.92,60.0
Outpatient,9608,5,5,1260.0,252.0,200.0
Outpatient,38519,12,12,1260.0,105.0,95.0
Outpatient,37412,3,3,1260.0,420.0,100.0
Outpatient,9622,4,4,1260.0,315.0,300.0
Outpatient,58089,6,6,1260.0,210.0,60.0
Outpatient,37773,3,3,1260.0,420.0,80.0
Outpatient,05922,12,12,1250.0,104.17,70.0
Outpatient,38871,19,19,1250.0,65.79,70.0
Outpatient,69515,12,12,1250.0,104.17,60.0
Outpatient,75311,7,7,1250.0,178.57,90.0
Outpatient,0609,8,8,1250.0,156.25,80.0
Outpatient,V0970,4,4,1250.0,312.5,25.0
Outpatient,58289,5,5,1250.0,250.0,60.0
Outpatient,73035,7,7,1250.0,178.57,60.0
Outpatient,52562,2,2,1240.0,620.0,620.0
Outpatient,71218,16,16,1240.0,77.5,55.0
Outpatient,7526,8,8,1240.0,155.0,70.0
Outpatient,6235,9,9,1240.0,137.78,50.0
Outpatient,34489,7,7,1240.0,177.14,100.0
Outpatient,30531,7,7,1240.0,177.14,100.0
Outpatient,30520,5,5,1240.0,248.0,200.0
Outpatient,53371,5,5,1240.0,248.0,70.0
Outpatient,5289,12,12,1240.0,103.33,65.0
Outpatient,5831,4,4,1240.0,310.0,290.0
Outpatient,7814,6,6,1240.0,206.67,55.0
Outpatient,2897,28,28,1230.0,43.93,35.0
Outpatient,37162,2,2,1230.0,615.0,615.0
Outpatient,6084,15,15,1230.0,82.0,70.0
Outpatient,5281,12,12,1230.0,102.5,80.0
Outpatient,75320,7,7,1230.0,175.71,100.0
Outpatient,71291,22,22,1230.0,55.91,60.0
Outpatient,1643,3,3,1230.0,410.0,400.0
Outpatient,20256,5,5,1230.0,246.0,200.0
Outpatient,37853,4,4,1230.0,307.5,150.0
Outpatient,37913,3,3,1220.0,406.67,100.0
Outpatient,53351,6,6,1220.0,203.33,100.0
Outpatient,1279,4,4,1220.0,305.0,200.0
Outpatient,0369,5,5,1220.0,244.0,70.0
Outpatient,7522,7,7,1220.0,174.29,90.0
Outpatient,53131,8,8,1220.0,152.5,95.0
Outpatient,2561,17,17,1210.0,71.18,70.0
Outpatient,30553,7,7,1210.0,172.86,80.0
Outpatient,37556,9,9,1210.0,134.44,100.0
Outpatient,38023,24,24,1210.0,50.42,60.0
Outpatient,1834,6,6,1210.0,201.67,100.0
Outpatient,13101,5,5,1210.0,242.0,100.0
Outpatient,6989,19,19,1210.0,63.68,50.0
Outpatient,53110,7,7,1210.0,172.86,70.0
Outpatient,37772,4,4,1210.0,302.5,75.0
Outpatient,20112,1,1,1200.0,1200.0,1200.0
Outpatient,7482,2,2,1200.0,600.0,600.0
Outpatient,01676,1,1,1200.0,1200.0,1200.0
Outpatient,9808,4,4,1200.0,300.0,250.0
Outpatient,20194,1,1,1200.0,1200.0,1200.0
Outpatient,05889,12,12,1200.0,100.0,65.0
Outpatient,90442,2,2,1200.0,600.0,600.0
Outpatient,80043,2,2,1200.0,600.0,600.0
Outpatient,37104,2,2,1200.0,600.0,600.0
Outpatient,38162,12,12,1200.0,100.0,95.0
Outpatient,85224,2,2,1200.0,600.0,600.0
Outpatient,96972,2,2,1200.0,600.0,600.0
Outpatient,79511,4,4,1200.0,300.0,300.0
Outpatient,71238,19,19,1200.0,63.16,60.0
Outpatient,5274,8,8,1200.0,150.0,145.0
Outpatient,53471,8,8,1200.0,150.0,35.0
Outpatient,71162,5,5,1200.0,240.0,300.0
Outpatient,63472,1,1,1200.0,1200.0,1200.0
Outpatient,0661,12,12,1200.0,100.0,80.0
Outpatient,80309,3,3,1200.0,400.0,400.0
Outpatient,07989,8,8,1200.0,150.0,75.0
Outpatient,85236,4,4,1200.0,300.0,300.0
Outpatient,52461,2,2,1200.0,600.0,600.0
Outpatient,36900,8,8,1200.0,150.0,90.0
Outpatient,80311,2,2,1200.0,600.0,600.0
Outpatient,85170,2,2,1200.0,600.0,600.0
Outpatient,E9507,3,3,1200.0,400.0,400.0
Outpatient,80412,2,2,1200.0,600.0,600.0
Outpatient,30281,5,5,1200.0,240.0,60.0
Outpatient,85406,4,4,1200.0,300.0,200.0
Outpatient,80353,3,3,1200.0,400.0,400.0
Outpatient,6980,16,16,1200.0,75.0,50.0
Outpatient,85311,5,5,1200.0,240.0,300.0
Outpatient,64831,5,5,1200.0,240.0,200.0
Outpatient,27411,13,13,1200.0,92.31,60.0
Outpatient,5290,11,11,1200.0,109.09,90.0
Outpatient,30461,4,4,1200.0,300.0,300.0
Outpatient,V402,6,6,1190.0,198.33,200.0
Outpatient,3445,8,8,1190.0,148.75,100.0
Outpatient,34402,6,6,1190.0,198.33,150.0
Outpatient,11593,17,17,1190.0,70.0,20.0
Outpatient,6963,19,19,1190.0,62.63,60.0
Outpatient,69556,19,19,1190.0,62.63,50.0
Outpatient,52431,6,6,1180.0,196.67,80.0
Outpatient,60820,21,21,1180.0,56.19,50.0
Outpatient,20264,3,3,1180.0,393.33,500.0
Outpatient,36033,2,2,1180.0,590.0,590.0
Outpatient,4250,13,13,1180.0,90.77,40.0
Outpatient,0741,7,7,1180.0,168.57,100.0
Outpatient,83402,6,6,1170.0,195.0,145.0
Outpatient,27482,17,17,1170.0,68.82,50.0
Outpatient,69519,18,18,1170.0,65.0,60.0
Outpatient,05441,2,2,1170.0,585.0,585.0
Outpatient,71167,6,6,1160.0,193.33,95.0
Outpatient,38512,11,11,1160.0,105.45,70.0
Outpatient,73092,7,7,1160.0,165.71,30.0
Outpatient,36924,8,8,1160.0,145.0,100.0
Outpatient,36275,10,10,1160.0,116.0,85.0
Outpatient,V625,11,11,1160.0,105.45,60.0
Outpatient,05810,7,7,1160.0,165.71,60.0
Outpatient,71179,6,6,1160.0,193.33,200.0
Outpatient,9502,11,11,1160.0,105.45,60.0
Outpatient,34440,11,11,1160.0,105.45,60.0
Outpatient,37181,3,3,1160.0,386.67,80.0
Outpatient,25510,11,11,1150.0,104.55,100.0
Outpatient,80371,2,2,1150.0,575.0,575.0
Outpatient,31231,16,16,1150.0,71.88,70.0
Outpatient,30560,5,5,1150.0,230.0,200.0
Outpatient,30081,6,6,1150.0,191.67,145.0
Outpatient,52872,13,13,1150.0,88.46,60.0
Outpatient,3152,14,14,1150.0,82.14,75.0
Outpatient,9091,5,5,1150.0,230.0,200.0
Outpatient,69018,16,16,1150.0,71.88,55.0
Outpatient,9728,6,6,1150.0,191.67,150.0
Outpatient,38302,10,10,1150.0,115.0,70.0
Outpatient,9855,5,5,1140.0,228.0,200.0
Outpatient,36961,6,6,1140.0,190.0,80.0
Outpatient,2191,10,10,1140.0,114.0,100.0
Outpatient,1400,7,7,1140.0,162.86,60.0
Outpatient,94505,3,3,1140.0,380.0,200.0
Outpatient,9877,6,6,1140.0,190.0,200.0
Outpatient,5824,6,6,1140.0,190.0,180.0
Outpatient,38524,12,12,1140.0,95.0,80.0
Outpatient,36813,6,6,1140.0,190.0,100.0
Outpatient,20168,5,5,1130.0,226.0,200.0
Outpatient,2311,4,4,1130.0,282.5,300.0
Outpatient,9725,8,8,1130.0,141.25,70.0
Outpatient,36969,9,9,1130.0,125.56,100.0
Outpatient,0729,7,7,1130.0,161.43,60.0
Outpatient,2548,10,10,1130.0,113.0,75.0
Outpatient,6942,16,16,1130.0,70.63,50.0
Outpatient,07983,11,11,1130.0,102.73,80.0
Outpatient,6979,17,17,1130.0,66.47,70.0
Outpatient,9656,6,6,1130.0,188.33,125.0
Outpatient,81414,7,7,1120.0,160.0,100.0
Outpatient,30251,5,5,1120.0,224.0,40.0
Outpatient,38201,16,16,1120.0,70.0,75.0
Outpatient,92612,3,3,1120.0,373.33,80.0
Outpatient,73021,5,5,1120.0,224.0,300.0
Outpatient,9674,4,4,1120.0,280.0,55.0
Outpatient,V109,6,6,1120.0,186.67,80.0
Outpatient,34403,7,7,1120.0,160.0,100.0
Outpatient,2894,17,17,1120.0,65.88,50.0
Outpatient,7484,3,3,1120.0,373.33,300.0
Outpatient,7519,4,4,1110.0,277.5,300.0
Outpatient,53530,7,7,1110.0,158.57,60.0
Outpatient,9695,5,5,1100.0,220.0,300.0
Outpatient,31223,8,8,1100.0,137.5,85.0
Outpatient,37905,8,8,1100.0,137.5,60.0
Outpatient,80379,3,3,1100.0,366.67,100.0
Outpatient,86813,1,1,1100.0,1100.0,1100.0
Outpatient,6178,1,1,1100.0,1100.0,1100.0
Outpatient,85403,2,2,1100.0,550.0,550.0
Outpatient,73016,4,4,1100.0,275.0,40.0
Outpatient,37881,2,2,1100.0,550.0,550.0
Outpatient,75022,1,1,1100.0,1100.0,1100.0
Outpatient,7596,3,3,1100.0,366.67,400.0
Outpatient,75569,2,2,1100.0,550.0,550.0
Outpatient,80443,1,1,1100.0,1100.0,1100.0
Outpatient,94204,1,1,1100.0,1100.0,1100.0
Outpatient,85211,2,2,1100.0,550.0,550.0
Outpatient,V6081,8,8,1100.0,137.5,50.0
Outpatient,20197,1,1,1100.0,1100.0,1100.0
Outpatient,4951,3,3,1100.0,366.67,200.0
Outpatient,71283,23,23,1100.0,47.83,30.0
Outpatient,37059,6,6,1100.0,183.33,75.0
Outpatient,80142,3,3,1100.0,366.67,500.0
Outpatient,80436,3,3,1100.0,366.67,300.0
Outpatient,80170,2,2,1100.0,550.0,550.0
Outpatient,80074,4,4,1100.0,275.0,200.0
Outpatient,64400,5,5,1100.0,220.0,200.0
Outpatient,80342,2,2,1100.0,550.0,550.0
Outpatient,V522,2,2,1100.0,550.0,550.0
Outpatient,36343,3,3,1100.0,366.67,0.0
Outpatient,85149,2,2,1100.0,550.0,550.0
Outpatient,04672,1,1,1100.0,1100.0,1100.0
Outpatient,9771,2,2,1100.0,550.0,550.0
Outpatient,20500,8,8,1100.0,137.5,40.0
Outpatient,9603,3,3,1100.0,366.67,200.0
Outpatient,E9587,3,3,1100.0,366.67,400.0
Outpatient,63490,1,1,1100.0,1100.0,1100.0
Outpatient,80146,2,2,1100.0,550.0,550.0
Outpatient,20263,3,3,1100.0,366.67,400.0
Outpatient,00867,7,7,1090.0,155.71,100.0
Outpatient,53310,5,5,1090.0,218.0,40.0
Outpatient,85150,2,2,1090.0,545.0,545.0
Outpatient,6953,12,12,1090.0,90.83,65.0
Outpatient,2049,12,12,1090.0,90.83,55.0
Outpatient,71225,17,17,1090.0,64.12,40.0
Outpatient,73093,7,7,1090.0,155.71,200.0
Outpatient,29980,3,3,1090.0,363.33,100.0
Outpatient,9090,5,5,1090.0,218.0,60.0
Outpatient,38860,13,13,1080.0,83.08,70.0
Outpatient,9892,5,5,1080.0,216.0,70.0
Outpatient,38915,15,15,1080.0,72.0,80.0
Outpatient,75219,7,7,1080.0,154.29,100.0
Outpatient,38509,12,12,1080.0,90.0,80.0
Outpatient,1871,3,3,1080.0,360.0,500.0
Outpatient,30511,6,6,1080.0,180.0,90.0
Outpatient,36855,8,8,1080.0,135.0,70.0
Outpatient,71164,5,5,1080.0,216.0,100.0
Outpatient,75211,5,5,1070.0,214.0,200.0
Outpatient,V401,13,13,1070.0,82.31,50.0
Outpatient,37830,3,3,1070.0,356.67,200.0
Outpatient,80109,3,3,1070.0,356.67,200.0
Outpatient,52454,7,7,1070.0,152.86,60.0
Outpatient,1203,3,3,1070.0,356.67,100.0
Outpatient,80220,3,3,1070.0,356.67,300.0
Outpatient,61651,12,12,1070.0,89.17,85.0
Outpatient,9856,4,4,1060.0,265.0,80.0
Outpatient,38322,9,9,1060.0,117.78,70.0
Outpatient,30450,4,4,1060.0,265.0,100.0
Outpatient,0040,5,5,1060.0,212.0,100.0
Outpatient,7463,4,4,1060.0,265.0,270.0
Outpatient,36322,8,8,1060.0,132.5,95.0
Outpatient,36441,3,3,1060.0,353.33,200.0
Outpatient,36351,2,2,1060.0,530.0,530.0
Outpatient,75316,8,8,1060.0,132.5,60.0
Outpatient,71839,7,7,1060.0,151.43,200.0
Outpatient,71800,4,4,1060.0,265.0,140.0
Outpatient,9627,4,4,1050.0,262.5,170.0
Outpatient,3051,9,8,1050.0,116.67,60.0
Outpatient,5695,6,6,1050.0,175.0,90.0
Outpatient,V201,8,8,1050.0,131.25,65.0
Outpatient,1873,2,2,1050.0,525.0,525.0
Outpatient,27402,22,22,1050.0,47.73,30.0
Outpatient,31401,5,5,1050.0,210.0,200.0
Outpatient,30542,9,9,1050.0,116.67,60.0
Outpatient,38333,11,11,1050.0,95.45,80.0
Outpatient,83513,7,7,1050.0,150.0,100.0
Outpatient,05419,11,11,1050.0,95.45,90.0
Outpatient,53191,6,6,1050.0,175.0,70.0
Outpatient,0548,7,7,1050.0,150.0,100.0
Outpatient,6961,15,15,1040.0,69.33,60.0
Outpatient,36971,8,8,1040.0,130.0,70.0
Outpatient,7527,4,4,1040.0,260.0,120.0
Outpatient,9974,9,9,1040.0,115.56,60.0
Outpatient,05909,7,7,1040.0,148.57,100.0
Outpatient,36908,4,4,1030.0,257.5,185.0
Outpatient,3442,8,8,1030.0,128.75,130.0
Outpatient,30491,4,4,1030.0,257.5,235.0
Outpatient,3878,6,6,1030.0,171.67,55.0
Outpatient,1232,4,4,1030.0,257.5,60.0
Outpatient,7908,11,11,1030.0,93.64,60.0
Outpatient,9602,5,5,1030.0,206.0,70.0
Outpatient,36852,7,7,1030.0,147.14,100.0
Outpatient,20167,4,4,1030.0,257.5,195.0
Outpatient,1361,7,7,1030.0,147.14,80.0
Outpatient,9766,4,4,1030.0,257.5,260.0
Outpatient,71110,7,7,1030.0,147.14,40.0
Outpatient,V1541,9,9,1030.0,114.44,70.0
Outpatient,00800,5,5,1020.0,204.0,200.0
Outpatient,3068,4,4,1020.0,255.0,240.0
Outpatient,78550,4,4,1020.0,255.0,160.0
Outpatient,37820,6,6,1020.0,170.0,130.0
Outpatient,74602,4,4,1020.0,255.0,235.0
Outpatient,05479,10,10,1020.0,102.0,80.0
Outpatient,74346,4,4,1020.0,255.0,130.0
Outpatient,V1542,10,10,1020.0,102.0,60.0
Outpatient,9616,3,3,1020.0,340.0,400.0
Outpatient,52801,3,3,1020.0,340.0,70.0
Outpatient,V609,7,7,1010.0,144.29,80.0
Outpatient,9635,3,3,1010.0,336.67,200.0
Outpatient,3822,12,12,1010.0,84.17,85.0
Outpatient,37302,7,7,1010.0,144.29,60.0
Outpatient,71212,20,20,1010.0,50.5,20.0
Outpatient,75319,6,6,1010.0,168.33,65.0
Outpatient,75539,4,4,1010.0,252.5,140.0
Outpatient,20402,12,12,1010.0,84.17,30.0
Outpatient,85239,1,1,1000.0,1000.0,1000.0
Outpatient,53251,3,3,1000.0,333.33,400.0
Outpatient,00321,1,1,1000.0,1000.0,1000.0
Outpatient,80421,1,1,1000.0,1000.0,1000.0
Outpatient,8029,1,1,1000.0,1000.0,1000.0
Outpatient,9724,2,2,1000.0,500.0,500.0
Outpatient,20262,5,5,1000.0,200.0,100.0
Outpatient,27419,16,16,1000.0,62.5,30.0
Outpatient,85312,2,2,1000.0,500.0,500.0
Outpatient,E9506,2,2,1000.0,500.0,500.0
Outpatient,2048,11,11,1000.0,90.91,80.0
Outpatient,0848,6,6,1000.0,166.67,40.0
Outpatient,85179,2,2,1000.0,500.0,500.0
Outpatient,64850,1,1,1000.0,1000.0,1000.0
Outpatient,80120,1,1,1000.0,1000.0,1000.0
Outpatient,E9583,1,1,1000.0,1000.0,1000.0
Outpatient,90224,1,1,1000.0,1000.0,1000.0
Outpatient,80392,3,3,1000.0,333.33,200.0
Outpatient,71293,18,18,1000.0,55.56,45.0
Outpatient,37822,2,2,1000.0,500.0,500.0
Outpatient,75162,2,2,1000.0,500.0,500.0
Outpatient,4957,2,2,1000.0,500.0,500.0
Outpatient,80419,1,1,1000.0,1000.0,1000.0
Outpatient,8028,3,3,1000.0,333.33,400.0
Outpatient,80442,3,3,1000.0,333.33,400.0
Outpatient,9400,2,2,1000.0,500.0,500.0
Outpatient,630,1,1,1000.0,1000.0,1000.0
Outpatient,80395,3,3,1000.0,333.33,100.0
Outpatient,80186,2,2,1000.0,500.0,500.0
Outpatient,80339,3,3,1000.0,333.33,300.0
Outpatient,90003,1,1,1000.0,1000.0,1000.0
Outpatient,05474,8,8,1000.0,125.0,55.0
Outpatient,9726,2,2,1000.0,500.0,500.0
Outpatient,04119,1,1,1000.0,1000.0,1000.0
Outpatient,38331,13,13,1000.0,76.92,50.0
Outpatient,80172,2,2,1000.0,500.0,500.0
Outpatient,75313,7,7,990.0,141.43,60.0
Outpatient,36105,12,12,990.0,82.5,70.0
Outpatient,V119,8,8,990.0,123.75,65.0
Outpatient,37530,6,6,990.0,165.0,100.0
Outpatient,74511,8,8,990.0,123.75,65.0
Outpatient,74193,7,7,980.0,140.0,100.0
Outpatient,05911,8,8,980.0,122.5,70.0
Outpatient,06640,7,7,980.0,140.0,60.0
Outpatient,76075,11,11,980.0,89.09,70.0
Outpatient,73088,6,6,970.0,161.67,100.0
Outpatient,9711,5,5,970.0,194.0,200.0
Outpatient,00864,6,6,970.0,161.67,65.0
Outpatient,V7102,10,10,970.0,97.0,85.0
Outpatient,7566,2,2,970.0,485.0,485.0
Outpatient,V1040,5,5,970.0,194.0,40.0
Outpatient,73025,7,7,970.0,138.57,100.0
Outpatient,1101,16,16,960.0,60.0,60.0
Outpatient,0066,5,5,960.0,192.0,20.0
Outpatient,52573,6,6,960.0,160.0,150.0
Outpatient,37133,5,5,960.0,192.0,100.0
Outpatient,37061,2,2,960.0,480.0,480.0
Outpatient,74911,3,3,960.0,320.0,100.0
Outpatient,74722,7,7,960.0,137.14,70.0
Outpatient,37334,13,13,960.0,73.85,80.0
Outpatient,38151,9,9,960.0,106.67,70.0
Outpatient,52100,6,6,950.0,158.33,95.0
Outpatient,37943,6,6,950.0,158.33,80.0
Outpatient,37643,4,4,950.0,237.5,100.0
Outpatient,80182,3,3,950.0,316.67,400.0
Outpatient,37220,9,9,950.0,105.56,60.0
Outpatient,36800,5,5,950.0,190.0,90.0
Outpatient,38200,13,13,950.0,73.08,80.0
Outpatient,36802,7,7,950.0,135.71,100.0
Outpatient,5672,6,6,950.0,158.33,150.0
Outpatient,7513,2,2,950.0,475.0,475.0
Outpatient,V6542,4,4,950.0,237.5,140.0
Outpatient,73024,4,4,950.0,237.5,200.0
Outpatient,71213,20,20,950.0,47.5,45.0
Outpatient,38181,11,11,950.0,86.36,60.0
Outpatient,27703,9,9,940.0,104.44,90.0
Outpatient,74347,3,3,940.0,313.33,200.0
Outpatient,0601,9,9,940.0,104.44,70.0
Outpatient,V1552,3,3,940.0,313.33,400.0
Outpatient,20173,3,3,940.0,313.33,100.0
Outpatient,75459,5,5,940.0,188.0,70.0
Outpatient,80005,3,3,940.0,313.33,200.0
Outpatient,73032,4,4,940.0,235.0,200.0
Outpatient,36831,4,4,930.0,232.5,145.0
Outpatient,9780,2,2,930.0,465.0,465.0
Outpatient,75502,3,3,930.0,310.0,400.0
Outpatient,36753,10,10,930.0,93.0,70.0
Outpatient,30412,6,6,930.0,155.0,70.0
Outpatient,74761,3,3,930.0,310.0,400.0
Outpatient,V6282,15,15,930.0,62.0,50.0
Outpatient,30182,5,5,930.0,186.0,100.0
Outpatient,30282,4,4,930.0,232.5,215.0
Outpatient,20118,2,2,930.0,465.0,465.0
Outpatient,1631,2,2,930.0,465.0,465.0
Outpatient,56729,3,3,920.0,306.67,70.0
Outpatient,75252,4,4,920.0,230.0,55.0
Outpatient,37856,6,6,920.0,153.33,150.0
Outpatient,38031,19,19,920.0,48.42,50.0
Outpatient,0778,10,10,920.0,92.0,70.0
Outpatient,20692,10,10,920.0,92.0,30.0
Outpatient,20261,3,3,920.0,306.67,400.0
Outpatient,1219,6,6,920.0,153.33,150.0
Outpatient,9720,6,6,920.0,153.33,80.0
Outpatient,20161,3,3,920.0,306.67,400.0
Outpatient,36721,3,3,920.0,306.67,70.0
Outpatient,20244,9,9,910.0,101.11,20.0
Outpatient,0417,2,2,910.0,455.0,455.0
Outpatient,83412,3,3,910.0,303.33,60.0
Outpatient,38523,9,9,910.0,101.11,80.0
Outpatient,38513,10,10,910.0,91.0,85.0
Outpatient,9733,4,4,910.0,227.5,250.0
Outpatient,80149,2,2,900.0,450.0,450.0
Outpatient,9685,3,3,900.0,300.0,60.0
Outpatient,73096,10,10,900.0,90.0,70.0
Outpatient,80384,2,2,900.0,450.0,450.0
Outpatient,80016,2,2,900.0,450.0,450.0
Outpatient,80093,1,1,900.0,900.0,900.0
Outpatient,20145,1,1,900.0,900.0,900.0
Outpatient,71133,4,4,900.0,225.0,50.0
Outpatient,9710,1,1,900.0,900.0,900.0
Outpatient,37962,3,3,900.0,300.0,300.0
Outpatient,0403,5,5,900.0,180.0,90.0
Outpatient,3073,1,1,900.0,900.0,900.0
Outpatient,80234,2,2,900.0,450.0,450.0
Outpatient,9647,4,4,900.0,225.0,250.0
Outpatient,80630,3,3,900.0,300.0,200.0
Outpatient,52324,3,3,900.0,300.0,200.0
Outpatient,20177,1,1,900.0,900.0,900.0
Outpatient,85103,2,2,900.0,450.0,450.0
Outpatient,74259,1,1,900.0,900.0,900.0
Outpatient,85156,2,2,900.0,450.0,450.0
Outpatient,86610,1,1,900.0,900.0,900.0
Outpatient,80306,2,2,900.0,450.0,450.0
Outpatient,80101,3,3,900.0,300.0,200.0
Outpatient,52451,3,3,900.0,300.0,100.0
Outpatient,E9505,3,3,900.0,300.0,300.0
Outpatient,07881,5,5,900.0,180.0,90.0
Outpatient,96971,3,3,900.0,300.0,300.0
Outpatient,30740,5,5,900.0,180.0,200.0
Outpatient,80323,1,1,900.0,900.0,900.0
Outpatient,80086,1,1,900.0,900.0,900.0
Outpatient,20121,2,2,900.0,450.0,450.0
Outpatient,80153,2,2,900.0,450.0,450.0
Outpatient,6169,18,18,900.0,50.0,50.0
Outpatient,E9508,2,2,900.0,450.0,450.0
Outpatient,5834,6,6,900.0,150.0,100.0
Outpatient,9651,4,4,900.0,225.0,150.0
Outpatient,90211,1,1,900.0,900.0,900.0
Outpatient,85146,2,2,900.0,450.0,450.0
Outpatient,80141,1,1,900.0,900.0,900.0
Outpatient,85251,2,2,900.0,450.0,450.0
Outpatient,74356,4,4,890.0,222.5,150.0
Outpatient,6988,13,13,890.0,68.46,50.0
Outpatient,6949,12,12,890.0,74.17,65.0
Outpatient,31239,10,10,890.0,89.0,80.0
Outpatient,7530,6,6,890.0,148.33,135.0
Outpatient,30441,4,4,890.0,222.5,95.0
Outpatient,64630,4,4,890.0,222.5,180.0
Outpatient,6978,19,19,890.0,46.84,60.0
Outpatient,05101,10,10,890.0,89.0,60.0
Outpatient,2335,6,6,890.0,148.33,80.0
Outpatient,9662,5,5,890.0,178.0,50.0
Outpatient,36844,7,7,880.0,125.71,80.0
Outpatient,36306,8,8,880.0,110.0,90.0
Outpatient,1762,4,4,880.0,220.0,150.0
Outpatient,6960,13,13,880.0,67.69,60.0
Outpatient,69512,15,15,880.0,58.67,60.0
Outpatient,1349,4,4,880.0,220.0,70.0
Outpatient,37121,6,6,870.0,145.0,60.0
Outpatient,V681,7,7,870.0,124.29,20.0
Outpatient,65550,7,7,870.0,124.29,70.0
Outpatient,9611,7,7,870.0,124.29,40.0
Outpatient,64843,6,6,870.0,145.0,135.0
Outpatient,29283,6,6,870.0,145.0,85.0
Outpatient,71233,16,16,870.0,54.38,45.0
Outpatient,20165,3,3,870.0,290.0,40.0
Outpatient,37883,5,5,870.0,174.0,200.0
Outpatient,V629,9,9,870.0,96.67,50.0
Outpatient,36751,7,7,870.0,124.29,60.0
Outpatient,9721,6,6,870.0,145.0,90.0
Outpatient,3821,13,13,870.0,66.92,60.0
Outpatient,80106,5,5,870.0,174.0,200.0
Outpatient,38332,9,9,870.0,96.67,90.0
Outpatient,30111,4,4,870.0,217.5,195.0
Outpatient,0542,5,5,870.0,174.0,100.0
Outpatient,52569,10,10,860.0,86.0,40.0
Outpatient,37485,2,2,860.0,430.0,430.0
Outpatient,37635,5,5,860.0,172.0,90.0
Outpatient,30431,5,5,860.0,172.0,200.0
Outpatient,07819,7,7,860.0,122.86,100.0
Outpatient,3023,4,4,860.0,215.0,100.0
Outpatient,75265,3,3,860.0,286.67,300.0
Outpatient,74740,4,4,860.0,215.0,225.0
Outpatient,36965,10,10,860.0,86.0,95.0
Outpatient,74253,6,6,860.0,143.33,95.0
Outpatient,52476,5,5,850.0,170.0,50.0
Outpatient,V0980,5,5,850.0,170.0,70.0
Outpatient,1231,3,3,850.0,283.33,100.0
Outpatient,V799,9,9,850.0,94.44,80.0
Outpatient,64420,6,6,850.0,141.67,90.0
Outpatient,V602,6,6,850.0,141.67,95.0
Outpatient,9634,7,7,850.0,121.43,70.0
Outpatient,30581,8,8,850.0,106.25,75.0
Outpatient,05313,7,7,850.0,121.43,60.0
Outpatient,52524,8,8,850.0,106.25,70.0
Outpatient,52131,10,10,850.0,85.0,65.0
Outpatient,74781,6,6,850.0,141.67,60.0
Outpatient,30189,5,5,850.0,170.0,80.0
Outpatient,7366,8,8,840.0,105.0,85.0
Outpatient,3823,12,12,840.0,70.0,90.0
Outpatient,30402,6,6,840.0,140.0,135.0
Outpatient,05912,9,9,840.0,93.33,70.0
Outpatient,7465,3,3,840.0,280.0,400.0
Outpatient,6246,14,14,840.0,60.0,45.0
Outpatient,2349,5,5,840.0,168.0,200.0
Outpatient,36842,5,5,840.0,168.0,100.0
Outpatient,7450,5,4,840.0,168.0,30.0
Outpatient,36905,8,8,840.0,105.0,65.0
Outpatient,3337,13,13,840.0,64.62,60.0
Outpatient,07810,9,9,830.0,92.22,60.0
Outpatient,80181,2,2,830.0,415.0,415.0
Outpatient,61689,9,9,830.0,92.22,60.0
Outpatient,34409,7,7,830.0,118.57,80.0
Outpatient,9760,3,3,830.0,276.67,300.0
Outpatient,V6106,9,9,830.0,92.22,50.0
Outpatient,6141,14,14,830.0,59.29,65.0
Outpatient,6164,13,13,830.0,63.85,60.0
Outpatient,V2032,10,10,830.0,83.0,65.0
Outpatient,38189,14,14,820.0,58.57,60.0
Outpatient,99520,8,8,820.0,102.5,50.0
Outpatient,9681,7,7,820.0,117.14,80.0
Outpatient,07988,8,8,820.0,102.5,60.0
Outpatient,6234,13,13,820.0,63.08,50.0
Outpatient,71217,13,13,820.0,63.08,50.0
Outpatient,30750,5,5,820.0,164.0,80.0
Outpatient,3674,3,3,820.0,273.33,300.0
Outpatient,0039,7,7,820.0,117.14,90.0
Outpatient,80114,3,3,820.0,273.33,200.0
Outpatient,3738,6,6,820.0,136.67,100.0
Outpatient,71193,3,3,820.0,273.33,200.0
Outpatient,75323,6,6,820.0,136.67,50.0
Outpatient,3148,7,7,820.0,117.14,100.0
Outpatient,1940,2,2,820.0,410.0,410.0
Outpatient,52114,11,11,820.0,74.55,60.0
Outpatient,V1044,7,7,820.0,117.14,50.0
Outpatient,1362,3,3,820.0,273.33,70.0
Outpatient,9736,3,3,820.0,273.33,100.0
Outpatient,9671,5,5,810.0,162.0,200.0
Outpatient,36300,4,4,810.0,202.5,145.0
Outpatient,37902,7,7,810.0,115.71,100.0
Outpatient,74760,8,8,810.0,101.25,85.0
Outpatient,80044,3,3,810.0,270.0,100.0
Outpatient,1288,6,6,810.0,135.0,25.0
Outpatient,30651,4,4,810.0,202.5,85.0
Outpatient,52109,7,7,810.0,115.71,30.0
Outpatient,05310,7,7,810.0,115.71,60.0
Outpatient,74510,4,4,810.0,202.5,180.0
Outpatient,52544,4,4,810.0,202.5,75.0
Outpatient,0668,8,8,810.0,101.25,95.0
Outpatient,80365,2,2,800.0,400.0,400.0
Outpatient,23332,4,4,800.0,200.0,80.0
Outpatient,64863,1,1,800.0,800.0,800.0
Outpatient,0070,2,2,800.0,400.0,400.0
Outpatient,85121,3,3,800.0,266.67,200.0
Outpatient,9279,1,1,800.0,800.0,800.0
Outpatient,86121,1,1,800.0,800.0,800.0
Outpatient,85243,2,2,800.0,400.0,400.0
Outpatient,37612,8,8,800.0,100.0,60.0
Outpatient,0200,5,5,800.0,160.0,60.0
Outpatient,80439,2,2,800.0,400.0,400.0
Outpatient,20266,2,2,800.0,400.0,400.0
Outpatient,V1361,2,2,800.0,400.0,400.0
Outpatient,31233,10,10,800.0,80.0,80.0
Outpatient,80320,2,2,800.0,400.0,400.0
Outpatient,85313,1,1,800.0,800.0,800.0
Outpatient,0720,5,5,800.0,160.0,60.0
Outpatient,71135,6,6,800.0,133.33,35.0
Outpatient,80380,2,2,800.0,400.0,400.0
Outpatient,33392,3,3,800.0,266.67,100.0
Outpatient,80450,2,2,800.0,400.0,400.0
Outpatient,80066,2,2,800.0,400.0,400.0
Outpatient,96903,2,2,800.0,400.0,400.0
Outpatient,36781,10,10,800.0,80.0,60.0
Outpatient,80499,2,2,800.0,400.0,400.0
Outpatient,85196,2,2,800.0,400.0,400.0
Outpatient,7422,4,4,800.0,200.0,200.0
Outpatient,E9510,2,2,800.0,400.0,400.0
Outpatient,95201,3,3,800.0,266.67,200.0
Outpatient,3071,2,2,800.0,400.0,400.0
Outpatient,64870,4,4,800.0,200.0,200.0
Outpatient,85193,2,2,800.0,400.0,400.0
Outpatient,64900,2,2,800.0,400.0,400.0
Outpatient,28983,15,15,800.0,53.33,40.0
Outpatient,30411,2,2,800.0,400.0,400.0
Outpatient,96569,5,5,800.0,160.0,100.0
Outpatient,92701,1,1,800.0,800.0,800.0
Outpatient,7455,3,3,800.0,266.67,300.0
Outpatient,67113,2,2,800.0,400.0,400.0
Outpatient,0209,3,3,800.0,266.67,100.0
Outpatient,5269,3,3,800.0,266.67,200.0
Outpatient,1764,3,3,800.0,266.67,200.0
Outpatient,30421,4,4,800.0,200.0,175.0
Outpatient,30580,2,2,800.0,400.0,400.0
Outpatient,85122,1,1,800.0,800.0,800.0
Outpatient,80237,2,2,800.0,400.0,400.0
Outpatient,80061,2,2,800.0,400.0,400.0
Outpatient,85304,2,2,800.0,400.0,400.0
Outpatient,85215,3,3,800.0,266.67,300.0
Outpatient,E9552,3,3,800.0,266.67,400.0
Outpatient,36920,8,8,790.0,98.75,75.0
Outpatient,0500,7,7,790.0,112.86,60.0
Outpatient,061,11,11,790.0,71.82,70.0
Outpatient,690,17,17,790.0,46.47,40.0
Outpatient,11599,22,22,790.0,35.91,20.0
Outpatient,0502,9,9,790.0,87.78,70.0
Outpatient,98981,8,8,790.0,98.75,70.0
Outpatient,6959,14,14,790.0,56.43,55.0
Outpatient,29212,6,6,790.0,131.67,85.0
Outpatient,36913,7,7,790.0,112.86,100.0
Outpatient,71108,4,4,790.0,197.5,200.0
Outpatient,0308,5,5,780.0,156.0,60.0
Outpatient,79514,5,5,780.0,156.0,60.0
Outpatient,37531,6,6,780.0,130.0,90.0
Outpatient,0739,8,8,780.0,97.5,60.0
Outpatient,V6101,9,9,780.0,86.67,60.0
Outpatient,9618,4,4,780.0,195.0,135.0
Outpatient,74300,3,3,780.0,260.0,200.0
Outpatient,30752,6,6,780.0,130.0,85.0
Outpatient,28952,17,17,780.0,45.88,20.0
Outpatient,74369,3,3,780.0,260.0,100.0
Outpatient,36906,7,7,780.0,111.43,80.0
Outpatient,36907,9,9,780.0,86.67,100.0
Outpatient,36402,9,9,770.0,85.56,90.0
Outpatient,5212,7,7,770.0,110.0,70.0
Outpatient,04101,3,3,770.0,256.67,100.0
Outpatient,V624,11,11,770.0,70.0,30.0
Outpatient,75733,5,5,770.0,154.0,100.0
Outpatient,86399,2,2,770.0,385.0,385.0
Outpatient,05609,6,6,770.0,128.33,60.0
Outpatient,64881,6,6,770.0,128.33,70.0
Outpatient,5839,5,5,770.0,154.0,30.0
Outpatient,75023,2,2,760.0,380.0,380.0
Outpatient,36967,5,5,760.0,152.0,100.0
Outpatient,316,5,5,760.0,152.0,90.0
Outpatient,3870,8,8,760.0,95.0,75.0
Outpatient,20152,3,3,760.0,253.33,100.0
Outpatient,71219,22,22,760.0,34.55,30.0
Outpatient,7515,2,2,760.0,380.0,380.0
Outpatient,30420,5,5,750.0,150.0,100.0
Outpatient,V658,11,11,750.0,68.18,50.0
Outpatient,7401,2,2,750.0,375.0,375.0
Outpatient,36065,4,4,750.0,187.5,200.0
Outpatient,38301,10,10,750.0,75.0,60.0
Outpatient,6252,13,13,750.0,57.69,60.0
Outpatient,30482,5,5,750.0,150.0,100.0
Outpatient,5710,8,8,750.0,93.75,65.0
Outpatient,37243,8,8,740.0,92.5,95.0
Outpatient,03281,8,8,740.0,92.5,70.0
Outpatient,1200,4,4,740.0,185.0,60.0
Outpatient,1040,3,3,740.0,246.67,100.0
Outpatient,6941,14,14,740.0,52.86,60.0
Outpatient,V112,9,9,740.0,82.22,90.0
Outpatient,36815,6,6,740.0,123.33,90.0
Outpatient,5228,4,4,740.0,185.0,170.0
Outpatient,37255,5,5,740.0,148.0,100.0
Outpatient,71174,7,7,740.0,105.71,100.0
Outpatient,38105,12,11,740.0,61.67,60.0
Outpatient,36353,4,4,740.0,185.0,150.0
Outpatient,5285,8,8,740.0,92.5,85.0
Outpatient,9894,6,6,740.0,123.33,75.0
Outpatient,V793,9,9,740.0,82.22,40.0
Outpatient,36974,6,6,730.0,121.67,95.0
Outpatient,71124,3,3,730.0,243.33,100.0
Outpatient,71118,3,3,730.0,243.33,300.0
Outpatient,71104,7,7,730.0,104.29,90.0
Outpatient,71103,2,2,730.0,365.0,365.0
Outpatient,64130,3,3,730.0,243.33,300.0
Outpatient,9890,6,6,730.0,121.67,135.0
Outpatient,V6129,9,9,730.0,81.11,70.0
Outpatient,9841,4,4,730.0,182.5,140.0
Outpatient,74320,4,4,730.0,182.5,160.0
Outpatient,0600,7,7,730.0,104.29,80.0
Outpatient,0552,9,9,720.0,80.0,80.0
Outpatient,52481,6,6,720.0,120.0,100.0
Outpatient,3824,8,8,720.0,90.0,65.0
Outpatient,71192,5,5,720.0,144.0,100.0
Outpatient,9709,5,5,720.0,144.0,200.0
Outpatient,30451,7,7,720.0,102.86,80.0
Outpatient,71185,4,4,720.0,180.0,150.0
Outpatient,V6519,12,12,720.0,60.0,55.0
Outpatient,52422,6,6,720.0,120.0,60.0
Outpatient,3129,6,6,720.0,120.0,60.0
Outpatient,9719,3,3,720.0,240.0,100.0
Outpatient,3689,5,5,720.0,144.0,100.0
Outpatient,0339,8,8,720.0,90.0,70.0
Outpatient,80633,3,3,720.0,240.0,70.0
Outpatient,71138,6,6,720.0,120.0,95.0
Outpatient,9790,5,5,720.0,144.0,60.0
Outpatient,80385,3,3,720.0,240.0,70.0
Outpatient,30533,3,3,720.0,240.0,200.0
Outpatient,52520,3,3,720.0,240.0,100.0
Outpatient,30521,4,4,720.0,180.0,150.0
Outpatient,9659,2,2,710.0,355.0,355.0
Outpatient,0871,4,4,710.0,177.5,55.0
Outpatient,31202,3,3,710.0,236.67,90.0
Outpatient,71847,4,4,710.0,177.5,185.0
Outpatient,9633,2,2,710.0,355.0,355.0
Outpatient,1944,6,6,710.0,118.33,85.0
Outpatient,0528,8,8,710.0,88.75,70.0
Outpatient,37204,11,11,710.0,64.55,50.0
Outpatient,1428,9,9,710.0,78.89,50.0
Outpatient,38501,12,12,710.0,59.17,60.0
Outpatient,20124,1,1,700.0,700.0,700.0
Outpatient,80618,1,1,700.0,700.0,700.0
Outpatient,E9572,1,1,700.0,700.0,700.0
Outpatient,96905,2,2,700.0,350.0,350.0
Outpatient,85184,2,2,700.0,350.0,350.0
Outpatient,80444,1,1,700.0,700.0,700.0
Outpatient,8027,1,1,700.0,700.0,700.0
Outpatient,3679,5,5,700.0,140.0,100.0
Outpatient,86380,1,1,700.0,700.0,700.0
Outpatient,4958,4,4,700.0,175.0,130.0
Outpatient,0914,1,1,700.0,700.0,700.0
Outpatient,64303,1,1,700.0,700.0,700.0
Outpatient,85235,1,1,700.0,700.0,700.0
Outpatient,73629,6,6,700.0,116.67,90.0
Outpatient,09953,1,1,700.0,700.0,700.0
Outpatient,71610,5,5,700.0,140.0,200.0
Outpatient,80126,2,2,700.0,350.0,350.0
Outpatient,85163,1,1,700.0,700.0,700.0
Outpatient,80493,1,1,700.0,700.0,700.0
Outpatient,05411,11,11,700.0,63.64,60.0
Outpatient,32081,1,1,700.0,700.0,700.0
Outpatient,74101,2,2,700.0,350.0,350.0
Outpatient,20171,1,1,700.0,700.0,700.0
Outpatient,80175,1,1,700.0,700.0,700.0
Outpatient,29282,4,4,700.0,175.0,100.0
Outpatient,E9531,2,2,700.0,350.0,350.0
Outpatient,1322,3,3,700.0,233.33,200.0
Outpatient,80115,1,1,700.0,700.0,700.0
Outpatient,80446,2,2,700.0,350.0,350.0
Outpatient,80623,1,1,700.0,700.0,700.0
Outpatient,30442,2,2,700.0,350.0,350.0
Outpatient,85172,1,1,700.0,700.0,700.0
Outpatient,80482,2,2,700.0,350.0,350.0
Outpatient,64080,2,2,700.0,350.0,350.0
Outpatient,04189,2,2,700.0,350.0,350.0
Outpatient,0902,1,1,700.0,700.0,700.0
Outpatient,20231,3,3,700.0,233.33,200.0
Outpatient,20191,1,1,700.0,700.0,700.0
Outpatient,9731,2,2,700.0,350.0,350.0
Outpatient,07272,14,14,700.0,50.0,55.0
Outpatient,86389,1,1,700.0,700.0,700.0
Outpatient,94132,1,1,700.0,700.0,700.0
Outpatient,0784,7,7,700.0,100.0,70.0
Outpatient,31282,3,3,700.0,233.33,90.0
Outpatient,20252,2,2,700.0,350.0,350.0
Outpatient,71145,5,5,700.0,140.0,200.0
Outpatient,85245,1,1,700.0,700.0,700.0
Outpatient,07889,11,11,700.0,63.64,60.0
Outpatient,52572,3,3,700.0,233.33,100.0
Outpatient,64892,2,2,700.0,350.0,350.0
Outpatient,75263,7,7,700.0,100.0,70.0
Outpatient,80471,2,2,700.0,350.0,350.0
Outpatient,94323,1,1,700.0,700.0,700.0
Outpatient,3022,4,4,690.0,172.5,70.0
Outpatient,38522,8,8,690.0,86.25,90.0
Outpatient,74100,5,5,690.0,138.0,100.0
Outpatient,38424,8,8,690.0,86.25,65.0
Outpatient,42293,7,7,690.0,98.57,30.0
Outpatient,V6281,10,10,690.0,69.0,45.0
Outpatient,71107,5,5,690.0,138.0,100.0
Outpatient,80103,3,3,690.0,230.0,90.0
Outpatient,5299,10,10,690.0,69.0,60.0
Outpatient,V6103,9,9,690.0,76.67,70.0
Outpatient,9881,5,5,690.0,138.0,100.0
Outpatient,52540,6,6,690.0,115.0,45.0
Outpatient,3063,4,4,690.0,172.5,180.0
Outpatient,3694,4,4,680.0,170.0,100.0
Outpatient,3026,5,5,680.0,136.0,80.0
Outpatient,3734,7,7,680.0,97.14,60.0
Outpatient,71176,5,5,680.0,136.0,100.0
Outpatient,27400,12,12,680.0,56.67,40.0
Outpatient,V6289,3,3,680.0,226.67,200.0
Outpatient,0559,8,8,680.0,85.0,65.0
Outpatient,52669,3,3,680.0,226.67,100.0
Outpatient,65171,9,9,680.0,75.56,30.0
Outpatient,7537,4,4,680.0,170.0,125.0
Outpatient,0779,4,4,670.0,167.5,40.0
Outpatient,1251,4,4,670.0,167.5,125.0
Outpatient,5291,8,8,670.0,83.75,70.0
Outpatient,7361,3,3,670.0,223.33,200.0
Outpatient,5200,7,7,670.0,95.71,60.0
Outpatient,73007,6,6,670.0,111.67,85.0
Outpatient,5295,10,10,670.0,67.0,45.0
Outpatient,0318,3,3,670.0,223.33,200.0
Outpatient,V6108,9,9,670.0,74.44,40.0
Outpatient,9854,3,3,670.0,223.33,200.0
Outpatient,37452,4,4,660.0,165.0,30.0
Outpatient,9648,5,5,660.0,132.0,20.0
Outpatient,71159,6,6,660.0,110.0,70.0
Outpatient,1391,7,7,660.0,94.29,60.0
Outpatient,38502,11,11,660.0,60.0,70.0
Outpatient,94854,4,4,660.0,165.0,180.0
Outpatient,30562,8,8,660.0,82.5,35.0
Outpatient,53211,3,3,660.0,220.0,100.0
Outpatient,80345,3,3,660.0,220.0,200.0
Outpatient,101,3,3,660.0,220.0,30.0
Outpatient,V601,8,8,660.0,82.5,60.0
Outpatient,36401,7,7,660.0,94.29,80.0
Outpatient,73085,2,2,660.0,330.0,330.0
Outpatient,04181,4,4,660.0,165.0,65.0
Outpatient,9621,6,6,660.0,110.0,115.0
Outpatient,71117,5,5,660.0,132.0,90.0
Outpatient,37922,4,4,660.0,165.0,60.0
Outpatient,07888,6,6,660.0,110.0,65.0
Outpatient,3708,6,6,660.0,110.0,75.0
Outpatient,71197,6,6,660.0,110.0,90.0
Outpatient,80349,2,2,660.0,330.0,330.0
Outpatient,0780,5,5,660.0,132.0,100.0
Outpatient,7467,3,3,660.0,220.0,200.0
Outpatient,7525,4,4,660.0,165.0,100.0
Outpatient,71191,2,2,660.0,330.0,330.0
Outpatient,36964,3,3,660.0,220.0,90.0
Outpatient,71119,5,5,650.0,130.0,90.0
Outpatient,53531,8,8,650.0,81.25,80.0
Outpatient,00861,6,6,650.0,108.33,50.0
Outpatient,6971,16,15,650.0,40.63,35.0
Outpatient,53231,3,3,650.0,216.67,30.0
Outpatient,80343,2,2,650.0,325.0,325.0
Outpatient,73620,6,6,650.0,108.33,80.0
Outpatient,981,5,5,650.0,130.0,30.0
Outpatient,30422,5,5,650.0,130.0,60.0
Outpatient,5712,7,7,650.0,92.86,80.0
Outpatient,9821,4,4,650.0,162.5,200.0
Outpatient,05444,7,7,640.0,91.43,50.0
Outpatient,30749,4,4,640.0,160.0,135.0
Outpatient,V630,7,7,640.0,91.43,100.0
Outpatient,05671,5,5,640.0,128.0,70.0
Outpatient,30410,4,4,640.0,160.0,85.0
Outpatient,1221,6,6,640.0,106.67,65.0
Outpatient,9895,5,5,640.0,128.0,100.0
Outpatient,71121,4,4,640.0,160.0,95.0
Outpatient,71155,6,6,640.0,106.67,75.0
Outpatient,30401,4,4,640.0,160.0,110.0
Outpatient,71123,6,6,640.0,106.67,100.0
Outpatient,71190,6,6,630.0,105.0,50.0
Outpatient,38053,14,14,630.0,45.0,40.0
Outpatient,0578,9,9,630.0,70.0,70.0
Outpatient,30510,11,11,630.0,57.27,60.0
Outpatient,64191,2,2,630.0,315.0,315.0
Outpatient,30252,3,3,630.0,210.0,70.0
Outpatient,5250,10,10,630.0,63.0,55.0
Outpatient,0851,7,7,630.0,90.0,50.0
Outpatient,71115,3,3,630.0,210.0,80.0
Outpatient,0846,2,2,630.0,315.0,315.0
Outpatient,0794,4,4,630.0,157.5,60.0
Outpatient,37022,5,5,630.0,126.0,60.0
Outpatient,37206,6,6,630.0,105.0,70.0
Outpatient,0050,6,6,630.0,105.0,80.0
Outpatient,52453,6,6,630.0,105.0,65.0
Outpatient,30453,5,5,620.0,124.0,90.0
Outpatient,75025,3,3,620.0,206.67,200.0
Outpatient,9840,5,5,620.0,124.0,80.0
Outpatient,3709,4,4,620.0,155.0,85.0
Outpatient,52463,10,10,620.0,62.0,55.0
Outpatient,0598,5,5,620.0,124.0,100.0
Outpatient,9660,4,4,620.0,155.0,150.0
Outpatient,9774,3,3,620.0,206.67,300.0
Outpatient,74303,2,2,620.0,310.0,310.0
Outpatient,30650,5,5,620.0,124.0,100.0
Outpatient,38160,6,6,620.0,103.33,85.0
Outpatient,30741,6,6,620.0,103.33,75.0
Outpatient,9642,4,4,610.0,152.5,150.0
Outpatient,20140,4,4,610.0,152.5,140.0
Outpatient,80195,2,2,610.0,305.0,305.0
Outpatient,5201,7,7,610.0,87.14,100.0
Outpatient,52475,8,8,610.0,76.25,30.0
Outpatient,30472,9,9,610.0,67.78,20.0
Outpatient,0418,8,8,610.0,76.25,40.0
Outpatient,36021,2,2,610.0,305.0,305.0
Outpatient,5242,4,4,610.0,152.5,55.0
Outpatient,98982,7,7,610.0,87.14,60.0
Outpatient,7488,6,6,610.0,101.67,65.0
Outpatient,30283,4,4,610.0,152.5,80.0
Outpatient,80024,2,2,600.0,300.0,300.0
Outpatient,64380,2,2,600.0,300.0,300.0
Outpatient,E9518,2,2,600.0,300.0,300.0
Outpatient,85152,1,1,600.0,600.0,600.0
Outpatient,76072,2,2,600.0,300.0,300.0
Outpatient,0823,6,6,600.0,100.0,95.0
Outpatient,36810,7,7,600.0,85.71,60.0
Outpatient,80023,1,1,600.0,600.0,600.0
Outpatient,V655,8,8,600.0,75.0,35.0
Outpatient,85183,1,1,600.0,600.0,600.0
Outpatient,86229,1,1,600.0,600.0,600.0
Outpatient,7457,2,2,600.0,300.0,300.0
Outpatient,0511,8,8,600.0,75.0,45.0
Outpatient,65170,4,4,600.0,150.0,75.0
Outpatient,5670,5,5,600.0,120.0,30.0
Outpatient,86356,2,2,600.0,300.0,300.0
Outpatient,80089,1,1,600.0,600.0,600.0
Outpatient,4748,10,10,600.0,60.0,55.0
Outpatient,56789,2,2,600.0,300.0,300.0
Outpatient,37533,10,10,600.0,60.0,55.0
Outpatient,99527,2,2,600.0,300.0,300.0
Outpatient,E9585,1,1,600.0,600.0,600.0
Outpatient,0841,4,4,600.0,150.0,125.0
Outpatient,74681,2,2,600.0,300.0,300.0
Outpatient,94156,2,2,600.0,300.0,300.0
Outpatient,64652,2,2,600.0,300.0,300.0
Outpatient,V6229,9,9,600.0,66.67,50.0
Outpatient,29289,4,4,600.0,150.0,80.0
Outpatient,75831,2,2,600.0,300.0,300.0
Outpatient,85123,2,2,600.0,300.0,300.0
Outpatient,75889,2,2,600.0,300.0,300.0
Outpatient,94147,2,2,600.0,300.0,300.0
Outpatient,7470,1,1,600.0,600.0,600.0
Outpatient,64741,3,3,600.0,200.0,200.0
Outpatient,V6149,9,9,600.0,66.67,70.0
Outpatient,73082,4,4,600.0,150.0,145.0
Outpatient,8020,2,2,600.0,300.0,300.0
Outpatient,52322,10,10,600.0,60.0,30.0
Outpatient,64653,2,2,600.0,300.0,300.0
Outpatient,73034,3,3,600.0,200.0,200.0
Outpatient,0860,1,1,600.0,600.0,600.0
Outpatient,80069,1,1,600.0,600.0,600.0
Outpatient,E9530,2,2,600.0,300.0,300.0
Outpatient,9893,3,3,600.0,200.0,200.0
Outpatient,30483,5,5,600.0,120.0,70.0
Outpatient,85213,2,2,600.0,300.0,300.0
Outpatient,E954,2,2,600.0,300.0,300.0
Outpatient,85159,1,1,600.0,600.0,600.0
Outpatient,86111,1,1,600.0,600.0,600.0
Outpatient,80096,1,1,600.0,600.0,600.0
Outpatient,80382,2,2,600.0,300.0,300.0
Outpatient,74924,1,1,600.0,600.0,600.0
Outpatient,80194,2,2,600.0,300.0,300.0
Outpatient,36863,6,6,600.0,100.0,75.0
Outpatient,0870,1,1,600.0,600.0,600.0
Outpatient,74901,1,1,600.0,600.0,600.0
Outpatient,80150,2,2,600.0,300.0,300.0
Outpatient,80361,2,2,600.0,300.0,300.0
Outpatient,04523,3,3,600.0,200.0,200.0
Outpatient,75525,2,2,600.0,300.0,300.0
Outpatient,94529,2,2,600.0,300.0,300.0
Outpatient,90231,1,1,600.0,600.0,600.0
Outpatient,95217,1,1,600.0,600.0,600.0
Outpatient,94448,1,1,600.0,600.0,600.0
Outpatient,5215,5,5,600.0,120.0,100.0
Outpatient,75653,1,1,600.0,600.0,600.0
Outpatient,080,4,4,600.0,150.0,35.0
Outpatient,20148,1,1,600.0,600.0,600.0
Outpatient,8024,1,1,600.0,600.0,600.0
Outpatient,79505,1,1,600.0,600.0,600.0
Outpatient,80459,3,3,600.0,200.0,100.0
Outpatient,30440,3,3,600.0,200.0,200.0
Outpatient,64734,3,3,600.0,200.0,200.0
Outpatient,9522,1,1,600.0,600.0,600.0
Outpatient,1649,5,5,600.0,120.0,100.0
Outpatient,85110,1,1,600.0,600.0,600.0
Outpatient,30181,4,4,600.0,150.0,70.0
Outpatient,85111,1,1,600.0,600.0,600.0
Outpatient,80000,1,1,600.0,600.0,600.0
Outpatient,36332,2,2,590.0,295.0,295.0
Outpatient,52436,4,4,590.0,147.5,65.0
Outpatient,30781,3,3,590.0,196.67,200.0
Outpatient,75015,3,3,590.0,196.67,50.0
Outpatient,7903,9,9,590.0,65.56,70.0
Outpatient,7443,2,2,590.0,295.0,295.0
Outpatient,74923,4,4,590.0,147.5,80.0
Outpatient,36034,4,4,590.0,147.5,125.0
Outpatient,37410,7,7,590.0,84.29,90.0
Outpatient,V610,13,13,590.0,45.38,50.0
Outpatient,V6545,14,14,590.0,42.14,45.0
Outpatient,71143,3,3,590.0,196.67,60.0
Outpatient,3006,4,4,590.0,147.5,70.0
Outpatient,42091,13,13,590.0,45.38,10.0
Outpatient,0550,2,2,590.0,295.0,295.0
Outpatient,36912,8,8,590.0,73.75,85.0
Outpatient,9792,4,4,580.0,145.0,75.0
Outpatient,30759,4,4,580.0,145.0,75.0
Outpatient,V6110,10,10,580.0,58.0,40.0
Outpatient,71189,6,6,580.0,96.67,70.0
Outpatient,75550,2,2,580.0,290.0,290.0
Outpatient,V6124,11,11,580.0,52.73,60.0
Outpatient,9070,2,2,580.0,290.0,290.0
Outpatient,V430,5,5,580.0,116.0,80.0
Outpatient,75242,7,7,580.0,82.86,60.0
Outpatient,74336,5,5,580.0,116.0,90.0
Outpatient,37052,9,9,580.0,64.44,60.0
Outpatient,64893,3,3,580.0,193.33,40.0
Outpatient,7383,2,2,580.0,290.0,290.0
Outpatient,37050,3,3,580.0,193.33,200.0
Outpatient,9682,2,2,570.0,285.0,285.0
Outpatient,37931,5,5,570.0,114.0,50.0
Outpatient,5277,5,5,570.0,114.0,60.0
Outpatient,94821,2,2,570.0,285.0,285.0
Outpatient,30285,6,6,570.0,95.0,55.0
Outpatient,7505,2,2,570.0,285.0,285.0
Outpatient,58381,4,4,570.0,142.5,65.0
Outpatient,0728,8,8,570.0,71.25,60.0
Outpatient,9623,8,8,570.0,71.25,15.0
Outpatient,52405,6,6,570.0,95.0,70.0
Outpatient,7458,2,2,570.0,285.0,285.0
Outpatient,1236,3,3,570.0,190.0,100.0
Outpatient,36403,6,6,570.0,95.0,65.0
Outpatient,71286,10,10,570.0,57.0,60.0
Outpatient,80119,2,2,560.0,280.0,280.0
Outpatient,30513,10,10,560.0,56.0,50.0
Outpatient,5279,11,11,560.0,50.91,50.0
Outpatient,5207,3,3,560.0,186.67,100.0
Outpatient,00324,4,4,560.0,140.0,125.0
Outpatient,9764,4,4,560.0,140.0,125.0
Outpatient,5353,7,7,560.0,80.0,70.0
Outpatient,36801,8,8,560.0,70.0,65.0
Outpatient,71153,5,5,560.0,112.0,100.0
Outpatient,38481,11,11,550.0,50.0,60.0
Outpatient,6908,11,11,550.0,50.0,30.0
Outpatient,71129,6,6,550.0,91.67,35.0
Outpatient,V1508,11,11,550.0,50.0,50.0
Outpatient,36310,5,5,550.0,110.0,50.0
Outpatient,3024,5,5,550.0,110.0,80.0
Outpatient,20482,8,8,550.0,68.75,30.0
Outpatient,1225,5,5,550.0,110.0,70.0
Outpatient,9873,2,2,550.0,275.0,275.0
Outpatient,1879,2,2,550.0,275.0,275.0
Outpatient,V6105,6,6,550.0,91.67,75.0
Outpatient,74721,3,3,550.0,183.33,90.0
Outpatient,71198,5,5,550.0,110.0,90.0
Outpatient,3013,3,3,550.0,183.33,100.0
Outpatient,0549,6,6,550.0,91.67,80.0
Outpatient,36453,4,4,550.0,137.5,150.0
Outpatient,64403,4,4,550.0,137.5,100.0
Outpatient,0041,11,11,550.0,50.0,60.0
Outpatient,37633,5,5,540.0,108.0,60.0
Outpatient,37824,4,4,540.0,135.0,90.0
Outpatient,31281,5,5,540.0,108.0,70.0
Outpatient,30110,5,5,540.0,108.0,60.0
Outpatient,85253,3,3,540.0,180.0,30.0
Outpatient,36812,4,4,540.0,135.0,145.0
Outpatient,05311,7,7,540.0,77.14,70.0
Outpatient,04100,5,5,540.0,108.0,40.0
Outpatient,80099,2,2,540.0,270.0,270.0
Outpatient,0570,6,6,540.0,90.0,75.0
Outpatient,37144,6,6,540.0,90.0,55.0
Outpatient,5286,8,8,540.0,67.5,60.0
Outpatient,71137,5,5,530.0,106.0,50.0
Outpatient,1302,5,5,530.0,106.0,100.0
Outpatient,9828,4,4,530.0,132.5,90.0
Outpatient,37023,7,7,530.0,75.71,60.0
Outpatient,36308,5,5,530.0,106.0,90.0
Outpatient,71158,7,7,530.0,75.71,90.0
Outpatient,037,4,4,530.0,132.5,150.0
Outpatient,37301,7,7,530.0,75.71,60.0
Outpatient,V6121,4,4,530.0,132.5,85.0
Outpatient,71187,3,3,530.0,176.67,200.0
Outpatient,36814,7,7,530.0,75.71,70.0
Outpatient,36335,6,6,530.0,88.33,75.0
Outpatient,30744,3,3,530.0,176.67,70.0
Outpatient,7466,4,4,530.0,132.5,55.0
Outpatient,36904,6,6,530.0,88.33,90.0
Outpatient,V6111,6,6,530.0,88.33,85.0
Outpatient,94864,2,2,530.0,265.0,265.0
Outpatient,0312,4,4,520.0,130.0,135.0
Outpatient,9757,3,3,520.0,173.33,90.0
Outpatient,36918,7,7,520.0,74.29,50.0
Outpatient,52560,8,8,520.0,65.0,50.0
Outpatient,38129,9,9,520.0,57.78,60.0
Outpatient,29389,8,8,520.0,65.0,70.0
Outpatient,80034,3,3,520.0,173.33,200.0
Outpatient,52311,8,8,520.0,65.0,65.0
Outpatient,75833,5,5,520.0,104.0,100.0
Outpatient,36019,4,4,520.0,130.0,80.0
Outpatient,71169,3,3,520.0,173.33,100.0
Outpatient,30284,5,5,520.0,104.0,100.0
Outpatient,9769,4,4,520.0,130.0,85.0
Outpatient,37060,7,7,520.0,74.29,70.0
Outpatient,5711,3,3,520.0,173.33,60.0
Outpatient,9639,3,3,520.0,173.33,10.0
Outpatient,1210,5,5,520.0,104.0,40.0
Outpatient,9649,2,2,520.0,260.0,260.0
Outpatient,73017,5,5,520.0,104.0,80.0
Outpatient,80401,3,3,510.0,170.0,70.0
Outpatient,73038,4,4,510.0,127.5,135.0
Outpatient,52130,7,7,510.0,72.86,0.0
Outpatient,29211,4,4,510.0,127.5,55.0
Outpatient,13102,2,2,510.0,255.0,255.0
Outpatient,7514,2,2,510.0,255.0,255.0
Outpatient,36000,8,8,510.0,63.75,60.0
Outpatient,V623,13,13,510.0,39.23,30.0
Outpatient,75261,4,4,510.0,127.5,150.0
Outpatient,0769,7,7,510.0,72.86,70.0
Outpatient,52479,6,6,510.0,85.0,55.0
Outpatient,9768,3,3,510.0,170.0,200.0
Outpatient,9613,1,1,500.0,500.0,500.0
Outpatient,80133,1,1,500.0,500.0,500.0
Outpatient,37950,1,1,500.0,500.0,500.0
Outpatient,71165,2,2,500.0,250.0,250.0
Outpatient,V221,8,8,500.0,62.5,45.0
Outpatient,9684,3,3,500.0,166.67,100.0
Outpatient,1027,3,3,500.0,166.67,60.0
Outpatient,7534,1,1,500.0,500.0,500.0
Outpatient,80225,1,1,500.0,500.0,500.0
Outpatient,80060,1,1,500.0,500.0,500.0
Outpatient,36455,5,5,500.0,100.0,60.0
Outpatient,0737,9,9,500.0,55.56,50.0
Outpatient,80449,1,1,500.0,500.0,500.0
Outpatient,80356,1,1,500.0,500.0,500.0
Outpatient,64910,3,3,500.0,166.67,200.0
Outpatient,V722,5,5,500.0,100.0,50.0
Outpatient,7452,4,4,500.0,125.0,80.0
Outpatient,90221,1,1,500.0,500.0,500.0
Outpatient,85101,1,1,500.0,500.0,500.0
Outpatient,94231,3,3,500.0,166.67,50.0
Outpatient,80373,1,1,500.0,500.0,500.0
Outpatient,80422,1,1,500.0,500.0,500.0
Outpatient,80662,1,1,500.0,500.0,500.0
Outpatient,85129,1,1,500.0,500.0,500.0
Outpatient,94145,2,2,500.0,250.0,250.0
Outpatient,96904,2,2,500.0,250.0,250.0
Outpatient,64880,2,2,500.0,250.0,250.0
Outpatient,85256,1,1,500.0,500.0,500.0
Outpatient,94533,2,2,500.0,250.0,250.0
Outpatient,63462,1,1,500.0,500.0,500.0
Outpatient,9492,2,2,500.0,250.0,250.0
Outpatient,64671,2,2,500.0,250.0,250.0
Outpatient,80053,1,1,500.0,500.0,500.0
Outpatient,20103,1,1,500.0,500.0,500.0
Outpatient,64181,1,1,500.0,500.0,500.0
Outpatient,80303,1,1,500.0,500.0,500.0
Outpatient,32371,1,1,500.0,500.0,500.0
Outpatient,99529,1,1,500.0,500.0,500.0
Outpatient,74920,1,1,500.0,500.0,500.0
Outpatient,73711,5,5,500.0,100.0,90.0
Outpatient,85155,2,2,500.0,250.0,250.0
Outpatient,1024,5,5,500.0,100.0,60.0
Outpatient,85136,2,2,500.0,250.0,250.0
Outpatient,74363,3,3,500.0,166.67,100.0
Outpatient,80310,1,1,500.0,500.0,500.0
Outpatient,80042,1,1,500.0,500.0,500.0
Outpatient,52434,6,6,500.0,83.33,65.0
Outpatient,09881,1,1,500.0,500.0,500.0
Outpatient,V273,5,4,500.0,100.0,90.0
Outpatient,85416,1,1,500.0,500.0,500.0
Outpatient,75564,3,3,500.0,166.67,100.0
Outpatient,80031,1,1,500.0,500.0,500.0
Outpatient,64090,3,3,500.0,166.67,80.0
Outpatient,80083,1,1,500.0,500.0,500.0
Outpatient,80046,2,2,500.0,250.0,250.0
Outpatient,74192,2,2,500.0,250.0,250.0
Outpatient,74900,2,2,500.0,250.0,250.0
Outpatient,52419,6,6,500.0,83.33,70.0
Outpatient,85116,2,2,500.0,250.0,250.0
Outpatient,80480,1,1,500.0,500.0,500.0
Outpatient,1874,1,1,500.0,500.0,500.0
Outpatient,80304,1,1,500.0,500.0,500.0
Outpatient,85153,1,1,500.0,500.0,500.0
Outpatient,34939,1,1,500.0,500.0,500.0
Outpatient,37124,6,6,500.0,83.33,95.0
Outpatient,94120,1,1,500.0,500.0,500.0
Outpatient,20195,1,1,500.0,500.0,500.0
Outpatient,30012,6,6,500.0,83.33,60.0
Outpatient,98989,4,4,500.0,125.0,100.0
Outpatient,13109,2,2,500.0,250.0,250.0
Outpatient,85303,1,1,500.0,500.0,500.0
Outpatient,0261,2,2,500.0,250.0,250.0
Outpatient,80123,1,1,500.0,500.0,500.0
Outpatient,85205,2,2,500.0,250.0,250.0
Outpatient,80486,2,2,500.0,250.0,250.0
Outpatient,80051,1,1,500.0,500.0,500.0
Outpatient,64740,3,3,500.0,166.67,200.0
Outpatient,V622,7,7,500.0,71.43,70.0
Outpatient,30543,2,2,500.0,250.0,250.0
Outpatient,52107,3,3,500.0,166.67,200.0
Outpatient,9789,2,2,500.0,250.0,250.0
Outpatient,80110,2,2,500.0,250.0,250.0
Outpatient,85226,2,2,500.0,250.0,250.0
Outpatient,64852,2,2,500.0,250.0,250.0
Outpatient,80052,2,2,500.0,250.0,250.0
Outpatient,9691,1,1,500.0,500.0,500.0
Outpatient,94844,3,3,500.0,166.67,200.0
Outpatient,80003,1,1,500.0,500.0,500.0
Outpatient,30659,2,2,500.0,250.0,250.0
Outpatient,74343,1,1,500.0,500.0,500.0
Outpatient,94831,1,1,500.0,500.0,500.0
Outpatient,73023,4,4,500.0,125.0,130.0
Outpatient,74341,4,4,490.0,122.5,100.0
Outpatient,30571,5,5,490.0,98.0,100.0
Outpatient,7429,3,3,490.0,163.33,100.0
Outpatient,0048,6,6,490.0,81.67,40.0
Outpatient,52427,7,7,490.0,70.0,60.0
Outpatient,20126,2,2,490.0,245.0,245.0
Outpatient,05449,8,8,490.0,61.25,60.0
Outpatient,30272,7,7,490.0,70.0,80.0
Outpatient,9629,4,4,490.0,122.5,135.0
Outpatient,9683,7,7,490.0,70.0,50.0
Outpatient,9494,2,2,490.0,245.0,245.0
Outpatient,05312,7,7,490.0,70.0,60.0
Outpatient,75981,2,2,490.0,245.0,245.0
Outpatient,V626,9,9,490.0,54.44,60.0
Outpatient,71157,4,4,490.0,122.5,100.0
Outpatient,V6549,7,7,490.0,70.0,70.0
Outpatient,52330,5,5,480.0,96.0,100.0
Outpatient,64882,2,2,480.0,240.0,240.0
Outpatient,30274,5,5,480.0,96.0,80.0
Outpatient,7479,3,3,480.0,160.0,70.0
Outpatient,37455,6,6,480.0,80.0,70.0
Outpatient,5829,4,4,480.0,120.0,85.0
Outpatient,3010,3,3,480.0,160.0,200.0
Outpatient,47400,7,7,480.0,68.57,60.0
Outpatient,0579,6,6,480.0,80.0,60.0
Outpatient,73011,5,5,480.0,96.0,60.0
Outpatient,1289,7,7,480.0,68.57,60.0
Outpatient,37239,5,5,480.0,96.0,80.0
Outpatient,V120,3,3,480.0,160.0,50.0
Outpatient,52132,5,5,480.0,96.0,80.0
Outpatient,37923,6,6,480.0,80.0,60.0
Outpatient,9879,2,2,480.0,240.0,240.0
Outpatient,05329,5,5,480.0,96.0,70.0
Outpatient,52333,4,4,470.0,117.5,70.0
Outpatient,47411,4,4,470.0,117.5,35.0
Outpatient,52553,3,3,470.0,156.67,200.0
Outpatient,94222,2,2,470.0,235.0,235.0
Outpatient,4742,3,3,470.0,156.67,200.0
Outpatient,52460,5,5,470.0,94.0,30.0
Outpatient,36966,4,4,470.0,117.5,120.0
Outpatient,37233,5,5,470.0,94.0,70.0
Outpatient,V6543,10,10,470.0,47.0,35.0
Outpatient,08889,3,3,470.0,156.67,50.0
Outpatient,7475,4,4,470.0,117.5,35.0
Outpatient,37114,8,8,470.0,58.75,55.0
Outpatient,37821,6,6,470.0,78.33,60.0
Outpatient,74337,2,2,470.0,235.0,235.0
Outpatient,36462,3,3,460.0,153.33,100.0
Outpatient,37446,6,6,460.0,76.67,65.0
Outpatient,04183,4,4,460.0,115.0,70.0
Outpatient,1301,5,5,460.0,92.0,80.0
Outpatient,0761,10,10,460.0,46.0,50.0
Outpatient,5210,3,3,460.0,153.33,60.0
Outpatient,V0951,2,2,460.0,230.0,230.0
Outpatient,0740,8,8,460.0,57.5,60.0
Outpatient,3016,3,3,460.0,153.33,60.0
Outpatient,04520,3,3,460.0,153.33,100.0
Outpatient,52435,7,7,460.0,65.71,0.0
Outpatient,37520,5,5,460.0,92.0,60.0
Outpatient,65454,2,2,460.0,230.0,230.0
Outpatient,5261,6,6,460.0,76.67,55.0
Outpatient,1048,3,3,460.0,153.33,200.0
Outpatient,5221,8,8,460.0,57.5,45.0
Outpatient,30270,3,3,460.0,153.33,80.0
Outpatient,13100,6,6,460.0,76.67,70.0
Outpatient,9786,4,4,460.0,115.0,100.0
Outpatient,80375,3,3,460.0,153.33,60.0
Outpatient,9876,2,2,460.0,230.0,230.0
Outpatient,74405,2,2,460.0,230.0,230.0
Outpatient,37300,6,6,460.0,76.67,75.0
Outpatient,1308,4,4,460.0,115.0,60.0
Outpatient,73003,5,5,450.0,90.0,90.0
Outpatient,65100,5,5,450.0,90.0,90.0
Outpatient,36410,7,7,450.0,64.29,70.0
Outpatient,V620,8,8,450.0,56.25,50.0
Outpatient,37205,6,6,450.0,75.0,75.0
Outpatient,75440,3,3,450.0,150.0,50.0
Outpatient,9851,5,5,450.0,90.0,70.0
Outpatient,9785,3,3,450.0,150.0,40.0
Outpatient,7564,2,2,450.0,225.0,225.0
Outpatient,37500,4,4,450.0,112.5,70.0
Outpatient,98984,4,4,450.0,112.5,95.0
Outpatient,94875,3,3,450.0,150.0,90.0
Outpatient,30592,2,2,450.0,225.0,225.0
Outpatient,80366,3,3,450.0,150.0,100.0
Outpatient,V6104,4,4,450.0,112.5,125.0
Outpatient,94444,3,3,450.0,150.0,100.0
Outpatient,38422,8,8,450.0,56.25,60.0
Outpatient,5259,7,7,450.0,64.29,0.0
Outpatient,30490,4,4,450.0,112.5,65.0
Outpatient,74357,3,3,450.0,150.0,50.0
Outpatient,9889,3,3,440.0,146.67,100.0
Outpatient,05679,5,5,440.0,88.0,60.0
Outpatient,9661,4,4,440.0,110.0,115.0
Outpatient,1032,4,4,440.0,110.0,65.0
Outpatient,52181,4,4,440.0,110.0,70.0
Outpatient,9772,4,4,440.0,110.0,60.0
Outpatient,9654,3,3,440.0,146.67,30.0
Outpatient,07951,6,6,440.0,73.33,90.0
Outpatient,36003,3,3,440.0,146.67,70.0
Outpatient,0781,7,7,440.0,62.86,60.0
Outpatient,7424,4,4,440.0,110.0,65.0
Outpatient,0402,3,3,440.0,146.67,100.0
Outpatient,20927,3,3,440.0,146.67,70.0
Outpatient,94240,3,3,440.0,146.67,200.0
Outpatient,1340,3,3,440.0,146.67,100.0
Outpatient,V111,8,8,440.0,55.0,60.0
Outpatient,0393,7,7,440.0,62.86,20.0
Outpatient,74362,3,3,440.0,146.67,100.0
Outpatient,3872,10,10,430.0,43.0,50.0
Outpatient,30279,5,5,430.0,86.0,60.0
Outpatient,75469,2,2,430.0,215.0,215.0
Outpatient,V619,7,7,430.0,61.43,60.0
Outpatient,36305,6,6,430.0,71.67,70.0
Outpatient,V654,7,7,430.0,61.43,60.0
Outpatient,3069,5,5,430.0,86.0,60.0
Outpatient,9610,3,3,430.0,143.33,20.0
Outpatient,71122,3,3,430.0,143.33,100.0
Outpatient,37641,4,4,430.0,107.5,90.0
Outpatient,29901,6,6,430.0,71.67,70.0
Outpatient,73090,4,4,430.0,107.5,50.0
Outpatient,0786,5,5,430.0,86.0,60.0
Outpatient,52300,5,5,430.0,86.0,70.0
Outpatient,36452,3,3,430.0,143.33,20.0
Outpatient,30780,5,5,430.0,86.0,90.0
Outpatient,64290,2,2,430.0,215.0,215.0
Outpatient,V621,8,8,430.0,53.75,20.0
Outpatient,80409,2,2,430.0,215.0,215.0
Outpatient,30481,6,6,430.0,71.67,15.0
Outpatient,0849,4,4,430.0,107.5,65.0
Outpatient,37900,7,7,430.0,61.43,50.0
Outpatient,0401,3,3,430.0,143.33,30.0
Outpatient,80159,3,3,420.0,140.0,60.0
Outpatient,30276,3,3,420.0,140.0,60.0
Outpatient,52550,7,7,420.0,60.0,0.0
Outpatient,36424,5,5,420.0,84.0,60.0
Outpatient,73030,3,3,420.0,140.0,100.0
Outpatient,74365,3,3,420.0,140.0,20.0
Outpatient,94136,3,3,420.0,140.0,200.0
Outpatient,0785,7,7,420.0,60.0,50.0
Outpatient,V1079,8,8,420.0,52.5,35.0
Outpatient,13103,5,5,420.0,84.0,60.0
Outpatient,9624,7,7,420.0,60.0,60.0
Outpatient,37256,4,4,420.0,105.0,55.0
Outpatient,31400,6,6,420.0,70.0,65.0
Outpatient,0060,6,6,420.0,70.0,55.0
Outpatient,3693,7,7,420.0,60.0,80.0
Outpatient,94894,3,3,410.0,136.67,70.0
Outpatient,0075,7,7,410.0,58.57,60.0
Outpatient,37850,3,3,410.0,136.67,60.0
Outpatient,73004,5,5,410.0,82.0,40.0
Outpatient,94152,3,3,410.0,136.67,60.0
Outpatient,38423,9,9,410.0,45.56,60.0
Outpatient,V650,8,8,410.0,51.25,30.0
Outpatient,52121,4,4,410.0,102.5,105.0
Outpatient,V6283,6,6,410.0,68.33,55.0
Outpatient,0599,6,6,410.0,68.33,55.0
Outpatient,0773,4,4,410.0,102.5,80.0
Outpatient,V403,5,5,410.0,82.0,50.0
Outpatient,80174,1,1,400.0,400.0,400.0
Outpatient,04513,2,2,400.0,200.0,200.0
Outpatient,8500,1,1,400.0,400.0,400.0
Outpatient,3220,1,1,400.0,400.0,400.0
Outpatient,37906,6,6,400.0,66.67,55.0
Outpatient,V604,5,5,400.0,80.0,40.0
Outpatient,07798,6,6,400.0,66.67,65.0
Outpatient,80460,1,1,400.0,400.0,400.0
Outpatient,31212,4,4,400.0,100.0,45.0
Outpatient,64791,1,1,400.0,400.0,400.0
Outpatient,85120,2,2,400.0,200.0,200.0
Outpatient,71194,6,6,400.0,66.67,40.0
Outpatient,04103,1,1,400.0,400.0,400.0
Outpatient,85216,1,1,400.0,400.0,400.0
Outpatient,3789,4,4,400.0,100.0,75.0
Outpatient,0232,2,2,400.0,200.0,200.0
Outpatient,502,3,3,400.0,133.33,100.0
Outpatient,30921,4,4,400.0,100.0,100.0
Outpatient,36012,8,8,400.0,50.0,40.0
Outpatient,64780,1,1,400.0,400.0,400.0
Outpatient,80064,3,3,400.0,133.33,100.0
Outpatient,52571,4,4,400.0,100.0,50.0
Outpatient,37275,2,2,400.0,200.0,200.0
Outpatient,75161,1,1,400.0,400.0,400.0
Outpatient,0854,2,2,400.0,200.0,200.0
Outpatient,0990,1,1,400.0,400.0,400.0
Outpatient,9793,1,1,400.0,400.0,400.0
Outpatient,64732,1,1,400.0,400.0,400.0
Outpatient,80131,1,1,400.0,400.0,400.0
Outpatient,75520,3,3,400.0,133.33,100.0
Outpatient,37763,2,2,400.0,200.0,200.0
Outpatient,9686,2,2,400.0,200.0,200.0
Outpatient,80483,1,1,400.0,400.0,400.0
Outpatient,V0981,6,6,400.0,66.67,50.0
Outpatient,80462,1,1,400.0,400.0,400.0
Outpatient,E9554,1,1,400.0,400.0,400.0
Outpatient,30480,3,3,400.0,133.33,100.0
Outpatient,75524,2,2,400.0,200.0,200.0
Outpatient,37403,7,7,400.0,57.14,60.0
Outpatient,80406,1,1,400.0,400.0,400.0
Outpatient,0913,2,2,400.0,200.0,200.0
Outpatient,47402,4,4,400.0,100.0,90.0
Outpatient,75530,1,1,400.0,400.0,400.0
Outpatient,9641,4,4,400.0,100.0,80.0
Outpatient,74348,2,2,400.0,200.0,200.0
Outpatient,80490,1,1,400.0,400.0,400.0
Outpatient,75534,1,1,400.0,400.0,400.0
Outpatient,37483,3,3,400.0,133.33,60.0
Outpatient,8503,1,1,400.0,400.0,400.0
Outpatient,E9559,1,1,400.0,400.0,400.0
Outpatient,9095,3,3,400.0,133.33,60.0
Outpatient,74322,1,1,400.0,400.0,400.0
Outpatient,1230,2,2,400.0,200.0,200.0
Outpatient,52489,4,4,400.0,100.0,100.0
Outpatient,74769,1,1,400.0,400.0,400.0
Outpatient,20155,1,1,400.0,400.0,400.0
Outpatient,74334,1,1,400.0,400.0,400.0
Outpatient,90182,1,1,400.0,400.0,400.0
Outpatient,94891,2,2,400.0,200.0,200.0
Outpatient,80336,1,1,400.0,400.0,400.0
Outpatient,80411,1,1,400.0,400.0,400.0
Outpatient,80456,1,1,400.0,400.0,400.0
Outpatient,94536,1,1,400.0,400.0,400.0
Outpatient,64310,1,1,400.0,400.0,400.0
Outpatient,64003,1,1,400.0,400.0,400.0
Outpatient,80305,1,1,400.0,400.0,400.0
Outpatient,73072,3,3,400.0,133.33,90.0
Outpatient,75610,1,1,400.0,400.0,400.0
Outpatient,94432,1,1,400.0,400.0,400.0
Outpatient,9607,5,5,400.0,80.0,30.0
Outpatient,11502,6,6,400.0,66.67,60.0
Outpatient,9009,2,2,400.0,200.0,200.0
Outpatient,90183,1,1,400.0,400.0,400.0
Outpatient,9692,2,2,400.0,200.0,200.0
Outpatient,3688,5,5,400.0,80.0,60.0
Outpatient,0792,7,7,400.0,57.14,60.0
Outpatient,85405,1,1,400.0,400.0,400.0
Outpatient,75529,1,1,400.0,400.0,400.0
Outpatient,85203,1,1,400.0,400.0,400.0
Outpatient,80394,1,1,400.0,400.0,400.0
Outpatient,9752,2,2,400.0,200.0,200.0
Outpatient,75832,2,2,400.0,200.0,200.0
Outpatient,73027,2,2,400.0,200.0,200.0
Outpatient,7512,1,1,400.0,400.0,400.0
Outpatient,64614,1,1,400.0,400.0,400.0
Outpatient,85314,1,1,400.0,400.0,400.0
Outpatient,80185,2,2,400.0,200.0,200.0
Outpatient,85200,1,1,400.0,400.0,400.0
Outpatient,E9501,2,2,400.0,200.0,200.0
Outpatient,85105,1,1,400.0,400.0,400.0
Outpatient,025,1,1,400.0,400.0,400.0
Outpatient,85255,2,2,400.0,200.0,200.0
Outpatient,64001,1,1,400.0,400.0,400.0
Outpatient,85145,1,1,400.0,400.0,400.0
Outpatient,64822,1,1,400.0,400.0,400.0
Outpatient,80013,1,1,400.0,400.0,400.0
Outpatient,37601,4,4,400.0,100.0,75.0
Outpatient,0863,1,1,400.0,400.0,400.0
Outpatient,85234,1,1,400.0,400.0,400.0
Outpatient,30289,1,1,400.0,400.0,400.0
Outpatient,85180,1,1,400.0,400.0,400.0
Outpatient,80624,1,1,400.0,400.0,400.0
Outpatient,E9582,1,1,400.0,400.0,400.0
Outpatient,96502,6,6,400.0,66.67,55.0
Outpatient,0539,8,8,390.0,48.75,60.0
Outpatient,2319,3,3,390.0,130.0,60.0
Outpatient,1215,4,4,390.0,97.5,85.0
Outpatient,1224,3,3,390.0,130.0,50.0
Outpatient,9746,2,2,390.0,195.0,195.0
Outpatient,986,2,2,390.0,195.0,195.0
Outpatient,1849,6,6,390.0,65.0,75.0
Outpatient,V275,6,6,390.0,65.0,40.0
Outpatient,37732,4,4,390.0,97.5,65.0
Outpatient,5832,6,6,390.0,65.0,40.0
Outpatient,1209,4,4,390.0,97.5,80.0
Outpatient,37817,6,6,390.0,65.0,80.0
Outpatient,5837,6,6,390.0,65.0,35.0
Outpatient,08240,2,2,390.0,195.0,195.0
Outpatient,5229,5,5,390.0,78.0,90.0
Outpatient,75562,2,2,390.0,195.0,195.0
Outpatient,31210,7,7,390.0,55.71,60.0
Outpatient,74330,3,3,390.0,130.0,100.0
Outpatient,38103,6,6,390.0,65.0,90.0
Outpatient,7582,3,3,390.0,130.0,60.0
Outpatient,37739,5,5,380.0,76.0,70.0
Outpatient,V2621,5,5,380.0,76.0,60.0
Outpatient,96973,2,2,380.0,190.0,190.0
Outpatient,V092,3,3,380.0,126.67,70.0
Outpatient,52567,7,7,380.0,54.29,60.0
Outpatient,7587,2,2,380.0,190.0,190.0
Outpatient,37154,2,2,380.0,190.0,190.0
Outpatient,0771,6,6,380.0,63.33,55.0
Outpatient,30011,2,2,380.0,190.0,190.0
Outpatient,0831,3,3,380.0,126.67,60.0
Outpatient,79531,6,6,380.0,63.33,45.0
Outpatient,7420,5,5,380.0,76.0,70.0
Outpatient,5089,5,5,380.0,76.0,50.0
Outpatient,80140,3,3,380.0,126.67,60.0
Outpatient,V680,7,7,380.0,54.29,30.0
Outpatient,V154,8,8,380.0,47.5,50.0
Outpatient,52426,6,6,380.0,63.33,40.0
Outpatient,37281,5,5,380.0,76.0,90.0
Outpatient,7173,6,6,380.0,63.33,80.0
Outpatient,36004,6,6,370.0,61.67,55.0
Outpatient,52543,4,4,370.0,92.5,75.0
Outpatient,37810,2,2,370.0,185.0,185.0
Outpatient,74402,3,3,370.0,123.33,50.0
Outpatient,7795,6,6,370.0,61.67,60.0
Outpatient,94523,3,3,370.0,123.33,90.0
Outpatient,0478,2,2,370.0,185.0,185.0
Outpatient,V653,6,6,370.0,61.67,70.0
Outpatient,4950,2,2,370.0,185.0,185.0
Outpatient,V425,6,6,370.0,61.67,60.0
Outpatient,65101,3,3,370.0,123.33,100.0
Outpatient,5238,5,5,370.0,74.0,90.0
Outpatient,37613,5,5,370.0,74.0,70.0
Outpatient,V274,4,3,370.0,92.5,95.0
Outpatient,5243,5,5,370.0,74.0,70.0
Outpatient,30151,2,2,370.0,185.0,185.0
Outpatient,503,3,3,370.0,123.33,90.0
Outpatient,05920,4,4,370.0,92.5,60.0
Outpatient,74711,5,5,370.0,74.0,20.0
Outpatient,1223,2,2,370.0,185.0,185.0
Outpatient,5821,3,3,370.0,123.33,70.0
Outpatient,9493,4,4,370.0,92.5,65.0
Outpatient,37805,4,4,360.0,90.0,55.0
Outpatient,V617,5,5,360.0,72.0,40.0
Outpatient,64393,3,3,360.0,120.0,60.0
Outpatient,30563,3,3,360.0,120.0,100.0
Outpatient,52122,8,8,360.0,45.0,50.0
Outpatient,64621,2,2,360.0,180.0,180.0
Outpatient,85176,2,2,360.0,180.0,180.0
Outpatient,37611,5,5,360.0,72.0,70.0
Outpatient,3064,4,4,360.0,90.0,70.0
Outpatient,36320,5,5,360.0,72.0,70.0
Outpatient,37230,8,8,360.0,45.0,50.0
Outpatient,69550,7,7,360.0,51.43,60.0
Outpatient,64800,3,3,360.0,120.0,90.0
Outpatient,36473,4,4,360.0,90.0,55.0
Outpatient,9632,4,4,360.0,90.0,75.0
Outpatient,71188,2,2,360.0,180.0,180.0
Outpatient,V2681,6,6,360.0,60.0,60.0
Outpatient,85250,2,2,360.0,180.0,180.0
Outpatient,3017,5,5,360.0,72.0,100.0
Outpatient,9852,3,3,360.0,120.0,100.0
Outpatient,37903,6,6,360.0,60.0,65.0
Outpatient,V200,7,7,360.0,51.43,60.0
Outpatient,07279,5,5,360.0,72.0,80.0
Outpatient,94417,2,2,350.0,175.0,175.0
Outpatient,85220,3,3,350.0,116.67,50.0
Outpatient,V6142,8,8,350.0,43.75,30.0
Outpatient,65551,3,3,350.0,116.67,90.0
Outpatient,1234,6,6,350.0,58.33,65.0
Outpatient,3779,3,3,350.0,116.67,40.0
Outpatient,37833,3,3,350.0,116.67,100.0
Outpatient,36405,4,4,350.0,87.5,90.0
Outpatient,20102,2,2,350.0,175.0,175.0
Outpatient,52412,6,6,350.0,58.33,75.0
Outpatient,52552,6,6,350.0,58.33,60.0
Outpatient,71148,5,5,350.0,70.0,50.0
Outpatient,65120,5,5,350.0,70.0,40.0
Outpatient,0760,4,4,350.0,87.5,55.0
Outpatient,71125,4,4,350.0,87.5,65.0
Outpatient,9465,2,2,350.0,175.0,175.0
Outpatient,30433,5,5,350.0,70.0,80.0
Outpatient,37630,3,3,350.0,116.67,100.0
Outpatient,71134,6,6,340.0,56.67,60.0
Outpatient,1254,5,5,340.0,68.0,80.0
Outpatient,8021,2,2,340.0,170.0,170.0
Outpatient,05320,6,6,340.0,56.67,40.0
Outpatient,30250,4,4,340.0,85.0,55.0
Outpatient,0850,2,2,340.0,170.0,170.0
Outpatient,37035,6,6,340.0,56.67,70.0
Outpatient,05900,6,6,340.0,56.67,60.0
Outpatient,0211,3,3,340.0,113.33,90.0
Outpatient,37909,5,5,340.0,68.0,60.0
Outpatient,37203,6,6,340.0,56.67,60.0
Outpatient,52689,4,4,340.0,85.0,20.0
Outpatient,2939,5,5,340.0,68.0,90.0
Outpatient,5671,4,4,340.0,85.0,60.0
Outpatient,30150,4,4,340.0,85.0,85.0
Outpatient,52423,5,5,340.0,68.0,100.0
Outpatient,52113,4,4,340.0,85.0,70.0
Outpatient,V1549,5,5,330.0,66.0,70.0
Outpatient,0059,5,5,330.0,66.0,70.0
Outpatient,37202,6,6,330.0,55.0,65.0
Outpatient,86814,2,2,330.0,165.0,165.0
Outpatient,80163,2,2,330.0,165.0,165.0
Outpatient,36400,6,6,330.0,55.0,65.0
Outpatient,37634,3,3,330.0,110.0,80.0
Outpatient,5258,6,6,330.0,55.0,60.0
Outpatient,30754,3,3,330.0,110.0,80.0
Outpatient,74191,4,4,330.0,82.5,100.0
Outpatient,30470,6,6,330.0,55.0,55.0
Outpatient,9753,2,2,330.0,165.0,165.0
Outpatient,V6889,7,7,330.0,47.14,70.0
Outpatient,V2503,5,5,330.0,66.0,90.0
Outpatient,75269,2,2,330.0,165.0,165.0
Outpatient,0071,7,7,330.0,47.14,50.0
Outpatient,V6541,5,5,330.0,66.0,70.0
Outpatient,4959,3,3,330.0,110.0,90.0
Outpatient,1840,6,6,330.0,55.0,50.0
Outpatient,71152,6,6,330.0,55.0,45.0
Outpatient,5064,3,3,330.0,110.0,100.0
Outpatient,0844,3,3,330.0,110.0,100.0
Outpatient,20105,3,3,330.0,110.0,20.0
Outpatient,9858,3,3,330.0,110.0,70.0
Outpatient,75561,2,2,330.0,165.0,165.0
Outpatient,90081,2,2,330.0,165.0,165.0
Outpatient,52459,6,6,330.0,55.0,70.0
Outpatient,37723,5,5,330.0,66.0,60.0
Outpatient,9802,3,3,330.0,110.0,70.0
Outpatient,64723,2,2,330.0,165.0,165.0
Outpatient,0330,6,6,330.0,55.0,60.0
Outpatient,V659,5,5,330.0,66.0,50.0
Outpatient,52542,9,9,330.0,36.67,20.0
Outpatient,38152,7,7,320.0,45.71,50.0
Outpatient,3749,4,4,320.0,80.0,80.0
Outpatient,9631,3,3,320.0,106.67,100.0
Outpatient,74749,3,3,320.0,106.67,70.0
Outpatient,5249,5,5,320.0,64.0,60.0
Outpatient,9849,3,3,320.0,106.67,60.0
Outpatient,0782,5,5,320.0,64.0,70.0
Outpatient,5248,4,4,320.0,80.0,60.0
Outpatient,65110,2,2,320.0,160.0,160.0
Outpatient,3101,3,3,320.0,106.67,100.0
Outpatient,30493,4,4,320.0,80.0,60.0
Outpatient,V118,5,5,320.0,64.0,60.0
Outpatient,52512,5,5,320.0,64.0,60.0
Outpatient,71166,3,3,320.0,106.67,100.0
Outpatient,37904,4,4,320.0,80.0,80.0
Outpatient,V673,4,4,320.0,80.0,90.0
Outpatient,37312,4,4,320.0,80.0,85.0
Outpatient,52521,4,4,320.0,80.0,10.0
Outpatient,00329,3,3,320.0,106.67,100.0
Outpatient,9801,3,3,320.0,106.67,100.0
Outpatient,1252,3,3,310.0,103.33,90.0
Outpatient,V6881,7,7,310.0,44.29,50.0
Outpatient,9083,3,3,310.0,103.33,70.0
Outpatient,04102,7,7,310.0,44.29,40.0
Outpatient,36011,5,5,310.0,62.0,70.0
Outpatient,74561,2,2,310.0,155.0,155.0
Outpatient,20174,2,2,310.0,155.0,155.0
Outpatient,3066,5,5,310.0,62.0,30.0
Outpatient,9743,6,6,310.0,51.67,50.0
Outpatient,36313,3,3,310.0,103.33,60.0
Outpatient,37044,4,4,310.0,77.5,75.0
Outpatient,37049,5,5,310.0,62.0,70.0
Outpatient,75535,2,2,310.0,155.0,155.0
Outpatient,V606,6,6,310.0,51.67,55.0
Outpatient,6224,9,9,310.0,34.44,40.0
Outpatient,37503,6,6,310.0,51.67,50.0
Outpatient,64842,5,5,310.0,62.0,60.0
Outpatient,5225,6,6,310.0,51.67,60.0
Outpatient,11512,4,4,310.0,77.5,80.0
Outpatient,52406,5,5,310.0,62.0,60.0
Outpatient,5241,5,5,310.0,62.0,10.0
Outpatient,37040,6,6,310.0,51.67,60.0
Outpatient,52120,6,6,310.0,51.67,60.0
Outpatient,13621,2,2,310.0,155.0,155.0
Outpatient,37815,3,3,310.0,103.33,60.0
Outpatient,20158,2,2,310.0,155.0,155.0
Outpatient,6398,1,1,300.0,300.0,300.0
Outpatient,80485,2,2,300.0,150.0,150.0
Outpatient,V632,4,4,300.0,75.0,50.0
Outpatient,66590,1,1,300.0,300.0,300.0
Outpatient,E9588,1,1,300.0,300.0,300.0
Outpatient,0658,5,5,300.0,60.0,60.0
Outpatient,E9503,1,1,300.0,300.0,300.0
Outpatient,5081,2,2,300.0,150.0,150.0
Outpatient,94339,2,2,300.0,150.0,150.0
Outpatient,94402,1,1,300.0,300.0,300.0
Outpatient,75210,2,2,300.0,150.0,150.0
Outpatient,80465,2,2,300.0,150.0,150.0
Outpatient,95215,2,2,300.0,150.0,150.0
Outpatient,66624,2,2,300.0,150.0,150.0
Outpatient,86603,1,1,300.0,300.0,300.0
Outpatient,80227,1,1,300.0,300.0,300.0
Outpatient,85212,1,1,300.0,300.0,300.0
Outpatient,3060,3,3,300.0,100.0,100.0
Outpatient,80420,1,1,300.0,300.0,300.0
Outpatient,85411,1,1,300.0,300.0,300.0
Outpatient,80671,1,1,300.0,300.0,300.0
Outpatient,9064,1,1,300.0,300.0,300.0
Outpatient,94437,3,3,300.0,100.0,100.0
Outpatient,90253,1,1,300.0,300.0,300.0
Outpatient,64640,1,1,300.0,300.0,300.0
Outpatient,7571,2,2,300.0,150.0,150.0
Outpatient,63712,1,1,300.0,300.0,300.0
Outpatient,63410,1,1,300.0,300.0,300.0
Outpatient,01783,1,1,300.0,300.0,300.0
Outpatient,94546,2,2,300.0,150.0,150.0
Outpatient,64133,1,1,300.0,300.0,300.0
Outpatient,80413,1,1,300.0,300.0,300.0
Outpatient,75560,2,2,300.0,150.0,150.0
Outpatient,85199,1,1,300.0,300.0,300.0
Outpatient,7439,1,1,300.0,300.0,300.0
Outpatient,01354,1,1,300.0,300.0,300.0
Outpatient,37063,1,1,300.0,300.0,300.0
Outpatient,73622,4,4,300.0,75.0,60.0
Outpatient,94800,1,1,300.0,300.0,300.0
Outpatient,1218,8,8,300.0,37.5,35.0
Outpatient,9831,2,2,300.0,150.0,150.0
Outpatient,94330,2,2,300.0,150.0,150.0
Outpatient,9874,1,1,300.0,300.0,300.0
Outpatient,74912,2,2,300.0,150.0,150.0
Outpatient,0468,1,1,300.0,300.0,300.0
Outpatient,64120,1,1,300.0,300.0,300.0
Outpatient,80455,1,1,300.0,300.0,300.0
Outpatient,80011,1,1,300.0,300.0,300.0
Outpatient,94334,3,3,300.0,100.0,50.0
Outpatient,74401,3,3,300.0,100.0,50.0
Outpatient,E9521,1,1,300.0,300.0,300.0
Outpatient,80330,1,1,300.0,300.0,300.0
Outpatient,E9570,1,1,300.0,300.0,300.0
Outpatient,94211,1,1,300.0,300.0,300.0
Outpatient,75532,1,1,300.0,300.0,300.0
Outpatient,94344,2,2,300.0,150.0,150.0
Outpatient,80045,1,1,300.0,300.0,300.0
Outpatient,8502,2,2,300.0,150.0,150.0
Outpatient,37273,2,2,300.0,150.0,150.0
Outpatient,52428,3,3,300.0,100.0,100.0
Outpatient,37731,6,6,300.0,50.0,60.0
Outpatient,9251,1,1,300.0,300.0,300.0
Outpatient,67651,1,1,300.0,300.0,300.0
Outpatient,9751,5,5,300.0,60.0,20.0
Outpatient,80332,2,2,300.0,150.0,150.0
Outpatient,64641,1,1,300.0,300.0,300.0
Outpatient,1239,2,2,300.0,150.0,150.0
Outpatient,E9504,1,1,300.0,300.0,300.0
Outpatient,85166,2,2,300.0,150.0,150.0
Outpatient,80015,1,1,300.0,300.0,300.0
Outpatient,85165,1,1,300.0,300.0,300.0
Outpatient,85011,1,1,300.0,300.0,300.0
Outpatient,9010,1,1,300.0,300.0,300.0
Outpatient,74351,1,1,300.0,300.0,300.0
Outpatient,80025,1,1,300.0,300.0,300.0
Outpatient,86810,3,3,300.0,100.0,60.0
Outpatient,8630,1,1,300.0,300.0,300.0
Outpatient,64100,1,1,300.0,300.0,300.0
Outpatient,7589,1,1,300.0,300.0,300.0
Outpatient,0738,4,4,300.0,75.0,70.0
Outpatient,20120,1,1,300.0,300.0,300.0
Outpatient,86409,1,1,300.0,300.0,300.0
Outpatient,94322,1,1,300.0,300.0,300.0
Outpatient,85192,1,1,300.0,300.0,300.0
Outpatient,75432,3,3,300.0,100.0,60.0
Outpatient,7563,1,1,300.0,300.0,300.0
Outpatient,8501,1,1,300.0,300.0,300.0
Outpatient,85206,1,1,300.0,300.0,300.0
Outpatient,80464,1,1,300.0,300.0,300.0
Outpatient,74762,2,2,300.0,150.0,150.0
Outpatient,20163,2,2,300.0,150.0,150.0
Outpatient,7485,1,1,300.0,300.0,300.0
Outpatient,58389,4,4,300.0,75.0,40.0
Outpatient,66143,2,2,300.0,150.0,150.0
Outpatient,7445,2,2,300.0,150.0,150.0
Outpatient,80302,1,1,300.0,300.0,300.0
Outpatient,94413,1,1,300.0,300.0,300.0
Outpatient,85249,1,1,300.0,300.0,300.0
Outpatient,80105,2,2,300.0,150.0,150.0
Outpatient,64101,1,1,300.0,300.0,300.0
Outpatient,V0991,3,3,300.0,100.0,100.0
Outpatient,9783,2,2,300.0,150.0,150.0
Outpatient,V6511,7,7,300.0,42.86,0.0
Outpatient,67133,1,1,300.0,300.0,300.0
Outpatient,52409,5,5,300.0,60.0,60.0
Outpatient,94351,2,2,300.0,150.0,150.0
Outpatient,37333,5,5,300.0,60.0,80.0
Outpatient,64383,1,1,300.0,300.0,300.0
Outpatient,36476,2,2,300.0,150.0,150.0
Outpatient,85109,1,1,300.0,300.0,300.0
Outpatient,3210,1,1,300.0,300.0,300.0
Outpatient,80364,2,2,300.0,150.0,150.0
Outpatient,63431,1,1,300.0,300.0,300.0
Outpatient,80494,1,1,300.0,300.0,300.0
Outpatient,64872,1,1,300.0,300.0,300.0
Outpatient,80116,2,2,300.0,150.0,150.0
Outpatient,80376,1,1,300.0,300.0,300.0
Outpatient,80129,1,1,300.0,300.0,300.0
Outpatient,3929,3,3,300.0,100.0,100.0
Outpatient,74103,2,2,300.0,150.0,150.0
Outpatient,5263,2,2,300.0,150.0,150.0
Outpatient,37521,1,1,300.0,300.0,300.0
Outpatient,80171,1,1,300.0,300.0,300.0
Outpatient,85154,1,1,300.0,300.0,300.0
Outpatient,94535,2,2,300.0,150.0,150.0
Outpatient,64812,2,2,300.0,150.0,150.0
Outpatient,74609,3,3,290.0,96.67,80.0
Outpatient,1305,2,2,290.0,145.0,145.0
Outpatient,94212,2,2,290.0,145.0,145.0
Outpatient,75470,2,2,290.0,145.0,145.0
Outpatient,38321,4,4,290.0,72.5,85.0
Outpatient,37721,3,3,290.0,96.67,90.0
Outpatient,37734,3,3,290.0,96.67,100.0
Outpatient,73075,3,3,290.0,96.67,50.0
Outpatient,30120,2,2,290.0,145.0,145.0
Outpatient,37032,4,4,290.0,72.5,75.0
Outpatient,52104,3,3,290.0,96.67,60.0
Outpatient,31201,5,5,290.0,58.0,70.0
Outpatient,37331,5,5,290.0,58.0,60.0
Outpatient,05322,4,4,290.0,72.5,35.0
Outpatient,37031,6,6,290.0,48.33,55.0
Outpatient,0838,3,3,290.0,96.67,80.0
Outpatient,71196,2,2,290.0,145.0,145.0
Outpatient,36840,6,6,290.0,48.33,50.0
Outpatient,V6109,4,4,290.0,72.5,95.0
Outpatient,5061,5,5,290.0,58.0,80.0
Outpatient,71147,5,5,290.0,58.0,60.0
Outpatient,36911,5,5,280.0,56.0,60.0
Outpatient,75435,2,2,280.0,140.0,140.0
Outpatient,04109,6,6,280.0,46.67,45.0
Outpatient,7402,4,4,280.0,70.0,40.0
Outpatient,94114,2,2,280.0,140.0,140.0
Outpatient,37054,4,4,280.0,70.0,70.0
Outpatient,36472,5,5,280.0,56.0,50.0
Outpatient,37105,4,4,280.0,70.0,30.0
Outpatient,73073,5,5,280.0,56.0,40.0
Outpatient,11592,2,2,280.0,140.0,140.0
Outpatient,0278,5,5,280.0,56.0,50.0
Outpatient,75732,3,3,280.0,93.33,80.0
Outpatient,9791,4,4,280.0,70.0,35.0
Outpatient,1020,3,3,280.0,93.33,50.0
Outpatient,37814,3,3,280.0,93.33,80.0
Outpatient,52802,4,4,280.0,70.0,70.0
Outpatient,94154,3,3,280.0,93.33,100.0
Outpatient,80335,2,2,280.0,140.0,140.0
Outpatient,3062,4,4,280.0,70.0,75.0
Outpatient,30742,4,4,280.0,70.0,75.0
Outpatient,30653,2,2,280.0,140.0,140.0
Outpatient,9897,2,2,280.0,140.0,140.0
Outpatient,V611,8,8,280.0,35.0,35.0
Outpatient,04081,3,3,280.0,93.33,60.0
Outpatient,73084,4,4,280.0,70.0,65.0
Outpatient,30492,6,6,280.0,46.67,50.0
Outpatient,74332,3,3,280.0,93.33,50.0
Outpatient,1368,3,3,270.0,90.0,60.0
Outpatient,1269,4,4,270.0,67.5,65.0
Outpatient,5227,4,4,270.0,67.5,35.0
Outpatient,31211,4,4,270.0,67.5,35.0
Outpatient,V652,6,6,270.0,45.0,45.0
Outpatient,5204,5,5,270.0,54.0,60.0
Outpatient,37730,4,4,270.0,67.5,60.0
Outpatient,9615,3,3,270.0,90.0,40.0
Outpatient,36860,4,4,270.0,67.5,85.0
Outpatient,08881,4,4,270.0,67.5,65.0
Outpatient,20141,3,3,270.0,90.0,60.0
Outpatient,04110,3,3,270.0,90.0,50.0
Outpatient,36304,4,4,270.0,67.5,70.0
Outpatient,38500,5,5,270.0,54.0,50.0
Outpatient,9888,3,3,270.0,90.0,40.0
Outpatient,37743,3,3,270.0,90.0,100.0
Outpatient,64662,2,2,270.0,135.0,135.0
Outpatient,V639,6,6,270.0,45.0,40.0
Outpatient,94545,2,2,270.0,135.0,135.0
Outpatient,74251,4,4,270.0,67.5,80.0
Outpatient,0410,2,2,270.0,135.0,135.0
Outpatient,52106,5,5,270.0,54.0,0.0
Outpatient,V251,3,3,270.0,90.0,100.0
Outpatient,5253,7,7,260.0,37.14,0.0
Outpatient,36330,3,3,260.0,86.67,100.0
Outpatient,3736,4,4,260.0,65.0,60.0
Outpatient,37600,5,5,260.0,52.0,60.0
Outpatient,9655,2,2,260.0,130.0,130.0
Outpatient,36321,4,4,260.0,65.0,30.0
Outpatient,52663,5,5,260.0,52.0,70.0
Outpatient,V220,6,6,260.0,43.33,45.0
Outpatient,94893,2,2,260.0,130.0,130.0
Outpatient,71181,3,3,260.0,86.67,50.0
Outpatient,37111,4,4,260.0,65.0,55.0
Outpatient,71151,4,4,260.0,65.0,65.0
Outpatient,07799,5,5,260.0,52.0,50.0
Outpatient,9663,4,4,260.0,65.0,80.0
Outpatient,9763,5,5,260.0,52.0,60.0
Outpatient,V6112,5,5,260.0,52.0,60.0
Outpatient,94315,2,2,260.0,130.0,130.0
Outpatient,37112,3,3,260.0,86.67,60.0
Outpatient,94428,2,2,260.0,130.0,130.0
Outpatient,37933,3,3,260.0,86.67,100.0
Outpatient,30019,6,6,260.0,43.33,40.0
Outpatient,52400,3,3,260.0,86.67,60.0
Outpatient,V136,2,2,260.0,130.0,130.0
Outpatient,37212,4,4,260.0,65.0,75.0
Outpatient,0653,4,4,260.0,65.0,65.0
Outpatient,V585,4,4,260.0,65.0,30.0
Outpatient,36342,2,2,260.0,130.0,130.0
Outpatient,74449,3,3,250.0,83.33,90.0
Outpatient,52142,5,5,250.0,50.0,0.0
Outpatient,36042,2,2,250.0,125.0,125.0
Outpatient,37955,4,4,250.0,62.5,70.0
Outpatient,71184,5,5,250.0,50.0,40.0
Outpatient,30253,3,3,250.0,83.33,80.0
Outpatient,20123,4,4,250.0,62.5,20.0
Outpatient,75021,2,2,250.0,125.0,125.0
Outpatient,37961,5,5,250.0,50.0,50.0
Outpatient,74310,2,2,250.0,125.0,125.0
Outpatient,03681,5,5,250.0,50.0,50.0
Outpatient,V6125,7,7,250.0,35.71,20.0
Outpatient,37602,3,3,250.0,83.33,100.0
Outpatient,9614,3,3,250.0,83.33,40.0
Outpatient,30721,4,4,250.0,62.5,65.0
Outpatient,30113,5,5,250.0,50.0,70.0
Outpatient,64720,2,2,250.0,125.0,125.0
Outpatient,V534,4,4,250.0,62.5,75.0
Outpatient,65173,4,4,250.0,62.5,65.0
Outpatient,0213,5,5,250.0,50.0,40.0
Outpatient,94451,2,2,250.0,125.0,125.0
Outpatient,V090,5,5,250.0,50.0,40.0
Outpatient,V1202,3,3,250.0,83.33,90.0
Outpatient,3798,2,2,250.0,125.0,125.0
Outpatient,0861,2,2,250.0,125.0,125.0
Outpatient,52103,5,5,250.0,50.0,60.0
Outpatient,7588,3,3,250.0,83.33,40.0
Outpatient,1338,2,2,250.0,125.0,125.0
Outpatient,52402,4,4,250.0,62.5,55.0
Outpatient,V222,6,6,250.0,41.67,35.0
Outpatient,94302,2,2,250.0,125.0,125.0
Outpatient,37621,2,2,250.0,125.0,125.0
Outpatient,36001,3,3,250.0,83.33,100.0
Outpatient,36422,3,3,250.0,83.33,80.0
Outpatient,1329,4,4,250.0,62.5,65.0
Outpatient,9830,2,2,240.0,120.0,120.0
Outpatient,52108,3,3,240.0,80.0,40.0
Outpatient,36975,3,3,240.0,80.0,80.0
Outpatient,52662,4,4,240.0,60.0,20.0
Outpatient,37034,5,5,240.0,48.0,60.0
Outpatient,1330,5,5,240.0,48.0,40.0
Outpatient,75528,3,3,240.0,80.0,30.0
Outpatient,00845,4,4,240.0,60.0,60.0
Outpatient,20146,2,2,240.0,120.0,120.0
Outpatient,52566,6,6,240.0,40.0,40.0
Outpatient,73014,4,4,240.0,60.0,55.0
Outpatient,71106,4,4,240.0,60.0,70.0
Outpatient,37753,5,5,240.0,48.0,50.0
Outpatient,3061,5,5,240.0,48.0,60.0
Outpatient,1255,3,3,240.0,80.0,80.0
Outpatient,V2622,4,4,240.0,60.0,75.0
Outpatient,36031,3,3,240.0,80.0,100.0
Outpatient,V277,5,5,240.0,48.0,40.0
Outpatient,36489,2,2,240.0,120.0,120.0
Outpatient,0231,3,3,240.0,80.0,40.0
Outpatient,9605,6,6,240.0,40.0,30.0
Outpatient,1212,3,3,240.0,80.0,90.0
Outpatient,37901,4,4,240.0,60.0,55.0
Outpatient,0793,4,4,240.0,60.0,60.0
Outpatient,37502,3,3,240.0,80.0,90.0
Outpatient,4749,5,5,240.0,48.0,30.0
Outpatient,05440,5,5,240.0,48.0,40.0
Outpatient,64801,2,2,240.0,120.0,120.0
Outpatient,3648,4,4,240.0,60.0,60.0
Outpatient,74358,2,2,240.0,120.0,120.0
Outpatient,37882,3,3,240.0,80.0,100.0
Outpatient,V241,3,3,240.0,80.0,100.0
Outpatient,650,4,4,240.0,60.0,60.0
Outpatient,80014,3,3,240.0,80.0,100.0
Outpatient,0864,2,2,240.0,120.0,120.0
Outpatient,V7242,7,7,240.0,34.29,30.0
Outpatient,09884,2,2,240.0,120.0,120.0
Outpatient,9820,3,3,230.0,76.67,80.0
Outpatient,9853,5,5,230.0,46.0,60.0
Outpatient,3213,2,2,230.0,115.0,115.0
Outpatient,0302,3,3,230.0,76.67,70.0
Outpatient,36833,5,5,230.0,46.0,20.0
Outpatient,9797,5,5,230.0,46.0,30.0
Outpatient,37541,4,4,230.0,57.5,60.0
Outpatient,V618,6,6,230.0,38.33,30.0
Outpatient,52420,4,4,230.0,57.5,65.0
Outpatient,501,3,3,230.0,76.67,70.0
Outpatient,30014,3,3,230.0,76.67,80.0
Outpatient,V4561,4,4,230.0,57.5,45.0
Outpatient,30082,3,3,230.0,76.67,80.0
Outpatient,52141,5,5,230.0,46.0,0.0
Outpatient,13629,2,2,230.0,115.0,115.0
Outpatient,36314,3,3,230.0,76.67,90.0
Outpatient,00841,4,4,230.0,57.5,55.0
Outpatient,65190,3,3,230.0,76.67,80.0
Outpatient,V263,4,4,230.0,57.5,55.0
Outpatient,36041,5,5,230.0,46.0,50.0
Outpatient,0270,4,4,230.0,57.5,15.0
Outpatient,7536,4,4,230.0,57.5,65.0
Outpatient,0228,2,2,230.0,115.0,115.0
Outpatient,V271,3,3,230.0,76.67,90.0
Outpatient,73000,2,2,230.0,115.0,115.0
Outpatient,V2641,5,5,230.0,46.0,10.0
Outpatient,9619,5,5,220.0,44.0,40.0
Outpatient,5224,4,4,220.0,55.0,60.0
Outpatient,7584,2,2,220.0,110.0,110.0
Outpatient,37647,4,4,220.0,55.0,60.0
Outpatient,9839,3,3,220.0,73.33,60.0
Outpatient,5234,3,3,220.0,73.33,80.0
Outpatient,V682,3,3,220.0,73.33,90.0
Outpatient,9803,3,3,220.0,73.33,70.0
Outpatient,7428,3,3,220.0,73.33,60.0
Outpatient,1226,4,4,220.0,55.0,65.0
Outpatient,29981,5,5,220.0,44.0,60.0
Outpatient,37960,3,3,220.0,73.33,60.0
Outpatient,0879,3,3,220.0,73.33,70.0
Outpatient,52437,10,10,220.0,22.0,5.0
Outpatient,0218,8,8,220.0,27.5,25.0
Outpatient,V1203,3,3,220.0,73.33,80.0
Outpatient,71170,2,2,220.0,110.0,110.0
Outpatient,9708,2,2,220.0,110.0,110.0
Outpatient,31213,3,3,220.0,73.33,80.0
Outpatient,5820,4,4,220.0,55.0,60.0
Outpatient,3849,5,5,220.0,44.0,60.0
Outpatient,0812,2,2,220.0,110.0,110.0
Outpatient,75567,4,4,220.0,55.0,60.0
Outpatient,V631,5,5,220.0,44.0,40.0
Outpatient,38161,6,6,220.0,36.67,50.0
Outpatient,36315,2,2,220.0,110.0,110.0
Outpatient,0820,3,3,220.0,73.33,100.0
Outpatient,94125,4,4,220.0,55.0,60.0
Outpatient,0770,4,4,220.0,55.0,60.0
Outpatient,52474,6,6,220.0,36.67,0.0
Outpatient,75471,2,2,220.0,110.0,110.0
Outpatient,37543,3,3,210.0,70.0,70.0
Outpatient,9799,4,4,210.0,52.5,50.0
Outpatient,37841,3,3,210.0,70.0,60.0
Outpatient,7574,4,4,210.0,52.5,45.0
Outpatient,0843,4,4,210.0,52.5,40.0
Outpatient,52579,4,4,210.0,52.5,55.0
Outpatient,9822,3,3,210.0,70.0,60.0
Outpatient,65180,3,3,210.0,70.0,100.0
Outpatient,36030,3,3,210.0,70.0,60.0
Outpatient,79679,2,2,210.0,105.0,105.0
Outpatient,9676,2,2,210.0,105.0,105.0
Outpatient,37542,3,3,210.0,70.0,70.0
Outpatient,37222,4,4,210.0,52.5,55.0
Outpatient,09485,2,2,210.0,105.0,105.0
Outpatient,9723,2,2,210.0,105.0,105.0
Outpatient,37843,3,3,210.0,70.0,70.0
Outpatient,5262,5,5,210.0,42.0,50.0
Outpatient,36451,3,3,210.0,70.0,70.0
Outpatient,36023,3,3,210.0,70.0,60.0
Outpatient,36968,4,4,210.0,52.5,55.0
Outpatient,30122,4,4,210.0,52.5,45.0
Outpatient,85186,1,1,200.0,200.0,200.0
Outpatient,00847,1,1,200.0,200.0,200.0
Outpatient,30748,1,1,200.0,200.0,200.0
Outpatient,80085,1,1,200.0,200.0,200.0
Outpatient,86613,1,1,200.0,200.0,200.0
Outpatient,86110,1,1,200.0,200.0,200.0
Outpatient,80136,1,1,200.0,200.0,200.0
Outpatient,65510,1,1,200.0,200.0,200.0
Outpatient,86402,1,1,200.0,200.0,200.0
Outpatient,86512,1,1,200.0,200.0,200.0
Outpatient,01735,1,1,200.0,200.0,200.0
Outpatient,94343,1,1,200.0,200.0,200.0
Outpatient,7952,1,1,200.0,200.0,200.0
Outpatient,75615,1,1,200.0,200.0,200.0
Outpatient,048,1,1,200.0,200.0,200.0
Outpatient,30652,1,1,200.0,200.0,200.0
Outpatient,E9581,2,2,200.0,100.0,100.0
Outpatient,80491,2,2,200.0,100.0,100.0
Outpatient,90239,1,1,200.0,200.0,200.0
Outpatient,20104,1,1,200.0,200.0,200.0
Outpatient,86359,1,1,200.0,200.0,200.0
Outpatient,85140,1,1,200.0,200.0,200.0
Outpatient,80100,1,1,200.0,200.0,200.0
Outpatient,80169,1,1,200.0,200.0,200.0
Outpatient,01895,1,1,200.0,200.0,200.0
Outpatient,9747,4,4,200.0,50.0,45.0
Outpatient,0959,2,2,200.0,100.0,100.0
Outpatient,04105,1,1,200.0,200.0,200.0
Outpatient,9872,1,1,200.0,200.0,200.0
Outpatient,64884,2,2,200.0,100.0,100.0
Outpatient,66103,1,1,200.0,200.0,200.0
Outpatient,0462,1,1,200.0,200.0,200.0
Outpatient,9474,1,1,200.0,200.0,200.0
Outpatient,3769,1,1,200.0,200.0,200.0
Outpatient,64743,1,1,200.0,200.0,200.0
Outpatient,94511,1,1,200.0,200.0,200.0
Outpatient,64301,1,1,200.0,200.0,200.0
Outpatient,52301,2,2,200.0,100.0,100.0
Outpatient,80155,1,1,200.0,200.0,200.0
Outpatient,64690,1,1,200.0,200.0,200.0
Outpatient,85139,1,1,200.0,200.0,200.0
Outpatient,94457,1,1,200.0,200.0,200.0
Outpatient,37201,4,4,200.0,50.0,50.0
Outpatient,3208,1,1,200.0,200.0,200.0
Outpatient,90252,1,1,200.0,200.0,200.0
Outpatient,64724,1,1,200.0,200.0,200.0
Outpatient,94110,1,1,200.0,200.0,200.0
Outpatient,1029,2,2,200.0,100.0,100.0
Outpatient,80325,2,2,200.0,100.0,100.0
Outpatient,94873,1,1,200.0,200.0,200.0
Outpatient,36053,1,1,200.0,200.0,200.0
Outpatient,37140,4,4,200.0,50.0,55.0
Outpatient,92801,1,1,200.0,200.0,200.0
Outpatient,75442,2,2,200.0,100.0,100.0
Outpatient,66934,1,1,200.0,200.0,200.0
Outpatient,0260,3,3,200.0,66.67,50.0
Outpatient,52563,1,1,200.0,200.0,200.0
Outpatient,7594,1,1,200.0,200.0,200.0
Outpatient,95212,1,1,200.0,200.0,200.0
Outpatient,74601,1,1,200.0,200.0,200.0
Outpatient,20925,1,1,200.0,200.0,200.0
Outpatient,99523,3,3,200.0,66.67,70.0
Outpatient,94855,1,1,200.0,200.0,200.0
Outpatient,9464,1,1,200.0,200.0,200.0
Outpatient,94104,1,1,200.0,200.0,200.0
Outpatient,9781,2,2,200.0,100.0,100.0
Outpatient,9727,3,3,200.0,66.67,70.0
Outpatient,9740,1,1,200.0,200.0,200.0
Outpatient,7517,1,1,200.0,200.0,200.0
Outpatient,75450,1,1,200.0,200.0,200.0
Outpatient,37532,6,6,200.0,33.33,30.0
Outpatient,1220,5,5,200.0,40.0,30.0
Outpatient,E9539,1,1,200.0,200.0,200.0
Outpatient,64942,1,1,200.0,200.0,200.0
Outpatient,9042,1,1,200.0,200.0,200.0
Outpatient,94350,1,1,200.0,200.0,200.0
Outpatient,7441,1,1,200.0,200.0,200.0
Outpatient,94219,1,1,200.0,200.0,200.0
Outpatient,80620,1,1,200.0,200.0,200.0
Outpatient,73087,2,2,200.0,100.0,100.0
Outpatient,0498,1,1,200.0,200.0,200.0
Outpatient,85171,1,1,200.0,200.0,200.0
Outpatient,75482,2,2,200.0,100.0,100.0
Outpatient,94225,1,1,200.0,200.0,200.0
Outpatient,64940,1,1,200.0,200.0,200.0
Outpatient,5226,5,5,200.0,40.0,0.0
Outpatient,6390,1,1,200.0,200.0,200.0
Outpatient,7581,1,1,200.0,200.0,200.0
Outpatient,80041,2,2,200.0,100.0,100.0
Outpatient,75160,1,1,200.0,200.0,200.0
Outpatient,5088,2,2,200.0,100.0,100.0
Outpatient,09182,1,1,200.0,200.0,200.0
Outpatient,9646,5,5,200.0,40.0,30.0
Outpatient,64821,1,1,200.0,200.0,200.0
Outpatient,85221,1,1,200.0,200.0,200.0
Outpatient,85232,1,1,200.0,200.0,200.0
Outpatient,4955,1,1,200.0,200.0,200.0
Outpatient,5206,4,4,200.0,50.0,50.0
Outpatient,9299,1,1,200.0,200.0,200.0
Outpatient,52325,4,4,200.0,50.0,50.0
Outpatient,52105,3,3,200.0,66.67,70.0
Outpatient,65693,1,1,200.0,200.0,200.0
Outpatient,94412,1,1,200.0,200.0,200.0
Outpatient,85141,1,1,200.0,200.0,200.0
Outpatient,37213,4,4,200.0,50.0,60.0
Outpatient,75527,2,2,200.0,100.0,100.0
Outpatient,5230,2,2,200.0,100.0,100.0
Outpatient,74689,2,2,200.0,100.0,100.0
Outpatient,75479,1,1,200.0,200.0,200.0
Outpatient,V6222,3,3,200.0,66.67,80.0
Outpatient,E9553,1,1,200.0,200.0,200.0
Outpatient,07952,4,4,200.0,50.0,50.0
Outpatient,80639,1,1,200.0,200.0,200.0
Outpatient,5216,3,3,200.0,66.67,60.0
Outpatient,94852,1,1,200.0,200.0,200.0
Outpatient,7592,1,1,200.0,200.0,200.0
Outpatient,64620,2,2,200.0,100.0,100.0
Outpatient,52513,2,2,200.0,100.0,100.0
Outpatient,64693,1,1,200.0,200.0,200.0
Outpatient,64762,1,1,200.0,200.0,200.0
Outpatient,E9556,1,1,200.0,200.0,200.0
Outpatient,74904,2,2,200.0,100.0,100.0
Outpatient,67902,1,1,200.0,200.0,200.0
Outpatient,71100,3,3,200.0,66.67,70.0
Outpatient,9823,1,1,200.0,200.0,200.0
Outpatient,80341,1,1,200.0,200.0,200.0
Outpatient,32382,1,1,200.0,200.0,200.0
Outpatient,94530,1,1,200.0,200.0,200.0
Outpatient,64613,1,1,200.0,200.0,200.0
Outpatient,00323,3,3,200.0,66.67,0.0
Outpatient,94427,1,1,200.0,200.0,200.0
Outpatient,E9511,1,1,200.0,200.0,200.0
Outpatient,37775,4,4,200.0,50.0,50.0
Outpatient,86353,1,1,200.0,200.0,200.0
Outpatient,52341,3,3,200.0,66.67,0.0
Outpatient,80601,1,1,200.0,200.0,200.0
Outpatient,52565,3,3,200.0,66.67,60.0
Outpatient,124,2,2,200.0,100.0,100.0
Outpatient,3139,2,2,200.0,100.0,100.0
Outpatient,94101,1,1,200.0,200.0,200.0
Outpatient,85195,1,1,200.0,200.0,200.0
Outpatient,94249,1,1,200.0,200.0,200.0
Outpatient,94253,1,1,200.0,200.0,200.0
Outpatient,37604,3,3,200.0,66.67,60.0
Outpatient,1319,4,4,200.0,50.0,50.0
Outpatient,64810,1,1,200.0,200.0,200.0
Outpatient,V6221,4,4,200.0,50.0,50.0
Outpatient,80180,1,1,200.0,200.0,200.0
Outpatient,37513,3,3,200.0,66.67,60.0
Outpatient,01202,1,1,200.0,200.0,200.0
Outpatient,9770,1,1,200.0,200.0,200.0
Outpatient,85400,1,1,200.0,200.0,200.0
Outpatient,31323,1,1,200.0,200.0,200.0
Outpatient,E9589,1,1,200.0,200.0,200.0
Outpatient,36915,5,5,200.0,40.0,50.0
Outpatient,80135,1,1,200.0,200.0,200.0
Outpatient,65700,1,1,200.0,200.0,200.0
Outpatient,3682,1,1,200.0,200.0,200.0
Outpatient,64913,1,1,200.0,200.0,200.0
Outpatient,1875,1,1,200.0,200.0,200.0
Outpatient,9788,3,3,190.0,63.33,80.0
Outpatient,05321,3,3,190.0,63.33,50.0
Outpatient,1341,3,3,190.0,63.33,80.0
Outpatient,9824,3,3,190.0,63.33,50.0
Outpatient,52430,3,3,190.0,63.33,60.0
Outpatient,03289,4,4,190.0,47.5,45.0
Outpatient,36477,4,4,190.0,47.5,50.0
Outpatient,36307,6,6,190.0,31.67,35.0
Outpatient,86382,2,2,190.0,95.0,95.0
Outpatient,94542,2,2,190.0,95.0,95.0
Outpatient,37252,3,3,190.0,63.33,60.0
Outpatient,129,3,3,190.0,63.33,50.0
Outpatient,0415,5,5,190.0,38.0,30.0
Outpatient,7523,4,4,190.0,47.5,60.0
Outpatient,1860,4,4,190.0,47.5,40.0
Outpatient,04510,3,3,190.0,63.33,60.0
Outpatient,52112,2,2,190.0,95.0,95.0
Outpatient,52123,4,4,190.0,47.5,45.0
Outpatient,V279,3,3,190.0,63.33,90.0
Outpatient,V2031,7,7,190.0,27.14,0.0
Outpatient,V276,6,6,190.0,31.67,35.0
Outpatient,94440,2,2,190.0,95.0,95.0
Outpatient,00849,4,4,190.0,47.5,45.0
Outpatient,1261,4,4,190.0,47.5,45.0
Outpatient,37100,3,3,190.0,63.33,60.0
Outpatient,9745,4,4,190.0,47.5,50.0
Outpatient,V2635,5,5,190.0,38.0,40.0
Outpatient,37939,3,3,190.0,63.33,50.0
Outpatient,9899,2,2,190.0,95.0,95.0
Outpatient,7533,3,3,180.0,60.0,60.0
Outpatient,9675,2,2,180.0,90.0,90.0
Outpatient,0889,3,3,180.0,60.0,60.0
Outpatient,30747,3,3,180.0,60.0,90.0
Outpatient,9891,3,3,180.0,60.0,80.0
Outpatient,80627,2,2,180.0,90.0,90.0
Outpatient,V6102,2,2,180.0,90.0,90.0
Outpatient,V6122,4,4,180.0,45.0,40.0
Outpatient,3019,3,3,180.0,60.0,80.0
Outpatient,31220,2,2,180.0,90.0,90.0
Outpatient,V260,2,2,180.0,90.0,90.0
Outpatient,5060,2,2,180.0,90.0,90.0
Outpatient,0229,3,3,180.0,60.0,60.0
Outpatient,03689,3,3,180.0,60.0,70.0
Outpatient,37215,3,3,180.0,60.0,60.0
Outpatient,5239,3,3,180.0,60.0,80.0
Outpatient,37481,3,3,180.0,60.0,60.0
Outpatient,73078,2,2,180.0,90.0,90.0
Outpatient,20111,3,3,180.0,60.0,60.0
Outpatient,36002,5,5,180.0,36.0,60.0
Outpatient,04182,3,3,180.0,60.0,60.0
Outpatient,5222,3,3,180.0,60.0,60.0
Outpatient,1364,3,3,180.0,60.0,70.0
Outpatient,0853,3,3,180.0,60.0,70.0
Outpatient,0271,6,6,180.0,30.0,30.0
Outpatient,0363,4,4,180.0,45.0,30.0
Outpatient,30016,2,2,180.0,90.0,90.0
Outpatient,5245,4,4,180.0,45.0,40.0
Outpatient,04186,4,4,180.0,45.0,40.0
Outpatient,29910,2,2,180.0,90.0,90.0
Outpatient,0821,3,3,180.0,60.0,80.0
Outpatient,71146,3,3,170.0,56.67,50.0
Outpatient,V2509,2,2,170.0,85.0,85.0
Outpatient,3643,3,3,170.0,56.67,60.0
Outpatient,37704,4,4,170.0,42.5,55.0
Outpatient,0269,3,3,170.0,56.67,60.0
Outpatient,4953,2,2,170.0,85.0,85.0
Outpatient,71139,4,4,170.0,42.5,35.0
Outpatient,20151,2,2,170.0,85.0,85.0
Outpatient,1263,4,4,170.0,42.5,45.0
Outpatient,53250,4,4,170.0,42.5,30.0
Outpatient,74344,2,2,170.0,85.0,85.0
Outpatient,5232,5,5,170.0,34.0,0.0
Outpatient,0903,2,2,170.0,85.0,85.0
Outpatient,85134,2,2,170.0,85.0,85.0
Outpatient,80193,2,2,170.0,85.0,85.0
Outpatient,V252,2,2,170.0,85.0,85.0
Outpatient,75552,3,3,170.0,56.67,40.0
Outpatient,V689,8,8,170.0,21.25,10.0
Outpatient,73095,2,2,170.0,85.0,85.0
Outpatient,587,6,6,170.0,28.33,25.0
Outpatient,5071,3,3,170.0,56.67,60.0
Outpatient,52411,2,2,170.0,85.0,85.0
Outpatient,65121,3,3,170.0,56.67,60.0
Outpatient,64600,2,2,170.0,85.0,85.0
Outpatient,52421,3,3,170.0,56.67,70.0
Outpatient,37854,2,2,170.0,85.0,85.0
Outpatient,64410,2,2,170.0,85.0,85.0
Outpatient,36421,3,3,170.0,56.67,40.0
Outpatient,0319,3,3,170.0,56.67,50.0
Outpatient,36460,3,3,170.0,56.67,60.0
Outpatient,1023,4,4,170.0,42.5,25.0
Outpatient,64612,2,2,170.0,85.0,85.0
Outpatient,94234,3,3,170.0,56.67,60.0
Outpatient,71150,3,3,170.0,56.67,50.0
Outpatient,36301,2,2,170.0,85.0,85.0
Outpatient,30522,2,2,170.0,85.0,85.0
Outpatient,0416,4,4,170.0,42.5,50.0
Outpatient,52432,2,2,170.0,85.0,85.0
Outpatient,9871,2,2,170.0,85.0,85.0
Outpatient,9625,2,2,160.0,80.0,80.0
Outpatient,64911,2,2,160.0,80.0,80.0
Outpatient,37958,3,3,160.0,53.33,50.0
Outpatient,74361,2,2,160.0,80.0,80.0
Outpatient,05410,3,3,160.0,53.33,60.0
Outpatient,94830,2,2,160.0,80.0,80.0
Outpatient,37482,3,3,160.0,53.33,50.0
Outpatient,1228,4,4,160.0,40.0,40.0
Outpatient,37911,4,4,160.0,40.0,50.0
Outpatient,0091,4,4,160.0,40.0,30.0
Outpatient,36081,2,2,160.0,80.0,80.0
Outpatient,71168,5,5,160.0,32.0,40.0
Outpatient,64661,2,2,160.0,80.0,80.0
Outpatient,36461,2,2,160.0,80.0,80.0
Outpatient,3076,3,3,160.0,53.33,60.0
Outpatient,0743,4,4,160.0,40.0,40.0
Outpatient,04104,5,5,160.0,32.0,20.0
Outpatient,7483,3,3,160.0,53.33,30.0
Outpatient,94220,2,2,160.0,80.0,80.0
Outpatient,37120,3,3,160.0,53.33,60.0
Outpatient,37991,2,2,160.0,80.0,80.0
Outpatient,36014,2,2,160.0,80.0,80.0
Outpatient,5220,4,4,160.0,40.0,30.0
Outpatient,04501,3,3,160.0,53.33,60.0
Outpatient,94551,3,3,160.0,53.33,50.0
Outpatient,52523,4,4,160.0,40.0,30.0
Outpatient,5208,2,2,160.0,80.0,80.0
Outpatient,5240,3,3,160.0,53.33,80.0
Outpatient,74366,2,2,160.0,80.0,80.0
Outpatient,71149,2,2,160.0,80.0,80.0
Outpatient,V157,3,3,160.0,53.33,60.0
Outpatient,37313,3,3,160.0,53.33,40.0
Outpatient,V720,3,3,160.0,53.33,50.0
Outpatient,0819,3,3,160.0,53.33,40.0
Outpatient,37603,3,3,160.0,53.33,60.0
Outpatient,5217,2,2,160.0,80.0,80.0
Outpatient,36029,2,2,150.0,75.0,75.0
Outpatient,04111,4,4,150.0,37.5,20.0
Outpatient,V2632,3,3,150.0,50.0,60.0
Outpatient,94861,2,2,150.0,75.0,75.0
Outpatient,20153,2,2,150.0,75.0,75.0
Outpatient,V0990,5,5,150.0,30.0,20.0
Outpatient,4952,2,2,150.0,75.0,75.0
Outpatient,73641,3,3,150.0,50.0,50.0
Outpatient,30746,3,3,150.0,50.0,30.0
Outpatient,3142,3,3,150.0,50.0,60.0
Outpatient,94504,2,2,150.0,75.0,75.0
Outpatient,52472,6,6,150.0,25.0,0.0
Outpatient,0840,3,3,150.0,50.0,30.0
Outpatient,1216,3,3,150.0,50.0,40.0
Outpatient,V258,3,3,150.0,50.0,50.0
Outpatient,V240,2,2,150.0,75.0,75.0
Outpatient,0219,3,3,150.0,50.0,50.0
Outpatient,0331,2,2,150.0,75.0,75.0
Outpatient,94221,2,2,150.0,75.0,75.0
Outpatient,1049,4,4,150.0,37.5,45.0
Outpatient,V605,2,2,150.0,75.0,75.0
Outpatient,74429,2,2,150.0,75.0,75.0
Outpatient,37332,2,2,150.0,75.0,75.0
Outpatient,135,2,2,150.0,75.0,75.0
Outpatient,94549,2,2,150.0,75.0,75.0
Outpatient,94882,2,2,150.0,75.0,75.0
Outpatient,9732,3,3,150.0,50.0,50.0
Outpatient,80192,2,2,140.0,70.0,70.0
Outpatient,0811,3,3,140.0,46.67,30.0
Outpatient,0847,2,2,140.0,70.0,70.0
Outpatient,3021,5,5,140.0,28.0,0.0
Outpatient,9404,2,2,140.0,70.0,70.0
Outpatient,1229,2,2,140.0,70.0,70.0
Outpatient,1201,3,3,140.0,46.67,30.0
Outpatient,64421,2,2,140.0,70.0,70.0
Outpatient,52429,2,2,140.0,70.0,70.0
Outpatient,73001,3,3,140.0,46.67,30.0
Outpatient,94119,2,2,140.0,70.0,70.0
Outpatient,37451,2,2,140.0,70.0,70.0
Outpatient,52331,3,3,140.0,46.67,40.0
Outpatient,5223,4,4,140.0,35.0,25.0
Outpatient,37158,3,3,140.0,46.67,40.0
Outpatient,86342,2,2,140.0,70.0,70.0
Outpatient,9658,3,3,140.0,46.67,30.0
Outpatient,1235,2,2,140.0,70.0,70.0
Outpatient,73097,3,3,140.0,46.67,20.0
Outpatient,V096,3,3,140.0,46.67,40.0
Outpatient,37801,2,2,140.0,70.0,70.0
Outpatient,0787,2,2,140.0,70.0,70.0
Outpatient,30789,3,3,140.0,46.67,40.0
Outpatient,52452,2,2,140.0,70.0,70.0
Outpatient,94458,2,2,140.0,70.0,70.0
Outpatient,30743,3,3,140.0,46.67,50.0
Outpatient,3212,2,2,140.0,70.0,70.0
Outpatient,V523,4,4,140.0,35.0,40.0
Outpatient,0085,3,3,140.0,46.67,40.0
Outpatient,80607,2,2,140.0,70.0,70.0
Outpatient,94866,2,2,140.0,70.0,70.0
Outpatient,V1200,3,3,130.0,43.33,40.0
Outpatient,74902,2,2,130.0,65.0,65.0
Outpatient,98983,2,2,130.0,65.0,65.0
Outpatient,0842,3,3,130.0,43.33,20.0
Outpatient,94872,2,2,130.0,65.0,65.0
Outpatient,36352,2,2,130.0,65.0,65.0
Outpatient,0301,2,2,130.0,65.0,65.0
Outpatient,9523,2,2,130.0,65.0,65.0
Outpatient,94897,2,2,130.0,65.0,65.0
Outpatient,20160,2,2,130.0,65.0,65.0
Outpatient,1320,3,3,130.0,43.33,40.0
Outpatient,36847,4,4,130.0,32.5,30.0
Outpatient,64802,2,2,130.0,65.0,65.0
Outpatient,37551,4,4,130.0,32.5,35.0
Outpatient,9761,3,3,130.0,43.33,30.0
Outpatient,74353,2,2,130.0,65.0,65.0
Outpatient,52462,3,3,130.0,43.33,30.0
Outpatient,37912,3,3,130.0,43.33,50.0
Outpatient,7579,2,2,130.0,65.0,65.0
Outpatient,37712,2,2,130.0,65.0,65.0
Outpatient,1262,3,3,130.0,43.33,40.0
Outpatient,1028,2,2,130.0,65.0,65.0
Outpatient,74560,3,3,130.0,43.33,50.0
Outpatient,V6107,2,2,130.0,65.0,65.0
Outpatient,75461,2,2,130.0,65.0,65.0
Outpatient,V0971,2,2,130.0,65.0,65.0
Outpatient,3670,2,2,130.0,65.0,65.0
Outpatient,V608,3,3,130.0,43.33,50.0
Outpatient,09842,2,2,130.0,65.0,65.0
Outpatient,20164,2,2,130.0,65.0,65.0
Outpatient,37622,2,2,130.0,65.0,65.0
Outpatient,37990,3,3,120.0,40.0,40.0
Outpatient,09161,2,2,120.0,60.0,60.0
Outpatient,75010,2,2,120.0,60.0,60.0
Outpatient,3029,2,2,120.0,60.0,60.0
Outpatient,1026,3,3,120.0,40.0,40.0
Outpatient,7421,2,2,120.0,60.0,60.0
Outpatient,5288,2,2,120.0,60.0,60.0
Outpatient,V2540,2,2,120.0,60.0,60.0
Outpatient,74400,2,2,120.0,60.0,60.0
Outpatient,V093,4,4,120.0,30.0,30.0
Outpatient,09322,2,2,120.0,60.0,60.0
Outpatient,V613,3,3,120.0,40.0,40.0
Outpatient,1021,2,2,120.0,60.0,60.0
Outpatient,5069,3,3,120.0,40.0,30.0
Outpatient,9898,3,3,120.0,40.0,40.0
Outpatient,52320,3,3,120.0,40.0,20.0
Outpatient,75616,2,2,120.0,60.0,60.0
Outpatient,30722,3,3,120.0,40.0,60.0
Outpatient,0772,4,4,120.0,30.0,20.0
Outpatient,64413,4,4,120.0,30.0,20.0
Outpatient,94306,2,2,120.0,60.0,60.0
Outpatient,1233,2,2,120.0,60.0,60.0
Outpatient,30013,2,2,120.0,60.0,60.0
Outpatient,V1209,2,2,120.0,60.0,60.0
Outpatient,58281,4,4,120.0,30.0,35.0
Outpatient,94525,2,2,120.0,60.0,60.0
Outpatient,67150,2,2,120.0,60.0,60.0
Outpatient,V0950,2,2,120.0,60.0,60.0
Outpatient,75670,2,2,120.0,60.0,60.0
Outpatient,1259,2,2,110.0,55.0,55.0
Outpatient,73009,2,2,110.0,55.0,55.0
Outpatient,74404,2,2,110.0,55.0,55.0
Outpatient,37921,2,2,110.0,55.0,55.0
Outpatient,9401,2,2,110.0,55.0,55.0
Outpatient,94516,2,2,110.0,55.0,55.0
Outpatient,85222,2,2,110.0,55.0,55.0
Outpatient,V6141,4,4,110.0,27.5,35.0
Outpatient,1365,2,2,110.0,55.0,55.0
Outpatient,95208,2,2,110.0,55.0,55.0
Outpatient,52189,4,4,110.0,27.5,25.0
Outpatient,05601,2,2,110.0,55.0,55.0
Outpatient,1277,3,3,110.0,36.67,20.0
Outpatient,0774,2,2,110.0,55.0,55.0
Outpatient,0917,2,2,110.0,55.0,55.0
Outpatient,5211,3,3,110.0,36.67,40.0
Outpatient,73036,4,4,110.0,27.5,25.0
Outpatient,94843,2,2,110.0,55.0,55.0
Outpatient,86819,2,2,110.0,55.0,55.0
Outpatient,0300,3,3,110.0,36.67,20.0
Outpatient,0869,2,2,110.0,55.0,55.0
Outpatient,52471,3,3,110.0,36.67,40.0
Outpatient,V2501,2,2,110.0,55.0,55.0
Outpatient,52482,4,4,110.0,27.5,10.0
Outpatient,V6089,2,2,110.0,55.0,55.0
Outpatient,V202,7,7,110.0,15.71,10.0
Outpatient,75522,2,2,110.0,55.0,55.0
Outpatient,36311,4,4,110.0,27.5,25.0
Outpatient,1270,3,3,110.0,36.67,40.0
Outpatient,V1204,2,2,110.0,55.0,55.0
Outpatient,9687,2,2,110.0,55.0,55.0
Outpatient,94503,2,2,110.0,55.0,55.0
Outpatient,71102,2,2,110.0,55.0,55.0
Outpatient,52401,5,5,110.0,22.0,0.0
Outpatient,36457,3,3,110.0,36.67,40.0
Outpatient,73719,2,2,110.0,55.0,55.0
Outpatient,37808,4,4,110.0,27.5,30.0
Outpatient,096,2,2,110.0,55.0,55.0
Outpatient,65973,1,1,100.0,100.0,100.0
Outpatient,66801,1,1,100.0,100.0,100.0
Outpatient,326,1,1,100.0,100.0,100.0
Outpatient,85161,1,1,100.0,100.0,100.0
Outpatient,74783,2,2,100.0,50.0,50.0
Outpatient,80094,1,1,100.0,100.0,100.0
Outpatient,67582,1,1,100.0,100.0,100.0
Outpatient,86510,1,1,100.0,100.0,100.0
Outpatient,94209,1,1,100.0,100.0,100.0
Outpatient,7600,1,1,100.0,100.0,100.0
Outpatient,7508,1,1,100.0,100.0,100.0
Outpatient,94862,1,1,100.0,100.0,100.0
Outpatient,64841,1,1,100.0,100.0,100.0
Outpatient,90140,1,1,100.0,100.0,100.0
Outpatient,94148,1,1,100.0,100.0,100.0
Outpatient,V255,3,3,100.0,33.33,10.0
Outpatient,74720,4,4,100.0,25.0,25.0
Outpatient,85182,1,1,100.0,100.0,100.0
Outpatient,94311,1,1,100.0,100.0,100.0
Outpatient,94150,2,2,100.0,50.0,50.0
Outpatient,66531,1,1,100.0,100.0,100.0
Outpatient,7518,1,1,100.0,100.0,100.0
Outpatient,9882,2,2,100.0,50.0,50.0
Outpatient,9742,1,1,100.0,100.0,100.0
Outpatient,65983,1,1,100.0,100.0,100.0
Outpatient,80076,1,1,100.0,100.0,100.0
Outpatient,65903,1,1,100.0,100.0,100.0
Outpatient,8602,2,2,100.0,50.0,50.0
Outpatient,04521,1,1,100.0,100.0,100.0
Outpatient,1214,1,1,100.0,100.0,100.0
Outpatient,7570,1,1,100.0,100.0,100.0
Outpatient,94441,1,1,100.0,100.0,100.0
Outpatient,74352,1,1,100.0,100.0,100.0
Outpatient,80121,1,1,100.0,100.0,100.0
Outpatient,37210,3,3,100.0,33.33,40.0
Outpatient,90234,1,1,100.0,100.0,100.0
Outpatient,86601,1,1,100.0,100.0,100.0
Outpatient,52124,5,5,100.0,20.0,0.0
Outpatient,94433,1,1,100.0,100.0,100.0
Outpatient,0230,4,4,100.0,25.0,20.0
Outpatient,80063,1,1,100.0,100.0,100.0
Outpatient,09883,1,1,100.0,100.0,100.0
Outpatient,64390,1,1,100.0,100.0,100.0
Outpatient,37064,2,2,100.0,50.0,50.0
Outpatient,V2651,2,2,100.0,50.0,50.0
Outpatient,94502,1,1,100.0,100.0,100.0
Outpatient,9638,3,3,100.0,33.33,30.0
Outpatient,64761,1,1,100.0,100.0,100.0
Outpatient,65651,1,1,100.0,100.0,100.0
Outpatient,75672,2,2,100.0,50.0,50.0
Outpatient,36356,3,3,100.0,33.33,10.0
Outpatient,64241,1,1,100.0,100.0,100.0
Outpatient,80614,1,1,100.0,100.0,100.0
Outpatient,9038,1,1,100.0,100.0,100.0
Outpatient,94401,1,1,100.0,100.0,100.0
Outpatient,9069,1,1,100.0,100.0,100.0
Outpatient,9750,1,1,100.0,100.0,100.0
Outpatient,74335,2,2,100.0,50.0,50.0
Outpatient,37552,2,2,100.0,50.0,50.0
Outpatient,20113,1,1,100.0,100.0,100.0
Outpatient,64920,1,1,100.0,100.0,100.0
Outpatient,3249,1,1,100.0,100.0,100.0
Outpatient,08249,2,2,100.0,50.0,50.0
Outpatient,94141,1,1,100.0,100.0,100.0
Outpatient,85242,1,1,100.0,100.0,100.0
Outpatient,94134,1,1,100.0,100.0,100.0
Outpatient,9878,2,2,100.0,50.0,50.0
Outpatient,94865,1,1,100.0,100.0,100.0
Outpatient,7590,1,1,100.0,100.0,100.0
Outpatient,94833,1,1,100.0,100.0,100.0
Outpatient,64663,1,1,100.0,100.0,100.0
Outpatient,27701,2,2,100.0,50.0,50.0
Outpatient,9405,1,1,100.0,100.0,100.0
Outpatient,9848,2,2,100.0,50.0,50.0
Outpatient,94404,2,2,100.0,50.0,50.0
Outpatient,52340,4,4,100.0,25.0,0.0
Outpatient,8675,1,1,100.0,100.0,100.0
Outpatient,0859,1,1,100.0,100.0,100.0
Outpatient,V2629,2,2,100.0,50.0,50.0
Outpatient,52470,3,3,100.0,33.33,0.0
Outpatient,86385,1,1,100.0,100.0,100.0
Outpatient,01144,1,1,100.0,100.0,100.0
Outpatient,65191,1,1,100.0,100.0,100.0
Outpatient,3234,1,1,100.0,100.0,100.0
Outpatient,7598,2,2,100.0,50.0,50.0
Outpatient,75689,1,1,100.0,100.0,100.0
Outpatient,67580,1,1,100.0,100.0,100.0
Outpatient,94407,1,1,100.0,100.0,100.0
Outpatient,9472,1,1,100.0,100.0,100.0
Outpatient,V603,4,4,100.0,25.0,20.0
Outpatient,74512,4,4,100.0,25.0,25.0
Outpatient,92709,1,1,100.0,100.0,100.0
Outpatient,65153,1,1,100.0,100.0,100.0
Outpatient,64873,1,1,100.0,100.0,100.0
Outpatient,37454,1,1,100.0,100.0,100.0
Outpatient,86349,2,2,100.0,50.0,50.0
Outpatient,1274,2,2,100.0,50.0,50.0
Outpatient,75652,1,1,100.0,100.0,100.0
Outpatient,V261,2,2,100.0,50.0,50.0
Outpatient,80621,1,1,100.0,100.0,100.0
Outpatient,9896,1,1,100.0,100.0,100.0
Outpatient,86404,1,1,100.0,100.0,100.0
Outpatient,80080,1,1,100.0,100.0,100.0
Outpatient,37951,3,3,100.0,33.33,40.0
Outpatient,94424,1,1,100.0,100.0,100.0
Outpatient,86120,1,1,100.0,100.0,100.0
Outpatient,5219,3,3,100.0,33.33,10.0
Outpatient,37842,3,3,100.0,33.33,50.0
Outpatient,64944,1,1,100.0,100.0,100.0
Outpatient,65691,1,1,100.0,100.0,100.0
Outpatient,5218,1,1,100.0,100.0,100.0
Outpatient,8069,1,1,100.0,100.0,100.0
Outpatient,20110,1,1,100.0,100.0,100.0
Outpatient,92820,1,1,100.0,100.0,100.0
Outpatient,95218,1,1,100.0,100.0,100.0
Outpatient,65513,1,1,100.0,100.0,100.0
Outpatient,85204,1,1,100.0,100.0,100.0
Outpatient,09852,1,1,100.0,100.0,100.0
Outpatient,80166,1,1,100.0,100.0,100.0
Outpatient,80313,1,1,100.0,100.0,100.0
Outpatient,67681,1,1,100.0,100.0,100.0
Outpatient,80081,1,1,100.0,100.0,100.0
Outpatient,64781,1,1,100.0,100.0,100.0
Outpatient,75533,1,1,100.0,100.0,100.0
Outpatient,52323,2,2,100.0,50.0,50.0
Outpatient,37840,2,2,100.0,50.0,50.0
Outpatient,80479,1,1,100.0,100.0,100.0
Outpatient,80084,1,1,100.0,100.0,100.0
Outpatient,80466,1,1,100.0,100.0,100.0
Outpatient,04522,1,1,100.0,100.0,100.0
Outpatient,67914,1,1,100.0,100.0,100.0
Outpatient,94430,1,1,100.0,100.0,100.0
Outpatient,8068,1,1,100.0,100.0,100.0
Outpatient,09843,1,1,100.0,100.0,100.0
Outpatient,64792,1,1,100.0,100.0,100.0
Outpatient,V2542,2,2,100.0,50.0,50.0
Outpatient,75523,1,1,100.0,100.0,100.0
Outpatient,94128,1,1,100.0,100.0,100.0
Outpatient,74484,1,1,100.0,100.0,100.0
Outpatient,20922,1,1,100.0,100.0,100.0
Outpatient,64804,2,2,90.0,45.0,45.0
Outpatient,7481,1,1,90.0,90.0,90.0
Outpatient,75659,1,1,90.0,90.0,90.0
Outpatient,29990,3,3,90.0,30.0,30.0
Outpatient,80637,1,1,90.0,90.0,90.0
Outpatient,64914,2,2,90.0,45.0,45.0
Outpatient,75462,1,1,90.0,90.0,90.0
Outpatient,36333,2,2,90.0,45.0,45.0
Outpatient,67642,1,1,90.0,90.0,90.0
Outpatient,9040,1,1,90.0,90.0,90.0
Outpatient,65490,1,1,90.0,90.0,90.0
Outpatient,1202,1,1,90.0,90.0,90.0
Outpatient,V2502,2,2,90.0,45.0,45.0
Outpatient,64252,1,1,90.0,90.0,90.0
Outpatient,30723,2,2,90.0,45.0,45.0
Outpatient,20122,2,2,90.0,45.0,45.0
Outpatient,01510,1,1,90.0,90.0,90.0
Outpatient,04611,1,1,90.0,90.0,90.0
Outpatient,52439,4,4,90.0,22.5,20.0
Outpatient,80469,1,1,90.0,90.0,90.0
Outpatient,80425,1,1,90.0,90.0,90.0
Outpatient,75682,1,1,90.0,90.0,90.0
Outpatient,30121,2,2,90.0,45.0,45.0
Outpatient,9809,2,2,90.0,45.0,45.0
Outpatient,09489,1,1,90.0,90.0,90.0
Outpatient,94411,1,1,90.0,90.0,90.0
Outpatient,37272,2,2,90.0,45.0,45.0
Outpatient,V2633,2,2,90.0,45.0,45.0
Outpatient,9795,2,2,90.0,45.0,45.0
Outpatient,94103,1,1,90.0,90.0,90.0
Outpatient,V600,5,5,90.0,18.0,20.0
Outpatient,67631,1,1,90.0,90.0,90.0
Outpatient,04500,1,1,90.0,90.0,90.0
Outpatient,7580,1,1,90.0,90.0,90.0
Outpatient,56723,4,4,90.0,22.5,15.0
Outpatient,1271,1,1,90.0,90.0,90.0
Outpatient,64203,1,1,90.0,90.0,90.0
Outpatient,75012,1,1,90.0,90.0,90.0
Outpatient,04112,4,4,90.0,22.5,25.0
Outpatient,37000,2,2,90.0,45.0,45.0
Outpatient,65583,1,1,90.0,90.0,90.0
Outpatient,65111,1,1,90.0,90.0,90.0
Outpatient,V272,1,1,90.0,90.0,90.0
Outpatient,V2689,1,1,90.0,90.0,90.0
Outpatient,80071,1,1,90.0,90.0,90.0
Outpatient,67200,1,1,90.0,90.0,90.0
Outpatient,94510,2,2,90.0,45.0,45.0
Outpatient,7585,2,2,90.0,45.0,45.0
Outpatient,0208,4,4,90.0,22.5,20.0
Outpatient,7489,2,2,90.0,45.0,45.0
Outpatient,80628,1,1,90.0,90.0,90.0
Outpatient,94320,1,1,90.0,90.0,90.0
Outpatient,94895,1,1,90.0,90.0,90.0
Outpatient,75521,1,1,90.0,90.0,90.0
Outpatient,52450,5,5,90.0,18.0,0.0
Outpatient,0341,1,1,90.0,90.0,90.0
Outpatient,01780,1,1,90.0,90.0,90.0
Outpatient,V455,2,2,90.0,45.0,45.0
Outpatient,9068,1,1,90.0,90.0,90.0
Outpatient,36404,2,2,90.0,45.0,45.0
Outpatient,80451,1,1,80.0,80.0,80.0
Outpatient,75251,2,2,80.0,40.0,40.0
Outpatient,94321,1,1,80.0,80.0,80.0
Outpatient,80617,1,1,80.0,80.0,80.0
Outpatient,8670,1,1,80.0,80.0,80.0
Outpatient,0279,2,2,80.0,40.0,40.0
Outpatient,64730,1,1,80.0,80.0,80.0
Outpatient,5231,2,2,80.0,40.0,40.0
Outpatient,94251,1,1,80.0,80.0,80.0
Outpatient,29900,1,1,80.0,80.0,80.0
Outpatient,94153,1,1,80.0,80.0,80.0
Outpatient,65404,1,1,80.0,80.0,80.0
Outpatient,4954,1,1,80.0,80.0,80.0
Outpatient,01706,1,1,80.0,80.0,80.0
Outpatient,85194,1,1,80.0,80.0,80.0
Outpatient,66821,1,1,80.0,80.0,80.0
Outpatient,V2642,2,2,80.0,40.0,40.0
Outpatient,99522,3,3,80.0,26.67,10.0
Outpatient,90255,1,1,80.0,80.0,80.0
Outpatient,5233,3,3,80.0,26.67,0.0
Outpatient,0309,2,2,80.0,40.0,40.0
Outpatient,52519,2,2,80.0,40.0,40.0
Outpatient,1280,4,4,80.0,20.0,25.0
Outpatient,64311,1,1,80.0,80.0,80.0
Outpatient,1872,1,1,80.0,80.0,80.0
Outpatient,09956,2,2,80.0,40.0,40.0
Outpatient,0069,2,2,80.0,40.0,40.0
Outpatient,66574,2,2,80.0,40.0,40.0
Outpatient,75655,2,2,80.0,40.0,40.0
Outpatient,37004,1,1,80.0,80.0,80.0
Outpatient,65930,1,1,80.0,80.0,80.0
Outpatient,8674,1,1,80.0,80.0,80.0
Outpatient,37024,4,4,80.0,20.0,15.0
Outpatient,80636,1,1,80.0,80.0,80.0
Outpatient,64793,1,1,80.0,80.0,80.0
Outpatient,94149,1,1,80.0,80.0,80.0
Outpatient,9784,1,1,80.0,80.0,80.0
Outpatient,75489,1,1,80.0,80.0,80.0
Outpatient,V270,2,2,80.0,40.0,40.0
Outpatient,80634,2,2,80.0,40.0,40.0
Outpatient,9644,2,2,80.0,40.0,40.0
Outpatient,9679,1,1,80.0,80.0,80.0
Outpatient,64234,1,1,80.0,80.0,80.0
Outpatient,7449,1,1,80.0,80.0,80.0
Outpatient,09833,1,1,80.0,80.0,80.0
Outpatient,67014,2,2,80.0,40.0,40.0
Outpatient,9735,2,2,80.0,40.0,40.0
Outpatient,9529,1,1,80.0,80.0,80.0
Outpatient,V724,3,3,80.0,26.67,10.0
Outpatient,1276,1,1,80.0,80.0,80.0
Outpatient,86130,1,1,80.0,80.0,80.0
Outpatient,74925,1,1,80.0,80.0,80.0
Outpatient,3200,1,1,80.0,80.0,80.0
Outpatient,9713,2,2,80.0,40.0,40.0
Outpatient,37431,4,4,80.0,20.0,15.0
Outpatient,0991,1,1,80.0,80.0,80.0
Outpatient,8603,1,1,80.0,80.0,80.0
Outpatient,09042,1,1,80.0,80.0,80.0
Outpatient,37432,1,1,70.0,70.0,70.0
Outpatient,65660,1,1,70.0,70.0,70.0
Outpatient,37148,1,1,70.0,70.0,70.0
Outpatient,52526,2,2,70.0,35.0,35.0
Outpatient,67123,1,1,70.0,70.0,70.0
Outpatient,04089,1,1,70.0,70.0,70.0
Outpatient,80012,1,1,70.0,70.0,70.0
Outpatient,024,2,2,70.0,35.0,35.0
Outpatient,74447,2,2,70.0,35.0,35.0
Outpatient,64670,1,1,70.0,70.0,70.0
Outpatient,9620,3,3,70.0,23.33,20.0
Outpatient,01602,1,1,70.0,70.0,70.0
Outpatient,67420,1,1,70.0,70.0,70.0
Outpatient,09853,1,1,70.0,70.0,70.0
Outpatient,80610,1,1,70.0,70.0,70.0
Outpatient,01893,1,1,70.0,70.0,70.0
Outpatient,52425,4,4,70.0,17.5,0.0
Outpatient,94346,1,1,70.0,70.0,70.0
Outpatient,95205,1,1,70.0,70.0,70.0
Outpatient,96561,3,3,70.0,23.33,30.0
Outpatient,3214,1,1,70.0,70.0,70.0
Outpatient,90281,1,1,70.0,70.0,70.0
Outpatient,01786,1,1,70.0,70.0,70.0
Outpatient,94352,1,1,70.0,70.0,70.0
Outpatient,74311,1,1,70.0,70.0,70.0
Outpatient,66524,1,1,70.0,70.0,70.0
Outpatient,36059,1,1,70.0,70.0,70.0
Outpatient,7504,1,1,70.0,70.0,70.0
Outpatient,74683,3,3,70.0,23.33,10.0
Outpatient,94139,1,1,70.0,70.0,70.0
Outpatient,64633,1,1,70.0,70.0,70.0
Outpatient,7464,1,1,70.0,70.0,70.0
Outpatient,37244,3,3,70.0,23.33,30.0
Outpatient,67490,1,1,70.0,70.0,70.0
Outpatient,9490,1,1,70.0,70.0,70.0
Outpatient,52321,2,2,70.0,35.0,35.0
Outpatient,80230,2,2,70.0,35.0,35.0
Outpatient,37421,2,2,70.0,35.0,35.0
Outpatient,0471,1,1,70.0,70.0,70.0
Outpatient,01125,1,1,70.0,70.0,70.0
Outpatient,94513,1,1,70.0,70.0,70.0
Outpatient,0233,4,4,70.0,17.5,20.0
Outpatient,6282,1,1,70.0,70.0,70.0
Outpatient,01673,1,1,70.0,70.0,70.0
Outpatient,1238,1,1,70.0,70.0,70.0
Outpatient,64651,1,1,70.0,70.0,70.0
Outpatient,64760,1,1,70.0,70.0,70.0
Outpatient,V2543,2,2,70.0,35.0,35.0
Outpatient,V094,2,2,70.0,35.0,35.0
Outpatient,3202,1,1,70.0,70.0,70.0
Outpatient,37831,2,2,70.0,35.0,35.0
Outpatient,V110,3,3,70.0,23.33,0.0
Outpatient,64700,1,1,70.0,70.0,70.0
Outpatient,66910,1,1,70.0,70.0,70.0
Outpatient,0414,3,3,70.0,23.33,30.0
Outpatient,94446,1,1,70.0,70.0,70.0
Outpatient,01691,1,1,70.0,70.0,70.0
Outpatient,9670,1,1,70.0,70.0,70.0
Outpatient,20178,2,2,70.0,35.0,35.0
Outpatient,3759,2,2,70.0,35.0,35.0
Outpatient,1877,2,2,70.0,35.0,35.0
Outpatient,67900,1,1,70.0,70.0,70.0
Outpatient,75510,2,2,70.0,35.0,35.0
Outpatient,09321,1,1,70.0,70.0,70.0
Outpatient,64932,1,1,70.0,70.0,70.0
Outpatient,64820,2,2,60.0,30.0,30.0
Outpatient,64874,1,1,60.0,60.0,60.0
Outpatient,1339,4,4,60.0,15.0,15.0
Outpatient,52564,4,4,60.0,15.0,0.0
Outpatient,3077,1,1,60.0,60.0,60.0
Outpatient,30273,1,1,60.0,60.0,60.0
Outpatient,94133,1,1,60.0,60.0,60.0
Outpatient,V2541,1,1,60.0,60.0,60.0
Outpatient,80619,1,1,60.0,60.0,60.0
Outpatient,30753,1,1,60.0,60.0,60.0
Outpatient,94426,1,1,60.0,60.0,60.0
Outpatient,95214,1,1,60.0,60.0,60.0
Outpatient,64963,1,1,60.0,60.0,60.0
Outpatient,9626,1,1,60.0,60.0,60.0
Outpatient,64323,1,1,60.0,60.0,60.0
Outpatient,94356,1,1,60.0,60.0,60.0
Outpatient,94331,1,1,60.0,60.0,60.0
Outpatient,94349,1,1,60.0,60.0,60.0
Outpatient,7567,1,1,60.0,60.0,60.0
Outpatient,94896,1,1,60.0,60.0,60.0
Outpatient,9478,1,1,60.0,60.0,60.0
Outpatient,E9509,1,1,60.0,60.0,60.0
Outpatient,52102,1,1,60.0,60.0,60.0
Outpatient,92700,1,1,60.0,60.0,60.0
Outpatient,94871,1,1,60.0,60.0,60.0
Outpatient,94241,1,1,60.0,60.0,60.0
Outpatient,74306,1,1,60.0,60.0,60.0
Outpatient,1281,1,1,60.0,60.0,60.0
Outpatient,94131,1,1,60.0,60.0,60.0
Outpatient,94345,1,1,60.0,60.0,60.0
Outpatient,V2649,3,3,60.0,20.0,0.0
Outpatient,75511,1,1,60.0,60.0,60.0
Outpatient,9832,2,2,60.0,30.0,30.0
Outpatient,37886,1,1,60.0,60.0,60.0
Outpatient,94259,1,1,60.0,60.0,60.0
Outpatient,9794,2,2,60.0,30.0,30.0
Outpatient,0955,1,1,60.0,60.0,60.0
Outpatient,37816,2,2,60.0,30.0,30.0
Outpatient,V4551,1,1,60.0,60.0,60.0
Outpatient,20100,3,3,60.0,20.0,20.0
Outpatient,20172,1,1,60.0,60.0,60.0
Outpatient,74763,3,3,60.0,20.0,10.0
Outpatient,64854,2,2,60.0,30.0,30.0
Outpatient,94519,1,1,60.0,60.0,60.0
Outpatient,94124,1,1,60.0,60.0,60.0
Outpatient,6173,1,1,60.0,60.0,60.0
Outpatient,7599,1,1,60.0,60.0,60.0
Outpatient,94438,1,1,60.0,60.0,60.0
Outpatient,30183,1,1,60.0,60.0,60.0
Outpatient,86352,1,1,60.0,60.0,60.0
Outpatient,94342,1,1,60.0,60.0,60.0
Outpatient,6284,1,1,60.0,60.0,60.0
Outpatient,94245,2,2,60.0,30.0,30.0
Outpatient,52140,3,3,60.0,20.0,0.0
Outpatient,1257,1,1,60.0,60.0,60.0
Outpatient,94406,1,1,60.0,60.0,60.0
Outpatient,94552,1,1,60.0,60.0,60.0
Outpatient,94450,1,1,60.0,60.0,60.0
Outpatient,80603,1,1,60.0,60.0,60.0
Outpatient,64103,1,1,60.0,60.0,60.0
Outpatient,3230,1,1,60.0,60.0,60.0
Outpatient,5251,3,3,60.0,20.0,0.0
Outpatient,7586,1,1,60.0,60.0,60.0
Outpatient,94214,1,1,60.0,60.0,60.0
Outpatient,94255,1,1,60.0,60.0,60.0
Outpatient,75329,1,1,60.0,60.0,60.0
Outpatient,09889,1,1,60.0,60.0,60.0
Outpatient,8505,1,1,60.0,60.0,60.0
Outpatient,7562,1,1,60.0,60.0,60.0
Outpatient,V234,1,1,60.0,60.0,60.0
Outpatient,52541,3,3,60.0,20.0,0.0
Outpatient,86519,1,1,60.0,60.0,60.0
Outpatient,0083,3,3,60.0,20.0,0.0
Outpatient,80631,1,1,60.0,60.0,60.0
Outpatient,37400,1,1,60.0,60.0,60.0
Outpatient,9278,1,1,60.0,60.0,60.0
Outpatient,1213,1,1,60.0,60.0,60.0
Outpatient,94300,1,1,60.0,60.0,60.0
Outpatient,0413,4,4,60.0,15.0,15.0
Outpatient,90210,1,1,60.0,60.0,60.0
Outpatient,80608,1,1,60.0,60.0,60.0
Outpatient,67002,1,1,60.0,60.0,60.0
Outpatient,V262,1,1,60.0,60.0,60.0
Outpatient,94252,1,1,60.0,60.0,60.0
Outpatient,80423,1,1,60.0,60.0,60.0
Outpatient,80331,1,1,50.0,50.0,50.0
Outpatient,75566,2,2,50.0,25.0,25.0
Outpatient,75011,1,1,50.0,50.0,50.0
Outpatient,80396,1,1,50.0,50.0,50.0
Outpatient,80432,1,1,50.0,50.0,50.0
Outpatient,52404,1,1,50.0,50.0,50.0
Outpatient,E959,1,1,50.0,50.0,50.0
Outpatient,7569,1,1,50.0,50.0,50.0
Outpatient,09189,1,1,50.0,50.0,50.0
Outpatient,65543,1,1,50.0,50.0,50.0
Outpatient,0905,1,1,50.0,50.0,50.0
Outpatient,7953,3,3,50.0,16.67,10.0
Outpatient,1300,2,2,50.0,25.0,25.0
Outpatient,9402,1,1,50.0,50.0,50.0
Outpatient,95204,1,1,50.0,50.0,50.0
Outpatient,65421,1,1,50.0,50.0,50.0
Outpatient,6176,1,1,50.0,50.0,50.0
Outpatient,1360,2,2,50.0,25.0,25.0
Outpatient,1031,1,1,50.0,50.0,50.0
Outpatient,1342,2,2,50.0,25.0,25.0
Outpatient,8504,1,1,50.0,50.0,50.0
Outpatient,3014,1,1,50.0,50.0,50.0
Outpatient,52332,1,1,50.0,50.0,50.0
Outpatient,94447,1,1,50.0,50.0,50.0
Outpatient,74921,1,1,50.0,50.0,50.0
Outpatient,65150,1,1,50.0,50.0,50.0
Outpatient,94541,1,1,50.0,50.0,50.0
Outpatient,3240,1,1,50.0,50.0,50.0
Outpatient,37932,2,2,50.0,25.0,25.0
Outpatient,94400,1,1,50.0,50.0,50.0
Outpatient,36470,1,1,50.0,50.0,50.0
Outpatient,37001,1,1,50.0,50.0,50.0
Outpatient,63412,1,1,50.0,50.0,50.0
Outpatient,37006,1,1,50.0,50.0,50.0
Outpatient,37742,1,1,50.0,50.0,50.0
Outpatient,94420,1,1,50.0,50.0,50.0
Outpatient,3238,1,1,50.0,50.0,50.0
Outpatient,0272,5,5,50.0,10.0,10.0
Outpatient,75619,1,1,50.0,50.0,50.0
Outpatient,0828,1,1,50.0,50.0,50.0
Outpatient,V456,2,2,50.0,25.0,25.0
Outpatient,94232,1,1,50.0,50.0,50.0
Outpatient,94333,1,1,50.0,50.0,50.0
Outpatient,36340,1,1,50.0,50.0,50.0
Outpatient,01382,1,1,50.0,50.0,50.0
Outpatient,5209,1,1,50.0,50.0,50.0
Outpatient,3766,1,1,50.0,50.0,50.0
Outpatient,09940,1,1,50.0,50.0,50.0
Outpatient,80609,1,1,50.0,50.0,50.0
Outpatient,9767,1,1,50.0,50.0,50.0
Outpatient,9700,1,1,50.0,50.0,50.0
Outpatient,37993,1,1,50.0,50.0,50.0
Outpatient,5063,2,2,50.0,25.0,25.0
Outpatient,6174,1,1,50.0,50.0,50.0
Outpatient,74483,1,1,40.0,40.0,40.0
Outpatient,0880,1,1,40.0,40.0,40.0
Outpatient,74914,1,1,40.0,40.0,40.0
Outpatient,1390,1,1,40.0,40.0,40.0
Outpatient,1208,2,2,40.0,20.0,20.0
Outpatient,04593,1,1,40.0,40.0,40.0
Outpatient,65943,1,1,40.0,40.0,40.0
Outpatient,52511,2,2,40.0,20.0,20.0
Outpatient,9722,1,1,40.0,40.0,40.0
Outpatient,85404,1,1,40.0,40.0,40.0
Outpatient,5236,1,1,40.0,40.0,40.0
Outpatient,52310,2,2,40.0,20.0,20.0
Outpatient,01656,1,1,40.0,40.0,40.0
Outpatient,74312,1,1,40.0,40.0,40.0
Outpatient,85302,1,1,40.0,40.0,40.0
Outpatient,64272,1,1,40.0,40.0,40.0
Outpatient,67633,1,1,40.0,40.0,40.0
Outpatient,9773,2,2,40.0,20.0,20.0
Outpatient,85131,2,2,40.0,20.0,20.0
Outpatient,01113,1,1,40.0,40.0,40.0
Outpatient,86511,1,1,40.0,40.0,40.0
Outpatient,52342,1,1,40.0,40.0,40.0
Outpatient,0829,2,2,40.0,20.0,20.0
Outpatient,1268,1,1,40.0,40.0,40.0
Outpatient,V638,1,1,40.0,40.0,40.0
Outpatient,80222,1,1,40.0,40.0,40.0
Outpatient,64921,1,1,40.0,40.0,40.0
Outpatient,0952,1,1,40.0,40.0,40.0
Outpatient,9470,1,1,40.0,40.0,40.0
Outpatient,3221,1,1,40.0,40.0,40.0
Outpatient,8605,1,1,40.0,40.0,40.0
Outpatient,9782,1,1,40.0,40.0,40.0
Outpatient,94325,1,1,40.0,40.0,40.0
Outpatient,3124,2,2,40.0,20.0,20.0
Outpatient,37689,2,2,40.0,20.0,20.0
Outpatient,64321,1,1,40.0,40.0,40.0
Outpatient,75451,1,1,40.0,40.0,40.0
Outpatient,01791,1,1,40.0,40.0,40.0
Outpatient,7595,2,2,40.0,20.0,20.0
Outpatient,9463,1,1,40.0,40.0,40.0
Outpatient,20156,2,2,40.0,20.0,20.0
Outpatient,67114,1,1,40.0,40.0,40.0
Outpatient,09954,1,1,40.0,40.0,40.0
Outpatient,500,1,1,40.0,40.0,40.0
Outpatient,7462,1,1,40.0,40.0,40.0
Outpatient,94341,1,1,40.0,40.0,40.0
Outpatient,9601,3,3,40.0,13.33,10.0
Outpatient,1278,1,1,40.0,40.0,40.0
Outpatient,94316,1,1,40.0,40.0,40.0
Outpatient,37761,1,1,40.0,40.0,40.0
Outpatient,1025,2,2,40.0,20.0,20.0
Outpatient,66612,1,1,40.0,40.0,40.0
Outpatient,52125,2,2,40.0,20.0,20.0
Outpatient,52473,1,1,40.0,40.0,40.0
Outpatient,71172,1,1,40.0,40.0,40.0
Outpatient,92800,1,1,40.0,40.0,40.0
Outpatient,94126,1,1,40.0,40.0,40.0
Outpatient,01626,1,1,40.0,40.0,40.0
Outpatient,66811,1,1,40.0,40.0,40.0
Outpatient,94425,1,1,40.0,40.0,40.0
Outpatient,0329,1,1,40.0,40.0,40.0
Outpatient,80065,1,1,40.0,40.0,40.0
Outpatient,01750,1,1,40.0,40.0,40.0
Outpatient,0941,1,1,40.0,40.0,40.0
Outpatient,0412,1,1,40.0,40.0,40.0
Outpatient,09882,2,2,40.0,20.0,20.0
Outpatient,65620,1,1,40.0,40.0,40.0
Outpatient,V2504,2,2,40.0,20.0,20.0
Outpatient,5804,2,2,40.0,20.0,20.0
Outpatient,65420,1,1,40.0,40.0,40.0
Outpatient,74489,1,1,40.0,40.0,40.0
Outpatient,1370,1,1,40.0,40.0,40.0
Outpatient,67511,1,1,40.0,40.0,40.0
Outpatient,86514,1,1,40.0,40.0,40.0
Outpatient,37055,1,1,40.0,40.0,40.0
Outpatient,74421,1,1,40.0,40.0,40.0
Outpatient,1309,1,1,40.0,40.0,40.0
Outpatient,1039,1,1,40.0,40.0,40.0
Outpatient,V1048,2,2,40.0,20.0,20.0
Outpatient,0461,1,1,40.0,40.0,40.0
Outpatient,66544,1,1,40.0,40.0,40.0
Outpatient,04082,2,2,30.0,15.0,15.0
Outpatient,01405,1,1,30.0,30.0,30.0
Outpatient,7510,1,1,30.0,30.0,30.0
Outpatient,75612,1,1,30.0,30.0,30.0
Outpatient,01406,1,1,30.0,30.0,30.0
Outpatient,5246,1,1,30.0,30.0,30.0
Outpatient,01403,1,1,30.0,30.0,30.0
Outpatient,9672,1,1,30.0,30.0,30.0
Outpatient,94863,1,1,30.0,30.0,30.0
Outpatient,0888,2,2,30.0,15.0,15.0
Outpatient,V269,2,2,30.0,15.0,15.0
Outpatient,1275,1,1,30.0,30.0,30.0
Outpatient,0392,2,2,30.0,15.0,15.0
Outpatient,65181,3,3,30.0,10.0,10.0
Outpatient,9796,2,2,30.0,15.0,15.0
Outpatient,V2549,1,1,30.0,30.0,30.0
Outpatient,75537,1,1,30.0,30.0,30.0
Outpatient,7576,1,1,30.0,30.0,30.0
Outpatient,75443,3,3,30.0,10.0,40.0
Outpatient,20117,1,1,30.0,30.0,30.0
Outpatient,1250,2,2,30.0,15.0,15.0
Outpatient,75481,1,1,30.0,30.0,30.0
Outpatient,1318,3,3,30.0,10.0,10.0
Outpatient,7575,1,1,30.0,30.0,30.0
Outpatient,73031,1,1,30.0,30.0,30.0
Outpatient,9875,1,1,30.0,30.0,30.0
Outpatient,01614,1,1,30.0,30.0,30.0
Outpatient,1253,1,1,30.0,30.0,30.0
Outpatient,74321,1,1,30.0,30.0,30.0
Outpatient,04185,1,1,30.0,30.0,30.0
Outpatient,86401,1,1,30.0,30.0,30.0
Outpatient,20143,1,1,30.0,30.0,30.0
Outpatient,52149,2,2,30.0,15.0,15.0
Outpatient,64883,1,1,30.0,30.0,30.0
Outpatient,09885,2,2,30.0,15.0,15.0
Outpatient,0970,1,1,30.0,30.0,30.0
Outpatient,5080,1,1,30.0,30.0,30.0
Outpatient,94421,1,1,30.0,30.0,30.0
Outpatient,5213,2,2,30.0,15.0,15.0
Outpatient,74922,1,1,30.0,30.0,30.0
Outpatient,0906,1,1,30.0,30.0,30.0
Outpatient,37515,4,4,30.0,7.5,5.0
Outpatient,9729,1,1,30.0,30.0,30.0
Outpatient,85201,1,1,30.0,30.0,30.0
Outpatient,0394,1,1,30.0,30.0,30.0
Outpatient,08882,1,1,30.0,30.0,30.0
Outpatient,86419,1,1,30.0,30.0,30.0
Outpatient,00866,1,1,20.0,20.0,20.0
Outpatient,63461,1,1,20.0,20.0,20.0
Outpatient,79539,1,1,20.0,20.0,20.0
Outpatient,64180,1,1,20.0,20.0,20.0
Outpatient,9850,2,2,20.0,10.0,10.0
Outpatient,94314,1,1,20.0,20.0,20.0
Outpatient,32381,1,1,20.0,20.0,20.0
Outpatient,66630,1,1,20.0,20.0,20.0
Outpatient,37211,1,1,20.0,20.0,20.0
Outpatient,80414,1,1,20.0,20.0,20.0
Outpatient,V2631,1,1,20.0,20.0,20.0
Outpatient,0810,2,2,20.0,10.0,10.0
Outpatient,74409,2,2,20.0,10.0,10.0
Outpatient,80112,1,1,20.0,20.0,20.0
Outpatient,64962,1,1,20.0,20.0,20.0
Outpatient,67912,1,1,20.0,20.0,20.0
Outpatient,56781,1,1,20.0,20.0,20.0
Outpatient,30159,1,1,20.0,20.0,20.0
Outpatient,01163,1,1,20.0,20.0,20.0
Outpatient,09813,1,1,20.0,20.0,20.0
Outpatient,01651,1,1,20.0,20.0,20.0
Outpatient,V1045,1,1,20.0,20.0,20.0
Outpatient,3207,1,1,20.0,20.0,20.0
Outpatient,9678,3,3,20.0,6.67,10.0
Outpatient,08241,1,1,20.0,20.0,20.0
Outpatient,85315,1,1,20.0,20.0,20.0
Outpatient,37873,1,1,20.0,20.0,20.0
Outpatient,01212,1,1,20.0,20.0,20.0
Outpatient,66594,1,1,20.0,20.0,20.0
Outpatient,0958,1,1,20.0,20.0,20.0
Outpatient,04184,1,1,20.0,20.0,20.0
Outpatient,7591,1,1,10.0,10.0,10.0
Outpatient,9034,1,1,10.0,10.0,10.0
Outpatient,09041,1,1,10.0,10.0,10.0
Outpatient,9765,1,1,10.0,10.0,10.0
Outpatient,0907,1,1,10.0,10.0,10.0
Outpatient,75556,1,1,10.0,10.0,10.0
Outpatient,01130,1,1,10.0,10.0,10.0
Outpatient,6330,1,1,10.0,10.0,10.0
Outpatient,3231,1,1,10.0,10.0,10.0
Outpatient,01153,1,1,10.0,10.0,10.0
Outpatient,86331,1,1,10.0,10.0,10.0
Outpatient,09324,1,1,10.0,10.0,10.0
Outpatient,01304,1,1,10.0,10.0,10.0
Outpatient,1260,1,1,10.0,10.0,10.0
Outpatient,90232,1,1,10.0,10.0,10.0
Outpatient,64183,1,1,10.0,10.0,10.0
Outpatient,9680,1,1,10.0,10.0,10.0
Outpatient,96901,1,1,10.0,10.0,10.0
Outpatient,01201,1,1,10.0,10.0,10.0
Outpatient,64744,2,2,10.0,5.0,5.0
Outpatient,9630,1,1,10.0,10.0,10.0
Outpatient,V1072,1,1,10.0,10.0,10.0
Outpatient,01784,1,1,10.0,10.0,10.0
Outpatient,74789,1,1,10.0,10.0,10.0
Outpatient,1321,1,1,10.0,10.0,10.0
Outpatient,9762,1,1,10.0,10.0,10.0
Outpatient,65913,1,1,10.0,10.0,10.0
Outpatient,9617,1,1,10.0,10.0,10.0
Outpatient,90452,1,1,10.0,10.0,10.0
Outpatient,9273,1,1,10.0,10.0,10.0
Outpatient,36060,1,1,10.0,10.0,10.0
Outpatient,7423,1,1,10.0,10.0,10.0
Outpatient,85309,1,1,10.0,10.0,10.0
Outpatient,9604,1,1,10.0,10.0,10.0
Outpatient,74869,1,1,0.0,0.0,0.0
Outpatient,94319,1,1,0.0,0.0,0.0
Outpatient,47412,1,1,0.0,0.0,0.0
Outpatient,80231,2,2,0.0,0.0,0.0
Outpatient,94884,1,1,0.0,0.0,0.0
Outpatient,V264,1,1,0.0,0.0,0.0
Outpatient,85219,1,1,0.0,0.0,0.0
Outpatient,86221,1,1,0.0,0.0,0.0
Outpatient,74687,1,1,0.0,0.0,0.0
Outpatient,63411,1,1,0.0,0.0,0.0
Outpatient,64702,1,1,0.0,0.0,0.0
Outpatient,52101,1,1,0.0,0.0,0.0
Outpatient,30452,1,1,0.0,0.0,0.0
Outpatient,37713,1,1,0.0,0.0,0.0
Outpatient,64783,1,1,0.0,0.0,0.0
Outpatient,0238,1,1,0.0,0.0,0.0
Outpatient,52469,2,2,0.0,0.0,0.0
Outpatient,85113,1,1,0.0,0.0,0.0
Outpatient,52403,1,1,0.0,0.0,0.0
Outpatient,01646,1,1,0.0,0.0,0.0
Outpatient,7583,1,1,0.0,0.0,0.0
Outpatient,66714,1,1,0.0,0.0,0.0
Outpatient,8065,1,1,0.0,0.0,0.0
Outpatient,9528,1,1,0.0,0.0,0.0
Outpatient,80162,1,1,0.0,0.0,0.0
Outpatient,36043,1,1,0.0,0.0,0.0
Outpatient,V1012,1,1,0.0,0.0,0.0
Outpatient,V242,1,1,0.0,0.0,0.0
Outpatient,85160,1,1,0.0,0.0,0.0
Outpatient,94418,1,1,0.0,0.0,0.0
Outpatient,52551,1,1,0.0,0.0,0.0
Outpatient,94138,1,1,0.0,0.0,0.0
Outpatient,01792,1,1,0.0,0.0,0.0
Outpatient,64953,1,1,0.0,0.0,0.0
Outpatient,9491,1,1,0.0,0.0,0.0
Outpatient,80362,1,1,0.0,0.0,0.0
Outpatient,3241,1,1,0.0,0.0,0.0
Outpatient,94113,1,1,0.0,0.0,0.0
Outpatient,74686,1,1,0.0,0.0,0.0
Outpatient,V2652,1,1,0.0,0.0,0.0
Outpatient,631,1,1,0.0,0.0,0.0
Outpatient,36482,1,1,0.0,0.0,0.0
Outpatient,505,1,1,0.0,0.0,0.0
Outpatient,80473,1,1,0.0,0.0,0.0
Outpatient,94888,1,1,0.0,0.0,0.0
Outpatient,85104,1,1,0.0,0.0,0.0
Outpatient,64202,1,1,0.0,0.0,0.0
Outpatient,01155,1,1,0.0,0.0,0.0
Outpatient,V259,1,1,0.0,0.0,0.0
Outpatient,04619,1,1,0.0,0.0,0.0
Outpatient,6280,1,1,0.0,0.0,0.0
Outpatient,75019,1,1,0.0,0.0,0.0
Outpatient,E9579,1,1,0.0,0.0,0.0
Outpatient,V091,1,1,0.0,0.0,0.0
Outpatient,80638,1,1,0.0,0.0,0.0
Outpatient,5252,1,1,0.0,0.0,0.0
Outpatient,80132,1,1,0.0,0.0,0.0
Outpatient,94403,1,1,-10.0,-10.0,-10.0
Outpatient,94353,1,1,-20.0,-20.0,-20.0
Outpatient,94416,1,1,-20.0,-20.0,-20.0
Outpatient,74331,1,1,-30.0,-30.0,-30.0
Outpatient,80334,1,1,-100.0,-100.0,-100.0
