claim_type,hcpcs_code,claim_count,unique_beneficiaries,total_payment,average_payment_per_claim,median_payment_per_claim
Outpatient,A4657,20237,2414,38757960.0,1915.2,2000.0
Outpatient,36415,161373,57974,26543690.0,164.49,60.0
Outpatient,97110,18410,15052,6164830.0,334.86,200.0
Outpatient,99213,31792,24248,5918100.0,186.15,70.0
Outpatient,99212,23658,19215,4448470.0,188.03,70.0
Outpatient,80053,22883,18664,4358430.0,190.47,60.0
Outpatient,99214,14890,12996,2878340.0,193.31,70.0
Outpatient,99211,11512,10340,2715300.0,235.87,70.0
Outpatient,80048,13866,12225,2612220.0,188.39,60.0
Outpatient,71020,12244,10939,2502580.0,204.39,80.0
Outpatient,97001,5484,5104,1717160.0,313.12,200.0
Outpatient,G0283,5701,5376,1674630.0,293.74,100.0
Outpatient,A0425,4865,4617,1532240.0,314.95,100.0
Outpatient,85610,19812,13973,1514890.0,76.46,20.0
Outpatient,88305,5085,4834,1400220.0,275.36,80.0
Outpatient,90999,673,502,1265190.0,1879.93,2000.0
Outpatient,Q4081,603,468,1131300.0,1876.12,2000.0
Outpatient,G0202,13462,11556,1012530.0,75.21,80.0
Outpatient,85025,3628,3481,864900.0,238.4,60.0
Outpatient,82040,852,786,813510.0,954.82,200.0
Outpatient,70450,2375,2310,739390.0,311.32,200.0
Outpatient,87086,5400,5105,737910.0,136.65,40.0
Outpatient,93798,2119,2007,673190.0,317.69,200.0
Outpatient,81001,4371,4174,643290.0,147.17,50.0
Outpatient,77336,706,678,636480.0,901.53,300.0
Outpatient,77080,5414,5097,627950.0,115.99,50.0
Outpatient,99283,2890,2799,583330.0,201.84,90.0
Outpatient,99282,3077,2985,582750.0,189.39,80.0
Outpatient,93306,1859,1826,574040.0,308.79,90.0
Outpatient,87070,3049,2958,565260.0,185.39,80.0
Outpatient,90853,1753,1558,561660.0,320.4,100.0
Outpatient,93880,2086,2038,559710.0,268.32,100.0
Outpatient,82565,2108,2059,558490.0,264.94,80.0
Outpatient,97035,1939,1898,534330.0,275.57,100.0
Outpatient,P9604,4541,4263,528120.0,116.3,40.0
Outpatient,71250,2097,2044,525880.0,250.78,100.0
Outpatient,71260,1595,1556,524250.0,328.68,100.0
Outpatient,90945,233,211,473950.0,2034.12,2100.0
Outpatient,96365,1042,1027,466100.0,447.31,100.0
Outpatient,72148,1659,1625,465870.0,280.81,200.0
Outpatient,92526,1412,1367,456220.0,323.1,100.0
Outpatient,G0103,3841,3713,455970.0,118.71,50.0
Outpatient,99215,1820,1784,447640.0,245.96,80.0
Outpatient,78465,1133,1117,442220.0,390.31,100.0
Outpatient,96372,1411,1381,429500.0,304.39,90.0
Outpatient,73030,1747,1720,413900.0,236.92,100.0
Outpatient,72100,1673,1644,412400.0,246.5,100.0
Outpatient,90862,1683,1515,406110.0,241.3,80.0
Outpatient,72193,1293,1280,403140.0,311.79,100.0
Outpatient,93005,1609,1582,400200.0,248.73,60.0
Outpatient,93293,750,731,395220.0,526.96,30.0
Outpatient,74000,988,983,384030.0,388.69,100.0
Outpatient,72192,1162,1152,377710.0,325.05,100.0
Outpatient,97003,1025,1010,370240.0,361.21,100.0
Outpatient,80061,3258,3175,362920.0,111.39,50.0
Outpatient,A4913,181,168,350700.0,1937.57,2100.0
Outpatient,87077,2525,2460,344090.0,136.27,40.0
Outpatient,77280,432,420,342350.0,792.48,200.0
Outpatient,72110,1557,1537,339840.0,218.27,100.0
Outpatient,76700,1389,1377,338780.0,243.9,90.0
Outpatient,70553,1002,987,336720.0,336.05,200.0
Outpatient,81003,1871,1834,336200.0,179.69,60.0
Outpatient,90806,1399,1302,334240.0,238.91,80.0
Outpatient,G0206,2191,2130,333610.0,152.26,70.0
Outpatient,93307,1268,1243,332790.0,262.45,90.0
Outpatient,80051,1744,1721,330830.0,189.7,70.0
Outpatient,J0882,168,159,327370.0,1948.63,2000.0
Outpatient,78306,1160,1132,325760.0,280.83,80.0
Outpatient,P9603,2386,2317,317360.0,133.01,50.0
Outpatient,99281,1667,1643,310680.0,186.37,80.0
Outpatient,G0204,1853,1808,308300.0,166.38,80.0
Outpatient,73510,1503,1472,302890.0,201.52,100.0
Outpatient,G0410,639,587,296970.0,464.74,300.0
Outpatient,84153,1098,1064,287980.0,262.28,50.0
Outpatient,95811,765,759,279980.0,365.99,400.0
Outpatient,95810,782,779,278040.0,355.55,400.0
Outpatient,Q9967,826,814,277720.0,336.22,100.0
Outpatient,73630,1320,1308,277180.0,209.98,90.0
Outpatient,A9552,761,740,273100.0,358.87,100.0
Outpatient,97530,809,801,269380.0,332.98,100.0
Outpatient,99308,1259,1241,265170.0,210.62,80.0
Outpatient,73721,874,863,262900.0,300.8,100.0
Outpatient,77290,365,358,262380.0,718.85,200.0
Outpatient,76705,998,984,253520.0,254.03,100.0
Outpatient,90658,5300,4951,252950.0,47.73,30.0
Outpatient,73221,648,642,251060.0,387.44,100.0
Outpatient,77052,3423,3267,248190.0,72.51,80.0
Outpatient,82962,1186,1174,248050.0,209.15,80.0
Outpatient,77057,3325,3186,246010.0,73.99,80.0
Outpatient,92014,652,648,241600.0,370.55,90.0
Outpatient,97032,826,822,239020.0,289.37,150.0
Outpatient,93971,1689,1666,237550.0,140.65,70.0
Outpatient,76770,1187,1176,236820.0,199.51,70.0
Outpatient,99203,1002,991,236110.0,235.64,80.0
Outpatient,77413,269,266,233770.0,869.03,300.0
Outpatient,80076,1095,1077,227790.0,208.03,60.0
Outpatient,73562,1208,1190,226090.0,187.16,90.0
Outpatient,97112,699,693,225900.0,323.18,100.0
Outpatient,11042,795,777,216130.0,271.86,100.0
Outpatient,92507,727,712,214540.0,295.1,200.0
Outpatient,82728,554,551,212630.0,383.81,70.0
Outpatient,72170,1054,1048,209290.0,198.57,100.0
Outpatient,70551,731,725,208190.0,284.8,100.0
Outpatient,99204,704,701,207940.0,295.37,85.0
Outpatient,73610,988,974,205810.0,208.31,90.0
Outpatient,A9270,535,530,204220.0,381.72,100.0
Outpatient,93923,647,642,202360.0,312.77,70.0
Outpatient,93733,373,368,200990.0,538.85,10.0
Outpatient,82306,1417,1397,195940.0,138.28,60.0
Outpatient,77418,254,250,191570.0,754.21,200.0
Outpatient,73110,766,756,191060.0,249.43,100.0
Outpatient,99201,713,708,189900.0,266.34,80.0
Outpatient,78452,412,407,188090.0,456.53,100.0
Outpatient,76775,750,740,187590.0,250.12,80.0
Outpatient,72050,821,815,186940.0,227.7,100.0
Outpatient,96374,588,583,184570.0,313.89,100.0
Outpatient,90804,747,714,180860.0,242.12,80.0
Outpatient,99284,638,634,179990.0,282.12,100.0
Outpatient,74230,743,731,178530.0,240.28,100.0
Outpatient,82270,812,804,175990.0,216.74,80.0
Outpatient,J3490,297,296,175040.0,589.36,200.0
Outpatient,72141,681,675,171500.0,251.84,200.0
Outpatient,73560,900,893,170450.0,189.39,90.0
Outpatient,99202,692,688,169410.0,244.81,80.0
Outpatient,93280,276,274,168370.0,610.04,30.0
Outpatient,99307,944,938,168240.0,178.22,70.0
Outpatient,92012,612,603,166300.0,271.73,60.0
Outpatient,87088,1208,1195,166200.0,137.58,40.0
Outpatient,97140,541,537,163240.0,301.74,100.0
Outpatient,85027,655,653,159170.0,243.01,60.0
Outpatient,71101,423,420,158900.0,375.65,200.0
Outpatient,76830,561,555,156080.0,278.22,90.0
Outpatient,81002,851,847,154650.0,181.73,60.0
Outpatient,96361,331,331,154210.0,465.89,200.0
Outpatient,86850,533,532,151030.0,283.36,80.0
Outpatient,73130,737,732,148200.0,201.09,90.0
Outpatient,82948,672,668,147790.0,219.93,70.0
Outpatient,94060,717,705,146580.0,204.44,80.0
Outpatient,90765,404,398,145450.0,360.02,80.0
Outpatient,G0176,383,373,144380.0,376.97,100.0
Outpatient,72040,654,649,144300.0,220.64,100.0
Outpatient,83540,238,234,143760.0,604.03,100.0
Outpatient,76536,931,926,143230.0,153.85,70.0
Outpatient,96360,401,399,142940.0,356.46,200.0
Outpatient,73564,770,760,141170.0,183.34,90.0
Outpatient,88304,373,369,140430.0,376.49,90.0
Outpatient,93922,366,364,139230.0,380.41,80.0
Outpatient,93017,354,354,133690.0,377.66,100.0
Outpatient,80069,763,753,133670.0,175.19,60.0
Outpatient,71100,404,402,131880.0,326.44,200.0
Outpatient,97010,493,491,131000.0,265.72,200.0
Outpatient,82607,777,769,130730.0,168.25,60.0
Outpatient,97002,463,463,130640.0,282.16,100.0
Outpatient,96413,184,184,130400.0,708.7,100.0
Outpatient,97113,454,453,129620.0,285.51,200.0
Outpatient,J2250,326,326,129110.0,396.04,400.0
Outpatient,71010,472,468,127810.0,270.78,80.0
Outpatient,C1300,251,242,126800.0,505.18,300.0
Outpatient,83036,1306,1284,126220.0,96.65,60.0
Outpatient,77414,210,209,124730.0,593.95,100.0
Outpatient,74220,473,473,123620.0,261.35,90.0
Outpatient,93225,461,461,123580.0,268.07,90.0
Outpatient,93970,666,662,122380.0,183.75,65.0
Outpatient,90772,389,385,121920.0,313.42,70.0
Outpatient,94010,519,514,121230.0,233.58,90.0
Outpatient,84443,1069,1054,119220.0,111.52,60.0
Outpatient,36416,1292,1252,119010.0,92.11,20.0
Outpatient,70486,503,502,118460.0,235.51,90.0
Outpatient,81000,575,568,117810.0,204.89,50.0
Outpatient,82310,374,373,114230.0,305.43,60.0
Outpatient,J0885,402,392,113170.0,281.52,100.0
Outpatient,97116,320,318,111660.0,348.94,200.0
Outpatient,96367,99,99,110890.0,1120.1,600.0
Outpatient,77003,374,368,110420.0,295.24,200.0
Outpatient,84132,565,562,107620.0,190.48,40.0
Outpatient,88112,337,333,107140.0,317.92,80.0
Outpatient,72131,393,393,106610.0,271.27,100.0
Outpatient,72158,300,298,102960.0,343.2,200.0
Outpatient,87324,449,447,102790.0,228.93,60.0
Outpatient,77055,791,774,102650.0,129.77,70.0
Outpatient,99285,268,267,102250.0,381.53,200.0
Outpatient,72194,357,357,101560.0,284.48,90.0
Outpatient,96401,130,129,101100.0,777.69,100.0
Outpatient,76645,702,699,100700.0,143.45,80.0
Outpatient,77014,157,155,98640.0,628.28,100.0
Outpatient,93296,193,191,97840.0,506.94,30.0
Outpatient,J7030,249,249,97490.0,391.53,200.0
Outpatient,77051,491,488,96850.0,197.25,70.0
Outpatient,70470,309,308,96610.0,312.65,200.0
Outpatient,J2505,131,130,95690.0,730.46,200.0
Outpatient,83880,415,414,94220.0,227.04,60.0
Outpatient,90801,348,343,94130.0,270.49,80.0
Outpatient,90993,46,44,91900.0,1997.83,2000.0
Outpatient,92135,181,179,91320.0,504.53,100.0
Outpatient,93736,185,182,91160.0,492.76,10.0
Outpatient,96523,203,201,91070.0,448.62,90.0
Outpatient,96402,150,149,90460.0,603.07,100.0
Outpatient,77300,115,115,88120.0,766.26,300.0
Outpatient,96375,127,126,85010.0,669.37,200.0
Outpatient,92610,216,216,83980.0,388.8,200.0
Outpatient,90947,42,41,81370.0,1937.38,2050.0
Outpatient,A4209,41,40,81260.0,1981.95,2100.0
Outpatient,72070,299,299,80630.0,269.67,100.0
Outpatient,97024,241,240,79880.0,331.45,100.0
Outpatient,97012,326,325,78590.0,241.07,200.0
Outpatient,87045,467,464,78070.0,167.17,70.0
Outpatient,72072,353,351,78070.0,221.16,100.0
Outpatient,90732,1059,1051,77800.0,73.47,60.0
Outpatient,92506,249,249,76970.0,309.12,100.0
Outpatient,85014,390,390,75350.0,193.21,60.0
Outpatient,82043,730,723,73950.0,101.3,60.0
Outpatient,72146,209,209,73940.0,353.78,100.0
Outpatient,77056,489,485,72910.0,149.1,80.0
Outpatient,90805,331,326,71570.0,216.22,80.0
Outpatient,74020,245,245,71320.0,291.1,100.0
Outpatient,G0108,830,821,70810.0,85.31,60.0
Outpatient,97597,297,295,70340.0,236.84,100.0
Outpatient,99205,225,224,70050.0,311.33,80.0
Outpatient,99309,361,361,69630.0,192.88,70.0
Outpatient,J7050,139,139,69030.0,496.62,100.0
Outpatient,94760,347,346,68540.0,197.52,70.0
Outpatient,80101,384,378,68360.0,178.02,80.0
Outpatient,70491,212,211,66000.0,311.32,100.0
Outpatient,90774,222,221,65970.0,297.16,100.0
Outpatient,20610,400,396,65480.0,163.7,80.0
Outpatient,11041,260,259,64930.0,249.73,100.0
Outpatient,80202,262,260,64910.0,247.75,50.0
Outpatient,80162,338,333,64480.0,190.77,40.0
Outpatient,J2175,191,190,64120.0,335.71,300.0
Outpatient,82550,292,291,64060.0,219.38,70.0
Outpatient,93797,171,168,64030.0,374.44,200.0
Outpatient,74150,216,215,63820.0,295.46,100.0
Outpatient,97535,220,219,63450.0,288.41,100.0
Outpatient,85007,230,227,63410.0,275.7,60.0
Outpatient,92557,391,386,63190.0,161.61,90.0
Outpatient,G0239,289,286,62970.0,217.89,100.0
Outpatient,78815,133,133,62950.0,473.31,100.0
Outpatient,T1015,322,320,62690.0,194.69,70.0
Outpatient,93288,173,171,62470.0,361.1,30.0
Outpatient,74183,168,168,62450.0,371.73,100.0
Outpatient,97542,185,184,60840.0,328.86,100.0
Outpatient,29580,258,255,60600.0,234.88,100.0
Outpatient,36591,132,132,60570.0,458.86,100.0
Outpatient,87081,403,400,60070.0,149.06,70.0
Outpatient,78223,217,217,59890.0,275.99,100.0
Outpatient,73590,319,318,59860.0,187.65,90.0
Outpatient,J1642,117,116,59640.0,509.74,100.0
Outpatient,73080,257,256,59530.0,231.63,90.0
Outpatient,73140,296,295,59020.0,199.39,90.0
Outpatient,76856,239,238,58450.0,244.56,80.0
Outpatient,88142,603,600,58210.0,96.53,40.0
Outpatient,93743,86,85,57130.0,664.3,40.0
Outpatient,67028,91,91,57130.0,627.8,200.0
Outpatient,95819,223,223,56910.0,255.2,100.0
Outpatient,72125,192,192,56820.0,295.94,200.0
Outpatient,C1725,43,43,56620.0,1316.74,1200.0
Outpatient,82947,444,442,56490.0,127.23,60.0
Outpatient,95860,164,163,56310.0,343.35,200.0
Outpatient,82272,253,252,56170.0,222.02,80.0
Outpatient,90760,173,172,56070.0,324.1,100.0
Outpatient,74160,169,169,55990.0,331.3,200.0
Outpatient,90761,117,117,55840.0,477.26,200.0
Outpatient,73060,189,187,55790.0,295.19,100.0
Outpatient,73550,239,238,55590.0,232.59,100.0
Outpatient,93283,88,88,55480.0,630.45,40.0
Outpatient,97022,161,161,55220.0,342.98,100.0
Outpatient,93731,143,141,54820.0,383.36,10.0
Outpatient,80185,270,270,54610.0,202.26,50.0
Outpatient,70544,188,188,54600.0,290.43,100.0
Outpatient,90767,39,39,54290.0,1392.05,700.0
Outpatient,74170,197,197,54210.0,275.18,100.0
Outpatient,J2501,34,34,53350.0,1569.12,1800.0
Outpatient,93350,125,125,53010.0,424.08,200.0
Outpatient,78315,208,208,52960.0,254.62,85.0
Outpatient,73520,273,273,52830.0,193.52,90.0
Outpatient,74270,165,165,52740.0,319.64,200.0
Outpatient,J1885,196,195,52150.0,266.07,100.0
Outpatient,G0237,299,298,51360.0,171.77,70.0
Outpatient,97033,210,210,51340.0,244.48,100.0
Outpatient,85018,192,191,51240.0,266.88,60.0
Outpatient,J1270,26,26,51120.0,1966.15,2100.0
Outpatient,C1769,81,81,50940.0,628.89,200.0
Outpatient,A9579,202,202,50930.0,252.13,100.0
Outpatient,80197,291,283,50640.0,174.02,50.0
Outpatient,93925,181,180,50350.0,278.18,80.0
Outpatient,82784,173,173,50340.0,290.98,80.0
Outpatient,72052,191,191,49740.0,260.42,100.0
Outpatient,84439,550,548,49340.0,89.71,60.0
Outpatient,77295,71,71,48350.0,680.99,100.0
Outpatient,88173,164,164,48330.0,294.7,80.0
Outpatient,G0123,848,841,48220.0,56.86,30.0
Outpatient,93975,130,130,48090.0,369.92,90.0
Outpatient,74246,180,180,47590.0,264.39,100.0
Outpatient,80047,176,175,47510.0,269.94,100.0
Outpatient,J1100,65,65,47270.0,727.23,200.0
Outpatient,76376,154,153,47200.0,306.49,100.0
Outpatient,J1440,73,72,46570.0,637.95,200.0
Outpatient,17000,357,355,46520.0,130.31,70.0
Outpatient,87040,136,134,46330.0,340.66,80.0
Outpatient,93924,131,131,46260.0,353.13,80.0
Outpatient,11040,210,208,45960.0,218.86,100.0
Outpatient,77416,31,31,45420.0,1465.16,900.0
Outpatient,J1200,86,86,45240.0,526.05,200.0
Outpatient,95816,185,183,45110.0,243.84,100.0
Outpatient,A0431,91,91,43840.0,481.76,200.0
Outpatient,83970,109,109,43760.0,401.47,90.0
Outpatient,86140,211,209,43080.0,204.17,70.0
Outpatient,92004,98,98,43010.0,438.88,100.0
Outpatient,82274,206,206,42990.0,208.69,70.0
Outpatient,G0109,474,470,42740.0,90.17,60.0
Outpatient,76870,163,163,42730.0,262.15,70.0
Outpatient,J7040,100,100,42730.0,427.3,200.0
Outpatient,73090,151,151,42690.0,282.72,100.0
Outpatient,G0238,130,130,42440.0,326.46,100.0
Outpatient,94640,193,192,42100.0,218.13,100.0
Outpatient,C1717,32,32,42090.0,1315.31,1150.0
Outpatient,88175,371,370,42000.0,113.21,40.0
Outpatient,97018,132,132,41950.0,317.8,100.0
Outpatient,66821,168,168,41570.0,247.44,200.0
Outpatient,J0881,180,174,41290.0,229.39,90.0
Outpatient,11721,395,388,41250.0,104.43,60.0
Outpatient,78472,72,72,41010.0,569.58,100.0
Outpatient,71275,155,155,40890.0,263.81,100.0
Outpatient,87015,178,178,40500.0,227.53,80.0
Outpatient,87340,22,22,40260.0,1830.0,1900.0
Outpatient,45378,108,108,40020.0,370.56,400.0
Outpatient,78264,191,190,39930.0,209.06,100.0
Outpatient,G0431,202,201,39670.0,196.39,90.0
Outpatient,93926,103,103,39590.0,384.37,90.0
Outpatient,82378,149,147,39230.0,263.29,80.0
Outpatient,97016,132,132,39150.0,296.59,200.0
Outpatient,74181,111,111,38580.0,347.57,90.0
Outpatient,V2632,40,40,37470.0,936.75,1100.0
Outpatient,78070,106,106,37200.0,350.94,80.0
Outpatient,93231,140,140,37200.0,265.71,60.0
Outpatient,90775,34,34,36970.0,1087.35,400.0
Outpatient,86304,113,113,36790.0,325.58,80.0
Outpatient,J3010,65,65,36710.0,564.77,400.0
Outpatient,95861,115,115,36610.0,318.35,100.0
Outpatient,72191,116,115,36500.0,314.66,200.0
Outpatient,74022,132,132,36220.0,274.39,100.0
Outpatient,90816,92,92,36000.0,391.3,100.0
Outpatient,84550,240,240,35900.0,149.58,60.0
Outpatient,93320,105,105,35830.0,341.24,90.0
Outpatient,88108,126,126,35370.0,280.71,60.0
Outpatient,71270,142,141,35210.0,247.96,100.0
Outpatient,80164,218,218,35170.0,161.33,60.0
Outpatient,76880,154,154,34990.0,227.21,100.0
Outpatient,82803,181,181,34940.0,193.04,90.0
Outpatient,88321,82,82,34720.0,423.41,100.0
Outpatient,75635,81,81,34340.0,423.95,100.0
Outpatient,93289,51,51,33930.0,665.29,40.0
Outpatient,J1441,53,53,33680.0,635.47,200.0
Outpatient,51702,134,134,33580.0,250.6,100.0
Outpatient,76519,51,51,33540.0,657.65,700.0
Outpatient,J0690,48,48,33180.0,691.25,150.0
Outpatient,G0411,85,82,32890.0,386.94,200.0
Outpatient,82247,79,79,32860.0,415.95,80.0
Outpatient,84484,89,89,32790.0,368.43,200.0
Outpatient,97150,128,128,32750.0,255.86,100.0
Outpatient,G0424,133,133,32730.0,246.09,100.0
Outpatient,51798,104,104,32550.0,312.98,60.0
Outpatient,73700,159,159,32480.0,204.28,90.0
Outpatient,90807,136,136,32460.0,238.68,90.0
Outpatient,J3420,303,300,32330.0,106.7,30.0
Outpatient,74250,127,127,32280.0,254.17,100.0
Outpatient,90471,166,165,32270.0,194.4,90.0
Outpatient,86300,62,62,31800.0,512.9,85.0
Outpatient,80100,171,167,31390.0,183.57,70.0
Outpatient,G0332,25,25,31140.0,1245.6,500.0
Outpatient,74280,107,107,30850.0,288.32,300.0
Outpatient,83735,155,155,30730.0,198.26,60.0
Outpatient,G0145,587,581,30650.0,52.21,30.0
Outpatient,31575,126,126,30560.0,242.54,80.0
Outpatient,73100,115,115,30500.0,265.22,100.0
Outpatient,88307,86,86,30470.0,354.3,70.0
Outpatient,73718,120,120,29820.0,248.5,100.0
Outpatient,12001,111,111,29780.0,268.29,100.0
Outpatient,86807,21,21,29550.0,1407.14,1800.0
Outpatient,70490,66,66,29310.0,444.09,200.0
Outpatient,74247,125,125,29070.0,232.56,100.0
Outpatient,J1170,95,95,28670.0,301.79,100.0
Outpatient,73200,89,89,28130.0,316.07,90.0
Outpatient,92136,38,38,27810.0,731.84,1000.0
Outpatient,82108,15,15,27650.0,1843.33,2300.0
Outpatient,93990,27,27,27540.0,1020.0,100.0
Outpatient,82232,87,87,27180.0,312.41,100.0
Outpatient,J1644,40,40,26880.0,672.0,100.0
Outpatient,36600,114,114,26770.0,234.82,75.0
Outpatient,G0008,708,703,26730.0,37.75,30.0
Outpatient,78007,130,130,26690.0,205.31,60.0
Outpatient,C8908,87,87,26500.0,304.6,90.0
Outpatient,G0381,179,179,26240.0,146.59,70.0
Outpatient,77075,94,93,26100.0,277.66,80.0
Outpatient,90656,462,462,25910.0,56.08,40.0
Outpatient,97802,275,275,25680.0,93.38,60.0
Outpatient,J2270,92,92,25650.0,278.8,100.0
Outpatient,A4310,89,89,25580.0,287.42,80.0
Outpatient,C1780,22,22,25490.0,1158.64,1050.0
Outpatient,J3370,31,31,25460.0,821.29,300.0
Outpatient,82570,232,231,25320.0,109.14,60.0
Outpatient,97532,70,69,25290.0,361.29,200.0
Outpatient,76377,89,89,25270.0,283.93,80.0
Outpatient,G0328,111,111,25240.0,227.39,70.0
Outpatient,73000,74,74,24930.0,336.89,100.0
Outpatient,G0382,154,154,24850.0,161.36,90.0
Outpatient,74240,91,91,24460.0,268.79,100.0
Outpatient,70498,92,92,24340.0,264.57,90.0
Outpatient,72114,134,134,24180.0,180.45,100.0
Outpatient,82374,62,62,24170.0,389.84,95.0
Outpatient,A4218,32,32,24160.0,755.0,100.0
Outpatient,62368,74,74,23660.0,319.73,100.0
Outpatient,93284,60,60,23270.0,387.83,30.0
Outpatient,73600,90,90,23260.0,258.44,85.0
Outpatient,97760,76,76,23180.0,305.0,200.0
Outpatient,70496,72,72,23130.0,321.25,200.0
Outpatient,J0696,115,115,23130.0,201.13,100.0
Outpatient,52000,74,74,22950.0,310.14,80.0
Outpatient,72128,50,50,22890.0,457.8,150.0
Outpatient,93282,37,37,22830.0,617.03,30.0
Outpatient,93744,33,33,22670.0,686.97,40.0
Outpatient,J3301,75,75,22640.0,301.87,80.0
Outpatient,72195,103,103,22580.0,219.22,90.0
Outpatient,88184,56,55,22530.0,402.32,95.0
Outpatient,80158,123,122,22320.0,181.46,50.0
Outpatient,88342,71,71,22090.0,311.13,90.0
Outpatient,99243,65,65,22030.0,338.92,70.0
Outpatient,94761,98,98,22030.0,224.8,80.0
Outpatient,76000,76,76,21970.0,289.08,100.0
Outpatient,81025,88,88,21890.0,248.75,75.0
Outpatient,97026,79,79,21870.0,276.84,200.0
Outpatient,97803,189,189,21830.0,115.5,70.0
Outpatient,88172,62,62,21700.0,350.0,100.0
Outpatient,62311,70,70,21620.0,308.86,200.0
Outpatient,A9500,50,50,21540.0,430.8,200.0
Outpatient,92611,74,74,21510.0,290.68,100.0
Outpatient,G0380,151,150,21380.0,141.59,80.0
Outpatient,96366,25,25,21340.0,853.6,500.0
Outpatient,92083,132,131,21300.0,161.36,80.0
Outpatient,81050,102,102,21200.0,207.84,65.0
Outpatient,89051,86,86,21060.0,244.88,100.0
Outpatient,36592,39,39,21060.0,540.0,100.0
Outpatient,J2778,34,34,21050.0,619.12,250.0
Outpatient,95851,58,58,20990.0,361.9,200.0
Outpatient,J7120,55,55,20790.0,378.0,400.0
Outpatient,93270,79,79,20750.0,262.66,100.0
Outpatient,J2353,23,23,20700.0,900.0,300.0
Outpatient,70371,111,111,20590.0,185.5,100.0
Outpatient,72020,103,103,20580.0,199.81,90.0
Outpatient,99397,266,264,20560.0,77.29,60.0
Outpatient,78708,39,39,20430.0,523.85,200.0
Outpatient,70480,69,69,20410.0,295.8,90.0
Outpatient,85651,118,117,20410.0,172.97,80.0
Outpatient,36589,28,28,20130.0,718.93,300.0
Outpatient,74249,84,84,20100.0,239.29,90.0
Outpatient,83615,65,65,20090.0,309.08,100.0
Outpatient,J2001,43,43,19970.0,464.42,100.0
Outpatient,93279,64,64,19960.0,311.88,30.0
Outpatient,77334,32,32,19930.0,622.81,250.0
Outpatient,70543,65,65,19680.0,302.77,100.0
Outpatient,G0127,146,145,19680.0,134.79,60.0
Outpatient,G0339,37,37,19680.0,531.89,200.0
Outpatient,84165,81,81,19650.0,242.59,60.0
Outpatient,70220,136,136,19510.0,143.46,70.0
Outpatient,73660,98,98,19510.0,199.08,100.0
Outpatient,77331,35,35,19410.0,554.57,100.0
Outpatient,77417,35,35,19360.0,553.14,100.0
Outpatient,99306,73,73,19290.0,264.25,60.0
Outpatient,85652,111,111,19250.0,173.42,70.0
Outpatient,Q9966,64,64,19230.0,300.47,100.0
Outpatient,93978,79,79,19050.0,241.14,80.0
Outpatient,C8914,16,16,18950.0,1184.38,300.0
Outpatient,90747,14,14,18930.0,1352.14,1100.0
Outpatient,51720,21,21,18870.0,898.57,300.0
Outpatient,82150,89,89,18820.0,211.46,70.0
Outpatient,73120,66,66,18770.0,284.39,100.0
Outpatient,99242,53,53,18670.0,352.26,90.0
Outpatient,87621,237,236,18460.0,77.89,40.0
Outpatient,96409,11,11,18440.0,1676.36,1300.0
Outpatient,82465,87,87,18370.0,211.15,60.0
Outpatient,J1756,25,25,18270.0,730.8,300.0
Outpatient,31231,41,41,18220.0,444.39,80.0
Outpatient,82365,31,31,18090.0,583.55,200.0
Outpatient,94620,73,72,17820.0,244.11,100.0
Outpatient,64613,17,17,17810.0,1047.65,800.0
Outpatient,82805,96,96,17790.0,185.31,90.0
Outpatient,78300,61,61,17770.0,291.31,100.0
Outpatient,84436,186,186,17710.0,95.22,60.0
Outpatient,72157,55,55,17710.0,322.0,200.0
Outpatient,74241,64,64,17660.0,275.94,200.0
Outpatient,69210,237,237,17620.0,74.35,60.0
Outpatient,73620,86,86,17530.0,203.84,90.0
Outpatient,90718,99,99,17380.0,175.56,100.0
Outpatient,80156,91,91,17150.0,188.46,60.0
Outpatient,C1729,52,52,16970.0,326.35,100.0
Outpatient,87186,137,137,16740.0,122.19,40.0
Outpatient,93741,49,49,16590.0,338.57,30.0
Outpatient,J2405,38,38,16560.0,435.79,300.0
Outpatient,93351,33,33,16490.0,499.7,300.0
Outpatient,82340,79,79,16470.0,208.48,60.0
Outpatient,95831,51,51,16410.0,321.76,100.0
Outpatient,C8929,70,70,16400.0,234.29,90.0
Outpatient,92541,49,49,16340.0,333.47,200.0
Outpatient,A9503,54,54,16340.0,302.59,90.0
Outpatient,74010,40,40,16310.0,407.75,150.0
Outpatient,73070,102,102,16180.0,158.63,100.0
Outpatient,87071,85,85,16080.0,189.18,80.0
Outpatient,72156,80,80,16080.0,201.0,90.0
Outpatient,87804,113,113,16080.0,142.3,90.0
Outpatient,90818,36,36,16000.0,444.44,95.0
Outpatient,80195,42,42,15970.0,380.24,60.0
Outpatient,64550,67,67,15960.0,238.21,100.0
Outpatient,86038,108,108,15890.0,147.13,70.0
Outpatient,70160,46,46,15870.0,345.0,200.0
Outpatient,83883,48,48,15780.0,328.75,70.0
Outpatient,12011,36,36,15690.0,435.83,400.0
Outpatient,77301,20,20,15670.0,783.5,200.0
Outpatient,84156,87,87,15660.0,180.0,60.0
Outpatient,74400,48,48,15580.0,324.58,85.0
Outpatient,10060,74,74,15460.0,208.92,90.0
Outpatient,43235,47,47,15460.0,328.94,400.0
Outpatient,70030,66,66,15410.0,233.48,75.0
Outpatient,86900,81,80,15370.0,189.75,60.0
Outpatient,G0251,12,12,15350.0,1279.17,500.0
Outpatient,20550,48,48,15080.0,314.17,100.0
Outpatient,J1030,48,48,15060.0,313.75,80.0
Outpatient,73565,56,56,14940.0,266.79,70.0
Outpatient,72220,84,84,14840.0,176.67,100.0
Outpatient,87491,153,153,14820.0,96.86,60.0
Outpatient,A9502,26,26,14780.0,568.46,350.0
Outpatient,83891,50,50,14730.0,294.6,60.0
Outpatient,88300,32,32,14710.0,459.69,80.0
Outpatient,87230,61,61,14590.0,239.18,70.0
Outpatient,74175,60,60,14440.0,240.67,90.0
Outpatient,Q1003,18,18,14400.0,800.0,1050.0
Outpatient,78464,35,35,14290.0,408.29,100.0
Outpatient,0197T,24,24,14260.0,594.17,100.0
Outpatient,93660,41,41,14230.0,347.07,300.0
Outpatient,J1650,99,99,14100.0,142.42,50.0
Outpatient,85730,75,75,14090.0,187.87,50.0
Outpatient,87177,91,91,14070.0,154.62,90.0
Outpatient,86141,60,60,14050.0,234.17,60.0
Outpatient,94762,62,62,14020.0,226.13,100.0
Outpatient,J1040,74,74,14010.0,189.32,100.0
Outpatient,72080,54,54,13920.0,257.78,150.0
Outpatient,93734,31,31,13910.0,448.71,10.0
Outpatient,70250,50,50,13880.0,277.6,200.0
Outpatient,82435,52,52,13850.0,266.35,90.0
Outpatient,87400,97,97,13850.0,142.78,90.0
Outpatient,72197,45,45,13730.0,305.11,100.0
Outpatient,Q3025,17,17,13700.0,805.88,300.0
Outpatient,17110,93,93,13690.0,147.2,70.0
Outpatient,78006,88,88,13640.0,155.0,70.0
Outpatient,74245,50,50,13610.0,272.2,90.0
Outpatient,95972,10,9,13610.0,1361.0,700.0
Outpatient,96910,108,104,13570.0,125.65,55.0
Outpatient,97605,41,41,13480.0,328.78,100.0
Outpatient,84403,73,73,13340.0,182.74,60.0
Outpatient,36000,58,58,13340.0,230.0,100.0
Outpatient,P9612,63,63,13270.0,210.63,60.0
Outpatient,G9141,169,169,13220.0,78.22,30.0
Outpatient,84450,105,105,13200.0,125.71,60.0
Outpatient,M0064,46,45,13160.0,286.09,85.0
Outpatient,85379,60,60,13120.0,218.67,75.0
Outpatient,93226,70,70,13020.0,186.0,65.0
Outpatient,49080,41,41,13020.0,317.56,300.0
Outpatient,82575,97,97,12950.0,133.51,60.0
Outpatient,92950,24,24,12940.0,539.17,450.0
Outpatient,43760,49,49,12830.0,261.84,300.0
Outpatient,84100,28,28,12820.0,457.86,85.0
Outpatient,76512,33,33,12800.0,387.88,80.0
Outpatient,93931,24,24,12780.0,532.5,85.0
Outpatient,86677,58,58,12740.0,219.66,100.0
Outpatient,70260,40,40,12680.0,317.0,200.0
Outpatient,P9016,66,66,12650.0,191.67,50.0
Outpatient,90857,50,49,12610.0,252.2,90.0
Outpatient,89055,48,48,12570.0,261.88,100.0
Outpatient,90989,10,10,12490.0,1249.0,1200.0
Outpatient,78451,22,22,12470.0,566.82,200.0
Outpatient,97004,44,44,12470.0,283.41,90.0
Outpatient,29125,46,46,12440.0,270.43,150.0
Outpatient,82360,19,19,12330.0,648.95,100.0
Outpatient,73040,25,25,12260.0,490.4,200.0
Outpatient,87205,74,74,12230.0,165.27,60.0
Outpatient,78645,6,6,12220.0,2036.67,2550.0
Outpatient,71110,41,41,12190.0,297.32,80.0
Outpatient,99335,54,54,12190.0,225.74,95.0
Outpatient,C8902,46,46,12160.0,264.35,100.0
Outpatient,97602,72,72,12150.0,168.75,85.0
Outpatient,95115,123,120,12140.0,98.7,60.0
Outpatient,70360,54,54,12120.0,224.44,100.0
Outpatient,30901,65,65,12060.0,185.54,100.0
Outpatient,96368,10,10,11980.0,1198.0,950.0
Outpatient,94375,66,66,11950.0,181.06,85.0
Outpatient,G0365,20,20,11930.0,596.5,100.0
Outpatient,J1956,32,32,11930.0,372.81,200.0
Outpatient,11043,47,47,11920.0,253.62,100.0
Outpatient,99334,65,65,11890.0,182.92,80.0
Outpatient,92235,17,17,11870.0,698.24,80.0
Outpatient,J2930,27,27,11790.0,436.67,70.0
Outpatient,C1760,22,22,11790.0,535.91,85.0
Outpatient,Q0092,60,60,11780.0,196.33,70.0
Outpatient,95870,19,19,11770.0,619.47,200.0
Outpatient,86301,29,28,11680.0,402.76,90.0
Outpatient,81015,74,74,11650.0,157.43,60.0
Outpatient,86920,17,17,11610.0,682.94,80.0
Outpatient,83690,43,43,11550.0,268.6,100.0
Outpatient,73650,68,68,11540.0,169.71,80.0
Outpatient,99305,56,56,11530.0,205.89,85.0
Outpatient,11100,73,73,11460.0,156.99,60.0
Outpatient,G0105,33,33,11450.0,346.97,400.0
Outpatient,77002,60,60,11440.0,190.67,95.0
Outpatient,J0702,18,18,11400.0,633.33,100.0
Outpatient,43239,30,30,11350.0,378.33,450.0
Outpatient,84155,40,40,11330.0,283.25,100.0
Outpatient,29581,39,39,11270.0,288.97,100.0
Outpatient,80299,49,49,11250.0,229.59,60.0
Outpatient,88104,62,62,11160.0,180.0,60.0
Outpatient,0146T,8,8,11150.0,1393.75,1250.0
Outpatient,93325,30,30,11040.0,368.0,85.0
Outpatient,A4623,20,20,11040.0,552.0,90.0
Outpatient,90899,34,34,10970.0,322.65,75.0
Outpatient,J1940,66,66,10970.0,166.21,60.0
Outpatient,70150,43,43,10880.0,253.02,200.0
Outpatient,12002,55,55,10860.0,197.45,100.0
Outpatient,82248,18,18,10680.0,593.33,55.0
Outpatient,76857,47,47,10640.0,226.38,60.0
Outpatient,G0281,56,56,10620.0,189.64,90.0
Outpatient,70552,19,19,10500.0,552.63,200.0
Outpatient,J2060,45,45,10380.0,230.67,100.0
Outpatient,75561,15,15,10380.0,692.0,80.0
Outpatient,72190,47,47,10350.0,220.21,100.0
Outpatient,C1879,30,30,10330.0,344.33,80.0
Outpatient,Q9965,37,37,10330.0,279.19,70.0
Outpatient,96411,7,7,10300.0,1471.43,900.0
Outpatient,86706,12,12,10270.0,855.83,150.0
Outpatient,73720,48,48,10240.0,213.33,100.0
Outpatient,66984,11,11,10150.0,922.73,1000.0
Outpatient,93281,9,9,10140.0,1126.67,40.0
Outpatient,97750,39,39,10130.0,259.74,100.0
Outpatient,70549,40,40,10090.0,252.25,100.0
Outpatient,C1751,37,37,10050.0,271.62,60.0
Outpatient,95903,30,30,10040.0,334.67,100.0
Outpatient,76942,23,23,10020.0,435.65,300.0
Outpatient,J2916,13,13,9970.0,766.92,300.0
Outpatient,88164,53,53,9860.0,186.04,40.0
Outpatient,76380,43,43,9840.0,228.84,100.0
Outpatient,J3488,28,28,9840.0,351.43,75.0
Outpatient,88368,26,26,9800.0,376.92,40.0
Outpatient,82140,56,56,9760.0,174.29,80.0
Outpatient,85049,37,37,9750.0,263.51,70.0
Outpatient,93041,20,20,9720.0,486.0,85.0
Outpatient,C1781,10,10,9620.0,962.0,1300.0
Outpatient,91010,22,22,9590.0,435.91,100.0
Outpatient,72120,41,41,9590.0,233.9,100.0
Outpatient,92548,7,7,9570.0,1367.14,500.0
Outpatient,90714,58,58,9550.0,164.66,100.0
Outpatient,J2357,58,58,9510.0,163.97,80.0
Outpatient,80074,56,56,9390.0,167.68,40.0
Outpatient,70492,29,29,9390.0,323.79,100.0
Outpatient,92015,27,27,9380.0,347.41,70.0
Outpatient,90766,15,15,9380.0,625.33,90.0
Outpatient,C1750,7,7,9260.0,1322.86,1700.0
Outpatient,83550,19,19,9200.0,484.21,60.0
Outpatient,88323,20,20,9160.0,458.0,95.0
Outpatient,J0636,5,5,9140.0,1828.0,2100.0
Outpatient,82330,51,51,9090.0,178.24,70.0
Outpatient,J7042,19,19,9080.0,477.89,300.0
Outpatient,93321,21,21,9070.0,431.9,300.0
Outpatient,87338,49,49,9070.0,185.1,90.0
Outpatient,99315,48,48,9010.0,187.71,70.0
Outpatient,51705,34,34,8990.0,264.41,100.0
Outpatient,J0475,18,18,8980.0,498.89,150.0
Outpatient,82533,47,47,8970.0,190.85,60.0
Outpatient,82945,49,49,8970.0,183.06,100.0
Outpatient,11055,56,55,8940.0,159.64,70.0
Outpatient,L3808,26,26,8930.0,343.46,150.0
Outpatient,87880,106,106,8840.0,83.4,60.0
Outpatient,92226,16,16,8840.0,552.5,250.0
Outpatient,C1788,10,10,8790.0,879.0,850.0
Outpatient,82652,47,47,8780.0,186.81,50.0
Outpatient,77011,10,10,8750.0,875.0,85.0
Outpatient,51700,26,26,8730.0,335.77,100.0
Outpatient,G0166,21,21,8720.0,415.24,80.0
Outpatient,77470,14,14,8720.0,622.86,200.0
Outpatient,J9217,25,25,8710.0,348.4,40.0
Outpatient,87210,95,95,8640.0,90.95,60.0
Outpatient,A4629,5,5,8600.0,1720.0,1400.0
Outpatient,J2997,6,6,8600.0,1433.33,1600.0
Outpatient,72265,37,37,8580.0,231.89,200.0
Outpatient,J0585,29,29,8560.0,295.17,100.0
Outpatient,86403,36,36,8540.0,237.22,60.0
Outpatient,20605,28,28,8520.0,304.29,100.0
Outpatient,Q9963,46,46,8490.0,184.57,80.0
Outpatient,73218,28,28,8460.0,302.14,200.0
Outpatient,90740,5,5,8400.0,1680.0,1800.0
Outpatient,83921,23,23,8400.0,365.22,70.0
Outpatient,L3908,35,35,8400.0,240.0,100.0
Outpatient,G0121,23,23,8400.0,365.22,400.0
Outpatient,79005,31,31,8370.0,270.0,60.0
Outpatient,20552,32,32,8340.0,260.63,95.0
Outpatient,94664,40,40,8270.0,206.75,85.0
Outpatient,95978,13,13,8190.0,630.0,100.0
Outpatient,83890,29,29,8190.0,282.41,60.0
Outpatient,78707,34,34,8170.0,240.29,60.0
Outpatient,96152,28,28,8150.0,291.07,90.0
Outpatient,51726,20,20,8120.0,406.0,95.0
Outpatient,J2550,28,28,8070.0,288.21,150.0
Outpatient,82553,32,32,8020.0,250.63,90.0
Outpatient,95117,127,121,8010.0,63.07,60.0
Outpatient,74425,16,16,7980.0,498.75,250.0
Outpatient,50590,12,12,7980.0,665.0,100.0
Outpatient,J9035,7,7,7940.0,1134.29,1800.0
Outpatient,74430,23,23,7930.0,344.78,100.0
Outpatient,76080,25,25,7920.0,316.8,100.0
Outpatient,J1561,4,4,7900.0,1975.0,2000.0
Outpatient,A4755,3,3,7900.0,2633.33,2700.0
Outpatient,87449,33,33,7880.0,238.79,80.0
Outpatient,C1894,8,8,7750.0,968.75,250.0
Outpatient,J0280,6,6,7720.0,1286.67,1350.0
Outpatient,77404,5,5,7700.0,1540.0,800.0
Outpatient,93965,56,56,7700.0,137.5,60.0
Outpatient,76950,11,11,7690.0,699.09,100.0
Outpatient,C1721,4,4,7600.0,1900.0,2000.0
Outpatient,84520,23,23,7600.0,330.43,70.0
Outpatient,85045,42,42,7570.0,180.24,70.0
Outpatient,L3906,20,20,7530.0,376.5,150.0
Outpatient,80178,73,73,7520.0,103.01,60.0
Outpatient,64614,17,17,7500.0,441.18,60.0
Outpatient,A6402,18,18,7480.0,415.56,200.0
Outpatient,93732,7,7,7480.0,1068.57,200.0
Outpatient,86885,25,25,7470.0,298.8,70.0
Outpatient,90960,4,4,7400.0,1850.0,1950.0
Outpatient,83090,28,28,7390.0,263.93,50.0
Outpatient,86334,15,15,7370.0,491.33,100.0
Outpatient,93299,7,7,7330.0,1047.14,40.0
Outpatient,75790,4,4,7300.0,1825.0,2000.0
Outpatient,77522,6,6,7300.0,1216.67,500.0
Outpatient,82307,49,49,7290.0,148.78,60.0
Outpatient,70200,24,24,7280.0,303.33,100.0
Outpatient,77403,6,6,7270.0,1211.67,300.0
Outpatient,70355,24,24,7260.0,302.5,70.0
Outpatient,84134,69,69,7230.0,104.78,50.0
Outpatient,82384,34,34,7220.0,212.35,70.0
Outpatient,15430,24,24,7210.0,300.42,150.0
Outpatient,96376,17,17,7200.0,423.53,200.0
Outpatient,78812,12,12,7190.0,599.17,75.0
Outpatient,82375,51,51,7190.0,140.98,80.0
Outpatient,31579,27,27,7180.0,265.93,100.0
Outpatient,11056,62,62,7160.0,115.48,70.0
Outpatient,72074,18,18,7140.0,396.67,150.0
Outpatient,86592,47,47,7120.0,151.49,70.0
Outpatient,0073T,11,11,7110.0,646.36,300.0
Outpatient,97014,46,46,7110.0,154.57,90.0
Outpatient,45330,28,28,7100.0,253.57,140.0
Outpatient,A4353,21,21,7100.0,338.1,80.0
Outpatient,86335,10,10,7080.0,708.0,70.0
Outpatient,86580,86,86,7000.0,81.4,50.0
Outpatient,95900,32,32,6980.0,218.13,150.0
Outpatient,94070,25,25,6980.0,279.2,100.0
Outpatient,14060,9,9,6970.0,774.44,400.0
Outpatient,82105,35,35,6970.0,199.14,60.0
Outpatient,0147T,9,9,6930.0,770.0,80.0
Outpatient,86618,38,38,6920.0,182.11,65.0
Outpatient,23350,8,8,6870.0,858.75,200.0
Outpatient,88237,22,22,6860.0,311.82,100.0
Outpatient,A4565,20,20,6850.0,342.5,200.0
Outpatient,95805,17,17,6830.0,401.76,500.0
Outpatient,A6021,29,29,6820.0,235.17,80.0
Outpatient,A9510,3,3,6800.0,2266.67,3300.0
Outpatient,13121,12,12,6760.0,563.33,400.0
Outpatient,99241,34,34,6760.0,198.82,60.0
Outpatient,11719,50,50,6750.0,135.0,70.0
Outpatient,93735,10,10,6740.0,674.0,10.0
Outpatient,52310,8,8,6680.0,835.0,900.0
Outpatient,C8907,3,3,6650.0,2216.67,3300.0
Outpatient,88312,19,19,6640.0,349.47,90.0
Outpatient,99310,38,38,6630.0,174.47,80.0
Outpatient,65855,31,31,6620.0,213.55,70.0
Outpatient,L0120,12,12,6600.0,550.0,350.0
Outpatient,71120,27,27,6560.0,242.96,90.0
Outpatient,96118,26,26,6560.0,252.31,100.0
Outpatient,G0389,34,34,6540.0,192.35,95.0
Outpatient,G0329,12,12,6530.0,544.17,350.0
Outpatient,45380,16,16,6510.0,406.88,400.0
Outpatient,15340,23,23,6510.0,283.04,100.0
Outpatient,93976,31,31,6490.0,209.35,90.0
Outpatient,67210,20,20,6480.0,324.0,75.0
Outpatient,78890,16,16,6480.0,405.0,70.0
Outpatient,93875,19,19,6470.0,340.53,100.0
Outpatient,97598,38,38,6460.0,170.0,95.0
Outpatient,L3913,17,17,6460.0,380.0,200.0
Outpatient,86808,3,3,6440.0,2146.67,3100.0
Outpatient,99001,52,52,6370.0,122.5,60.0
Outpatient,82055,17,17,6360.0,374.12,200.0
Outpatient,76514,52,52,6310.0,121.35,65.0
Outpatient,90935,5,5,6310.0,1262.0,200.0
Outpatient,83516,43,43,6310.0,146.74,40.0
Outpatient,71111,37,37,6290.0,170.0,100.0
Outpatient,92508,30,30,6280.0,209.33,80.0
Outpatient,70547,24,24,6280.0,261.67,100.0
Outpatient,C8900,18,18,6250.0,347.22,70.0
Outpatient,83721,67,67,6200.0,92.54,50.0
Outpatient,80170,16,16,6200.0,387.5,35.0
Outpatient,G0340,11,11,6180.0,561.82,400.0
Outpatient,93308,33,33,6170.0,186.97,60.0
Outpatient,84402,42,42,6160.0,146.67,40.0
Outpatient,95990,15,15,6120.0,408.0,200.0
Outpatient,99244,30,30,6120.0,204.0,90.0
Outpatient,97762,11,11,6110.0,555.45,200.0
Outpatient,90808,27,27,6100.0,225.93,60.0
Outpatient,82746,25,25,6070.0,242.8,80.0
Outpatient,13132,16,16,6060.0,378.75,65.0
Outpatient,77315,2,2,6000.0,3000.0,3000.0
Outpatient,78478,25,25,6000.0,240.0,80.0
Outpatient,95852,13,13,5950.0,457.69,90.0
Outpatient,L8000,27,27,5940.0,220.0,70.0
Outpatient,70210,34,34,5930.0,174.41,65.0
Outpatient,C1874,5,5,5920.0,1184.0,700.0
Outpatient,87536,32,31,5910.0,184.69,95.0
Outpatient,99195,99,98,5890.0,59.49,30.0
Outpatient,87102,51,51,5870.0,115.1,50.0
Outpatient,P9021,9,9,5840.0,648.89,70.0
Outpatient,31500,13,13,5830.0,448.46,400.0
Outpatient,83497,23,23,5830.0,253.48,50.0
Outpatient,74415,22,22,5810.0,264.09,50.0
Outpatient,73500,39,39,5810.0,148.97,80.0
Outpatient,77074,11,11,5810.0,528.18,100.0
Outpatient,67228,17,17,5730.0,337.06,50.0
Outpatient,78215,15,15,5730.0,382.0,400.0
Outpatient,64612,16,16,5690.0,355.63,300.0
Outpatient,93727,6,6,5650.0,941.67,400.0
Outpatient,90657,133,133,5630.0,42.33,30.0
Outpatient,83925,22,22,5620.0,255.45,75.0
Outpatient,93886,12,12,5620.0,468.33,100.0
Outpatient,83013,18,18,5620.0,312.22,200.0
Outpatient,66761,33,33,5610.0,170.0,100.0
Outpatient,86805,2,2,5600.0,2800.0,2800.0
Outpatient,G0430,34,34,5600.0,164.71,100.0
Outpatient,94799,23,23,5600.0,243.48,200.0
Outpatient,71021,14,14,5590.0,399.29,100.0
Outpatient,84703,36,36,5570.0,154.72,80.0
Outpatient,76776,18,18,5560.0,308.89,70.0
Outpatient,84295,36,36,5540.0,153.89,40.0
Outpatient,71035,13,13,5540.0,426.15,300.0
Outpatient,57160,14,14,5490.0,392.14,75.0
Outpatient,94240,33,33,5480.0,166.06,60.0
Outpatient,J2680,15,15,5450.0,363.33,100.0
Outpatient,77077,11,11,5450.0,495.45,70.0
Outpatient,88160,10,10,5450.0,545.0,100.0
Outpatient,J1580,15,15,5450.0,363.33,80.0
Outpatient,83519,21,21,5440.0,259.05,100.0
Outpatient,L8603,5,5,5410.0,1082.0,400.0
Outpatient,80184,36,36,5400.0,150.0,60.0
Outpatient,P9037,9,9,5390.0,598.89,60.0
Outpatient,J1740,34,34,5370.0,157.94,60.0
Outpatient,20600,14,14,5360.0,382.86,150.0
Outpatient,70110,19,19,5360.0,282.11,60.0
Outpatient,70460,22,22,5360.0,243.64,100.0
Outpatient,G0288,9,9,5310.0,590.0,80.0
Outpatient,58100,11,11,5300.0,481.82,100.0
Outpatient,64721,6,6,5290.0,881.67,1050.0
Outpatient,83630,23,23,5210.0,226.52,60.0
Outpatient,L1830,32,32,5200.0,162.5,150.0
Outpatient,87252,33,33,5200.0,157.58,80.0
Outpatient,A9698,17,17,5190.0,305.29,50.0
Outpatient,J7322,11,11,5160.0,469.09,300.0
Outpatient,86200,18,18,5160.0,286.67,60.0
Outpatient,A6196,29,29,5150.0,177.59,80.0
Outpatient,78802,14,14,5130.0,366.43,50.0
Outpatient,77082,7,7,5130.0,732.86,200.0
Outpatient,82523,44,44,5130.0,116.59,60.0
Outpatient,99304,37,37,5130.0,138.65,80.0
Outpatient,72240,12,12,5100.0,425.0,200.0
Outpatient,77078,79,79,5100.0,64.56,50.0
Outpatient,P3000,83,83,5090.0,61.33,30.0
Outpatient,87046,23,23,5090.0,221.3,60.0
Outpatient,75822,5,5,5080.0,1016.0,600.0
Outpatient,92081,4,4,5080.0,1270.0,875.0
Outpatient,94720,30,30,5060.0,168.67,80.0
Outpatient,74305,6,6,5040.0,840.0,200.0
Outpatient,90870,16,16,5020.0,313.75,250.0
Outpatient,C1713,6,6,4980.0,830.0,55.0
Outpatient,73010,29,29,4960.0,171.03,100.0
Outpatient,G0306,29,29,4940.0,170.34,60.0
Outpatient,A9577,18,18,4930.0,273.89,100.0
Outpatient,11720,57,57,4930.0,86.49,60.0
Outpatient,74300,2,2,4900.0,2450.0,2450.0
Outpatient,99512,4,4,4900.0,1225.0,1150.0
Outpatient,15823,2,2,4900.0,2450.0,2450.0
Outpatient,76604,17,17,4900.0,288.24,300.0
Outpatient,90911,21,21,4860.0,231.43,70.0
Outpatient,G0101,69,69,4810.0,69.71,40.0
Outpatient,77001,6,6,4800.0,800.0,400.0
Outpatient,88143,18,18,4790.0,266.11,50.0
Outpatient,16020,23,23,4780.0,207.83,100.0
Outpatient,0149T,7,7,4770.0,681.43,300.0
Outpatient,83520,33,33,4770.0,144.55,70.0
Outpatient,46600,9,9,4750.0,527.78,400.0
Outpatient,C9113,16,16,4750.0,296.88,75.0
Outpatient,73020,23,23,4730.0,205.65,80.0
Outpatient,36593,5,5,4720.0,944.0,600.0
Outpatient,10022,16,16,4710.0,294.38,85.0
Outpatient,86705,4,4,4710.0,1177.5,1030.0
Outpatient,85048,29,28,4680.0,161.38,50.0
Outpatient,J0170,6,6,4670.0,778.33,650.0
Outpatient,A6209,22,22,4660.0,211.82,100.0
Outpatient,11200,17,17,4650.0,273.53,80.0
Outpatient,89060,32,32,4640.0,145.0,70.0
Outpatient,84460,40,40,4630.0,115.75,60.0
Outpatient,82164,16,16,4620.0,288.75,70.0
Outpatient,87075,41,41,4610.0,112.44,60.0
Outpatient,A6219,8,8,4560.0,570.0,200.0
Outpatient,Q3014,22,22,4550.0,206.82,95.0
Outpatient,90776,7,7,4550.0,650.0,200.0
Outpatient,C8928,7,7,4540.0,648.57,100.0
Outpatient,A4216,29,29,4510.0,155.52,70.0
Outpatient,93312,22,22,4500.0,204.55,100.0
Outpatient,84481,30,30,4500.0,150.0,60.0
Outpatient,A0429,3,3,4500.0,1500.0,700.0
Outpatient,86039,12,12,4490.0,374.17,60.0
Outpatient,92553,23,23,4460.0,193.91,90.0
Outpatient,29130,16,16,4460.0,278.75,65.0
Outpatient,78018,23,23,4440.0,193.04,80.0
Outpatient,20612,4,4,4430.0,1107.5,600.0
Outpatient,A6210,12,12,4420.0,368.33,80.0
Outpatient,93271,11,11,4420.0,401.82,300.0
Outpatient,87430,45,45,4400.0,97.78,80.0
Outpatient,A9505,5,5,4400.0,880.0,900.0
Outpatient,17311,16,16,4400.0,275.0,150.0
Outpatient,11402,14,14,4360.0,311.43,140.0
Outpatient,G0173,5,5,4360.0,872.0,100.0
Outpatient,A4357,25,25,4360.0,174.4,50.0
Outpatient,74210,16,16,4350.0,271.88,100.0
Outpatient,82705,22,22,4350.0,197.73,95.0
Outpatient,87209,19,19,4350.0,228.95,100.0
Outpatient,84146,27,27,4320.0,160.0,70.0
Outpatient,93701,19,19,4310.0,226.84,60.0
Outpatient,12013,15,15,4300.0,286.67,300.0
Outpatient,C1726,15,15,4300.0,286.67,200.0
Outpatient,90715,34,34,4290.0,126.18,70.0
Outpatient,J1569,4,4,4260.0,1065.0,650.0
Outpatient,17250,31,31,4250.0,137.1,100.0
Outpatient,95812,12,12,4240.0,353.33,95.0
Outpatient,93979,18,18,4240.0,235.56,150.0
Outpatient,92250,20,20,4230.0,211.5,70.0
Outpatient,J0360,6,6,4230.0,705.0,185.0
Outpatient,87803,31,31,4230.0,136.45,60.0
Outpatient,77328,8,8,4220.0,527.5,65.0
Outpatient,13152,7,7,4220.0,602.86,50.0
Outpatient,J2794,26,25,4190.0,161.15,85.0
Outpatient,87116,28,28,4160.0,148.57,90.0
Outpatient,11643,5,5,4150.0,830.0,100.0
Outpatient,J0780,15,15,4120.0,274.67,200.0
Outpatient,77412,3,3,4100.0,1366.67,800.0
Outpatient,A4351,7,7,4090.0,584.29,90.0
Outpatient,87328,26,26,4090.0,157.31,60.0
Outpatient,Q9958,11,11,4090.0,371.82,100.0
Outpatient,85097,19,19,4080.0,214.74,70.0
Outpatient,92552,24,24,4080.0,170.0,90.0
Outpatient,J2805,10,10,4080.0,408.0,250.0
Outpatient,A6216,20,20,4070.0,203.5,150.0
Outpatient,97034,12,12,4060.0,338.33,250.0
Outpatient,86804,3,3,4060.0,1353.33,1800.0
Outpatient,G0394,24,24,4060.0,169.17,75.0
Outpatient,89050,13,13,4030.0,310.0,100.0
Outpatient,86022,8,8,4030.0,503.75,145.0
Outpatient,A6197,17,17,4020.0,236.47,100.0
Outpatient,82668,33,33,3950.0,119.7,50.0
Outpatient,Q4102,13,13,3920.0,301.54,80.0
Outpatient,A6222,10,10,3910.0,391.0,150.0
Outpatient,93930,11,11,3910.0,355.45,80.0
Outpatient,71550,15,15,3910.0,260.67,200.0
Outpatient,J7070,2,2,3900.0,1950.0,1950.0
Outpatient,82785,30,30,3890.0,129.67,60.0
Outpatient,78806,14,14,3850.0,275.0,200.0
Outpatient,G0175,8,8,3830.0,478.75,65.0
Outpatient,91110,20,20,3790.0,189.5,55.0
Outpatient,P9035,11,10,3790.0,344.55,400.0
Outpatient,29540,14,14,3790.0,270.71,200.0
Outpatient,C8912,8,8,3770.0,471.25,70.0
Outpatient,J2765,8,8,3760.0,470.0,300.0
Outpatient,70487,10,10,3740.0,374.0,100.0
Outpatient,84432,22,22,3730.0,169.55,60.0
Outpatient,A9541,15,15,3690.0,246.0,90.0
Outpatient,90901,9,9,3690.0,410.0,200.0
Outpatient,77370,7,7,3680.0,525.71,70.0
Outpatient,J1631,20,20,3680.0,184.0,70.0
Outpatient,99291,11,11,3680.0,334.55,200.0
Outpatient,78803,16,16,3670.0,229.38,60.0
Outpatient,77081,27,27,3660.0,135.56,80.0
Outpatient,93010,15,15,3650.0,243.33,100.0
Outpatient,67810,4,4,3600.0,900.0,1000.0
Outpatient,S0028,2,2,3600.0,1800.0,1800.0
Outpatient,J7506,15,15,3580.0,238.67,80.0
Outpatient,51701,12,12,3580.0,298.33,60.0
Outpatient,82085,23,23,3580.0,155.65,80.0
Outpatient,71552,11,11,3580.0,325.45,200.0
Outpatient,70100,3,3,3570.0,1190.0,200.0
Outpatient,90847,30,30,3530.0,117.67,80.0
Outpatient,L3807,19,19,3530.0,185.79,100.0
Outpatient,92603,4,4,3510.0,877.5,100.0
Outpatient,70488,6,6,3500.0,583.33,550.0
Outpatient,93545,2,2,3500.0,1750.0,1750.0
Outpatient,86480,11,11,3500.0,318.18,50.0
Outpatient,C1771,2,2,3500.0,1750.0,1750.0
Outpatient,36147,2,2,3500.0,1750.0,1750.0
Outpatient,C1892,5,5,3490.0,698.0,60.0
Outpatient,76098,11,11,3470.0,315.45,90.0
Outpatient,92511,13,13,3460.0,266.15,100.0
Outpatient,72069,16,16,3460.0,216.25,75.0
Outpatient,92540,12,12,3450.0,287.5,100.0
Outpatient,92285,6,6,3440.0,573.33,35.0
Outpatient,12004,11,11,3440.0,312.73,200.0
Outpatient,64640,4,4,3430.0,857.5,65.0
Outpatient,99348,26,26,3430.0,131.92,80.0
Outpatient,C1778,2,2,3400.0,1700.0,1700.0
Outpatient,J7060,2,2,3400.0,1700.0,1700.0
Outpatient,82941,4,4,3400.0,850.0,550.0
Outpatient,78585,20,20,3390.0,169.5,85.0
Outpatient,J2820,4,4,3390.0,847.5,300.0
Outpatient,93742,2,2,3380.0,1690.0,1690.0
Outpatient,A4649,22,22,3360.0,152.73,60.0
Outpatient,95953,13,13,3350.0,257.69,100.0
Outpatient,78701,2,2,3350.0,1675.0,1675.0
Outpatient,87799,10,10,3340.0,334.0,85.0
Outpatient,96116,20,20,3340.0,167.0,95.0
Outpatient,26416,2,2,3340.0,1670.0,1670.0
Outpatient,J3360,8,8,3330.0,416.25,500.0
Outpatient,C1752,2,2,3330.0,1665.0,1665.0
Outpatient,C1715,2,2,3320.0,1660.0,1660.0
Outpatient,84166,23,23,3320.0,144.35,80.0
Outpatient,A6250,1,1,3300.0,3300.0,3300.0
Outpatient,Q0083,1,1,3300.0,3300.0,3300.0
Outpatient,L8606,1,1,3300.0,3300.0,3300.0
Outpatient,93882,20,20,3300.0,165.0,90.0
Outpatient,C1719,1,1,3300.0,3300.0,3300.0
Outpatient,78075,1,1,3300.0,3300.0,3300.0
Outpatient,99183,1,1,3300.0,3300.0,3300.0
Outpatient,93232,19,19,3300.0,173.68,80.0
Outpatient,73222,1,1,3300.0,3300.0,3300.0
Outpatient,P9045,2,2,3300.0,1650.0,1650.0
Outpatient,93295,1,1,3300.0,3300.0,3300.0
Outpatient,J0256,1,1,3300.0,3300.0,3300.0
Outpatient,87254,12,12,3290.0,274.17,150.0
Outpatient,31237,7,7,3290.0,470.0,100.0
Outpatient,A9540,9,9,3280.0,364.44,200.0
Outpatient,86890,21,21,3270.0,155.71,100.0
Outpatient,36821,2,2,3260.0,1630.0,1630.0
Outpatient,45385,6,6,3260.0,543.33,500.0
Outpatient,70548,19,19,3240.0,170.53,100.0
Outpatient,88302,18,18,3230.0,179.44,60.0
Outpatient,11602,7,7,3220.0,460.0,100.0
Outpatient,19000,12,12,3220.0,268.33,100.0
Outpatient,77332,4,4,3220.0,805.0,900.0
Outpatient,45384,11,11,3210.0,291.82,400.0
Outpatient,96912,14,14,3210.0,229.29,75.0
Outpatient,92604,25,25,3210.0,128.4,100.0
Outpatient,88360,10,10,3210.0,321.0,55.0
Outpatient,Q9962,8,8,3210.0,401.25,150.0
Outpatient,C1814,1,1,3200.0,3200.0,3200.0
Outpatient,J9025,2,2,3200.0,1600.0,1600.0
Outpatient,74455,12,12,3190.0,265.83,100.0
Outpatient,P9615,8,8,3190.0,398.75,55.0
Outpatient,P9040,16,16,3190.0,199.38,70.0
Outpatient,82042,10,10,3190.0,319.0,175.0
Outpatient,86880,9,9,3180.0,353.33,80.0
Outpatient,J7321,13,13,3140.0,241.54,60.0
Outpatient,C1758,10,10,3130.0,313.0,60.0
Outpatient,64493,6,6,3120.0,520.0,145.0
Outpatient,C1727,3,3,3100.0,1033.33,600.0
Outpatient,90921,1,1,3100.0,3100.0,3100.0
Outpatient,87339,9,9,3080.0,342.22,200.0
Outpatient,C1887,6,6,3080.0,513.33,300.0
Outpatient,78709,8,8,3080.0,385.0,135.0
Outpatient,64483,14,14,3070.0,219.29,150.0
Outpatient,99396,51,51,3060.0,60.0,60.0
Outpatient,76872,34,34,3040.0,89.41,60.0
Outpatient,92567,24,24,3030.0,126.25,70.0
Outpatient,86317,6,6,3010.0,501.67,250.0
Outpatient,A4314,19,19,3000.0,157.89,80.0
Outpatient,36556,2,2,3000.0,1500.0,1500.0
Outpatient,96542,1,1,3000.0,3000.0,3000.0
Outpatient,94200,10,10,2990.0,299.0,70.0
Outpatient,80198,23,23,2990.0,130.0,40.0
Outpatient,A9537,14,14,2980.0,212.86,200.0
Outpatient,92607,6,6,2960.0,493.33,450.0
Outpatient,A4322,17,17,2960.0,174.12,80.0
Outpatient,94150,32,32,2960.0,92.5,70.0
Outpatient,70540,9,9,2960.0,328.89,100.0
Outpatient,A9555,12,12,2960.0,246.67,95.0
Outpatient,88361,6,6,2950.0,491.67,250.0
Outpatient,87220,23,23,2910.0,126.52,70.0
Outpatient,96416,2,2,2900.0,1450.0,1450.0
Outpatient,A6234,15,15,2900.0,193.33,100.0
Outpatient,78816,12,12,2890.0,240.83,70.0
Outpatient,88271,13,13,2870.0,220.77,40.0
Outpatient,L3670,8,8,2870.0,358.75,250.0
Outpatient,51741,14,14,2860.0,204.29,55.0
Outpatient,17313,6,6,2850.0,475.0,450.0
Outpatient,78010,21,21,2850.0,135.71,100.0
Outpatient,J0460,11,11,2850.0,259.09,200.0
Outpatient,A4648,17,17,2830.0,166.47,70.0
Outpatient,82103,14,14,2830.0,202.14,70.0
Outpatient,86923,12,12,2830.0,235.83,85.0
Outpatient,J9250,9,9,2820.0,313.33,60.0
Outpatient,84075,24,24,2820.0,117.5,55.0
Outpatient,L7520,1,1,2800.0,2800.0,2800.0
Outpatient,82355,2,2,2800.0,1400.0,1400.0
Outpatient,88331,15,15,2800.0,186.67,100.0
Outpatient,90746,9,9,2780.0,308.89,60.0
Outpatient,78320,23,23,2760.0,120.0,50.0
Outpatient,J1335,6,6,2760.0,460.0,285.0
Outpatient,A4641,11,11,2750.0,250.0,200.0
Outpatient,78305,20,20,2750.0,137.5,70.0
Outpatient,10061,14,14,2750.0,196.43,65.0
Outpatient,86901,10,10,2740.0,274.0,200.0
Outpatient,01,17,17,2730.0,160.59,60.0
Outpatient,36590,5,5,2730.0,546.0,200.0
Outpatient,L1930,4,4,2730.0,682.5,450.0
Outpatient,62310,15,15,2730.0,182.0,90.0
Outpatient,13131,4,4,2720.0,680.0,600.0
Outpatient,C1789,1,1,2700.0,2700.0,2700.0
Outpatient,82530,24,24,2700.0,112.5,45.0
Outpatient,A4338,22,22,2700.0,122.73,70.0
Outpatient,C8957,1,1,2700.0,2700.0,2700.0
Outpatient,86320,1,1,2700.0,2700.0,2700.0
Outpatient,78461,9,9,2700.0,300.0,200.0
Outpatient,99347,8,8,2700.0,337.5,60.0
Outpatient,94660,18,18,2690.0,149.44,85.0
Outpatient,L3650,10,10,2680.0,268.0,200.0
Outpatient,94621,9,9,2670.0,296.67,90.0
Outpatient,87641,24,24,2670.0,111.25,55.0
Outpatient,78480,7,7,2670.0,381.43,100.0
Outpatient,87184,16,16,2670.0,166.88,50.0
Outpatient,72202,18,18,2670.0,148.33,90.0
Outpatient,A0430,15,15,2660.0,177.33,60.0
Outpatient,82044,29,29,2660.0,91.72,50.0
Outpatient,90675,11,11,2650.0,240.91,200.0
Outpatient,78195,16,16,2650.0,165.63,80.0
Outpatient,C8923,14,14,2640.0,188.57,60.0
Outpatient,J9395,4,4,2630.0,657.5,650.0
Outpatient,Q4101,10,10,2620.0,262.0,250.0
Outpatient,J0330,5,5,2610.0,522.0,80.0
Outpatient,96521,3,3,2610.0,870.0,80.0
Outpatient,G0383,19,19,2600.0,136.84,90.0
Outpatient,Q4010,3,3,2580.0,860.0,200.0
Outpatient,72090,16,16,2570.0,160.63,100.0
Outpatient,J0500,3,3,2560.0,853.33,400.0
Outpatient,J3240,2,2,2560.0,1280.0,1280.0
Outpatient,73206,3,3,2560.0,853.33,90.0
Outpatient,99318,27,27,2560.0,94.81,60.0
Outpatient,99336,22,22,2550.0,115.91,80.0
Outpatient,99401,22,22,2520.0,114.55,65.0
Outpatient,90846,9,9,2520.0,280.0,70.0
Outpatient,98941,11,11,2510.0,228.18,100.0
Outpatient,51600,7,7,2510.0,358.57,100.0
Outpatient,78580,12,12,2510.0,209.17,90.0
Outpatient,J1572,1,1,2500.0,2500.0,2500.0
Outpatient,74261,4,4,2500.0,625.0,700.0
Outpatient,58340,1,1,2500.0,2500.0,2500.0
Outpatient,68801,4,4,2500.0,625.0,200.0
Outpatient,J2785,3,3,2500.0,833.33,900.0
Outpatient,36430,8,8,2480.0,310.0,35.0
Outpatient,44388,3,3,2470.0,823.33,60.0
Outpatient,A4452,12,12,2460.0,205.0,85.0
Outpatient,94644,2,2,2460.0,1230.0,1230.0
Outpatient,94260,19,19,2450.0,128.95,90.0
Outpatient,A9539,3,3,2450.0,816.67,800.0
Outpatient,G0009,41,41,2430.0,59.27,50.0
Outpatient,J3487,4,4,2430.0,607.5,85.0
Outpatient,19301,2,2,2430.0,1215.0,1215.0
Outpatient,A4358,11,11,2420.0,220.0,200.0
Outpatient,G0317,3,3,2400.0,800.0,500.0
Outpatient,98960,1,1,2400.0,2400.0,2400.0
Outpatient,29240,9,9,2390.0,265.56,200.0
Outpatient,88150,8,8,2370.0,296.25,75.0
Outpatient,86376,10,10,2370.0,237.0,75.0
Outpatient,51703,4,4,2370.0,592.5,700.0
Outpatient,17004,30,30,2360.0,78.67,65.0
Outpatient,83835,12,12,2360.0,196.67,60.0
Outpatient,84512,4,4,2340.0,585.0,400.0
Outpatient,A4570,6,6,2340.0,390.0,90.0
Outpatient,86803,6,6,2330.0,388.33,80.0
Outpatient,J1245,6,6,2330.0,388.33,450.0
Outpatient,71030,13,13,2330.0,179.23,100.0
Outpatient,76805,20,20,2310.0,115.5,70.0
Outpatient,A6203,5,5,2310.0,462.0,100.0
Outpatient,C1877,1,1,2300.0,2300.0,2300.0
Outpatient,G0143,39,39,2300.0,58.97,40.0
Outpatient,L3702,2,2,2300.0,1150.0,1150.0
Outpatient,C1728,2,2,2270.0,1135.0,1135.0
Outpatient,0159T,4,4,2260.0,565.0,100.0
Outpatient,95951,2,2,2250.0,1125.0,1125.0
Outpatient,A6223,6,6,2230.0,371.67,150.0
Outpatient,86704,12,12,2210.0,184.17,55.0
Outpatient,85004,19,19,2200.0,115.79,50.0
Outpatient,57454,1,1,2200.0,2200.0,2200.0
Outpatient,25600,3,3,2200.0,733.33,400.0
Outpatient,47562,1,1,2200.0,2200.0,2200.0
Outpatient,A4220,3,3,2190.0,730.0,100.0
Outpatient,51728,4,4,2180.0,545.0,80.0
Outpatient,75820,4,4,2180.0,545.0,95.0
Outpatient,L3020,6,6,2170.0,361.67,195.0
Outpatient,88313,19,19,2160.0,113.68,60.0
Outpatient,46221,4,4,2160.0,540.0,475.0
Outpatient,49505,2,2,2160.0,1080.0,1080.0
Outpatient,82657,2,2,2150.0,1075.0,1075.0
Outpatient,L4350,17,17,2150.0,126.47,70.0
Outpatient,82710,17,17,2150.0,126.47,80.0
Outpatient,90810,3,3,2150.0,716.67,900.0
Outpatient,C8930,9,9,2150.0,238.89,100.0
Outpatient,87798,14,14,2140.0,152.86,100.0
Outpatient,87147,18,18,2140.0,118.89,75.0
Outpatient,10140,8,8,2120.0,265.0,100.0
Outpatient,76815,14,14,2120.0,151.43,90.0
Outpatient,87493,11,11,2120.0,192.73,70.0
Outpatient,L3933,9,9,2110.0,234.44,100.0
Outpatient,77072,1,1,2100.0,2100.0,2100.0
Outpatient,43752,2,2,2100.0,1050.0,1050.0
Outpatient,30802,1,1,2100.0,2100.0,2100.0
Outpatient,92960,15,15,2100.0,140.0,40.0
Outpatient,49507,1,1,2100.0,2100.0,2100.0
Outpatient,A4562,6,6,2090.0,348.33,50.0
Outpatient,A4270,2,2,2080.0,1040.0,1040.0
Outpatient,85378,10,10,2050.0,205.0,200.0
Outpatient,A9531,2,2,2050.0,1025.0,1025.0
Outpatient,12052,6,6,2050.0,341.67,135.0
Outpatient,11044,7,7,2020.0,288.57,100.0
Outpatient,99144,10,10,2020.0,202.0,150.0
Outpatient,C1766,2,2,2020.0,1010.0,1010.0
Outpatient,73723,17,17,2020.0,118.82,90.0
Outpatient,0521,15,15,2010.0,134.0,60.0
Outpatient,A6207,12,12,2010.0,167.5,95.0
Outpatient,A9300,9,9,2010.0,223.33,200.0
Outpatient,52281,3,3,2000.0,666.67,400.0
Outpatient,96900,30,30,2000.0,66.67,55.0
Outpatient,45300,4,4,2000.0,500.0,95.0
Outpatient,73223,14,14,1990.0,142.14,100.0
Outpatient,74330,2,2,1990.0,995.0,995.0
Outpatient,10160,10,10,1990.0,199.0,70.0
Outpatient,67145,3,3,1970.0,656.67,100.0
Outpatient,G0147,12,12,1970.0,164.17,35.0
Outpatient,83003,3,3,1960.0,653.33,100.0
Outpatient,77421,5,5,1960.0,392.0,300.0
Outpatient,76999,8,8,1950.0,243.75,150.0
Outpatient,78801,3,3,1940.0,646.67,700.0
Outpatient,G0129,9,9,1940.0,215.56,90.0
Outpatient,76873,11,11,1940.0,176.36,60.0
Outpatient,72270,9,9,1930.0,214.44,100.0
Outpatient,99349,17,17,1920.0,112.94,70.0
Outpatient,83001,32,32,1920.0,60.0,45.0
Outpatient,80186,6,6,1920.0,320.0,50.0
Outpatient,G0257,2,2,1910.0,955.0,955.0
Outpatient,77012,10,10,1900.0,190.0,95.0
Outpatient,58670,1,1,1900.0,1900.0,1900.0
Outpatient,J2180,3,3,1900.0,633.33,500.0
Outpatient,L0140,4,4,1900.0,475.0,350.0
Outpatient,29881,3,3,1900.0,633.33,200.0
Outpatient,90660,43,43,1900.0,44.19,40.0
Outpatient,96150,12,12,1890.0,157.5,85.0
Outpatient,77073,18,18,1880.0,104.44,40.0
Outpatient,92590,12,12,1880.0,156.67,50.0
Outpatient,99220,2,2,1870.0,935.0,935.0
Outpatient,85660,5,5,1860.0,372.0,200.0
Outpatient,64475,11,11,1860.0,169.09,60.0
Outpatient,88346,3,3,1860.0,620.0,80.0
Outpatient,70482,6,6,1850.0,308.33,90.0
Outpatient,76102,3,3,1850.0,616.67,800.0
Outpatient,J9031,5,5,1840.0,368.0,500.0
Outpatient,84152,14,14,1840.0,131.43,75.0
Outpatient,0067T,8,8,1840.0,230.0,250.0
Outpatient,82963,3,3,1830.0,610.0,20.0
Outpatient,84154,35,35,1820.0,52.0,40.0
Outpatient,87101,25,25,1820.0,72.8,80.0
Outpatient,88240,2,2,1810.0,905.0,905.0
Outpatient,78725,1,1,1800.0,1800.0,1800.0
Outpatient,43249,3,3,1800.0,600.0,400.0
Outpatient,J3303,2,2,1800.0,900.0,900.0
Outpatient,11057,17,17,1800.0,105.88,60.0
Outpatient,C2617,2,2,1800.0,900.0,900.0
Outpatient,67041,1,1,1800.0,1800.0,1800.0
Outpatient,93510,3,3,1800.0,600.0,60.0
Outpatient,84260,3,3,1800.0,600.0,90.0
Outpatient,J0640,1,1,1800.0,1800.0,1800.0
Outpatient,C1767,2,2,1800.0,900.0,900.0
Outpatient,99325,2,2,1800.0,900.0,900.0
Outpatient,51772,1,1,1800.0,1800.0,1800.0
Outpatient,A6220,2,2,1800.0,900.0,900.0
Outpatient,G0323,1,1,1800.0,1800.0,1800.0
Outpatient,75574,2,2,1790.0,895.0,895.0
Outpatient,87076,28,28,1780.0,63.57,40.0
Outpatient,78660,2,2,1780.0,890.0,890.0
Outpatient,87480,21,21,1780.0,84.76,40.0
Outpatient,96119,9,9,1780.0,197.78,200.0
Outpatient,95165,11,11,1760.0,160.0,60.0
Outpatient,87497,15,15,1750.0,116.67,60.0
Outpatient,86359,3,3,1740.0,580.0,400.0
Outpatient,36598,6,6,1730.0,288.33,150.0
Outpatient,15260,3,3,1720.0,573.33,60.0
Outpatient,78596,5,5,1710.0,342.0,200.0
Outpatient,78473,7,7,1710.0,244.29,70.0
Outpatient,J1652,3,3,1710.0,570.0,100.0
Outpatient,22524,1,1,1700.0,1700.0,1700.0
Outpatient,J0152,2,2,1700.0,850.0,850.0
Outpatient,99245,7,7,1690.0,241.43,60.0
Outpatient,82075,6,6,1680.0,280.0,300.0
Outpatient,86003,13,13,1670.0,128.46,90.0
Outpatient,95869,4,4,1670.0,417.5,430.0
Outpatient,J2920,5,5,1670.0,334.0,100.0
Outpatient,J1080,25,25,1650.0,66.0,50.0
Outpatient,20553,10,10,1650.0,165.0,80.0
Outpatient,97028,7,7,1640.0,234.29,50.0
Outpatient,J3480,5,5,1640.0,328.0,300.0
Outpatient,78588,17,17,1630.0,95.88,50.0
Outpatient,84702,13,13,1620.0,124.62,90.0
Outpatient,J2300,15,15,1620.0,108.0,90.0
Outpatient,78805,9,9,1620.0,180.0,90.0
Outpatient,11730,18,17,1610.0,89.44,75.0
Outpatient,J1955,1,1,1600.0,1600.0,1600.0
Outpatient,31578,1,1,1600.0,1600.0,1600.0
Outpatient,72291,1,1,1600.0,1600.0,1600.0
Outpatient,29879,2,2,1600.0,800.0,800.0
Outpatient,J2150,1,1,1600.0,1600.0,1600.0
Outpatient,A5061,4,4,1600.0,400.0,300.0
Outpatient,L4386,3,3,1600.0,533.33,400.0
Outpatient,85576,15,15,1600.0,106.67,30.0
Outpatient,J1815,10,10,1590.0,159.0,60.0
Outpatient,A6251,9,9,1590.0,176.67,100.0
Outpatient,15822,2,2,1580.0,790.0,790.0
Outpatient,11765,9,9,1580.0,175.56,50.0
Outpatient,J1250,16,16,1580.0,98.75,80.0
Outpatient,J1610,5,5,1570.0,314.0,400.0
Outpatient,J2780,3,3,1570.0,523.33,700.0
Outpatient,75557,4,4,1570.0,392.5,300.0
Outpatient,17261,6,6,1570.0,261.67,65.0
Outpatient,67820,10,10,1560.0,156.0,55.0
Outpatient,87275,14,14,1550.0,110.71,75.0
Outpatient,83698,2,2,1540.0,770.0,770.0
Outpatient,93016,2,2,1530.0,765.0,765.0
Outpatient,87490,23,23,1520.0,66.09,60.0
Outpatient,99395,8,8,1510.0,188.75,85.0
Outpatient,92504,20,20,1510.0,75.5,60.0
Outpatient,11426,1,1,1500.0,1500.0,1500.0
Outpatient,83518,5,5,1500.0,300.0,40.0
Outpatient,29799,14,14,1500.0,107.14,65.0
Outpatient,J1566,1,1,1500.0,1500.0,1500.0
Outpatient,J2795,3,3,1500.0,500.0,600.0
Outpatient,86431,4,4,1500.0,375.0,330.0
Outpatient,95808,4,4,1500.0,375.0,500.0
Outpatient,35226,1,1,1500.0,1500.0,1500.0
Outpatient,73722,1,1,1500.0,1500.0,1500.0
Outpatient,J9190,4,4,1500.0,375.0,400.0
Outpatient,92002,19,19,1490.0,78.42,60.0
Outpatient,0174T,9,9,1490.0,165.56,70.0
Outpatient,92550,17,17,1490.0,87.65,80.0
Outpatient,73706,11,11,1490.0,135.45,100.0
Outpatient,93786,13,13,1480.0,113.85,60.0
Outpatient,86316,11,11,1470.0,133.64,60.0
Outpatient,87255,9,9,1460.0,162.22,90.0
Outpatient,86708,6,6,1450.0,241.67,200.0
Outpatient,L1902,4,4,1450.0,362.5,195.0
Outpatient,84157,6,6,1450.0,241.67,95.0
Outpatient,96153,9,9,1430.0,158.89,90.0
Outpatient,62367,10,10,1430.0,143.0,65.0
Outpatient,J1720,4,4,1410.0,352.5,400.0
Outpatient,92597,8,8,1400.0,175.0,95.0
Outpatient,67917,3,3,1400.0,466.67,400.0
Outpatient,G0378,2,2,1400.0,700.0,700.0
Outpatient,C1755,3,3,1400.0,466.67,300.0
Outpatient,86353,4,4,1400.0,350.0,200.0
Outpatient,80050,15,15,1390.0,92.67,60.0
Outpatient,C1730,9,9,1370.0,152.22,80.0
Outpatient,76811,11,11,1370.0,124.55,100.0
Outpatient,72010,12,12,1360.0,113.33,75.0
Outpatient,49081,5,5,1360.0,272.0,300.0
Outpatient,76516,5,5,1350.0,270.0,50.0
Outpatient,10120,10,10,1350.0,135.0,100.0
Outpatient,L8509,5,5,1350.0,270.0,100.0
Outpatient,88365,14,14,1340.0,95.71,35.0
Outpatient,70336,7,7,1330.0,190.0,70.0
Outpatient,97606,7,7,1330.0,190.0,60.0
Outpatient,99000,10,10,1320.0,132.0,50.0
Outpatient,99387,12,12,1320.0,110.0,85.0
Outpatient,71022,4,4,1320.0,330.0,290.0
Outpatient,J3110,4,4,1310.0,327.5,200.0
Outpatient,S0390,6,6,1310.0,218.33,150.0
Outpatient,90703,9,9,1300.0,144.44,60.0
Outpatient,A4364,3,3,1300.0,433.33,300.0
Outpatient,83789,3,3,1300.0,433.33,400.0
Outpatient,J3470,1,1,1300.0,1300.0,1300.0
Outpatient,12014,3,3,1300.0,433.33,200.0
Outpatient,A4409,3,3,1300.0,433.33,70.0
Outpatient,93291,1,1,1300.0,1300.0,1300.0
Outpatient,L0150,3,3,1300.0,433.33,300.0
Outpatient,46945,1,1,1300.0,1300.0,1300.0
Outpatient,86361,7,7,1300.0,185.71,200.0
Outpatient,93721,7,7,1290.0,184.29,70.0
Outpatient,78607,7,7,1280.0,182.86,100.0
Outpatient,73525,12,12,1280.0,106.67,75.0
Outpatient,94668,5,5,1280.0,256.0,100.0
Outpatient,J0595,5,5,1270.0,254.0,200.0
Outpatient,92025,7,7,1270.0,181.43,70.0
Outpatient,82088,14,14,1260.0,90.0,60.0
Outpatient,J0515,3,3,1260.0,420.0,300.0
Outpatient,82985,7,7,1260.0,180.0,90.0
Outpatient,43247,3,3,1260.0,420.0,600.0
Outpatient,V5014,9,9,1240.0,137.78,90.0
Outpatient,80102,7,7,1240.0,177.14,100.0
Outpatient,90802,6,6,1240.0,206.67,90.0
Outpatient,11000,3,3,1240.0,413.33,200.0
Outpatient,Q0111,9,9,1240.0,137.78,60.0
Outpatient,54235,2,2,1240.0,620.0,620.0
Outpatient,45331,3,3,1220.0,406.67,400.0
Outpatient,84238,4,4,1220.0,305.0,255.0
Outpatient,11422,4,4,1210.0,302.5,55.0
Outpatient,97124,10,10,1210.0,121.0,70.0
Outpatient,A0427,2,2,1200.0,600.0,600.0
Outpatient,J0692,1,1,1200.0,1200.0,1200.0
Outpatient,78220,3,3,1200.0,400.0,300.0
Outpatient,46934,1,1,1200.0,1200.0,1200.0
Outpatient,520,14,14,1200.0,85.71,50.0
Outpatient,V2797,1,1,1200.0,1200.0,1200.0
Outpatient,97537,6,6,1200.0,200.0,150.0
Outpatient,00142,1,1,1200.0,1200.0,1200.0
Outpatient,A4450,11,11,1190.0,108.18,40.0
Outpatient,91065,13,13,1190.0,91.54,80.0
Outpatient,92542,3,3,1190.0,396.67,200.0
Outpatient,74410,8,8,1190.0,148.75,90.0
Outpatient,90882,2,2,1180.0,590.0,590.0
Outpatient,H2017,3,3,1170.0,390.0,300.0
Outpatient,78000,9,9,1170.0,130.0,100.0
Outpatient,G0307,8,8,1170.0,146.25,70.0
Outpatient,11441,8,8,1170.0,146.25,75.0
Outpatient,J0630,4,4,1170.0,292.5,65.0
Outpatient,82810,3,3,1170.0,390.0,60.0
Outpatient,86255,2,2,1160.0,580.0,580.0
Outpatient,95863,3,3,1150.0,383.33,100.0
Outpatient,83935,12,12,1150.0,95.83,30.0
Outpatient,87329,8,8,1140.0,142.5,85.0
Outpatient,L4360,10,10,1140.0,114.0,60.0
Outpatient,A9516,9,9,1140.0,126.67,60.0
Outpatient,G0260,7,7,1140.0,162.86,70.0
Outpatient,82670,12,12,1130.0,94.17,45.0
Outpatient,81005,8,8,1130.0,141.25,100.0
Outpatient,78001,9,9,1120.0,124.44,60.0
Outpatient,C8905,9,9,1120.0,124.44,100.0
Outpatient,98940,19,19,1120.0,58.95,60.0
Outpatient,A4320,12,12,1120.0,93.33,35.0
Outpatient,85013,6,6,1120.0,186.67,115.0
Outpatient,94680,2,2,1110.0,555.0,555.0
Outpatient,67924,1,1,1100.0,1100.0,1100.0
Outpatient,V2020,2,2,1100.0,550.0,550.0
Outpatient,72275,5,5,1100.0,220.0,70.0
Outpatient,29065,1,1,1100.0,1100.0,1100.0
Outpatient,66710,2,2,1100.0,550.0,550.0
Outpatient,73219,1,1,1100.0,1100.0,1100.0
Outpatient,54161,1,1,1100.0,1100.0,1100.0
Outpatient,11300,1,1,1100.0,1100.0,1100.0
Outpatient,88107,8,8,1100.0,137.5,65.0
Outpatient,82107,2,2,1100.0,550.0,550.0
Outpatient,74185,2,2,1100.0,550.0,550.0
Outpatient,V2630,2,2,1100.0,550.0,550.0
Outpatient,26055,1,1,1100.0,1100.0,1100.0
Outpatient,76511,1,1,1100.0,1100.0,1100.0
Outpatient,C1785,7,7,1100.0,157.14,60.0
Outpatient,43236,1,1,1100.0,1100.0,1100.0
Outpatient,25000,1,1,1100.0,1100.0,1100.0
Outpatient,75563,2,2,1100.0,550.0,550.0
Outpatient,C9272,1,1,1100.0,1100.0,1100.0
Outpatient,17262,3,3,1090.0,363.33,70.0
Outpatient,67904,3,3,1090.0,363.33,50.0
Outpatient,97755,8,8,1080.0,135.0,100.0
Outpatient,95250,6,6,1070.0,178.33,75.0
Outpatient,92020,14,14,1070.0,76.43,50.0
Outpatient,90736,17,17,1070.0,62.94,50.0
Outpatient,85044,8,8,1070.0,133.75,15.0
Outpatient,C2627,7,7,1070.0,152.86,100.0
Outpatient,96522,5,5,1070.0,214.0,100.0
Outpatient,84270,13,13,1060.0,81.54,40.0
Outpatient,78102,4,4,1050.0,262.5,120.0
Outpatient,77053,3,3,1050.0,350.0,80.0
Outpatient,64450,4,4,1050.0,262.5,250.0
Outpatient,87106,4,4,1050.0,262.5,245.0
Outpatient,84120,4,4,1050.0,262.5,170.0
Outpatient,69200,17,17,1050.0,61.76,60.0
Outpatient,82747,5,5,1030.0,206.0,60.0
Outpatient,G0384,2,2,1020.0,510.0,510.0
Outpatient,31505,6,6,1010.0,168.33,100.0
Outpatient,86325,2,2,1010.0,505.0,505.0
Outpatient,Q4098,1,1,1000.0,1000.0,1000.0
Outpatient,70542,2,2,1000.0,500.0,500.0
Outpatient,Q4106,7,7,1000.0,142.86,100.0
Outpatient,67961,1,1,1000.0,1000.0,1000.0
Outpatient,79101,2,2,1000.0,500.0,500.0
Outpatient,11642,3,3,1000.0,333.33,70.0
Outpatient,56405,1,1,1000.0,1000.0,1000.0
Outpatient,31615,1,1,1000.0,1000.0,1000.0
Outpatient,95807,2,2,1000.0,500.0,500.0
Outpatient,78453,2,2,1000.0,500.0,500.0
Outpatient,29848,2,2,1000.0,500.0,500.0
Outpatient,15420,1,1,1000.0,1000.0,1000.0
Outpatient,L8501,1,1,1000.0,1000.0,1000.0
Outpatient,70481,6,6,990.0,165.0,60.0
Outpatient,92585,5,5,990.0,198.0,100.0
Outpatient,93236,7,7,990.0,141.43,80.0
Outpatient,73701,8,8,990.0,123.75,75.0
Outpatient,A4215,3,3,990.0,330.0,60.0
Outpatient,95950,2,2,970.0,485.0,485.0
Outpatient,11301,8,8,970.0,121.25,45.0
Outpatient,12034,3,3,960.0,320.0,400.0
Outpatient,J0129,4,4,960.0,240.0,65.0
Outpatient,A6212,7,7,960.0,137.14,50.0
Outpatient,J7644,2,2,960.0,480.0,480.0
Outpatient,G0179,10,10,960.0,96.0,55.0
Outpatient,88165,2,2,950.0,475.0,475.0
Outpatient,L3935,2,2,950.0,475.0,475.0
Outpatient,95930,5,5,940.0,188.0,200.0
Outpatient,86703,24,24,940.0,39.17,35.0
Outpatient,15365,10,10,940.0,94.0,70.0
Outpatient,31502,7,7,930.0,132.86,50.0
Outpatient,87522,15,14,930.0,62.0,60.0
Outpatient,82507,3,3,920.0,306.67,300.0
Outpatient,72200,2,2,920.0,460.0,460.0
Outpatient,L3260,7,7,910.0,130.0,100.0
Outpatient,85384,6,6,910.0,151.67,45.0
Outpatient,Q2038,16,16,910.0,56.88,45.0
Outpatient,87269,12,12,900.0,75.0,20.0
Outpatient,91034,2,2,900.0,450.0,450.0
Outpatient,17270,1,1,900.0,900.0,900.0
Outpatient,A9538,1,1,900.0,900.0,900.0
Outpatient,77285,2,2,900.0,450.0,450.0
Outpatient,90662,22,22,900.0,40.91,35.0
Outpatient,J7603,1,1,900.0,900.0,900.0
Outpatient,86617,11,11,900.0,81.82,70.0
Outpatient,83021,9,9,900.0,100.0,100.0
Outpatient,C2618,1,1,900.0,900.0,900.0
Outpatient,94750,1,1,900.0,900.0,900.0
Outpatient,J7517,1,1,900.0,900.0,900.0
Outpatient,88314,1,1,900.0,900.0,900.0
Outpatient,C1770,1,1,900.0,900.0,900.0
Outpatient,73542,3,3,900.0,300.0,300.0
Outpatient,J1980,2,2,900.0,450.0,450.0
Outpatient,86157,4,4,900.0,225.0,40.0
Outpatient,84681,10,10,900.0,90.0,55.0
Outpatient,15004,4,4,890.0,222.5,200.0
Outpatient,70330,6,6,890.0,148.33,85.0
Outpatient,86999,2,2,880.0,440.0,440.0
Outpatient,92060,4,4,880.0,220.0,200.0
Outpatient,J0895,7,7,880.0,125.71,50.0
Outpatient,78267,6,6,870.0,145.0,100.0
Outpatient,86945,8,8,870.0,108.75,75.0
Outpatient,0144T,3,3,870.0,290.0,400.0
Outpatient,72129,3,3,860.0,286.67,300.0
Outpatient,11404,3,3,860.0,286.67,90.0
Outpatient,93303,6,6,860.0,143.33,80.0
Outpatient,59025,9,9,860.0,95.56,70.0
Outpatient,83605,3,3,860.0,286.67,100.0
Outpatient,0183T,7,7,850.0,121.43,80.0
Outpatient,77032,2,2,850.0,425.0,425.0
Outpatient,72133,3,3,850.0,283.33,100.0
Outpatient,99217,2,2,840.0,420.0,420.0
Outpatient,85380,2,2,840.0,420.0,420.0
Outpatient,29105,6,6,840.0,140.0,130.0
Outpatient,72149,5,5,840.0,168.0,100.0
Outpatient,82491,15,15,840.0,56.0,70.0
Outpatient,82175,6,6,840.0,140.0,150.0
Outpatient,86738,6,6,840.0,140.0,140.0
Outpatient,84425,5,5,830.0,166.0,100.0
Outpatient,G9142,23,23,820.0,35.65,30.0
Outpatient,82977,12,12,820.0,68.33,45.0
Outpatient,Q0091,19,19,820.0,43.16,30.0
Outpatient,A6258,4,4,820.0,205.0,95.0
Outpatient,86318,9,9,810.0,90.0,40.0
Outpatient,95970,2,2,800.0,400.0,400.0
Outpatient,L5620,1,1,800.0,800.0,800.0
Outpatient,L3909,5,5,800.0,160.0,200.0
Outpatient,A6206,5,5,800.0,160.0,100.0
Outpatient,78587,1,1,800.0,800.0,800.0
Outpatient,11444,1,1,800.0,800.0,800.0
Outpatient,62270,1,1,800.0,800.0,800.0
Outpatient,A6448,1,1,800.0,800.0,800.0
Outpatient,86147,7,7,800.0,114.29,70.0
Outpatient,86360,3,3,800.0,266.67,300.0
Outpatient,J0290,2,2,800.0,400.0,400.0
Outpatient,92520,2,2,800.0,400.0,400.0
Outpatient,J2360,5,5,800.0,160.0,100.0
Outpatient,94452,1,1,800.0,800.0,800.0
Outpatient,C1773,2,2,800.0,400.0,400.0
Outpatient,12042,5,5,790.0,158.0,60.0
Outpatient,J3130,14,14,790.0,56.43,60.0
Outpatient,85002,9,9,780.0,86.67,70.0
Outpatient,93285,2,2,780.0,390.0,390.0
Outpatient,90701,4,4,780.0,195.0,150.0
Outpatient,11442,2,2,780.0,390.0,390.0
Outpatient,36569,3,3,770.0,256.67,100.0
Outpatient,S9472,3,3,770.0,256.67,300.0
Outpatient,A9576,6,6,770.0,128.33,90.0
Outpatient,11750,10,10,770.0,77.0,55.0
Outpatient,82542,7,7,770.0,110.0,70.0
Outpatient,78205,7,7,760.0,108.57,50.0
Outpatient,30905,5,5,760.0,152.0,100.0
Outpatient,82627,8,8,760.0,95.0,85.0
Outpatient,83525,6,6,760.0,126.67,85.0
Outpatient,96101,8,8,760.0,95.0,85.0
Outpatient,C8901,4,4,760.0,190.0,70.0
Outpatient,89125,7,7,760.0,108.57,60.0
Outpatient,83010,3,3,750.0,250.0,30.0
Outpatient,R0075,4,4,750.0,187.5,200.0
Outpatient,J1070,5,5,750.0,150.0,100.0
Outpatient,86787,6,6,750.0,125.0,65.0
Outpatient,99499,2,2,740.0,370.0,370.0
Outpatient,J7341,4,4,740.0,185.0,200.0
Outpatient,83930,6,6,740.0,123.33,55.0
Outpatient,J0150,2,2,740.0,370.0,370.0
Outpatient,82525,11,11,740.0,67.27,40.0
Outpatient,82436,6,6,730.0,121.67,80.0
Outpatient,82951,13,13,720.0,55.38,60.0
Outpatient,Q2036,17,17,710.0,41.76,40.0
Outpatient,86922,6,6,710.0,118.33,15.0
Outpatient,J0456,4,4,710.0,177.5,155.0
Outpatient,78483,1,1,700.0,700.0,700.0
Outpatient,94453,1,1,700.0,700.0,700.0
Outpatient,86305,1,1,700.0,700.0,700.0
Outpatient,J1670,3,3,700.0,233.33,100.0
Outpatient,J1626,1,1,700.0,700.0,700.0
Outpatient,25111,1,1,700.0,700.0,700.0
Outpatient,87650,4,4,700.0,175.0,75.0
Outpatient,L4205,1,1,700.0,700.0,700.0
Outpatient,A6446,1,1,700.0,700.0,700.0
Outpatient,53620,1,1,700.0,700.0,700.0
Outpatient,77406,2,2,700.0,350.0,350.0
Outpatient,83912,5,5,700.0,140.0,50.0
Outpatient,78584,1,1,700.0,700.0,700.0
Outpatient,45338,1,1,700.0,700.0,700.0
Outpatient,43248,1,1,700.0,700.0,700.0
Outpatient,72196,4,4,690.0,172.5,80.0
Outpatient,95921,2,2,690.0,345.0,345.0
Outpatient,29445,5,5,680.0,136.0,100.0
Outpatient,00104,2,2,680.0,340.0,340.0
Outpatient,87529,9,9,680.0,75.56,70.0
Outpatient,86355,3,3,680.0,226.67,200.0
Outpatient,J7502,6,6,670.0,111.67,70.0
Outpatient,11310,6,6,670.0,111.67,85.0
Outpatient,87206,5,5,660.0,132.0,90.0
Outpatient,87801,13,13,660.0,50.77,40.0
Outpatient,L3332,3,3,660.0,220.0,200.0
Outpatient,A9150,6,6,660.0,110.0,100.0
Outpatient,82271,4,4,660.0,165.0,100.0
Outpatient,72132,5,5,650.0,130.0,70.0
Outpatient,L0172,6,6,650.0,108.33,80.0
Outpatient,99316,9,9,650.0,72.22,60.0
Outpatient,86235,8,8,650.0,81.25,65.0
Outpatient,Q2037,17,17,650.0,38.24,40.0
Outpatient,90812,4,4,640.0,160.0,140.0
Outpatient,A6022,3,3,640.0,213.33,200.0
Outpatient,A9561,8,8,640.0,80.0,90.0
Outpatient,29505,6,6,640.0,106.67,80.0
Outpatient,J7323,8,8,640.0,80.0,95.0
Outpatient,L3919,3,3,640.0,213.33,200.0
Outpatient,97804,16,16,640.0,40.0,30.0
Outpatient,97039,4,4,640.0,160.0,95.0
Outpatient,H0032,3,3,630.0,210.0,80.0
Outpatient,80201,2,2,630.0,315.0,315.0
Outpatient,87800,7,7,630.0,90.0,80.0
Outpatient,84478,4,4,630.0,157.5,65.0
Outpatient,82172,4,4,630.0,157.5,95.0
Outpatient,90845,2,2,620.0,310.0,310.0
Outpatient,J1020,4,4,620.0,155.0,80.0
Outpatient,78804,3,3,620.0,206.67,70.0
Outpatient,29405,7,7,610.0,87.14,90.0
Outpatient,86701,5,5,610.0,122.0,100.0
Outpatient,83070,1,1,600.0,600.0,600.0
Outpatient,A7526,1,1,600.0,600.0,600.0
Outpatient,92612,2,2,600.0,300.0,300.0
Outpatient,27370,1,1,600.0,600.0,600.0
Outpatient,A6260,2,2,600.0,300.0,300.0
Outpatient,62273,2,2,600.0,300.0,300.0
Outpatient,86695,5,5,600.0,120.0,100.0
Outpatient,A4315,1,1,600.0,600.0,600.0
Outpatient,74263,1,1,600.0,600.0,600.0
Outpatient,L8610,1,1,600.0,600.0,600.0
Outpatient,J7308,5,5,600.0,120.0,100.0
Outpatient,78494,1,1,600.0,600.0,600.0
Outpatient,B4087,2,2,600.0,300.0,300.0
Outpatient,L1815,1,1,600.0,600.0,600.0
Outpatient,L3030,2,2,600.0,300.0,300.0
Outpatient,L2116,1,1,600.0,600.0,600.0
Outpatient,72147,1,1,600.0,600.0,600.0
Outpatient,88280,1,1,600.0,600.0,600.0
Outpatient,L4396,2,2,600.0,300.0,300.0
Outpatient,43450,1,1,600.0,600.0,600.0
Outpatient,83718,8,8,600.0,75.0,65.0
Outpatient,96105,1,1,600.0,600.0,600.0
Outpatient,L3921,1,1,600.0,600.0,600.0
Outpatient,0066T,2,2,600.0,300.0,300.0
Outpatient,C1765,1,1,600.0,600.0,600.0
Outpatient,J7340,2,2,600.0,300.0,300.0
Outpatient,94002,3,3,600.0,200.0,200.0
Outpatient,80154,8,8,590.0,73.75,10.0
Outpatient,J7324,3,3,590.0,196.67,200.0
Outpatient,G0180,7,7,590.0,84.29,50.0
Outpatient,70320,8,8,590.0,73.75,75.0
Outpatient,29515,7,7,590.0,84.29,50.0
Outpatient,83037,9,9,590.0,65.56,60.0
Outpatient,12051,2,2,590.0,295.0,295.0
Outpatient,73220,11,11,590.0,53.64,50.0
Outpatient,83898,4,4,580.0,145.0,75.0
Outpatient,G0148,8,8,580.0,72.5,30.0
Outpatient,83020,7,7,570.0,81.43,80.0
Outpatient,30999,3,3,570.0,190.0,100.0
Outpatient,87181,6,6,570.0,95.0,90.0
Outpatient,92700,7,7,560.0,80.0,0.0
Outpatient,99404,2,2,560.0,280.0,280.0
Outpatient,41250,2,2,560.0,280.0,280.0
Outpatient,86710,6,6,560.0,93.33,80.0
Outpatient,L3999,5,5,560.0,112.0,100.0
Outpatient,92609,4,4,560.0,140.0,70.0
Outpatient,G0364,2,2,550.0,275.0,275.0
Outpatient,71130,5,5,550.0,110.0,100.0
Outpatient,43999,3,3,550.0,183.33,90.0
Outpatient,17003,6,6,550.0,91.67,80.0
Outpatient,86606,3,3,540.0,180.0,200.0
Outpatient,64622,5,5,540.0,108.0,60.0
Outpatient,91035,6,6,540.0,90.0,75.0
Outpatient,94015,2,2,540.0,270.0,270.0
Outpatient,82595,5,5,540.0,108.0,70.0
Outpatient,69220,4,4,540.0,135.0,100.0
Outpatient,92555,4,4,540.0,135.0,90.0
Outpatient,85008,9,9,540.0,60.0,30.0
Outpatient,76817,3,3,540.0,180.0,200.0
Outpatient,88106,5,5,540.0,108.0,30.0
Outpatient,82731,2,2,530.0,265.0,265.0
Outpatient,82950,3,3,530.0,176.67,80.0
Outpatient,83874,12,12,530.0,44.17,50.0
Outpatient,90585,2,2,520.0,260.0,260.0
Outpatient,82955,6,6,520.0,86.67,75.0
Outpatient,J1750,2,2,510.0,255.0,255.0
Outpatient,J7507,7,7,510.0,72.86,50.0
Outpatient,85520,4,4,510.0,127.5,50.0
Outpatient,82131,7,7,510.0,72.86,70.0
Outpatient,C8911,2,2,510.0,255.0,255.0
Outpatient,J0570,8,8,510.0,63.75,20.0
Outpatient,G0168,2,2,500.0,250.0,250.0
Outpatient,L3002,2,2,500.0,250.0,250.0
Outpatient,74262,1,1,500.0,500.0,500.0
Outpatient,92543,3,3,500.0,166.67,90.0
Outpatient,76819,1,1,500.0,500.0,500.0
Outpatient,93313,1,1,500.0,500.0,500.0
Outpatient,82370,1,1,500.0,500.0,500.0
Outpatient,43259,2,2,500.0,250.0,250.0
Outpatient,26600,1,1,500.0,500.0,500.0
Outpatient,G0399,1,1,500.0,500.0,500.0
Outpatient,45334,1,1,500.0,500.0,500.0
Outpatient,11900,9,9,500.0,55.56,60.0
Outpatient,78813,1,1,500.0,500.0,500.0
Outpatient,A6449,3,3,500.0,166.67,100.0
Outpatient,43246,1,1,500.0,500.0,500.0
Outpatient,21480,1,1,500.0,500.0,500.0
Outpatient,J2796,1,1,500.0,500.0,500.0
Outpatient,11626,1,1,500.0,500.0,500.0
Outpatient,87301,1,1,500.0,500.0,500.0
Outpatient,29075,7,7,490.0,70.0,60.0
Outpatient,11400,5,5,490.0,98.0,90.0
Outpatient,65205,6,6,490.0,81.67,100.0
Outpatient,L2112,3,3,490.0,163.33,100.0
Outpatient,11401,6,6,490.0,81.67,70.0
Outpatient,J3030,2,2,480.0,240.0,240.0
Outpatient,V5266,6,6,480.0,80.0,85.0
Outpatient,82024,3,3,480.0,160.0,100.0
Outpatient,98925,4,4,480.0,120.0,70.0
Outpatient,84560,6,6,470.0,78.33,35.0
Outpatient,Q2039,8,8,470.0,58.75,30.0
Outpatient,D7140,7,7,470.0,67.14,0.0
Outpatient,84480,6,6,470.0,78.33,65.0
Outpatient,C8906,5,5,470.0,94.0,90.0
Outpatient,A6248,3,3,460.0,153.33,200.0
Outpatient,90768,2,2,460.0,230.0,230.0
Outpatient,86430,7,7,450.0,64.29,40.0
Outpatient,G0144,10,10,450.0,45.0,35.0
Outpatient,95954,2,2,450.0,225.0,225.0
Outpatient,J0744,6,6,450.0,75.0,65.0
Outpatient,J2010,3,3,450.0,150.0,90.0
Outpatient,87185,4,4,450.0,112.5,55.0
Outpatient,86160,3,3,450.0,150.0,200.0
Outpatient,14040,5,5,440.0,88.0,40.0
Outpatient,70546,2,2,440.0,220.0,220.0
Outpatient,62264,2,2,440.0,220.0,220.0
Outpatient,0148T,5,5,440.0,88.0,30.0
Outpatient,29260,4,4,440.0,110.0,90.0
Outpatient,95992,3,3,440.0,146.67,100.0
Outpatient,95004,3,3,430.0,143.33,80.0
Outpatient,J1790,2,2,430.0,215.0,215.0
Outpatient,49465,4,4,420.0,105.0,110.0
Outpatient,91122,4,4,420.0,105.0,80.0
Outpatient,86225,8,8,420.0,52.5,45.0
Outpatient,92625,2,2,410.0,205.0,205.0
Outpatient,85810,4,4,410.0,102.5,85.0
Outpatient,86331,7,7,410.0,58.57,40.0
Outpatient,83896,2,2,410.0,205.0,205.0
Outpatient,76801,7,7,410.0,58.57,40.0
Outpatient,G0102,7,7,410.0,58.57,70.0
Outpatient,80200,6,6,410.0,68.33,20.0
Outpatient,93304,1,1,400.0,400.0,400.0
Outpatient,32421,7,7,400.0,57.14,40.0
Outpatient,31571,1,1,400.0,400.0,400.0
Outpatient,92626,2,2,400.0,200.0,200.0
Outpatient,Q9957,1,1,400.0,400.0,400.0
Outpatient,87273,1,1,400.0,400.0,400.0
Outpatient,64470,1,1,400.0,400.0,400.0
Outpatient,A9521,1,1,400.0,400.0,400.0
Outpatient,A6252,1,1,400.0,400.0,400.0
Outpatient,L2114,1,1,400.0,400.0,400.0
Outpatient,15852,2,2,400.0,200.0,200.0
Outpatient,P9047,2,2,400.0,200.0,200.0
Outpatient,J3302,2,2,400.0,200.0,200.0
Outpatient,94690,1,1,400.0,400.0,400.0
Outpatient,A0422,1,1,400.0,400.0,400.0
Outpatient,G0120,1,1,400.0,400.0,400.0
Outpatient,A0888,1,1,400.0,400.0,400.0
Outpatient,J9999,1,1,400.0,400.0,400.0
Outpatient,80157,1,1,400.0,400.0,400.0
Outpatient,78481,2,2,400.0,200.0,200.0
Outpatient,A0998,2,2,400.0,200.0,200.0
Outpatient,99070,4,4,400.0,100.0,80.0
Outpatient,64999,2,2,400.0,200.0,200.0
Outpatient,30903,3,3,400.0,133.33,100.0
Outpatient,C1776,2,2,400.0,200.0,200.0
Outpatient,L3925,4,4,400.0,100.0,100.0
Outpatient,43761,1,1,400.0,400.0,400.0
Outpatient,49450,1,1,400.0,400.0,400.0
Outpatient,J3410,1,1,400.0,400.0,400.0
Outpatient,74283,1,1,400.0,400.0,400.0
Outpatient,98926,6,6,400.0,66.67,80.0
Outpatient,C2640,1,1,400.0,400.0,400.0
Outpatient,99407,4,4,390.0,97.5,70.0
Outpatient,86294,2,2,390.0,195.0,195.0
Outpatient,L3911,3,3,390.0,130.0,100.0
Outpatient,99238,3,3,390.0,130.0,90.0
Outpatient,70140,4,4,380.0,95.0,70.0
Outpatient,78814,4,4,370.0,92.5,35.0
Outpatient,94360,4,4,370.0,92.5,70.0
Outpatient,J0878,3,3,370.0,123.33,70.0
Outpatient,64490,6,6,370.0,61.67,60.0
Outpatient,80182,3,3,370.0,123.33,60.0
Outpatient,93788,6,6,370.0,61.67,60.0
Outpatient,A4311,2,2,360.0,180.0,180.0
Outpatient,L1832,4,4,360.0,90.0,80.0
Outpatient,J2310,3,3,360.0,120.0,60.0
Outpatient,51736,3,3,360.0,120.0,90.0
Outpatient,90632,11,11,360.0,32.73,40.0
Outpatient,86308,4,4,350.0,87.5,20.0
Outpatient,99606,2,2,350.0,175.0,175.0
Outpatient,76513,3,3,350.0,116.67,100.0
Outpatient,J1051,5,5,350.0,70.0,90.0
Outpatient,68761,6,6,350.0,58.33,55.0
Outpatient,84300,6,6,350.0,58.33,35.0
Outpatient,56820,3,3,350.0,116.67,100.0
Outpatient,92592,7,7,350.0,50.0,70.0
Outpatient,86625,2,2,350.0,175.0,175.0
Outpatient,10040,2,2,340.0,170.0,170.0
Outpatient,84066,5,5,340.0,68.0,100.0
Outpatient,88275,2,2,340.0,170.0,170.0
Outpatient,L3010,2,2,340.0,170.0,170.0
Outpatient,92225,6,6,340.0,56.67,60.0
Outpatient,73201,3,3,340.0,113.33,80.0
Outpatient,94667,5,5,330.0,66.0,80.0
Outpatient,L3931,3,3,330.0,110.0,70.0
Outpatient,A6456,5,5,330.0,66.0,80.0
Outpatient,86905,3,3,330.0,110.0,100.0
Outpatient,86903,3,3,330.0,110.0,20.0
Outpatient,78608,3,3,320.0,106.67,60.0
Outpatient,88311,2,2,320.0,160.0,160.0
Outpatient,84160,3,3,320.0,106.67,80.0
Outpatient,63660,3,3,320.0,106.67,60.0
Outpatient,95925,2,2,310.0,155.0,155.0
Outpatient,G0270,6,6,310.0,51.67,45.0
Outpatient,A4606,3,3,310.0,103.33,60.0
Outpatient,76816,5,5,310.0,62.0,80.0
Outpatient,92240,1,1,300.0,300.0,300.0
Outpatient,A6261,1,1,300.0,300.0,300.0
Outpatient,J0461,1,1,300.0,300.0,300.0
Outpatient,Q0505,1,1,300.0,300.0,300.0
Outpatient,66762,1,1,300.0,300.0,300.0
Outpatient,J1212,3,3,300.0,100.0,100.0
Outpatient,65220,2,2,300.0,150.0,150.0
Outpatient,L4210,1,1,300.0,300.0,300.0
Outpatient,21800,1,1,300.0,300.0,300.0
Outpatient,15002,1,1,300.0,300.0,300.0
Outpatient,A9528,1,1,300.0,300.0,300.0
Outpatient,72126,1,1,300.0,300.0,300.0
Outpatient,G0397,1,1,300.0,300.0,300.0
Outpatient,L8010,1,1,300.0,300.0,300.0
Outpatient,86813,1,1,300.0,300.0,300.0
Outpatient,A6530,1,1,300.0,300.0,300.0
Outpatient,93799,3,3,300.0,100.0,100.0
Outpatient,L1820,2,2,300.0,150.0,150.0
Outpatient,29280,2,2,300.0,150.0,150.0
Outpatient,89220,1,1,300.0,300.0,300.0
Outpatient,31622,2,2,300.0,150.0,150.0
Outpatient,G0396,1,1,300.0,300.0,300.0
Outpatient,78216,1,1,300.0,300.0,300.0
Outpatient,96154,1,1,300.0,300.0,300.0
Outpatient,29877,2,2,300.0,150.0,150.0
Outpatient,V5275,1,1,300.0,300.0,300.0
Outpatient,92544,1,1,300.0,300.0,300.0
Outpatient,66500,1,1,300.0,300.0,300.0
Outpatient,88161,3,3,300.0,100.0,60.0
Outpatient,L1800,1,1,300.0,300.0,300.0
Outpatient,L3763,2,2,300.0,150.0,150.0
Outpatient,78015,1,1,300.0,300.0,300.0
Outpatient,11606,1,1,300.0,300.0,300.0
Outpatient,L0627,1,1,300.0,300.0,300.0
Outpatient,A6266,1,1,300.0,300.0,300.0
Outpatient,P9031,1,1,300.0,300.0,300.0
Outpatient,Q0179,1,1,300.0,300.0,300.0
Outpatient,XXXXX,1,1,300.0,300.0,300.0
Outpatient,85046,1,1,300.0,300.0,300.0
Outpatient,82300,1,1,300.0,300.0,300.0
Outpatient,H2012,2,2,300.0,150.0,150.0
Outpatient,C1722,1,1,300.0,300.0,300.0
Outpatient,77408,1,1,300.0,300.0,300.0
Outpatient,97761,2,2,300.0,150.0,150.0
Outpatient,L3980,1,1,300.0,300.0,300.0
Outpatient,75827,2,2,290.0,145.0,145.0
Outpatient,Q0081,3,3,290.0,96.67,100.0
Outpatient,96151,5,5,290.0,58.0,50.0
Outpatient,82009,2,2,290.0,145.0,145.0
Outpatient,87899,5,5,290.0,58.0,60.0
Outpatient,31238,2,2,290.0,145.0,145.0
Outpatient,86870,4,4,290.0,72.5,40.0
Outpatient,74450,3,3,290.0,96.67,60.0
Outpatient,10021,4,4,280.0,70.0,75.0
Outpatient,521,4,4,280.0,70.0,70.0
Outpatient,86886,4,4,280.0,70.0,85.0
Outpatient,88325,5,5,280.0,56.0,80.0
Outpatient,84466,5,5,280.0,56.0,70.0
Outpatient,G0422,2,2,280.0,140.0,140.0
Outpatient,L3000,2,2,280.0,140.0,140.0
Outpatient,87073,3,3,280.0,93.33,100.0
Outpatient,J7325,4,4,270.0,67.5,70.0
Outpatient,J9202,4,4,270.0,67.5,70.0
Outpatient,G0124,7,7,270.0,38.57,30.0
Outpatient,96040,5,5,270.0,54.0,40.0
Outpatient,20526,2,2,270.0,135.0,135.0
Outpatient,76001,2,2,270.0,135.0,135.0
Outpatient,92551,4,4,270.0,67.5,85.0
Outpatient,95813,4,4,270.0,67.5,35.0
Outpatient,A6199,2,2,270.0,135.0,135.0
Outpatient,L1906,3,3,270.0,90.0,40.0
Outpatient,65222,3,3,260.0,86.67,100.0
Outpatient,85300,3,3,260.0,86.67,50.0
Outpatient,73725,3,3,260.0,86.67,60.0
Outpatient,36478,2,2,260.0,130.0,130.0
Outpatient,78891,2,2,260.0,130.0,130.0
Outpatient,11740,2,2,260.0,130.0,130.0
Outpatient,A4561,2,2,260.0,130.0,130.0
Outpatient,V5257,2,2,250.0,125.0,125.0
Outpatient,11420,3,3,250.0,83.33,80.0
Outpatient,91038,2,2,250.0,125.0,125.0
Outpatient,87591,4,4,250.0,62.5,75.0
Outpatient,29530,2,2,240.0,120.0,120.0
Outpatient,J1094,2,2,240.0,120.0,120.0
Outpatient,68200,2,2,240.0,120.0,120.0
Outpatient,19103,4,4,240.0,60.0,70.0
Outpatient,64425,3,3,240.0,80.0,100.0
Outpatient,J1645,6,6,240.0,40.0,35.0
Outpatient,H0020,2,2,240.0,120.0,120.0
Outpatient,26010,3,3,240.0,80.0,80.0
Outpatient,99051,2,2,240.0,120.0,120.0
Outpatient,98927,3,3,230.0,76.67,90.0
Outpatient,27093,2,2,230.0,115.0,115.0
Outpatient,92532,2,2,230.0,115.0,115.0
Outpatient,76813,3,3,230.0,76.67,70.0
Outpatient,69433,4,4,230.0,57.5,65.0
Outpatient,A6543,2,2,230.0,115.0,115.0
Outpatient,Q0138,2,2,230.0,115.0,115.0
Outpatient,92593,4,4,220.0,55.0,65.0
Outpatient,V5011,3,3,220.0,73.33,60.0
Outpatient,92082,5,5,220.0,44.0,40.0
Outpatient,Q4038,2,2,220.0,110.0,110.0
Outpatient,J1055,3,3,220.0,73.33,90.0
Outpatient,80188,2,2,220.0,110.0,110.0
Outpatient,57150,5,5,220.0,44.0,30.0
Outpatient,83701,7,7,220.0,31.43,40.0
Outpatient,64402,5,5,210.0,42.0,20.0
Outpatient,C8909,2,2,210.0,105.0,105.0
Outpatient,93000,4,4,210.0,52.5,50.0
Outpatient,G0246,3,3,210.0,70.0,90.0
Outpatient,36514,2,2,210.0,105.0,105.0
Outpatient,36818,2,2,200.0,100.0,100.0
Outpatient,80055,2,2,200.0,100.0,100.0
Outpatient,A9562,2,2,200.0,100.0,100.0
Outpatient,23700,1,1,200.0,200.0,200.0
Outpatient,A4627,1,1,200.0,200.0,200.0
Outpatient,77031,4,4,200.0,50.0,50.0
Outpatient,V5256,3,3,200.0,66.67,0.0
Outpatient,12005,1,1,200.0,200.0,200.0
Outpatient,A4927,5,5,200.0,40.0,30.0
Outpatient,C1876,1,1,200.0,200.0,200.0
Outpatient,52332,3,3,200.0,66.67,70.0
Outpatient,G0268,2,2,200.0,100.0,100.0
Outpatient,90375,1,1,200.0,200.0,200.0
Outpatient,L3350,1,1,200.0,200.0,200.0
Outpatient,J7500,1,1,200.0,200.0,200.0
Outpatient,V5160,2,2,200.0,100.0,100.0
Outpatient,A6536,1,1,200.0,200.0,200.0
Outpatient,90821,3,3,200.0,66.67,0.0
Outpatient,J3396,1,1,200.0,200.0,200.0
Outpatient,J0295,3,3,200.0,66.67,60.0
Outpatient,89322,1,1,200.0,200.0,200.0
Outpatient,L3905,1,1,200.0,200.0,200.0
Outpatient,L0210,1,1,200.0,200.0,200.0
Outpatient,16025,1,1,200.0,200.0,200.0
Outpatient,10080,1,1,200.0,200.0,200.0
Outpatient,A6403,1,1,200.0,200.0,200.0
Outpatient,51725,1,1,200.0,200.0,200.0
Outpatient,C1757,1,1,200.0,200.0,200.0
Outpatient,J3475,1,1,200.0,200.0,200.0
Outpatient,95145,1,1,200.0,200.0,200.0
Outpatient,89240,1,1,200.0,200.0,200.0
Outpatient,L3806,1,1,200.0,200.0,200.0
Outpatient,C1878,1,1,200.0,200.0,200.0
Outpatient,75809,1,1,200.0,200.0,200.0
Outpatient,23600,1,1,200.0,200.0,200.0
Outpatient,V5267,3,3,200.0,66.67,100.0
Outpatient,J0135,1,1,200.0,200.0,200.0
Outpatient,87168,2,2,200.0,100.0,100.0
Outpatient,93981,1,1,200.0,200.0,200.0
Outpatient,87620,4,4,200.0,50.0,40.0
Outpatient,L1901,1,1,200.0,200.0,200.0
Outpatient,97813,1,1,200.0,200.0,200.0
Outpatient,L1970,1,1,200.0,200.0,200.0
Outpatient,88141,4,4,200.0,50.0,50.0
Outpatient,71034,1,1,200.0,200.0,200.0
Outpatient,86781,1,1,200.0,200.0,200.0
Outpatient,96913,1,1,200.0,200.0,200.0
Outpatient,L8507,1,1,200.0,200.0,200.0
Outpatient,45900,1,1,200.0,200.0,200.0
Outpatient,95806,1,1,200.0,200.0,200.0
Outpatient,95834,1,1,200.0,200.0,200.0
Outpatient,64400,1,1,200.0,200.0,200.0
Outpatient,11760,1,1,200.0,200.0,200.0
Outpatient,76499,1,1,200.0,200.0,200.0
Outpatient,12041,1,1,200.0,200.0,200.0
Outpatient,49999,1,1,200.0,200.0,200.0
Outpatient,56605,1,1,200.0,200.0,200.0
Outpatient,82544,5,5,200.0,40.0,40.0
Outpatient,L0628,1,1,200.0,200.0,200.0
Outpatient,75562,1,1,200.0,200.0,200.0
Outpatient,23650,1,1,200.0,200.0,200.0
Outpatient,J0704,1,1,200.0,200.0,200.0
Outpatient,21080,1,1,200.0,200.0,200.0
Outpatient,85555,1,1,200.0,200.0,200.0
Outpatient,36002,1,1,200.0,200.0,200.0
Outpatient,L0625,1,1,200.0,200.0,200.0
Outpatient,L3300,1,1,200.0,200.0,200.0
Outpatient,41874,3,3,200.0,66.67,100.0
Outpatient,H2011,1,1,200.0,200.0,200.0
Outpatient,20103,2,2,190.0,95.0,95.0
Outpatient,19102,3,3,190.0,63.33,60.0
Outpatient,86812,3,3,190.0,63.33,60.0
Outpatient,87140,3,3,190.0,63.33,80.0
Outpatient,J1950,2,2,190.0,95.0,95.0
Outpatient,78278,3,3,180.0,60.0,70.0
Outpatient,A9512,4,4,180.0,45.0,55.0
Outpatient,V5261,3,3,180.0,60.0,80.0
Outpatient,92340,4,4,180.0,45.0,40.0
Outpatient,11403,3,3,180.0,60.0,60.0
Outpatient,83088,2,2,180.0,90.0,90.0
Outpatient,A4369,5,5,180.0,36.0,30.0
Outpatient,90655,5,5,180.0,36.0,40.0
Outpatient,95991,2,2,180.0,90.0,90.0
Outpatient,L8500,3,3,170.0,56.67,70.0
Outpatient,93980,2,2,170.0,85.0,85.0
Outpatient,82390,5,5,170.0,34.0,20.0
Outpatient,99406,5,5,170.0,34.0,30.0
Outpatient,84080,2,2,170.0,85.0,85.0
Outpatient,98928,3,3,160.0,53.33,60.0
Outpatient,74182,5,5,160.0,32.0,30.0
Outpatient,83704,3,3,160.0,53.33,60.0
Outpatient,L3040,2,2,160.0,80.0,80.0
Outpatient,11311,2,2,160.0,80.0,80.0
Outpatient,D0140,4,4,160.0,40.0,30.0
Outpatient,L1960,2,2,160.0,80.0,80.0
Outpatient,70380,2,2,160.0,80.0,80.0
Outpatient,46083,2,2,160.0,80.0,80.0
Outpatient,83700,4,4,160.0,40.0,40.0
Outpatient,41800,3,3,160.0,53.33,60.0
Outpatient,82120,2,2,160.0,80.0,80.0
Outpatient,95904,2,2,150.0,75.0,75.0
Outpatient,92070,2,2,150.0,75.0,75.0
Outpatient,D0120,6,6,150.0,25.0,25.0
Outpatient,87517,2,2,150.0,75.0,75.0
Outpatient,69020,2,2,150.0,75.0,75.0
Outpatient,71023,3,3,150.0,50.0,40.0
Outpatient,82397,4,4,150.0,37.5,35.0
Outpatient,J9260,3,3,150.0,50.0,40.0
Outpatient,88182,4,4,150.0,37.5,35.0
Outpatient,96125,2,2,150.0,75.0,75.0
Outpatient,80150,4,4,150.0,37.5,35.0
Outpatient,87276,2,2,150.0,75.0,75.0
Outpatient,V5264,3,3,150.0,50.0,50.0
Outpatient,J0735,2,2,140.0,70.0,70.0
Outpatient,76510,2,2,140.0,70.0,70.0
Outpatient,J1745,2,2,140.0,70.0,70.0
Outpatient,J8499,3,3,140.0,46.67,40.0
Outpatient,A6237,3,3,140.0,46.67,30.0
Outpatient,J1165,3,3,140.0,46.67,40.0
Outpatient,Q2035,4,4,140.0,35.0,35.0
Outpatient,97810,2,2,140.0,70.0,70.0
Outpatient,97139,3,3,140.0,46.67,50.0
Outpatient,Q0112,3,3,140.0,46.67,40.0
Outpatient,88333,2,2,140.0,70.0,70.0
Outpatient,64718,2,2,140.0,70.0,70.0
Outpatient,95971,2,2,130.0,65.0,65.0
Outpatient,20670,2,2,130.0,65.0,65.0
Outpatient,G0344,9,9,130.0,14.44,10.0
Outpatient,11421,3,3,130.0,43.33,30.0
Outpatient,84630,2,2,130.0,65.0,65.0
Outpatient,38221,2,2,130.0,65.0,65.0
Outpatient,94350,3,3,130.0,43.33,50.0
Outpatient,82376,2,2,120.0,60.0,60.0
Outpatient,77333,2,2,120.0,60.0,60.0
Outpatient,99078,4,4,120.0,30.0,30.0
Outpatient,L3651,2,2,120.0,60.0,60.0
Outpatient,77059,2,2,120.0,60.0,60.0
Outpatient,83695,2,2,120.0,60.0,60.0
Outpatient,20551,3,3,120.0,40.0,60.0
Outpatient,87107,2,2,120.0,60.0,60.0
Outpatient,64405,3,3,120.0,40.0,40.0
Outpatient,94250,3,3,120.0,40.0,50.0
Outpatient,82664,2,2,120.0,60.0,60.0
Outpatient,Q0144,2,2,120.0,60.0,60.0
Outpatient,88332,2,2,120.0,60.0,60.0
Outpatient,J2275,2,2,120.0,60.0,60.0
Outpatient,64455,2,2,120.0,60.0,60.0
Outpatient,86336,2,2,120.0,60.0,60.0
Outpatient,A6257,3,3,120.0,40.0,40.0
Outpatient,86771,2,2,120.0,60.0,60.0
Outpatient,87902,2,2,110.0,55.0,55.0
Outpatient,87207,3,3,110.0,36.67,30.0
Outpatient,76818,2,2,110.0,55.0,55.0
Outpatient,87425,2,2,110.0,55.0,55.0
Outpatient,80196,2,2,110.0,55.0,55.0
Outpatient,C8913,2,2,110.0,55.0,55.0
Outpatient,87797,3,3,110.0,36.67,40.0
Outpatient,13101,3,3,110.0,36.67,30.0
Outpatient,86021,3,3,110.0,36.67,10.0
Outpatient,86340,2,2,110.0,55.0,55.0
Outpatient,78800,2,2,110.0,55.0,55.0
Outpatient,88162,2,2,110.0,55.0,55.0
Outpatient,80194,2,2,110.0,55.0,55.0
Outpatient,90636,2,2,110.0,55.0,55.0
Outpatient,A4344,2,2,110.0,55.0,55.0
Outpatient,A4414,2,2,110.0,55.0,55.0
Outpatient,99386,3,3,100.0,33.33,20.0
Outpatient,80173,1,1,100.0,100.0,100.0
Outpatient,98942,1,1,100.0,100.0,100.0
Outpatient,22999,1,1,100.0,100.0,100.0
Outpatient,29822,1,1,100.0,100.0,100.0
Outpatient,84207,2,2,100.0,50.0,50.0
Outpatient,72295,2,2,100.0,50.0,50.0
Outpatient,87272,1,1,100.0,100.0,100.0
Outpatient,77401,1,1,100.0,100.0,100.0
Outpatient,J2323,1,1,100.0,100.0,100.0
Outpatient,L1836,1,1,100.0,100.0,100.0
Outpatient,82656,1,1,100.0,100.0,100.0
Outpatient,92614,1,1,100.0,100.0,100.0
Outpatient,96422,1,1,100.0,100.0,100.0
Outpatient,10180,1,1,100.0,100.0,100.0
Outpatient,93317,1,1,100.0,100.0,100.0
Outpatient,23620,1,1,100.0,100.0,100.0
Outpatient,A4332,1,1,100.0,100.0,100.0
Outpatient,96567,1,1,100.0,100.0,100.0
Outpatient,78350,2,2,100.0,50.0,50.0
Outpatient,46050,1,1,100.0,100.0,100.0
Outpatient,90809,1,1,100.0,100.0,100.0
Outpatient,82646,2,2,100.0,50.0,50.0
Outpatient,51792,1,1,100.0,100.0,100.0
Outpatient,89190,1,1,100.0,100.0,100.0
Outpatient,64445,1,1,100.0,100.0,100.0
Outpatient,88274,2,2,100.0,50.0,50.0
Outpatient,84445,2,2,100.0,50.0,50.0
Outpatient,87290,1,1,100.0,100.0,100.0
Outpatient,A4398,2,2,100.0,50.0,50.0
Outpatient,83918,1,1,100.0,100.0,100.0
Outpatient,87143,1,1,100.0,100.0,100.0
Outpatient,67345,1,1,100.0,100.0,100.0
Outpatient,A4217,1,1,100.0,100.0,100.0
Outpatient,11601,1,1,100.0,100.0,100.0
Outpatient,82651,1,1,100.0,100.0,100.0
Outpatient,S0030,1,1,100.0,100.0,100.0
Outpatient,80502,1,1,100.0,100.0,100.0
Outpatient,51795,1,1,100.0,100.0,100.0
Outpatient,83002,3,3,100.0,33.33,50.0
Outpatient,73202,1,1,100.0,100.0,100.0
Outpatient,86001,1,1,100.0,100.0,100.0
Outpatient,86162,1,1,100.0,100.0,100.0
Outpatient,77321,1,1,100.0,100.0,100.0
Outpatient,A9517,1,1,100.0,100.0,100.0
Outpatient,92270,1,1,100.0,100.0,100.0
Outpatient,L3700,1,1,100.0,100.0,100.0
Outpatient,J0670,1,1,100.0,100.0,100.0
Outpatient,84110,2,2,100.0,50.0,50.0
Outpatient,92586,1,1,100.0,100.0,100.0
Outpatient,99221,1,1,100.0,100.0,100.0
Outpatient,85130,2,2,100.0,50.0,50.0
Outpatient,69990,1,1,100.0,100.0,100.0
Outpatient,41899,1,1,100.0,100.0,100.0
Outpatient,85347,1,1,100.0,100.0,100.0
Outpatient,87169,2,2,100.0,50.0,50.0
Outpatient,00140,1,1,100.0,100.0,100.0
Outpatient,86735,1,1,100.0,100.0,100.0
Outpatient,84133,1,1,100.0,100.0,100.0
Outpatient,A6534,1,1,100.0,100.0,100.0
Outpatient,82820,1,1,100.0,100.0,100.0
Outpatient,83840,3,3,100.0,33.33,40.0
Outpatient,57452,1,1,100.0,100.0,100.0
Outpatient,73702,1,1,100.0,100.0,100.0
Outpatient,A6531,1,1,100.0,100.0,100.0
Outpatient,99350,2,2,90.0,45.0,45.0
Outpatient,45335,1,1,90.0,90.0,90.0
Outpatient,84244,1,1,90.0,90.0,90.0
Outpatient,87901,1,1,90.0,90.0,90.0
Outpatient,84378,2,2,90.0,45.0,45.0
Outpatient,86593,2,2,90.0,45.0,45.0
Outpatient,70370,4,4,90.0,22.5,20.0
Outpatient,92591,1,1,90.0,90.0,90.0
Outpatient,87350,1,1,90.0,90.0,90.0
Outpatient,86615,1,1,90.0,90.0,90.0
Outpatient,73580,2,2,90.0,45.0,45.0
Outpatient,G0367,1,1,90.0,90.0,90.0
Outpatient,92065,1,1,90.0,90.0,90.0
Outpatient,90633,1,1,90.0,90.0,90.0
Outpatient,C1753,1,1,90.0,90.0,90.0
Outpatient,J7302,2,2,90.0,45.0,45.0
Outpatient,84479,2,2,90.0,45.0,45.0
Outpatient,98929,1,1,90.0,90.0,90.0
Outpatient,11307,1,1,90.0,90.0,90.0
Outpatient,92582,1,1,90.0,90.0,90.0
Outpatient,87653,2,2,90.0,45.0,45.0
Outpatient,28108,1,1,80.0,80.0,80.0
Outpatient,90887,1,1,80.0,80.0,80.0
Outpatient,G0177,1,1,80.0,80.0,80.0
Outpatient,A9560,1,1,80.0,80.0,80.0
Outpatient,37799,1,1,80.0,80.0,80.0
Outpatient,86687,1,1,80.0,80.0,80.0
Outpatient,A6443,1,1,80.0,80.0,80.0
Outpatient,60100,3,3,80.0,26.67,20.0
Outpatient,87176,1,1,80.0,80.0,80.0
Outpatient,95822,2,2,80.0,40.0,40.0
Outpatient,95251,1,1,80.0,80.0,80.0
Outpatient,A4334,1,1,80.0,80.0,80.0
Outpatient,J8597,1,1,80.0,80.0,80.0
Outpatient,77409,1,1,80.0,80.0,80.0
Outpatient,77790,1,1,80.0,80.0,80.0
Outpatient,99379,2,2,80.0,40.0,40.0
Outpatient,11621,2,2,80.0,40.0,40.0
Outpatient,30300,2,2,80.0,40.0,40.0
Outpatient,69436,1,1,80.0,80.0,80.0
Outpatient,83986,1,1,80.0,80.0,80.0
Outpatient,0064T,1,1,80.0,80.0,80.0
Outpatient,38792,2,2,80.0,40.0,40.0
Outpatient,92546,2,2,80.0,40.0,40.0
Outpatient,42999,1,1,80.0,80.0,80.0
Outpatient,J7515,1,1,70.0,70.0,70.0
Outpatient,J3140,1,1,70.0,70.0,70.0
Outpatient,54056,1,1,70.0,70.0,70.0
Outpatient,45382,1,1,70.0,70.0,70.0
Outpatient,90811,1,1,70.0,70.0,70.0
Outpatient,93290,1,1,70.0,70.0,70.0
Outpatient,86800,2,2,70.0,35.0,35.0
Outpatient,85597,1,1,70.0,70.0,70.0
Outpatient,90717,1,1,70.0,70.0,70.0
Outpatient,G0404,1,1,70.0,70.0,70.0
Outpatient,99342,1,1,70.0,70.0,70.0
Outpatient,65850,1,1,70.0,70.0,70.0
Outpatient,94610,1,1,70.0,70.0,70.0
Outpatient,90663,2,2,70.0,35.0,35.0
Outpatient,J0540,2,2,70.0,35.0,35.0
Outpatient,49560,1,1,70.0,70.0,70.0
Outpatient,C9257,1,1,70.0,70.0,70.0
Outpatient,87274,1,1,70.0,70.0,70.0
Outpatient,63661,1,1,70.0,70.0,70.0
Outpatient,99222,1,1,70.0,70.0,70.0
Outpatient,86709,2,2,70.0,35.0,35.0
Outpatient,14041,3,3,70.0,23.33,20.0
Outpatient,87188,2,2,70.0,35.0,35.0
Outpatient,L3929,1,1,70.0,70.0,70.0
Outpatient,12031,1,1,60.0,60.0,60.0
Outpatient,90849,1,1,60.0,60.0,60.0
Outpatient,J0970,3,3,60.0,20.0,10.0
Outpatient,29126,1,1,60.0,60.0,60.0
Outpatient,83887,2,2,60.0,30.0,30.0
Outpatient,J2280,1,1,60.0,60.0,60.0
Outpatient,D2330,1,1,60.0,60.0,60.0
Outpatient,J9218,1,1,60.0,60.0,60.0
Outpatient,J0587,1,1,60.0,60.0,60.0
Outpatient,29200,1,1,60.0,60.0,60.0
Outpatient,19125,1,1,60.0,60.0,60.0
Outpatient,11424,1,1,60.0,60.0,60.0
Outpatient,87450,4,4,60.0,15.0,15.0
Outpatient,J3590,2,2,60.0,30.0,30.0
Outpatient,A6242,1,1,60.0,60.0,60.0
Outpatient,69222,2,2,60.0,30.0,30.0
Outpatient,87521,1,1,60.0,60.0,60.0
Outpatient,82552,2,2,60.0,30.0,30.0
Outpatient,V5299,2,2,60.0,30.0,30.0
Outpatient,95125,1,1,60.0,60.0,60.0
Outpatient,82540,1,1,60.0,60.0,60.0
Outpatient,99331,1,1,60.0,60.0,60.0
Outpatient,A6457,1,1,60.0,60.0,60.0
Outpatient,57421,1,1,60.0,60.0,60.0
Outpatient,67950,1,1,60.0,60.0,60.0
Outpatient,G0433,1,1,60.0,60.0,60.0
Outpatient,J0834,1,1,60.0,60.0,60.0
Outpatient,78807,1,1,60.0,60.0,60.0
Outpatient,99455,1,1,60.0,60.0,60.0
Outpatient,87110,1,1,60.0,60.0,60.0
Outpatient,95024,1,1,60.0,60.0,60.0
Outpatient,J2355,1,1,60.0,60.0,60.0
Outpatient,84182,1,1,60.0,60.0,60.0
Outpatient,85335,1,1,60.0,60.0,60.0
Outpatient,78103,1,1,60.0,60.0,60.0
Outpatient,G0432,2,2,60.0,30.0,30.0
Outpatient,A6542,1,1,60.0,60.0,60.0
Outpatient,75825,1,1,60.0,60.0,60.0
Outpatient,L3671,1,1,60.0,60.0,60.0
Outpatient,G0416,1,1,60.0,60.0,60.0
Outpatient,51784,2,2,60.0,30.0,30.0
Outpatient,17280,1,1,60.0,60.0,60.0
Outpatient,A6454,1,1,60.0,60.0,60.0
Outpatient,31570,1,1,50.0,50.0,50.0
Outpatient,96920,1,1,50.0,50.0,50.0
Outpatient,15240,1,1,50.0,50.0,50.0
Outpatient,14061,1,1,50.0,50.0,50.0
Outpatient,87320,1,1,50.0,50.0,50.0
Outpatient,L8420,1,1,50.0,50.0,50.0
Outpatient,90669,1,1,50.0,50.0,50.0
Outpatient,87451,1,1,50.0,50.0,50.0
Outpatient,G0402,1,1,50.0,50.0,50.0
Outpatient,11641,1,1,50.0,50.0,50.0
Outpatient,80152,1,1,50.0,50.0,50.0
Outpatient,86356,1,1,50.0,50.0,50.0
Outpatient,99232,1,1,50.0,50.0,50.0
Outpatient,V5060,1,1,50.0,50.0,50.0
Outpatient,86341,1,1,50.0,50.0,50.0
Outpatient,17111,1,1,50.0,50.0,50.0
Outpatient,13160,1,1,50.0,50.0,50.0
Outpatient,82715,1,1,50.0,50.0,50.0
Outpatient,L5673,1,1,50.0,50.0,50.0
Outpatient,82382,1,1,50.0,50.0,50.0
Outpatient,A4362,1,1,50.0,50.0,50.0
Outpatient,86780,1,1,50.0,50.0,50.0
Outpatient,38220,2,2,50.0,25.0,25.0
Outpatient,11440,1,1,50.0,50.0,50.0
Outpatient,20680,2,2,50.0,25.0,25.0
Outpatient,D0210,1,1,50.0,50.0,50.0
Outpatient,84144,1,1,50.0,50.0,50.0
Outpatient,T1001,1,1,50.0,50.0,50.0
Outpatient,83051,1,1,50.0,50.0,50.0
Outpatient,Q2024,1,1,50.0,50.0,50.0
Outpatient,67515,1,1,50.0,50.0,50.0
Outpatient,74740,1,1,50.0,50.0,50.0
Outpatient,66170,1,1,50.0,50.0,50.0
Outpatient,11640,1,1,50.0,50.0,50.0
Outpatient,90749,1,1,50.0,50.0,50.0
Outpatient,15400,1,1,50.0,50.0,50.0
Outpatient,31623,1,1,50.0,50.0,50.0
Outpatient,A6011,1,1,50.0,50.0,50.0
Outpatient,72142,1,1,50.0,50.0,50.0
Outpatient,96405,1,1,50.0,50.0,50.0
Outpatient,21087,1,1,50.0,50.0,50.0
Outpatient,0030T,1,1,50.0,50.0,50.0
Outpatient,L8511,1,1,50.0,50.0,50.0
Outpatient,J3105,1,1,50.0,50.0,50.0
Outpatient,92605,1,1,50.0,50.0,50.0
Outpatient,82926,1,1,50.0,50.0,50.0
Outpatient,94642,1,1,40.0,40.0,40.0
Outpatient,86663,1,1,40.0,40.0,40.0
Outpatient,29700,1,1,40.0,40.0,40.0
Outpatient,77013,1,1,40.0,40.0,40.0
Outpatient,82136,1,1,40.0,40.0,40.0
Outpatient,S0077,1,1,40.0,40.0,40.0
Outpatient,83030,1,1,40.0,40.0,40.0
Outpatient,87640,2,2,40.0,20.0,20.0
Outpatient,A6441,1,1,40.0,40.0,40.0
Outpatient,75716,1,1,40.0,40.0,40.0
Outpatient,93642,2,2,40.0,20.0,20.0
Outpatient,84030,1,1,40.0,40.0,40.0
Outpatient,43244,2,2,40.0,20.0,20.0
Outpatient,52005,1,1,40.0,40.0,40.0
Outpatient,82492,2,2,40.0,20.0,20.0
Outpatient,92018,1,1,40.0,40.0,40.0
Outpatient,99385,1,1,40.0,40.0,40.0
Outpatient,G0130,1,1,40.0,40.0,40.0
Outpatient,44500,1,1,40.0,40.0,40.0
Outpatient,73050,1,1,40.0,40.0,40.0
Outpatient,86762,1,1,40.0,40.0,40.0
Outpatient,86609,1,1,40.0,40.0,40.0
Outpatient,J2543,1,1,40.0,40.0,40.0
Outpatient,92275,1,1,40.0,40.0,40.0
Outpatient,J7613,1,1,30.0,30.0,30.0
Outpatient,67825,1,1,30.0,30.0,30.0
Outpatient,89320,2,2,30.0,15.0,15.0
Outpatient,95832,1,1,30.0,30.0,30.0
Outpatient,26160,1,1,30.0,30.0,30.0
Outpatient,88148,2,2,30.0,15.0,15.0
Outpatient,H2015,1,1,30.0,30.0,30.0
Outpatient,11306,1,1,30.0,30.0,30.0
Outpatient,J0698,1,1,30.0,30.0,30.0
Outpatient,A4385,1,1,30.0,30.0,30.0
Outpatient,49452,1,1,30.0,30.0,30.0
Outpatient,C2619,1,1,30.0,30.0,30.0
Outpatient,83894,1,1,30.0,30.0,30.0
Outpatient,76497,1,1,30.0,30.0,30.0
Outpatient,99337,1,1,30.0,30.0,30.0
Outpatient,87420,1,1,30.0,30.0,30.0
Outpatient,87084,2,2,30.0,15.0,15.0
Outpatient,93526,1,1,30.0,30.0,30.0
Outpatient,27786,1,1,30.0,30.0,30.0
Outpatient,86256,1,1,30.0,30.0,30.0
Outpatient,82626,1,1,30.0,30.0,30.0
Outpatient,75571,3,3,30.0,10.0,10.0
Outpatient,83014,1,1,20.0,20.0,20.0
Outpatient,67938,1,1,20.0,20.0,20.0
Outpatient,84999,1,1,20.0,20.0,20.0
Outpatient,41100,1,1,20.0,20.0,20.0
Outpatient,88367,1,1,20.0,20.0,20.0
Outpatient,57500,1,1,20.0,20.0,20.0
Outpatient,93294,2,2,20.0,10.0,10.0
Outpatient,90472,1,1,20.0,20.0,20.0
Outpatient,L3984,1,1,20.0,20.0,20.0
Outpatient,J2430,1,1,20.0,20.0,20.0
Outpatient,P9017,1,1,20.0,20.0,20.0
Outpatient,56501,1,1,20.0,20.0,20.0
Outpatient,15630,1,1,20.0,20.0,20.0
Outpatient,90691,1,1,20.0,20.0,20.0
Outpatient,17282,1,1,20.0,20.0,20.0
Outpatient,12032,1,1,20.0,20.0,20.0
Outpatient,D1110,5,5,20.0,4.0,0.0
Outpatient,85557,1,1,20.0,20.0,20.0
Outpatient,G0366,1,1,20.0,20.0,20.0
Outpatient,85670,2,2,20.0,10.0,10.0
Outpatient,11624,1,1,20.0,20.0,20.0
Outpatient,87300,2,2,20.0,10.0,10.0
Outpatient,A7520,1,1,20.0,20.0,20.0
Outpatient,G0249,2,2,20.0,10.0,10.0
Outpatient,0042T,1,1,20.0,20.0,20.0
Outpatient,82672,1,1,20.0,20.0,20.0
Outpatient,74290,1,1,20.0,20.0,20.0
Outpatient,A4361,1,1,20.0,20.0,20.0
Outpatient,14000,1,1,20.0,20.0,20.0
Outpatient,83655,1,1,20.0,20.0,20.0
Outpatient,74420,2,2,20.0,10.0,10.0
Outpatient,A4340,1,1,20.0,20.0,20.0
Outpatient,85270,2,2,20.0,10.0,10.0
Outpatient,95974,1,1,20.0,20.0,20.0
Outpatient,93278,1,1,20.0,20.0,20.0
Outpatient,85260,1,1,10.0,10.0,10.0
Outpatient,88230,1,1,10.0,10.0,10.0
Outpatient,99402,1,1,10.0,10.0,10.0
Outpatient,92588,1,1,10.0,10.0,10.0
Outpatient,V5130,1,1,10.0,10.0,10.0
Outpatient,84442,1,1,10.0,10.0,10.0
Outpatient,76936,1,1,10.0,10.0,10.0
Outpatient,86382,1,1,10.0,10.0,10.0
Outpatient,87109,1,1,10.0,10.0,10.0
Outpatient,75573,1,1,10.0,10.0,10.0
Outpatient,77079,1,1,10.0,10.0,10.0
Outpatient,87118,1,1,10.0,10.0,10.0
Outpatient,74775,1,1,10.0,10.0,10.0
Outpatient,P9034,1,1,10.0,10.0,10.0
Outpatient,85302,1,1,10.0,10.0,10.0
Outpatient,82486,1,1,10.0,10.0,10.0
Outpatient,Q2009,1,1,10.0,10.0,10.0
Outpatient,G0248,1,1,10.0,10.0,10.0
Outpatient,D2331,1,1,10.0,10.0,10.0
Outpatient,A0130,1,1,10.0,10.0,10.0
Outpatient,91020,1,1,10.0,10.0,10.0
Outpatient,91299,1,1,10.0,10.0,10.0
Outpatient,85303,1,1,10.0,10.0,10.0
Outpatient,99605,1,1,10.0,10.0,10.0
Outpatient,81007,1,1,10.0,10.0,10.0
Outpatient,47000,1,1,10.0,10.0,10.0
Outpatient,82308,1,1,10.0,10.0,10.0
Outpatient,J7190,1,1,10.0,10.0,10.0
Outpatient,85536,1,1,10.0,10.0,10.0
Outpatient,84078,1,1,10.0,10.0,10.0
Outpatient,46320,1,1,10.0,10.0,10.0
Outpatient,87172,1,1,10.0,10.0,10.0
Outpatient,93233,1,1,10.0,10.0,10.0
Outpatient,85705,1,1,10.0,10.0,10.0
Outpatient,99429,1,1,10.0,10.0,10.0
Outpatient,78460,1,1,0.0,0.0,0.0
Outpatient,90707,2,2,0.0,0.0,0.0
Outpatient,D5211,1,1,0.0,0.0,0.0
Outpatient,A4346,1,1,0.0,0.0,0.0
Outpatient,11920,1,1,0.0,0.0,0.0
Outpatient,L3660,1,1,0.0,0.0,0.0
Outpatient,84585,2,2,0.0,0.0,0.0
Outpatient,D4341,2,2,0.0,0.0,0.0
Outpatient,V5140,1,1,0.0,0.0,0.0
Outpatient,87427,1,1,0.0,0.0,0.0
Outpatient,53850,1,1,0.0,0.0,0.0
Outpatient,G0377,1,1,0.0,0.0,0.0
Outpatient,A4349,1,1,0.0,0.0,0.0
Outpatient,D4355,1,1,0.0,0.0,0.0
Outpatient,67220,1,1,0.0,0.0,0.0
Outpatient,92579,1,1,0.0,0.0,0.0
Outpatient,J7674,1,1,0.0,0.0,0.0
Outpatient,D5411,1,1,0.0,0.0,0.0
Outpatient,97799,1,1,0.0,0.0,0.0
Outpatient,70328,2,2,0.0,0.0,0.0
Outpatient,V5020,2,2,0.0,0.0,0.0
Outpatient,83907,1,1,0.0,0.0,0.0
Outpatient,86694,1,1,0.0,0.0,0.0
Outpatient,V5050,2,2,0.0,0.0,0.0
Outpatient,D9110,3,3,0.0,0.0,0.0
Outpatient,51729,1,1,0.0,0.0,0.0
Outpatient,88309,1,1,0.0,0.0,0.0
Outpatient,D2140,1,1,0.0,0.0,0.0
Outpatient,17263,1,1,0.0,0.0,0.0
Outpatient,99403,1,1,0.0,0.0,0.0
Outpatient,94681,1,1,0.0,0.0,0.0
Outpatient,L3923,1,1,0.0,0.0,0.0
Outpatient,82952,1,1,0.0,0.0,0.0
Outpatient,64495,1,1,0.0,0.0,0.0
Outpatient,76350,1,1,0.0,0.0,0.0
Outpatient,69420,1,1,0.0,0.0,0.0
Outpatient,V5251,1,1,0.0,0.0,0.0
Outpatient,J0559,1,1,0.0,0.0,0.0
