provider_id,claim_type,claim_count,total_payment,payment_per_claim,claim_type_avg_payment,vs_type_average_pct,intensity_band
17138K,Outpatient,64,49470.0,772.97,284.68,171.52,High Intensity
1113YJ,Outpatient,119,88180.0,741.01,284.68,160.3,High Intensity
2939KV,Outpatient,50,36320.0,726.4,284.68,155.16,High Intensity
4913HH,Outpatient,73,52950.0,725.34,284.68,154.79,High Intensity
4502DJ,Outpatient,164,114520.0,698.29,284.68,145.29,High Intensity
0100JS,Outpatient,54,37110.0,687.22,284.68,141.4,High Intensity
1813DJ,Outpatient,55,36900.0,670.91,284.68,135.67,High Intensity
3701JR,Outpatient,52,34380.0,661.15,284.68,132.24,High Intensity
2313NG,Outpatient,81,52410.0,647.04,284.68,127.29,High Intensity
1413GM,Outpatient,125,80860.0,646.88,284.68,127.23,High Intensity
0413AM,Outpatient,151,97530.0,645.89,284.68,126.88,High Intensity
5013YB,Outpatient,85,53700.0,631.76,284.68,121.92,High Intensity
4200MP,Outpatient,147,89950.0,611.9,284.68,114.94,High Intensity
5013GC,Outpatient,138,83190.0,602.83,284.68,111.76,High Intensity
1400AC,Outpatient,237,141950.0,598.95,284.68,110.39,High Intensity
1113JP,Outpatient,118,68810.0,583.14,284.68,104.84,High Intensity
0300JB,Outpatient,105,60210.0,573.43,284.68,101.43,High Intensity
2638PR,Outpatient,64,36010.0,562.66,284.68,97.65,High Intensity
14138G,Outpatient,75,42110.0,561.47,284.68,97.23,High Intensity
3713JB,Outpatient,89,48830.0,548.65,284.68,92.73,High Intensity
2500QV,Outpatient,251,137070.0,546.1,284.68,91.83,High Intensity
4401DC,Outpatient,118,64010.0,542.46,284.68,90.55,High Intensity
5538UM,Outpatient,86,45480.0,528.84,284.68,85.77,High Intensity
4313ZR,Outpatient,57,30070.0,527.54,284.68,85.31,High Intensity
3600BR,Outpatient,54,28450.0,526.85,284.68,85.07,High Intensity
4413YB,Outpatient,127,66710.0,525.28,284.68,84.52,High Intensity
48QBWD,Outpatient,133,69020.0,518.95,284.68,82.29,High Intensity
4501BH,Outpatient,234,120400.0,514.53,284.68,80.74,High Intensity
1701GG,Outpatient,74,37930.0,512.57,284.68,80.05,High Intensity
4200DG,Outpatient,446,228570.0,512.49,284.68,80.02,High Intensity
2501XR,Outpatient,66,33820.0,512.42,284.68,80.0,High Intensity
45028N,Outpatient,89,45000.0,505.62,284.68,77.61,High Intensity
4300WM,Outpatient,132,66250.0,501.89,284.68,76.3,High Intensity
0300HH,Outpatient,51,25450.0,499.02,284.68,75.29,High Intensity
4502QU,Outpatient,308,150980.0,490.19,284.68,72.19,High Intensity
1801WK,Outpatient,55,26870.0,488.55,284.68,71.61,High Intensity
5001VM,Outpatient,63,30540.0,484.76,284.68,70.28,High Intensity
11388R,Outpatient,111,53790.0,484.59,284.68,70.22,High Intensity
2000RJ,Outpatient,94,45350.0,482.45,284.68,69.47,High Intensity
2385GG,Outpatient,55,26420.0,480.36,284.68,68.74,High Intensity
1113KQ,Outpatient,88,42210.0,479.66,284.68,68.49,High Intensity
2200KB,Outpatient,83,39490.0,475.78,284.68,67.13,High Intensity
4505KR,Outpatient,135,63890.0,473.26,284.68,66.24,High Intensity
1100DK,Outpatient,215,101640.0,472.74,284.68,66.06,High Intensity
2313GU,Outpatient,83,38950.0,469.28,284.68,64.84,High Intensity
2600JA,Outpatient,78,36500.0,467.95,284.68,64.38,High Intensity
2913GC,Outpatient,241,112430.0,466.51,284.68,63.87,High Intensity
1902VC,Outpatient,83,38710.0,466.39,284.68,63.83,High Intensity
1613ZT,Outpatient,138,64330.0,466.16,284.68,63.75,High Intensity
3400XU,Outpatient,220,102550.0,466.14,284.68,63.74,High Intensity
01386T,Outpatient,150,69840.0,465.6,284.68,63.55,High Intensity
4200NQ,Outpatient,185,86120.0,465.51,284.68,63.52,High Intensity
4918MU,Outpatient,95,44220.0,465.47,284.68,63.51,High Intensity
0725NG,Outpatient,58,26900.0,463.79,284.68,62.92,High Intensity
1419CA,Outpatient,56,25760.0,460.0,284.68,61.58,High Intensity
4300XN,Outpatient,166,76290.0,459.58,284.68,61.44,High Intensity
5001PC,Outpatient,142,65180.0,459.01,284.68,61.24,High Intensity
1902RG,Outpatient,96,44000.0,458.33,284.68,61.0,High Intensity
2838BH,Outpatient,89,40690.0,457.19,284.68,60.6,High Intensity
4400CR,Outpatient,57,26020.0,456.49,284.68,60.35,High Intensity
3600WR,Outpatient,164,74780.0,455.98,284.68,60.17,High Intensity
06256B,Outpatient,132,60110.0,455.38,284.68,59.96,High Intensity
0138DB,Outpatient,357,162220.0,454.4,284.68,59.62,High Intensity
0101JA,Outpatient,862,391590.0,454.28,284.68,59.58,High Intensity
1100CR,Outpatient,54,24450.0,452.78,284.68,59.05,High Intensity
49006A,Outpatient,66,29760.0,450.91,284.68,58.39,High Intensity
1734GK,Outpatient,84,37850.0,450.6,284.68,58.28,High Intensity
1501JN,Outpatient,126,56640.0,449.52,284.68,57.9,High Intensity
3200DU,Outpatient,77,34450.0,447.4,284.68,57.16,High Intensity
1789RT,Outpatient,60,26760.0,446.0,284.68,56.67,High Intensity
4500KG,Outpatient,162,72240.0,445.93,284.68,56.64,High Intensity
3302HG,Outpatient,59,26300.0,445.76,284.68,56.58,High Intensity
1401DM,Outpatient,362,161070.0,444.94,284.68,56.29,High Intensity
3901MS,Outpatient,244,107930.0,442.34,284.68,55.38,High Intensity
1027PK,Outpatient,51,22490.0,440.98,284.68,54.9,High Intensity
1613MT,Outpatient,70,30810.0,440.14,284.68,54.61,High Intensity
3400JN,Outpatient,78,34240.0,438.97,284.68,54.2,High Intensity
1002RR,Outpatient,76,33350.0,438.82,284.68,54.15,High Intensity
4505GM,Outpatient,391,171500.0,438.62,284.68,54.07,High Intensity
33006D,Outpatient,81,35430.0,437.41,284.68,53.65,High Intensity
1613SC,Outpatient,57,24910.0,437.02,284.68,53.51,High Intensity
50006K,Outpatient,769,335720.0,436.57,284.68,53.35,High Intensity
06256K,Outpatient,118,51280.0,434.58,284.68,52.66,High Intensity
6700SQ,Outpatient,209,90760.0,434.26,284.68,52.54,High Intensity
1538TJ,Outpatient,168,72720.0,432.86,284.68,52.05,High Intensity
0700SS,Outpatient,69,29830.0,432.32,284.68,51.86,High Intensity
1438DV,Outpatient,52,22460.0,431.92,284.68,51.72,High Intensity
2513CQ,Outpatient,65,28040.0,431.38,284.68,51.53,High Intensity
0600MG,Outpatient,51,21930.0,430.0,284.68,51.05,High Intensity
3600YM,Outpatient,440,189160.0,429.91,284.68,51.02,High Intensity
1100WH,Outpatient,62,26590.0,428.87,284.68,50.65,High Intensity
3302CB,Outpatient,51,21850.0,428.43,284.68,50.5,High Intensity
4238PT,Outpatient,97,41540.0,428.25,284.68,50.43,High Intensity
3700TA,Outpatient,66,28200.0,427.27,284.68,50.09,High Intensity
3100AT,Outpatient,57,24350.0,427.19,284.68,50.06,High Intensity
0500RU,Outpatient,52,22210.0,427.12,284.68,50.04,High Intensity
0200HC,Outpatient,67,28570.0,426.42,284.68,49.79,High Intensity
0138PN,Outpatient,148,63030.0,425.88,284.68,49.6,High Intensity
0500SP,Outpatient,50,21270.0,425.4,284.68,49.43,High Intensity
1500KD,Inpatient,57,816000.0,14315.79,9584.51,49.36,High Intensity
4900ZV,Outpatient,771,327800.0,425.16,284.68,49.35,High Intensity
1000BJ,Outpatient,55,23330.0,424.18,284.68,49.0,High Intensity
2500SB,Outpatient,88,37250.0,423.3,284.68,48.69,High Intensity
0113YQ,Outpatient,91,38510.0,423.19,284.68,48.65,High Intensity
4901KQ,Outpatient,65,27500.0,423.08,284.68,48.62,High Intensity
2500JA,Outpatient,71,29950.0,421.83,284.68,48.18,High Intensity
1500BK,Outpatient,1106,466320.0,421.63,284.68,48.11,High Intensity
2300YM,Outpatient,85,35830.0,421.53,284.68,48.07,High Intensity
2813CA,Outpatient,56,23600.0,421.43,284.68,48.04,High Intensity
2201KC,Outpatient,83,34900.0,420.48,284.68,47.7,High Intensity
2500VG,Outpatient,91,38220.0,420.0,284.68,47.53,High Intensity
4400CB,Outpatient,348,145980.0,419.48,284.68,47.35,High Intensity
2319BA,Outpatient,73,30590.0,419.04,284.68,47.2,High Intensity
4513KU,Outpatient,60,25140.0,419.0,284.68,47.18,High Intensity
0413NB,Outpatient,69,28910.0,418.99,284.68,47.18,High Intensity
5000PS,Outpatient,76,31840.0,418.95,284.68,47.17,High Intensity
3600PQ,Outpatient,454,190070.0,418.66,284.68,47.06,High Intensity
4913GG,Outpatient,89,37250.0,418.54,284.68,47.02,High Intensity
2501AV,Outpatient,66,27620.0,418.48,284.68,47.0,High Intensity
3418NQ,Outpatient,128,53550.0,418.36,284.68,46.96,High Intensity
2813AD,Outpatient,136,56850.0,418.01,284.68,46.84,High Intensity
1813KQ,Outpatient,82,34200.0,417.07,284.68,46.5,High Intensity
05028K,Outpatient,110,45820.0,416.55,284.68,46.32,High Intensity
0600HJ,Outpatient,85,35330.0,415.65,284.68,46.01,High Intensity
3913VS,Outpatient,289,120060.0,415.43,284.68,45.93,High Intensity
1027HB,Outpatient,75,31100.0,414.67,284.68,45.66,High Intensity
1800VN,Outpatient,85,35170.0,413.76,284.68,45.34,High Intensity
1026WM,Outpatient,83,34330.0,413.61,284.68,45.29,High Intensity
3902XB,Outpatient,83,34330.0,413.61,284.68,45.29,High Intensity
15018M,Outpatient,139,57480.0,413.53,284.68,45.26,High Intensity
1700PP,Outpatient,52,21490.0,413.27,284.68,45.17,High Intensity
3903GM,Outpatient,227,93750.0,413.0,284.68,45.08,High Intensity
3302WQ,Outpatient,80,33000.0,412.5,284.68,44.9,High Intensity
3901WV,Outpatient,295,121650.0,412.37,284.68,44.85,High Intensity
1002UU,Outpatient,96,39560.0,412.08,284.68,44.75,High Intensity
1623CR,Outpatient,55,22650.0,411.82,284.68,44.66,High Intensity
2000UN,Outpatient,153,63000.0,411.76,284.68,44.64,High Intensity
1001HR,Outpatient,167,68620.0,410.9,284.68,44.34,High Intensity
4530SA,Outpatient,71,29150.0,410.56,284.68,44.22,High Intensity
0507TP,Outpatient,391,159840.0,408.8,284.68,43.6,High Intensity
3400AS,Outpatient,189,77250.0,408.73,284.68,43.58,High Intensity
2800CK,Outpatient,208,84940.0,408.37,284.68,43.45,High Intensity
3901SR,Outpatient,86,35120.0,408.37,284.68,43.45,High Intensity
1501PS,Outpatient,461,188080.0,407.98,284.68,43.31,High Intensity
2800ZD,Outpatient,58,23650.0,407.76,284.68,43.23,High Intensity
4713CJ,Outpatient,300,122140.0,407.13,284.68,43.01,High Intensity
5013MB,Outpatient,80,32540.0,406.75,284.68,42.88,High Intensity
49008S,Outpatient,345,140090.0,406.06,284.68,42.64,High Intensity
3602GC,Outpatient,53,21480.0,405.28,284.68,42.36,High Intensity
0503TG,Outpatient,56,22670.0,404.82,284.68,42.2,High Intensity
3600AA,Outpatient,305,123080.0,403.54,284.68,41.75,High Intensity
05016C,Outpatient,61,24590.0,403.11,284.68,41.6,High Intensity
4900JM,Outpatient,74,29800.0,402.7,284.68,41.46,High Intensity
3900QP,Outpatient,68,27370.0,402.5,284.68,41.39,High Intensity
1001JD,Outpatient,58,23300.0,401.72,284.68,41.11,High Intensity
5200WS,Outpatient,123,49410.0,401.71,284.68,41.11,High Intensity
1725JT,Outpatient,58,23260.0,401.03,284.68,40.87,High Intensity
1100HU,Outpatient,121,48490.0,400.74,284.68,40.77,High Intensity
1900WK,Outpatient,54,21630.0,400.56,284.68,40.71,High Intensity
4525VH,Outpatient,64,25610.0,400.16,284.68,40.56,High Intensity
1813TR,Outpatient,116,46400.0,400.0,284.68,40.51,High Intensity
2200ND,Outpatient,54,21590.0,399.81,284.68,40.44,High Intensity
5113GQ,Outpatient,59,23560.0,399.32,284.68,40.27,High Intensity
3401GP,Outpatient,64,25460.0,397.81,284.68,39.74,High Intensity
1900HQ,Outpatient,155,61600.0,397.42,284.68,39.6,High Intensity
1501UR,Outpatient,92,36560.0,397.39,284.68,39.59,High Intensity
3813AD,Outpatient,148,58810.0,397.36,284.68,39.58,High Intensity
3701WJ,Outpatient,55,21850.0,397.27,284.68,39.55,High Intensity
3600VA,Inpatient,50,668000.0,13360.0,9584.51,39.39,High Intensity
0101GD,Outpatient,67,26560.0,396.42,284.68,39.25,High Intensity
3602XA,Outpatient,80,31690.0,396.13,284.68,39.15,High Intensity
0505QU,Outpatient,61,24130.0,395.57,284.68,38.95,High Intensity
3600AQ,Outpatient,291,114870.0,394.74,284.68,38.66,High Intensity
0400ZA,Outpatient,70,27620.0,394.57,284.68,38.6,High Intensity
3601NG,Outpatient,446,175960.0,394.53,284.68,38.59,High Intensity
3425VD,Outpatient,50,19700.0,394.0,284.68,38.4,High Intensity
3301SD,Outpatient,104,40950.0,393.75,284.68,38.31,High Intensity
1501HK,Outpatient,825,324570.0,393.42,284.68,38.2,High Intensity
2000AV,Outpatient,111,43620.0,392.97,284.68,38.04,High Intensity
1400NB,Outpatient,92,36140.0,392.83,284.68,37.99,High Intensity
5100ND,Outpatient,69,27030.0,391.74,284.68,37.61,High Intensity
3013PT,Outpatient,70,27360.0,390.86,284.68,37.3,High Intensity
49006J,Outpatient,89,34750.0,390.45,284.68,37.15,High Intensity
2300HV,Outpatient,51,19900.0,390.2,284.68,37.07,High Intensity
4526UM,Outpatient,52,20270.0,389.81,284.68,36.93,High Intensity
3301PH,Outpatient,114,44330.0,388.86,284.68,36.6,High Intensity
2513MB,Outpatient,64,24800.0,387.5,284.68,36.12,High Intensity
0518WU,Outpatient,65,25120.0,386.46,284.68,35.75,High Intensity
1900XC,Outpatient,95,36710.0,386.42,284.68,35.74,High Intensity
4900DP,Outpatient,92,35530.0,386.2,284.68,35.66,High Intensity
1200WG,Outpatient,99,38220.0,386.06,284.68,35.61,High Intensity
2200DC,Outpatient,69,26630.0,385.94,284.68,35.57,High Intensity
3300XA,Outpatient,101,38970.0,385.84,284.68,35.53,High Intensity
3100GR,Inpatient,56,727000.0,12982.14,9584.51,35.45,High Intensity
4400QH,Outpatient,88,33850.0,384.66,284.68,35.12,High Intensity
4900AB,Outpatient,90,34600.0,384.44,284.68,35.04,High Intensity
2000HG,Outpatient,136,52240.0,384.12,284.68,34.93,High Intensity
2200GD,Outpatient,83,31860.0,383.86,284.68,34.84,High Intensity
4100BD,Outpatient,53,20340.0,383.77,284.68,34.81,High Intensity
5213VR,Outpatient,215,82510.0,383.77,284.68,34.81,High Intensity
2413YM,Outpatient,86,32970.0,383.37,284.68,34.67,High Intensity
1002AV,Outpatient,70,26820.0,383.14,284.68,34.59,High Intensity
1101MA,Outpatient,287,109850.0,382.75,284.68,34.45,High Intensity
4505XA,Outpatient,137,52420.0,382.63,284.68,34.41,High Intensity
3601RK,Outpatient,273,104310.0,382.09,284.68,34.22,High Intensity
2601KM,Outpatient,103,39340.0,381.94,284.68,34.16,High Intensity
0506AU,Outpatient,62,23680.0,381.94,284.68,34.16,High Intensity
3401YN,Outpatient,86,32820.0,381.63,284.68,34.06,High Intensity
2638NA,Outpatient,73,27790.0,380.68,284.68,33.72,High Intensity
0503XM,Outpatient,124,47200.0,380.65,284.68,33.71,High Intensity
8000ZC,Outpatient,142,54050.0,380.63,284.68,33.7,High Intensity
4900ZH,Outpatient,99,37660.0,380.4,284.68,33.62,High Intensity
3302QV,Outpatient,54,20540.0,380.37,284.68,33.61,High Intensity
3301WR,Outpatient,79,29990.0,379.62,284.68,33.35,High Intensity
2413BB,Outpatient,50,18980.0,379.6,284.68,33.34,High Intensity
1001VK,Outpatient,75,28460.0,379.47,284.68,33.3,High Intensity
10028H,Outpatient,135,51130.0,378.74,284.68,33.04,High Intensity
1100PN,Outpatient,332,125740.0,378.73,284.68,33.04,High Intensity
2100BT,Outpatient,589,222860.0,378.37,284.68,32.91,High Intensity
3913RN,Outpatient,67,25320.0,377.91,284.68,32.75,High Intensity
3401SD,Outpatient,111,41910.0,377.57,284.68,32.63,High Intensity
3400PK,Outpatient,130,49030.0,377.15,284.68,32.48,High Intensity
0300TD,Outpatient,155,58440.0,377.03,284.68,32.44,High Intensity
2600ZM,Outpatient,65,24480.0,376.62,284.68,32.3,High Intensity
1501BT,Outpatient,85,32010.0,376.59,284.68,32.29,High Intensity
31008T,Outpatient,68,25590.0,376.32,284.68,32.19,High Intensity
0725JB,Outpatient,70,26340.0,376.29,284.68,32.18,High Intensity
3413QP,Outpatient,605,227450.0,375.95,284.68,32.06,High Intensity
10S0NQ,Inpatient,52,657000.0,12634.62,9584.51,31.82,High Intensity
2513CA,Outpatient,289,108390.0,375.05,284.68,31.74,High Intensity
3601PH,Outpatient,196,73470.0,374.85,284.68,31.67,High Intensity
1313QH,Outpatient,207,77510.0,374.44,284.68,31.53,High Intensity
1525RQ,Outpatient,86,32190.0,374.3,284.68,31.48,High Intensity
4200QK,Outpatient,1230,459980.0,373.97,284.68,31.37,High Intensity
2513YJ,Outpatient,78,29160.0,373.85,284.68,31.32,High Intensity
2500GM,Outpatient,52,19440.0,373.85,284.68,31.32,High Intensity
3600UP,Outpatient,53,19810.0,373.77,284.68,31.29,High Intensity
34UHKP,Outpatient,129,48210.0,373.72,284.68,31.28,High Intensity
4900TP,Outpatient,188,70250.0,373.67,284.68,31.26,High Intensity
1002ND,Outpatient,228,85160.0,373.51,284.68,31.2,High Intensity
3225BU,Outpatient,130,48500.0,373.08,284.68,31.05,High Intensity
3401CT,Outpatient,191,71250.0,373.04,284.68,31.04,High Intensity
1900ST,Outpatient,158,58940.0,373.04,284.68,31.04,High Intensity
3313HR,Outpatient,112,41770.0,372.95,284.68,31.01,High Intensity
2639HJ,Outpatient,217,80930.0,372.95,284.68,31.01,High Intensity
2000SK,Outpatient,256,95450.0,372.85,284.68,30.97,High Intensity
0825DD,Outpatient,50,18640.0,372.8,284.68,30.95,High Intensity
0600GH,Outpatient,206,76750.0,372.57,284.68,30.87,High Intensity
4200UQ,Outpatient,73,27180.0,372.33,284.68,30.79,High Intensity
3413YB,Outpatient,272,101250.0,372.24,284.68,30.76,High Intensity
44016G,Outpatient,687,255490.0,371.89,284.68,30.63,High Intensity
3439KB,Outpatient,181,67240.0,371.49,284.68,30.49,High Intensity
4200GH,Outpatient,344,127680.0,371.16,284.68,30.38,High Intensity
3713TD,Outpatient,68,25230.0,371.03,284.68,30.33,High Intensity
0513TN,Outpatient,77,28550.0,370.78,284.68,30.24,High Intensity
3100YQ,Outpatient,658,243910.0,370.68,284.68,30.21,High Intensity
5213MU,Outpatient,166,61530.0,370.66,284.68,30.2,High Intensity
1113DJ,Outpatient,148,54850.0,370.61,284.68,30.18,High Intensity
3601WB,Outpatient,89,32980.0,370.56,284.68,30.17,High Intensity
0100HH,Outpatient,133,49270.0,370.45,284.68,30.13,High Intensity
4502XH,Outpatient,316,116730.0,369.4,284.68,29.76,High Intensity
0300SM,Outpatient,51,18830.0,369.22,284.68,29.7,High Intensity
5313CP,Outpatient,98,36180.0,369.18,284.68,29.68,High Intensity
05038R,Outpatient,106,39110.0,368.96,284.68,29.61,High Intensity
28008Q,Outpatient,73,26930.0,368.9,284.68,29.58,High Intensity
0825PQ,Outpatient,60,22120.0,368.67,284.68,29.5,High Intensity
1901YV,Outpatient,66,24330.0,368.64,284.68,29.49,High Intensity
1613JQ,Outpatient,167,61560.0,368.62,284.68,29.49,High Intensity
3701UG,Outpatient,56,20640.0,368.57,284.68,29.47,High Intensity
3300SB,Outpatient,245,90260.0,368.41,284.68,29.41,High Intensity
0500XG,Outpatient,128,47130.0,368.2,284.68,29.34,High Intensity
4900JC,Outpatient,97,35710.0,368.14,284.68,29.32,High Intensity
2800BJ,Outpatient,78,28710.0,368.08,284.68,29.3,High Intensity
04006B,Outpatient,91,33480.0,367.91,284.68,29.24,High Intensity
0413MA,Outpatient,88,32360.0,367.73,284.68,29.17,High Intensity
33038A,Outpatient,290,106620.0,367.66,284.68,29.15,High Intensity
2200VP,Outpatient,191,70180.0,367.43,284.68,29.07,High Intensity
1525SR,Outpatient,111,40690.0,366.58,284.68,28.77,High Intensity
49008K,Outpatient,166,60820.0,366.39,284.68,28.7,High Intensity
3301YT,Outpatient,58,21230.0,366.03,284.68,28.58,High Intensity
3425HM,Outpatient,257,94030.0,365.88,284.68,28.52,High Intensity
4901TR,Outpatient,268,98010.0,365.71,284.68,28.46,High Intensity
3601NP,Outpatient,647,236400.0,365.38,284.68,28.35,High Intensity
0138RQ,Outpatient,364,132980.0,365.33,284.68,28.33,High Intensity
3602CA,Outpatient,349,127340.0,364.87,284.68,28.17,High Intensity
0700JR,Outpatient,83,30280.0,364.82,284.68,28.15,High Intensity
3425QU,Outpatient,97,35360.0,364.54,284.68,28.05,High Intensity
3000RN,Outpatient,62,22580.0,364.19,284.68,27.93,High Intensity
2501UN,Outpatient,103,37510.0,364.17,284.68,27.92,High Intensity
5125YR,Outpatient,72,26190.0,363.75,284.68,27.78,High Intensity
1100TC,Outpatient,2099,763480.0,363.74,284.68,27.77,High Intensity
5200PJ,Outpatient,156,56740.0,363.72,284.68,27.76,High Intensity
31006B,Outpatient,118,42880.0,363.39,284.68,27.65,High Intensity
4200PA,Outpatient,213,77280.0,362.82,284.68,27.45,High Intensity
3230NG,Outpatient,89,32260.0,362.47,284.68,27.33,High Intensity
0501KQ,Outpatient,65,23560.0,362.46,284.68,27.32,High Intensity
1765ND,Outpatient,65,23550.0,362.31,284.68,27.27,High Intensity
4213VD,Outpatient,113,40940.0,362.3,284.68,27.27,High Intensity
1530YA,Outpatient,77,27890.0,362.21,284.68,27.23,High Intensity
1600BC,Outpatient,798,289020.0,362.18,284.68,27.22,High Intensity
0500TQ,Outpatient,50,18080.0,361.6,284.68,27.02,High Intensity
4419UJ,Outpatient,190,68670.0,361.42,284.68,26.96,High Intensity
2201UG,Outpatient,63,22750.0,361.11,284.68,26.85,High Intensity
1000UG,Outpatient,226,81600.0,361.06,284.68,26.83,High Intensity
2601ST,Outpatient,71,25630.0,360.99,284.68,26.81,High Intensity
33026N,Outpatient,207,74700.0,360.87,284.68,26.76,High Intensity
1000CB,Outpatient,172,62060.0,360.81,284.68,26.74,High Intensity
2220TG,Outpatient,71,25590.0,360.42,284.68,26.61,High Intensity
33038A,Inpatient,73,885600.0,12131.51,9584.51,26.57,High Intensity
3902MT,Outpatient,101,36390.0,360.3,284.68,26.56,High Intensity
1501YP,Outpatient,111,39980.0,360.18,284.68,26.52,High Intensity
0300TN,Outpatient,497,178970.0,360.1,284.68,26.49,High Intensity
2200CK,Outpatient,65,23400.0,360.0,284.68,26.46,High Intensity
3901XH,Outpatient,962,346080.0,359.75,284.68,26.37,High Intensity
0700NN,Outpatient,147,52880.0,359.73,284.68,26.36,High Intensity
3400WD,Outpatient,291,104640.0,359.59,284.68,26.31,High Intensity
0400DQ,Outpatient,110,39520.0,359.27,284.68,26.2,High Intensity
0600PR,Inpatient,79,955000.0,12088.61,9584.51,26.13,High Intensity
2600YS,Outpatient,171,61380.0,358.95,284.68,26.09,High Intensity
2585ZP,Outpatient,73,26170.0,358.49,284.68,25.93,High Intensity
2800GN,Outpatient,369,132240.0,358.37,284.68,25.89,High Intensity
2813NS,Outpatient,54,19350.0,358.33,284.68,25.87,High Intensity
2713VB,Outpatient,69,24700.0,357.97,284.68,25.74,High Intensity
2813PD,Outpatient,66,23620.0,357.88,284.68,25.71,High Intensity
2225KB,Outpatient,101,36140.0,357.82,284.68,25.69,High Intensity
2500MC,Outpatient,73,26120.0,357.81,284.68,25.69,High Intensity
0511ZS,Outpatient,164,58680.0,357.8,284.68,25.68,High Intensity
0100QR,Outpatient,50,17890.0,357.8,284.68,25.68,High Intensity
1701BK,Outpatient,172,61540.0,357.79,284.68,25.68,High Intensity
4600QS,Outpatient,157,56090.0,357.26,284.68,25.5,High Intensity
2220YN,Outpatient,226,80680.0,356.99,284.68,25.4,High Intensity
2302DP,Outpatient,74,26410.0,356.89,284.68,25.37,High Intensity
2400AB,Outpatient,94,33530.0,356.7,284.68,25.3,High Intensity
3401MU,Outpatient,154,54920.0,356.62,284.68,25.27,High Intensity
0900TV,Outpatient,184,65560.0,356.3,284.68,25.16,High Intensity
3303VQ,Outpatient,83,29570.0,356.27,284.68,25.15,High Intensity
3925CC,Outpatient,53,18850.0,355.66,284.68,24.93,Above Average
0501UC,Outpatient,77,27340.0,355.06,284.68,24.72,Above Average
0725NP,Outpatient,50,17750.0,355.0,284.68,24.7,Above Average
2402KM,Outpatient,161,57110.0,354.72,284.68,24.6,Above Average
1300RT,Outpatient,89,31560.0,354.61,284.68,24.56,Above Average
4400SB,Outpatient,586,207730.0,354.49,284.68,24.52,Above Average
5000MA,Outpatient,177,62740.0,354.46,284.68,24.51,Above Average
0600DG,Outpatient,57,20200.0,354.39,284.68,24.49,Above Average
4504BD,Outpatient,207,73300.0,354.11,284.68,24.39,Above Average
5300SB,Outpatient,78,27620.0,354.1,284.68,24.39,Above Average
1801AR,Outpatient,120,42490.0,354.08,284.68,24.38,Above Average
1100XA,Outpatient,60,21220.0,353.67,284.68,24.23,Above Average
1500BC,Outpatient,324,114560.0,353.58,284.68,24.2,Above Average
3301ZU,Outpatient,85,30050.0,353.53,284.68,24.19,Above Average
2200TT,Outpatient,68,24030.0,353.38,284.68,24.13,Above Average
3900SA,Outpatient,244,86200.0,353.28,284.68,24.1,Above Average
01016G,Outpatient,458,161760.0,353.19,284.68,24.07,Above Average
4500ZQ,Outpatient,74,26130.0,353.11,284.68,24.04,Above Average
4501YB,Outpatient,111,39190.0,353.06,284.68,24.02,Above Average
3903AG,Outpatient,242,85440.0,353.06,284.68,24.02,Above Average
21008S,Outpatient,582,205440.0,352.99,284.68,24.0,Above Average
0100TN,Outpatient,63,22220.0,352.7,284.68,23.89,Above Average
4201DC,Outpatient,104,36680.0,352.69,284.68,23.89,Above Average
17008H,Outpatient,189,66640.0,352.59,284.68,23.85,Above Average
0613SN,Outpatient,170,59850.0,352.06,284.68,23.67,Above Average
33036V,Outpatient,328,115400.0,351.83,284.68,23.59,Above Average
0301GC,Outpatient,185,65080.0,351.78,284.68,23.57,Above Average
1102AC,Outpatient,142,49940.0,351.69,284.68,23.54,Above Average
1000AV,Outpatient,548,192700.0,351.64,284.68,23.52,Above Average
2300NG,Outpatient,93,32700.0,351.61,284.68,23.51,Above Average
3100BN,Outpatient,95,33390.0,351.47,284.68,23.46,Above Average
1500JC,Outpatient,86,30220.0,351.4,284.68,23.44,Above Average
2713SU,Outpatient,59,20730.0,351.36,284.68,23.42,Above Average
4508PV,Outpatient,72,25290.0,351.25,284.68,23.38,Above Average
4900GH,Outpatient,136,47760.0,351.18,284.68,23.36,Above Average
0506TS,Inpatient,55,650000.0,11818.18,9584.51,23.3,Above Average
1400KP,Outpatient,568,199030.0,350.4,284.68,23.09,Above Average
0601MJ,Outpatient,112,39240.0,350.36,284.68,23.07,Above Average
4528QQ,Outpatient,133,46590.0,350.3,284.68,23.05,Above Average
4425JV,Outpatient,72,25190.0,349.86,284.68,22.9,Above Average
67006C,Inpatient,58,683000.0,11775.86,9584.51,22.86,Above Average
1101HS,Outpatient,677,236780.0,349.75,284.68,22.86,Above Average
1002DS,Outpatient,85,29720.0,349.65,284.68,22.82,Above Average
2200MC,Outpatient,86,30070.0,349.65,284.68,22.82,Above Average
2300ZD,Outpatient,623,217800.0,349.6,284.68,22.8,Above Average
3301PQ,Outpatient,75,26180.0,349.07,284.68,22.62,Above Average
3600RB,Outpatient,616,215000.0,349.03,284.68,22.6,Above Average
1902UB,Outpatient,68,23700.0,348.53,284.68,22.43,Above Average
1901SV,Outpatient,206,71790.0,348.5,284.68,22.42,Above Average
4600BC,Outpatient,2528,880960.0,348.48,284.68,22.41,Above Average
0100JB,Outpatient,104,36230.0,348.37,284.68,22.37,Above Average
1001RN,Outpatient,159,55390.0,348.36,284.68,22.37,Above Average
2801QQ,Inpatient,62,727000.0,11725.81,9584.51,22.34,Above Average
4900XD,Outpatient,1420,494500.0,348.24,284.68,22.33,Above Average
3800BG,Outpatient,125,43530.0,348.24,284.68,22.33,Above Average
34136D,Outpatient,50,17400.0,348.0,284.68,22.24,Above Average
0100KT,Outpatient,135,46960.0,347.85,284.68,22.19,Above Average
1002SK,Outpatient,216,75070.0,347.55,284.68,22.08,Above Average
2813BG,Outpatient,86,29880.0,347.44,284.68,22.05,Above Average
2801NN,Outpatient,325,112900.0,347.38,284.68,22.02,Above Average
4401QA,Outpatient,57,19790.0,347.19,284.68,21.96,Above Average
3302NN,Outpatient,168,58210.0,346.49,284.68,21.71,Above Average
4506JT,Outpatient,559,193630.0,346.39,284.68,21.68,Above Average
5113TV,Outpatient,248,85880.0,346.29,284.68,21.64,Above Average
2100PB,Outpatient,53,18340.0,346.04,284.68,21.55,Above Average
0800QV,Outpatient,699,241870.0,346.02,284.68,21.55,Above Average
36006P,Outpatient,95,32870.0,346.0,284.68,21.54,Above Average
4001AQ,Outpatient,72,24910.0,345.97,284.68,21.53,Above Average
1925XH,Outpatient,102,35280.0,345.88,284.68,21.5,Above Average
5201SV,Outpatient,72,24900.0,345.83,284.68,21.48,Above Average
3100HK,Outpatient,172,59480.0,345.81,284.68,21.47,Above Average
3302VG,Inpatient,210,2444600.0,11640.95,9584.51,21.46,Above Average
0300NP,Outpatient,737,254810.0,345.74,284.68,21.45,Above Average
31006K,Inpatient,73,848600.0,11624.66,9584.51,21.29,Above Average
2200QH,Outpatient,55,18990.0,345.27,284.68,21.28,Above Average
2302WC,Outpatient,786,271270.0,345.13,284.68,21.23,Above Average
4600SU,Outpatient,52,17930.0,344.81,284.68,21.12,Above Average
4507VS,Outpatient,137,47220.0,344.67,284.68,21.07,Above Average
5100GT,Outpatient,108,37220.0,344.63,284.68,21.06,Above Average
1002TM,Outpatient,57,19640.0,344.56,284.68,21.03,Above Average
1400DQ,Outpatient,71,24460.0,344.51,284.68,21.02,Above Average
0101WA,Outpatient,56,19290.0,344.46,284.68,21.0,Above Average
37028B,Outpatient,65,22380.0,344.31,284.68,20.95,Above Average
44006N,Outpatient,54,18580.0,344.07,284.68,20.86,Above Average
4401AH,Outpatient,107,36770.0,343.64,284.68,20.71,Above Average
3426VH,Outpatient,262,90010.0,343.55,284.68,20.68,Above Average
1500WS,Outpatient,1189,408460.0,343.53,284.68,20.67,Above Average
4530WG,Outpatient,56,19220.0,343.21,284.68,20.56,Above Average
1101ZR,Outpatient,80,27440.0,343.0,284.68,20.49,Above Average
3301NP,Outpatient,63,21600.0,342.86,284.68,20.44,Above Average
0300GG,Outpatient,402,137790.0,342.76,284.68,20.4,Above Average
16018U,Outpatient,158,54130.0,342.59,284.68,20.34,Above Average
2600HG,Outpatient,221,75690.0,342.49,284.68,20.31,Above Average
0101AV,Outpatient,278,95210.0,342.48,284.68,20.3,Above Average
0100GP,Outpatient,62,21220.0,342.26,284.68,20.23,Above Average
3413VU,Outpatient,194,66390.0,342.22,284.68,20.21,Above Average
3702SN,Outpatient,680,232700.0,342.21,284.68,20.21,Above Average
3100UR,Outpatient,60,20530.0,342.17,284.68,20.19,Above Average
2501YS,Outpatient,465,159060.0,342.06,284.68,20.16,Above Average
4923XG,Outpatient,165,56440.0,342.06,284.68,20.16,Above Average
1313CR,Outpatient,57,19460.0,341.4,284.68,19.92,Above Average
4500XN,Outpatient,200,68260.0,341.3,284.68,19.89,Above Average
3400GA,Outpatient,367,125230.0,341.23,284.68,19.86,Above Average
4400JJ,Outpatient,162,55280.0,341.23,284.68,19.86,Above Average
1925BP,Outpatient,66,22520.0,341.21,284.68,19.86,Above Average
39008U,Outpatient,502,171190.0,341.02,284.68,19.79,Above Average
05136H,Outpatient,139,47390.0,340.94,284.68,19.76,Above Average
0501TR,Outpatient,79,26930.0,340.89,284.68,19.74,Above Average
0504BG,Outpatient,251,85550.0,340.84,284.68,19.73,Above Average
2213ZC,Outpatient,85,28970.0,340.82,284.68,19.72,Above Average
3413GC,Outpatient,58,19760.0,340.69,284.68,19.67,Above Average
2313PV,Outpatient,62,21120.0,340.65,284.68,19.66,Above Average
18136C,Outpatient,160,54490.0,340.56,284.68,19.63,Above Average
2501TM,Outpatient,82,27920.0,340.49,284.68,19.6,Above Average
34S0PT,Outpatient,124,42160.0,340.0,284.68,19.43,Above Average
5035VC,Outpatient,57,19380.0,340.0,284.68,19.43,Above Average
0585MG,Outpatient,92,31280.0,340.0,284.68,19.43,Above Average
1313DC,Outpatient,101,34340.0,340.0,284.68,19.43,Above Average
5000XG,Outpatient,146,49610.0,339.79,284.68,19.36,Above Average
39018P,Inpatient,62,709200.0,11438.71,9584.51,19.35,Above Average
2200QQ,Outpatient,212,72020.0,339.72,284.68,19.33,Above Average
14018H,Outpatient,120,40760.0,339.67,284.68,19.32,Above Average
5200GH,Outpatient,206,69950.0,339.56,284.68,19.28,Above Average
0300GU,Inpatient,136,1554100.0,11427.21,9584.51,19.23,Above Average
1002BJ,Outpatient,98,33260.0,339.39,284.68,19.22,Above Average
2413HV,Outpatient,62,21020.0,339.03,284.68,19.09,Above Average
2201RB,Inpatient,63,719000.0,11412.7,9584.51,19.07,Above Average
3500VG,Outpatient,129,43720.0,338.91,284.68,19.05,Above Average
34016H,Outpatient,85,28790.0,338.71,284.68,18.98,Above Average
4508XB,Outpatient,176,59610.0,338.69,284.68,18.97,Above Average
26258N,Outpatient,77,26070.0,338.57,284.68,18.93,Above Average
5000JN,Outpatient,79,26740.0,338.48,284.68,18.9,Above Average
3302CR,Outpatient,59,19970.0,338.47,284.68,18.89,Above Average
3401XC,Outpatient,522,176670.0,338.45,284.68,18.89,Above Average
1002AH,Outpatient,73,24700.0,338.36,284.68,18.86,Above Average
3401PQ,Outpatient,195,65970.0,338.31,284.68,18.84,Above Average
2200MT,Inpatient,86,978800.0,11381.4,9584.51,18.75,Above Average
0301UM,Outpatient,57,19270.0,338.07,284.68,18.75,Above Average
0300AQ,Outpatient,68,22980.0,337.94,284.68,18.71,Above Average
4200QS,Inpatient,88,1001000.0,11375.0,9584.51,18.68,Above Average
1101DA,Outpatient,69,23310.0,337.83,284.68,18.67,Above Average
0700GD,Outpatient,61,20600.0,337.7,284.68,18.62,Above Average
0526PP,Outpatient,115,38830.0,337.65,284.68,18.61,Above Average
3902ZD,Outpatient,50,16870.0,337.4,284.68,18.52,Above Average
3000CU,Outpatient,169,57010.0,337.34,284.68,18.5,Above Average
29136T,Outpatient,176,59330.0,337.1,284.68,18.41,Above Average
2801NN,Inpatient,64,726000.0,11343.75,9584.51,18.36,Above Average
1100JQ,Outpatient,59,19880.0,336.95,284.68,18.36,Above Average
2100DP,Outpatient,1007,339170.0,336.81,284.68,18.31,Above Average
0506UT,Outpatient,92,30970.0,336.63,284.68,18.25,Above Average
3600DD,Outpatient,167,56190.0,336.47,284.68,18.19,Above Average
3100JN,Inpatient,315,3567600.0,11325.71,9584.51,18.17,Above Average
2501MC,Outpatient,283,95130.0,336.15,284.68,18.08,Above Average
3301TG,Outpatient,129,43360.0,336.12,284.68,18.07,Above Average
1500AB,Outpatient,122,40990.0,335.98,284.68,18.02,Above Average
2601ST,Inpatient,54,610000.0,11296.3,9584.51,17.86,Above Average
30XPHC,Outpatient,1490,499940.0,335.53,284.68,17.86,Above Average
1500CD,Outpatient,612,205340.0,335.52,284.68,17.86,Above Average
0413PC,Outpatient,66,22130.0,335.3,284.68,17.78,Above Average
0503VJ,Outpatient,224,75030.0,334.96,284.68,17.66,Above Average
1600GH,Outpatient,1569,525310.0,334.81,284.68,17.61,Above Average
11008P,Outpatient,56,18740.0,334.64,284.68,17.55,Above Average
3901MK,Outpatient,501,167570.0,334.47,284.68,17.49,Above Average
3200YN,Outpatient,244,81610.0,334.47,284.68,17.49,Above Average
2800XB,Outpatient,60,20060.0,334.33,284.68,17.44,Above Average
2300SC,Outpatient,262,87570.0,334.24,284.68,17.41,Above Average
2600GD,Outpatient,108,36090.0,334.17,284.68,17.38,Above Average
19258N,Outpatient,118,39430.0,334.15,284.68,17.38,Above Average
4900YG,Outpatient,131,43750.0,333.97,284.68,17.31,Above Average
1900JS,Inpatient,62,697000.0,11241.94,9584.51,17.29,Above Average
2301WR,Outpatient,72,24030.0,333.75,284.68,17.24,Above Average
3601DT,Outpatient,720,240300.0,333.75,284.68,17.24,Above Average
0539VH,Outpatient,134,44720.0,333.73,284.68,17.23,Above Average
5525UH,Outpatient,78,26030.0,333.72,284.68,17.23,Above Average
2013BC,Outpatient,245,81740.0,333.63,284.68,17.19,Above Average
0300MD,Outpatient,153,51020.0,333.46,284.68,17.14,Above Average
1028MU,Outpatient,172,57330.0,333.31,284.68,17.08,Above Average
2700CJ,Outpatient,102,33990.0,333.24,284.68,17.06,Above Average
1400JN,Outpatient,340,113230.0,333.03,284.68,16.98,Above Average
0100ZU,Outpatient,182,60590.0,332.91,284.68,16.94,Above Average
1000HV,Outpatient,290,96520.0,332.83,284.68,16.91,Above Average
0113XP,Outpatient,58,19290.0,332.59,284.68,16.83,Above Average
0500RN,Outpatient,2551,847960.0,332.4,284.68,16.76,Above Average
3400SP,Outpatient,320,106360.0,332.38,284.68,16.76,Above Average
2618GJ,Outpatient,282,93670.0,332.16,284.68,16.68,Above Average
1000YC,Outpatient,961,319170.0,332.12,284.68,16.66,Above Average
3603JK,Outpatient,62,20590.0,332.1,284.68,16.66,Above Average
42008K,Outpatient,360,119550.0,332.08,284.68,16.65,Above Average
15016R,Outpatient,790,262270.0,331.99,284.68,16.62,Above Average
4502NS,Inpatient,145,1620600.0,11176.55,9584.51,16.61,Above Average
42006A,Outpatient,542,179890.0,331.9,284.68,16.59,Above Average
4900KN,Outpatient,55,18250.0,331.82,284.68,16.56,Above Average
37006K,Outpatient,74,24550.0,331.76,284.68,16.54,Above Average
4402SR,Outpatient,606,200880.0,331.49,284.68,16.44,Above Average
1900UH,Outpatient,258,85460.0,331.24,284.68,16.36,Above Average
3100NR,Outpatient,928,307120.0,330.95,284.68,16.25,Above Average
5100RJ,Outpatient,149,49300.0,330.87,284.68,16.23,Above Average
2600BA,Outpatient,1271,420540.0,330.87,284.68,16.23,Above Average
0506GM,Outpatient,261,86340.0,330.8,284.68,16.2,Above Average
1900RC,Outpatient,216,71420.0,330.65,284.68,16.15,Above Average
0600JC,Outpatient,115,37990.0,330.35,284.68,16.04,Above Average
3313NA,Outpatient,108,35670.0,330.28,284.68,16.02,Above Average
3301UV,Outpatient,56,18490.0,330.18,284.68,15.98,Above Average
5125MB,Outpatient,60,19810.0,330.17,284.68,15.98,Above Average
4500HR,Outpatient,1225,404340.0,330.07,284.68,15.94,Above Average
4500BT,Outpatient,82,27050.0,329.88,284.68,15.88,Above Average
4100DH,Outpatient,65,21440.0,329.85,284.68,15.87,Above Average
4400WA,Inpatient,101,1121000.0,11099.01,9584.51,15.8,Above Average
23006G,Outpatient,313,103140.0,329.52,284.68,15.75,Above Average
4501ZS,Outpatient,73,24050.0,329.45,284.68,15.73,Above Average
5100KB,Outpatient,122,40180.0,329.34,284.68,15.69,Above Average
3800BU,Outpatient,63,20730.0,329.05,284.68,15.59,Above Average
3902DM,Inpatient,82,908400.0,11078.05,9584.51,15.58,Above Average
4900MV,Outpatient,102,33540.0,328.82,284.68,15.51,Above Average
0518YA,Outpatient,253,83170.0,328.74,284.68,15.48,Above Average
4200QS,Outpatient,1286,422270.0,328.36,284.68,15.34,Above Average
1100QP,Outpatient,95,31190.0,328.32,284.68,15.33,Above Average
1501GA,Outpatient,330,108310.0,328.21,284.68,15.29,Above Average
05008C,Outpatient,173,56770.0,328.15,284.68,15.27,Above Average
5213UQ,Outpatient,71,23270.0,327.75,284.68,15.13,Above Average
5313MA,Outpatient,51,16710.0,327.65,284.68,15.09,Above Average
4506DP,Outpatient,267,87440.0,327.49,284.68,15.04,Above Average
05016S,Outpatient,90,29470.0,327.44,284.68,15.02,Above Average
0400DH,Inpatient,52,573000.0,11019.23,9584.51,14.97,Above Average
2900DQ,Outpatient,74,24220.0,327.3,284.68,14.97,Above Average
1402SB,Outpatient,935,305990.0,327.26,284.68,14.96,Above Average
4401GD,Outpatient,156,51050.0,327.24,284.68,14.95,Above Average
1800WP,Inpatient,184,2026600.0,11014.13,9584.51,14.92,Above Average
5000HS,Outpatient,529,173060.0,327.15,284.68,14.92,Above Average
4400UN,Outpatient,131,42850.0,327.1,284.68,14.9,Above Average
1825PG,Outpatient,291,95150.0,326.98,284.68,14.86,Above Average
3600TN,Outpatient,69,22560.0,326.96,284.68,14.85,Above Average
1002UN,Outpatient,72,23540.0,326.94,284.68,14.84,Above Average
3302UU,Inpatient,77,847000.0,11000.0,9584.51,14.77,Above Average
4500YG,Inpatient,103,1132400.0,10994.17,9584.51,14.71,Above Average
4401PP,Outpatient,61,19920.0,326.56,284.68,14.71,Above Average
3325DK,Outpatient,128,41800.0,326.56,284.68,14.71,Above Average
1300ZH,Inpatient,115,1264000.0,10991.3,9584.51,14.68,Above Average
1025JV,Outpatient,116,37860.0,326.38,284.68,14.65,Above Average
3600TD,Inpatient,116,1273970.0,10982.5,9584.51,14.59,Above Average
0100DT,Outpatient,214,69790.0,326.12,284.68,14.56,Above Average
1600TP,Outpatient,71,23150.0,326.06,284.68,14.54,Above Average
5200WS,Inpatient,72,790000.0,10972.22,9584.51,14.48,Above Average
1401HP,Outpatient,101,32900.0,325.74,284.68,14.42,Above Average
1901AC,Outpatient,277,90210.0,325.67,284.68,14.4,Above Average
3125NS,Outpatient,50,16280.0,325.6,284.68,14.37,Above Average
2225PN,Outpatient,233,75860.0,325.58,284.68,14.37,Above Average
2300TT,Outpatient,915,297850.0,325.52,284.68,14.35,Above Average
2200TM,Inpatient,100,1095900.0,10959.0,9584.51,14.34,Above Average
1100CJ,Inpatient,76,832600.0,10955.26,9584.51,14.3,Above Average
1401RR,Outpatient,443,144150.0,325.4,284.68,14.3,Above Average
4502NS,Outpatient,81,26350.0,325.31,284.68,14.27,Above Average
2100AS,Outpatient,612,198970.0,325.11,284.68,14.2,Above Average
3702XT,Outpatient,92,29900.0,325.0,284.68,14.16,Above Average
3400ZA,Outpatient,231,75070.0,324.98,284.68,14.16,Above Average
1613ZD,Outpatient,272,88370.0,324.89,284.68,14.12,Above Average
33008G,Outpatient,252,81870.0,324.88,284.68,14.12,Above Average
4506SG,Outpatient,127,41260.0,324.88,284.68,14.12,Above Average
3400DH,Outpatient,70,22740.0,324.86,284.68,14.11,Above Average
0600VR,Outpatient,935,303670.0,324.78,284.68,14.09,Above Average
20858J,Outpatient,103,33450.0,324.76,284.68,14.08,Above Average
4513WS,Outpatient,81,26290.0,324.57,284.68,14.01,Above Average
5113UA,Outpatient,77,24990.0,324.55,284.68,14.01,Above Average
4526XV,Outpatient,133,43150.0,324.44,284.68,13.97,Above Average
4501DB,Outpatient,128,41510.0,324.3,284.68,13.92,Above Average
5000WD,Outpatient,1099,356310.0,324.21,284.68,13.89,Above Average
3300DK,Outpatient,546,177020.0,324.21,284.68,13.89,Above Average
2600XR,Outpatient,74,23990.0,324.19,284.68,13.88,Above Average
5001TJ,Outpatient,572,185420.0,324.16,284.68,13.87,Above Average
3418AS,Outpatient,66,21390.0,324.09,284.68,13.84,Above Average
37016G,Outpatient,68,22030.0,323.97,284.68,13.8,Above Average
0503YN,Outpatient,82,26550.0,323.78,284.68,13.73,Above Average
2313CS,Outpatient,93,30110.0,323.76,284.68,13.73,Above Average
2400KN,Inpatient,65,708000.0,10892.31,9584.51,13.64,Above Average
0600PR,Outpatient,522,168880.0,323.52,284.68,13.64,Above Average
0100RS,Outpatient,63,20380.0,323.49,284.68,13.63,Above Average
0500GJ,Outpatient,279,90240.0,323.44,284.68,13.62,Above Average
3302ND,Inpatient,123,1339100.0,10886.99,9584.51,13.59,Above Average
4413XA,Outpatient,240,77610.0,323.38,284.68,13.59,Above Average
2300CK,Outpatient,77,24900.0,323.38,284.68,13.59,Above Average
1101AT,Inpatient,57,620100.0,10878.95,9584.51,13.51,Above Average
5000NR,Outpatient,77,24880.0,323.12,284.68,13.5,Above Average
1001HB,Outpatient,97,31340.0,323.09,284.68,13.49,Above Average
2900TJ,Outpatient,55,17770.0,323.09,284.68,13.49,Above Average
3919SU,Outpatient,59,19060.0,323.05,284.68,13.48,Above Average
3939PG,Outpatient,165,53270.0,322.85,284.68,13.41,Above Average
1001GA,Outpatient,159,51330.0,322.83,284.68,13.4,Above Average
1800SJ,Outpatient,68,21950.0,322.79,284.68,13.39,Above Average
23026J,Outpatient,87,28080.0,322.76,284.68,13.38,Above Average
3939BQ,Outpatient,88,28400.0,322.73,284.68,13.37,Above Average
45088A,Outpatient,372,120040.0,322.69,284.68,13.35,Above Average
1525XA,Outpatient,109,35170.0,322.66,284.68,13.34,Above Average
3700GR,Outpatient,964,310840.0,322.45,284.68,13.27,Above Average
0526YC,Outpatient,191,61570.0,322.36,284.68,13.24,Above Average
2400KU,Outpatient,126,40600.0,322.22,284.68,13.19,Above Average
44006U,Outpatient,52,16750.0,322.12,284.68,13.15,Above Average
3902GN,Outpatient,1637,527270.0,322.1,284.68,13.14,Above Average
2800HP,Outpatient,1102,354880.0,322.03,284.68,13.12,Above Average
3302ZM,Outpatient,183,58930.0,322.02,284.68,13.12,Above Average
5100AV,Outpatient,64,20600.0,321.88,284.68,13.07,Above Average
1401QA,Outpatient,286,92050.0,321.85,284.68,13.06,Above Average
0504VD,Inpatient,92,996600.0,10832.61,9584.51,13.02,Above Average
1401ZT,Outpatient,1722,553960.0,321.7,284.68,13.0,Above Average
2400DP,Outpatient,485,155990.0,321.63,284.68,12.98,Above Average
2100SG,Outpatient,109,35050.0,321.56,284.68,12.95,Above Average
4501GC,Outpatient,85,27330.0,321.53,284.68,12.94,Above Average
14136D,Outpatient,87,27970.0,321.49,284.68,12.93,Above Average
0100WB,Outpatient,78,25070.0,321.41,284.68,12.9,Above Average
3300KR,Outpatient,116,37270.0,321.29,284.68,12.86,Above Average
0601HC,Outpatient,83,26660.0,321.2,284.68,12.83,Above Average
1402YK,Outpatient,766,246020.0,321.17,284.68,12.82,Above Average
3303YT,Inpatient,97,1048500.0,10809.28,9584.51,12.78,Above Average
2100RT,Outpatient,53,17010.0,320.94,284.68,12.74,Above Average
2223DJ,Outpatient,92,29520.0,320.87,284.68,12.71,Above Average
11016S,Outpatient,84,26940.0,320.71,284.68,12.66,Above Average
03018G,Outpatient,496,159060.0,320.69,284.68,12.65,Above Average
2200PP,Inpatient,61,658000.0,10786.89,9584.51,12.55,Above Average
05188N,Outpatient,98,31400.0,320.41,284.68,12.55,Above Average
1000PV,Outpatient,937,300210.0,320.39,284.68,12.54,Above Average
1430BB,Outpatient,464,148660.0,320.39,284.68,12.54,Above Average
39T2HB,Inpatient,88,949000.0,10784.09,9584.51,12.52,Above Average
11138U,Outpatient,53,16970.0,320.19,284.68,12.47,Above Average
0600ZV,Outpatient,114,36490.0,320.09,284.68,12.44,Above Average
2601ZG,Outpatient,60,19190.0,319.83,284.68,12.35,Above Average
1000YM,Inpatient,55,592000.0,10763.64,9584.51,12.3,Above Average
0100YT,Outpatient,107,34200.0,319.63,284.68,12.28,Above Average
4528YM,Outpatient,105,33550.0,319.52,284.68,12.24,Above Average
3100QT,Outpatient,938,299620.0,319.42,284.68,12.2,Above Average
4901XV,Outpatient,186,59410.0,319.41,284.68,12.2,Above Average
0501DJ,Outpatient,51,16280.0,319.22,284.68,12.13,Above Average
1001SG,Outpatient,172,54890.0,319.13,284.68,12.1,Above Average
2313HP,Outpatient,76,24250.0,319.08,284.68,12.08,Above Average
1900JS,Outpatient,1348,430100.0,319.07,284.68,12.08,Above Average
3303GU,Outpatient,708,225810.0,318.94,284.68,12.03,Above Average
0504ZK,Inpatient,53,569000.0,10735.85,9584.51,12.01,Above Average
0507SN,Outpatient,132,42090.0,318.86,284.68,12.01,Above Average
33018R,Outpatient,73,23270.0,318.77,284.68,11.97,Above Average
3100VC,Outpatient,55,17530.0,318.73,284.68,11.96,Above Average
0506PN,Outpatient,124,39510.0,318.63,284.68,11.93,Above Average
1813SQ,Outpatient,135,43000.0,318.52,284.68,11.89,Above Average
0301SJ,Outpatient,172,54750.0,318.31,284.68,11.81,Above Average
23188P,Outpatient,186,59190.0,318.23,284.68,11.79,Above Average
3425UT,Outpatient,244,77630.0,318.16,284.68,11.76,Above Average
2300VV,Outpatient,152,48360.0,318.16,284.68,11.76,Above Average
1913BT,Outpatient,95,30220.0,318.11,284.68,11.74,Above Average
3000AS,Outpatient,111,35300.0,318.02,284.68,11.71,Above Average
3800HM,Outpatient,170,54050.0,317.94,284.68,11.68,Above Average
3301HQ,Outpatient,162,51500.0,317.9,284.68,11.67,Above Average
6725WN,Outpatient,105,33380.0,317.9,284.68,11.67,Above Average
1000QA,Outpatient,117,37180.0,317.78,284.68,11.63,Above Average
3300YK,Outpatient,54,17160.0,317.78,284.68,11.63,Above Average
24008S,Outpatient,97,30820.0,317.73,284.68,11.61,Above Average
1113ZB,Outpatient,64,20330.0,317.66,284.68,11.58,Above Average
4507AC,Outpatient,631,200370.0,317.54,284.68,11.54,Above Average
2639PA,Outpatient,130,41270.0,317.46,284.68,11.51,Above Average
4200CD,Outpatient,130,41270.0,317.46,284.68,11.51,Above Average
1000RB,Outpatient,329,104430.0,317.42,284.68,11.5,Above Average
1000AV,Inpatient,233,2489000.0,10682.4,9584.51,11.45,Above Average
3513TM,Outpatient,77,24430.0,317.27,284.68,11.45,Above Average
1500GP,Outpatient,51,16180.0,317.25,284.68,11.44,Above Average
0300ZU,Outpatient,77,24410.0,317.01,284.68,11.36,Above Average
1001WM,Inpatient,131,1398040.0,10672.06,9584.51,11.35,Above Average
5130XG,Inpatient,136,1451000.0,10669.12,9584.51,11.32,Above Average
1401ZD,Outpatient,1222,387260.0,316.91,284.68,11.32,Above Average
2600ZT,Outpatient,399,126440.0,316.89,284.68,11.31,Above Average
1102ZA,Outpatient,77,24400.0,316.88,284.68,11.31,Above Average
4200AR,Outpatient,366,115890.0,316.64,284.68,11.23,Above Average
4900GV,Outpatient,315,99730.0,316.6,284.68,11.21,Above Average
45066A,Outpatient,100,31660.0,316.6,284.68,11.21,Above Average
0100GU,Outpatient,215,68040.0,316.47,284.68,11.17,Above Average
4401BJ,Outpatient,166,52520.0,316.39,284.68,11.14,Above Average
0513WB,Outpatient,50,15810.0,316.2,284.68,11.07,Above Average
0600RM,Inpatient,76,809000.0,10644.74,9584.51,11.06,Above Average
1701VA,Outpatient,56,17700.0,316.07,284.68,11.03,Above Average
4400WH,Outpatient,456,144130.0,316.07,284.68,11.03,Above Average
3302BA,Outpatient,268,84700.0,316.04,284.68,11.02,Above Average
3420KJ,Outpatient,73,23070.0,316.03,284.68,11.01,Above Average
11018T,Outpatient,119,37590.0,315.88,284.68,10.96,Above Average
4503PU,Outpatient,235,74150.0,315.53,284.68,10.84,Above Average
1002SS,Outpatient,79,24920.0,315.44,284.68,10.81,Above Average
4501GM,Outpatient,1023,322700.0,315.44,284.68,10.81,Above Average
2000CB,Outpatient,268,84530.0,315.41,284.68,10.79,Above Average
4526KA,Outpatient,65,20500.0,315.38,284.68,10.78,Above Average
4200NV,Inpatient,101,1072100.0,10614.85,9584.51,10.75,Above Average
1513AV,Outpatient,91,28690.0,315.27,284.68,10.75,Above Average
0505ZK,Outpatient,65,20490.0,315.23,284.68,10.73,Above Average
5213SN,Outpatient,327,103060.0,315.17,284.68,10.71,Above Average
4613JR,Outpatient,69,21740.0,315.07,284.68,10.68,Above Average
4500NJ,Inpatient,254,2694340.0,10607.64,9584.51,10.67,Above Average
1501SP,Outpatient,132,41570.0,314.92,284.68,10.62,Above Average
0506KJ,Outpatient,78,24560.0,314.87,284.68,10.6,Above Average
1900RS,Outpatient,513,161510.0,314.83,284.68,10.59,Above Average
3700ZA,Outpatient,968,304630.0,314.7,284.68,10.55,Above Average
0700VV,Outpatient,716,225290.0,314.65,284.68,10.53,Above Average
3302UD,Outpatient,164,51590.0,314.57,284.68,10.5,Above Average
3900AD,Outpatient,736,231270.0,314.23,284.68,10.38,Above Average
1401YS,Outpatient,429,134770.0,314.15,284.68,10.35,Above Average
2400HJ,Outpatient,127,39890.0,314.09,284.68,10.33,Above Average
3602QP,Outpatient,110,34540.0,314.0,284.68,10.3,Above Average
0501ZR,Outpatient,81,25430.0,313.95,284.68,10.28,Above Average
1613KR,Outpatient,64,20090.0,313.91,284.68,10.27,Above Average
2100SU,Outpatient,490,153800.0,313.88,284.68,10.26,Above Average
1400RU,Outpatient,141,44250.0,313.83,284.68,10.24,Above Average
22008H,Outpatient,1503,471670.0,313.82,284.68,10.24,Above Average
2800KS,Inpatient,55,581000.0,10563.64,9584.51,10.22,Above Average
01008A,Outpatient,201,63060.0,313.73,284.68,10.2,Above Average
22RUVP,Outpatient,180,56450.0,313.61,284.68,10.16,Above Average
0200NK,Outpatient,59,18500.0,313.56,284.68,10.14,Above Average
5213CT,Outpatient,85,26650.0,313.53,284.68,10.13,Above Average
3600DN,Outpatient,109,34170.0,313.49,284.68,10.12,Above Average
42008B,Outpatient,138,43260.0,313.48,284.68,10.12,Above Average
2400ZH,Outpatient,152,47640.0,313.42,284.68,10.1,Above Average
4935BG,Outpatient,419,131300.0,313.37,284.68,10.08,Above Average
3401CM,Outpatient,896,280630.0,313.2,284.68,10.02,Above Average
4506UA,Inpatient,150,1581400.0,10542.67,9584.51,10.0,Near Average
1500YU,Outpatient,66,20660.0,313.03,284.68,9.96,Near Average
4500VK,Outpatient,557,174330.0,312.98,284.68,9.94,Near Average
2600RA,Outpatient,211,65990.0,312.75,284.68,9.86,Near Average
1500KD,Outpatient,780,243910.0,312.71,284.68,9.85,Near Average
2100MP,Outpatient,681,212930.0,312.67,284.68,9.83,Near Average
5100UN,Outpatient,593,185260.0,312.41,284.68,9.74,Near Average
1800QG,Outpatient,141,44040.0,312.34,284.68,9.72,Near Average
33268J,Outpatient,56,17490.0,312.32,284.68,9.71,Near Average
4528SC,Outpatient,78,24360.0,312.31,284.68,9.71,Near Average
2600DC,Outpatient,244,76200.0,312.3,284.68,9.7,Near Average
3300ZS,Outpatient,171,53400.0,312.28,284.68,9.7,Near Average
0504BP,Inpatient,74,778000.0,10513.51,9584.51,9.69,Near Average
3600NG,Inpatient,537,5645000.0,10512.1,9584.51,9.68,Near Average
1713GQ,Outpatient,60,18720.0,312.0,284.68,9.6,Near Average
3602SR,Outpatient,96,29950.0,311.98,284.68,9.59,Near Average
4900CN,Inpatient,137,1438900.0,10502.92,9584.51,9.58,Near Average
1100CJ,Outpatient,133,41490.0,311.95,284.68,9.58,Near Average
3301KT,Inpatient,153,1606000.0,10496.73,9584.51,9.52,Near Average
1002AV,Inpatient,60,629800.0,10496.67,9584.51,9.52,Near Average
1400QD,Outpatient,603,188000.0,311.77,284.68,9.52,Near Average
1002QQ,Inpatient,81,850080.0,10494.81,9584.51,9.5,Near Average
3900JH,Outpatient,123,38340.0,311.71,284.68,9.49,Near Average
1401NU,Outpatient,108,33650.0,311.57,284.68,9.45,Near Average
2900SV,Outpatient,66,20560.0,311.52,284.68,9.43,Near Average
1225AV,Outpatient,76,23670.0,311.45,284.68,9.4,Near Average
3100VS,Outpatient,62,19310.0,311.45,284.68,9.4,Near Average
1100QV,Outpatient,121,37680.0,311.4,284.68,9.39,Near Average
1501AS,Outpatient,305,94860.0,311.02,284.68,9.25,Near Average
4506WS,Outpatient,72,22390.0,310.97,284.68,9.23,Near Average
21006R,Outpatient,1476,458850.0,310.87,284.68,9.2,Near Average
4500RD,Outpatient,105,32640.0,310.86,284.68,9.2,Near Average
1500WB,Outpatient,540,167760.0,310.67,284.68,9.13,Near Average
1000SS,Outpatient,1418,440490.0,310.64,284.68,9.12,Near Average
5201CG,Outpatient,106,32920.0,310.57,284.68,9.09,Near Average
3600VH,Inpatient,76,794400.0,10452.63,9584.51,9.06,Near Average
4525CK,Outpatient,57,17690.0,310.35,284.68,9.02,Near Average
3900UC,Outpatient,596,184960.0,310.34,284.68,9.01,Near Average
2700KR,Outpatient,153,47460.0,310.2,284.68,8.96,Near Average
5100YK,Outpatient,410,127160.0,310.15,284.68,8.95,Near Average
3900PT,Outpatient,134,41560.0,310.15,284.68,8.95,Near Average
1600NH,Outpatient,73,22640.0,310.14,284.68,8.94,Near Average
3926KT,Outpatient,88,27290.0,310.11,284.68,8.93,Near Average
3601TU,Outpatient,1169,362350.0,309.97,284.68,8.88,Near Average
3101KN,Outpatient,1753,543310.0,309.93,284.68,8.87,Near Average
2400CN,Outpatient,84,26030.0,309.88,284.68,8.85,Near Average
1002MC,Outpatient,297,92020.0,309.83,284.68,8.83,Near Average
2200MM,Outpatient,316,97890.0,309.78,284.68,8.82,Near Average
2200QQ,Inpatient,63,657000.0,10428.57,9584.51,8.81,Near Average
4600NH,Outpatient,186,57610.0,309.73,284.68,8.8,Near Average
4901NS,Inpatient,54,563000.0,10425.93,9584.51,8.78,Near Average
3901KA,Outpatient,850,263230.0,309.68,284.68,8.78,Near Average
3800ZR,Outpatient,56,17340.0,309.64,284.68,8.77,Near Average
3300JQ,Inpatient,156,1625700.0,10421.15,9584.51,8.73,Near Average
1800KA,Outpatient,365,112980.0,309.53,284.68,8.73,Near Average
5000QD,Outpatient,96,29710.0,309.48,284.68,8.71,Near Average
2600MC,Outpatient,54,16710.0,309.44,284.68,8.7,Near Average
1000KS,Outpatient,2367,732330.0,309.39,284.68,8.68,Near Average
5519WJ,Outpatient,275,85080.0,309.38,284.68,8.68,Near Average
3303TN,Outpatient,138,42680.0,309.28,284.68,8.64,Near Average
2401MK,Outpatient,257,79430.0,309.07,284.68,8.57,Near Average
2900UB,Inpatient,77,801100.0,10403.9,9584.51,8.55,Near Average
1701WB,Outpatient,168,51860.0,308.69,284.68,8.43,Near Average
3301MU,Outpatient,443,136650.0,308.47,284.68,8.36,Near Average
17138S,Outpatient,113,34850.0,308.41,284.68,8.34,Near Average
0501WN,Outpatient,1972,608080.0,308.36,284.68,8.32,Near Average
5000VM,Inpatient,50,519000.0,10380.0,9584.51,8.3,Near Average
3701ZN,Outpatient,267,82300.0,308.24,284.68,8.28,Near Average
3901NT,Outpatient,1654,509430.0,308.0,284.68,8.19,Near Average
19016B,Outpatient,242,74520.0,307.93,284.68,8.17,Near Average
1800QU,Outpatient,77,23700.0,307.79,284.68,8.12,Near Average
0501MA,Inpatient,359,3718000.0,10356.55,9584.51,8.06,Near Average
0600QS,Outpatient,156,47970.0,307.5,284.68,8.02,Near Average
3200AJ,Outpatient,87,26740.0,307.36,284.68,7.97,Near Average
3200HA,Outpatient,94,28890.0,307.34,284.68,7.96,Near Average
6700SA,Outpatient,114,35030.0,307.28,284.68,7.94,Near Average
0501AD,Outpatient,199,61140.0,307.24,284.68,7.92,Near Average
2613BG,Outpatient,51,15660.0,307.06,284.68,7.86,Near Average
2100BM,Outpatient,266,81670.0,307.03,284.68,7.85,Near Average
4900UA,Outpatient,136,41750.0,306.99,284.68,7.84,Near Average
3301QB,Outpatient,135,41440.0,306.96,284.68,7.83,Near Average
2585MN,Outpatient,135,41440.0,306.96,284.68,7.83,Near Average
1002SK,Inpatient,57,589000.0,10333.33,9584.51,7.81,Near Average
1402XJ,Outpatient,295,90520.0,306.85,284.68,7.79,Near Average
0500JU,Outpatient,165,50630.0,306.85,284.68,7.79,Near Average
1003TA,Outpatient,63,19330.0,306.83,284.68,7.78,Near Average
1100SR,Outpatient,94,28840.0,306.81,284.68,7.77,Near Average
3900QG,Outpatient,67,20550.0,306.72,284.68,7.74,Near Average
1402CR,Outpatient,318,97530.0,306.7,284.68,7.74,Near Average
4200HJ,Outpatient,365,111940.0,306.68,284.68,7.73,Near Average
1001XN,Outpatient,205,62860.0,306.63,284.68,7.71,Near Average
3100BU,Outpatient,173,53040.0,306.59,284.68,7.7,Near Average
4413KR,Outpatient,87,26670.0,306.55,284.68,7.68,Near Average
1420YU,Outpatient,185,56700.0,306.49,284.68,7.66,Near Average
3400BT,Outpatient,839,257120.0,306.46,284.68,7.65,Near Average
4713DK,Outpatient,177,54240.0,306.44,284.68,7.64,Near Average
0500CG,Outpatient,67,20530.0,306.42,284.68,7.64,Near Average
5213YN,Outpatient,209,64030.0,306.36,284.68,7.62,Near Average
4901US,Outpatient,180,55130.0,306.28,284.68,7.59,Near Average
1002QH,Outpatient,102,31240.0,306.27,284.68,7.58,Near Average
4300HB,Inpatient,66,680400.0,10309.09,9584.51,7.56,Near Average
4200ZV,Inpatient,104,1072000.0,10307.69,9584.51,7.55,Near Average
3401NP,Outpatient,102,31230.0,306.18,284.68,7.55,Near Average
5000GJ,Inpatient,63,649000.0,10301.59,9584.51,7.48,Near Average
2300WA,Outpatient,92,28150.0,305.98,284.68,7.48,Near Average
4025AA,Outpatient,62,18970.0,305.97,284.68,7.48,Near Average
4400XJ,Outpatient,1534,469330.0,305.95,284.68,7.47,Near Average
3800RP,Outpatient,220,67270.0,305.77,284.68,7.41,Near Average
1501DH,Outpatient,149,45560.0,305.77,284.68,7.41,Near Average
45086P,Inpatient,72,741100.0,10293.06,9584.51,7.39,Near Average
4600XT,Outpatient,63,19260.0,305.71,284.68,7.39,Near Average
3400KP,Inpatient,55,566000.0,10290.91,9584.51,7.37,Near Average
34006B,Outpatient,726,221830.0,305.55,284.68,7.33,Near Average
0700MM,Outpatient,56,17110.0,305.54,284.68,7.33,Near Average
1002CR,Inpatient,56,576000.0,10285.71,9584.51,7.32,Near Average
1501HB,Outpatient,102,31150.0,305.39,284.68,7.27,Near Average
4500YG,Outpatient,71,21680.0,305.35,284.68,7.26,Near Average
3800BU,Inpatient,116,1192400.0,10279.31,9584.51,7.25,Near Average
30008C,Outpatient,330,100760.0,305.33,284.68,7.25,Near Average
2300PV,Outpatient,139,42440.0,305.32,284.68,7.25,Near Average
2100WM,Outpatient,183,55850.0,305.19,284.68,7.2,Near Average
1001NA,Inpatient,192,1972200.0,10271.88,9584.51,7.17,Near Average
2313JB,Outpatient,118,35990.0,305.0,284.68,7.14,Near Average
0700DC,Outpatient,74,22560.0,304.86,284.68,7.09,Near Average
1101DQ,Outpatient,870,265190.0,304.82,284.68,7.07,Near Average
1801JS,Outpatient,56,17060.0,304.64,284.68,7.01,Near Average
3600PV,Outpatient,159,48430.0,304.59,284.68,6.99,Near Average
0700UU,Outpatient,59,17970.0,304.58,284.68,6.99,Near Average
4413GM,Outpatient,222,67610.0,304.55,284.68,6.98,Near Average
2302MV,Outpatient,365,111140.0,304.49,284.68,6.96,Near Average
0300YM,Outpatient,85,25880.0,304.47,284.68,6.95,Near Average
3302QH,Outpatient,2942,895720.0,304.46,284.68,6.95,Near Average
03138D,Outpatient,852,259390.0,304.45,284.68,6.94,Near Average
2000MC,Outpatient,148,45040.0,304.32,284.68,6.9,Near Average
1513MM,Outpatient,65,19780.0,304.31,284.68,6.9,Near Average
0300VH,Outpatient,229,69680.0,304.28,284.68,6.88,Near Average
1100ND,Outpatient,133,40440.0,304.06,284.68,6.81,Near Average
3901RQ,Outpatient,500,152020.0,304.04,284.68,6.8,Near Average
3418AK,Outpatient,92,27970.0,304.02,284.68,6.79,Near Average
4526DR,Outpatient,191,58040.0,303.87,284.68,6.74,Near Average
1402JQ,Outpatient,2711,823720.0,303.84,284.68,6.73,Near Average
4700KU,Outpatient,138,41920.0,303.77,284.68,6.71,Near Average
2602DP,Outpatient,142,43130.0,303.73,284.68,6.69,Near Average
3301ZP,Outpatient,359,109030.0,303.7,284.68,6.68,Near Average
0101WQ,Outpatient,130,39480.0,303.69,284.68,6.68,Near Average
5200JM,Outpatient,140,42510.0,303.64,284.68,6.66,Near Average
4505NT,Outpatient,61,18520.0,303.61,284.68,6.65,Near Average
4401XK,Outpatient,81,24590.0,303.58,284.68,6.64,Near Average
1513RR,Outpatient,107,32480.0,303.55,284.68,6.63,Near Average
1100YK,Outpatient,516,156610.0,303.51,284.68,6.61,Near Average
2913YR,Outpatient,189,57340.0,303.39,284.68,6.57,Near Average
1501KG,Outpatient,594,180180.0,303.33,284.68,6.55,Near Average
1900AJ,Outpatient,1228,372340.0,303.21,284.68,6.51,Near Average
1002WA,Outpatient,94,28500.0,303.19,284.68,6.5,Near Average
0501GB,Outpatient,110,33350.0,303.18,284.68,6.5,Near Average
1002GD,Outpatient,232,70330.0,303.15,284.68,6.49,Near Average
4300ZQ,Outpatient,70,21220.0,303.14,284.68,6.48,Near Average
2500UN,Outpatient,412,124870.0,303.08,284.68,6.46,Near Average
5201PS,Outpatient,63,19090.0,303.02,284.68,6.44,Near Average
1001ZQ,Outpatient,1246,377560.0,303.02,284.68,6.44,Near Average
0725YT,Outpatient,97,29390.0,302.99,284.68,6.43,Near Average
3413NM,Outpatient,415,125700.0,302.89,284.68,6.4,Near Average
3303KC,Outpatient,847,256550.0,302.89,284.68,6.4,Near Average
2601MU,Outpatient,212,64190.0,302.78,284.68,6.36,Near Average
0505TK,Outpatient,5755,1741690.0,302.64,284.68,6.31,Near Average
3100SP,Outpatient,128,38730.0,302.58,284.68,6.29,Near Average
47008S,Outpatient,83,25110.0,302.53,284.68,6.27,Near Average
2700AG,Outpatient,152,45980.0,302.5,284.68,6.26,Near Average
1801XM,Outpatient,458,138450.0,302.29,284.68,6.19,Near Average
15006A,Outpatient,58,17530.0,302.24,284.68,6.17,Near Average
0401GG,Outpatient,351,106060.0,302.17,284.68,6.14,Near Average
2600VG,Outpatient,52,15710.0,302.12,284.68,6.13,Near Average
1400ZR,Outpatient,140,42260.0,301.86,284.68,6.03,Near Average
1500VR,Outpatient,341,102930.0,301.85,284.68,6.03,Near Average
3300BV,Outpatient,60,18110.0,301.83,284.68,6.02,Near Average
4400VP,Outpatient,57,17200.0,301.75,284.68,6.0,Near Average
0634KA,Outpatient,89,26850.0,301.69,284.68,5.98,Near Average
1600YU,Outpatient,60,18100.0,301.67,284.68,5.97,Near Average
4501QP,Outpatient,133,40120.0,301.65,284.68,5.96,Near Average
4501VU,Outpatient,61,18400.0,301.64,284.68,5.96,Near Average
3613HU,Outpatient,74,22320.0,301.62,284.68,5.95,Near Average
43136S,Outpatient,77,23210.0,301.43,284.68,5.88,Near Average
3313GQ,Outpatient,153,46110.0,301.37,284.68,5.86,Near Average
1001UR,Outpatient,76,22900.0,301.32,284.68,5.85,Near Average
3465CJ,Outpatient,139,41870.0,301.22,284.68,5.81,Near Average
2613QG,Outpatient,80,24090.0,301.13,284.68,5.78,Near Average
0501QD,Outpatient,118,35520.0,301.02,284.68,5.74,Near Average
10S0MP,Inpatient,122,1236000.0,10131.15,9584.51,5.7,Near Average
5518YJ,Outpatient,515,154970.0,300.91,284.68,5.7,Near Average
3301MU,Inpatient,63,638000.0,10126.98,9584.51,5.66,Near Average
4900CD,Inpatient,113,1144000.0,10123.89,9584.51,5.63,Near Average
3401MN,Inpatient,268,2711300.0,10116.79,9584.51,5.55,Near Average
2100WC,Inpatient,400,4046000.0,10115.0,9584.51,5.53,Near Average
3602WV,Outpatient,274,82310.0,300.4,284.68,5.52,Near Average
3900CQ,Outpatient,107,32140.0,300.37,284.68,5.51,Near Average
5200XT,Outpatient,518,155580.0,300.35,284.68,5.5,Near Average
0500AM,Outpatient,251,75350.0,300.2,284.68,5.45,Near Average
39006M,Outpatient,1698,509660.0,300.15,284.68,5.43,Near Average
1500MU,Outpatient,555,166490.0,299.98,284.68,5.37,Near Average
1402XA,Outpatient,661,198270.0,299.95,284.68,5.36,Near Average
2413TN,Outpatient,93,27880.0,299.78,284.68,5.3,Near Average
0900UA,Inpatient,109,1100000.0,10091.74,9584.51,5.29,Near Average
4400MM,Inpatient,301,3036850.0,10089.2,9584.51,5.27,Near Average
0400YV,Outpatient,65,19480.0,299.69,284.68,5.27,Near Average
3313MV,Outpatient,186,55740.0,299.68,284.68,5.27,Near Average
3901ZK,Outpatient,91,27270.0,299.67,284.68,5.27,Near Average
1402HN,Outpatient,73,21860.0,299.45,284.68,5.19,Near Average
0600CD,Inpatient,50,504000.0,10080.0,9584.51,5.17,Near Average
4508QA,Outpatient,152,45510.0,299.41,284.68,5.17,Near Average
29008T,Outpatient,117,35030.0,299.4,284.68,5.17,Near Average
2700PU,Outpatient,82,24550.0,299.39,284.68,5.17,Near Average
1401RJ,Outpatient,280,83770.0,299.18,284.68,5.09,Near Average
1413ZM,Outpatient,152,45470.0,299.14,284.68,5.08,Near Average
10016R,Inpatient,113,1138000.0,10070.8,9584.51,5.07,Near Average
3400ZQ,Outpatient,3870,1157150.0,299.01,284.68,5.03,Near Average
15008B,Outpatient,652,194850.0,298.85,284.68,4.98,Near Average
1813UC,Outpatient,172,51400.0,298.84,284.68,4.97,Near Average
2013RT,Outpatient,110,32870.0,298.82,284.68,4.97,Near Average
3702GV,Outpatient,84,25100.0,298.81,284.68,4.96,Near Average
5201AC,Outpatient,81,24200.0,298.77,284.68,4.95,Near Average
2300RB,Outpatient,1678,501260.0,298.72,284.68,4.93,Near Average
3600NP,Outpatient,320,95580.0,298.69,284.68,4.92,Near Average
4401TT,Inpatient,76,764200.0,10055.26,9584.51,4.91,Near Average
0900WC,Outpatient,58,17320.0,298.62,284.68,4.9,Near Average
1800MR,Outpatient,224,66890.0,298.62,284.68,4.9,Near Average
37018Q,Outpatient,57,17020.0,298.6,284.68,4.89,Near Average
0510GP,Outpatient,76,22690.0,298.55,284.68,4.87,Near Average
45068S,Outpatient,257,76680.0,298.37,284.68,4.81,Near Average
2601RS,Outpatient,52,15510.0,298.27,284.68,4.77,Near Average
1002YC,Inpatient,155,1556300.0,10040.65,9584.51,4.76,Near Average
4400ZM,Outpatient,234,69780.0,298.21,284.68,4.75,Near Average
1900KT,Inpatient,51,512000.0,10039.22,9584.51,4.74,Near Average
4413DK,Outpatient,109,32490.0,298.07,284.68,4.7,Near Average
18206H,Outpatient,434,129360.0,298.06,284.68,4.7,Near Average
2900PS,Outpatient,2047,610110.0,298.05,284.68,4.7,Near Average
3601TN,Outpatient,102,30400.0,298.04,284.68,4.69,Near Average
3900MK,Outpatient,1777,529600.0,298.03,284.68,4.69,Near Average
1701TU,Outpatient,78,23240.0,297.95,284.68,4.66,Near Average
2713KU,Outpatient,63,18770.0,297.94,284.68,4.66,Near Average
0400AC,Inpatient,299,2999000.0,10030.1,9584.51,4.65,Near Average
0301KJ,Outpatient,99,29490.0,297.88,284.68,4.64,Near Average
4600TP,Outpatient,52,15490.0,297.88,284.68,4.64,Near Average
0100DN,Outpatient,618,184060.0,297.83,284.68,4.62,Near Average
1030RD,Inpatient,50,501000.0,10020.0,9584.51,4.54,Near Average
3300KJ,Outpatient,3951,1175830.0,297.6,284.68,4.54,Near Average
1002DC,Inpatient,325,3255400.0,10016.62,9584.51,4.51,Near Average
3602GC,Inpatient,81,811300.0,10016.05,9584.51,4.5,Near Average
2400AK,Outpatient,157,46700.0,297.45,284.68,4.49,Near Average
5200GV,Inpatient,70,701000.0,10014.29,9584.51,4.48,Near Average
4508MT,Inpatient,71,711000.0,10014.08,9584.51,4.48,Near Average
1000ZT,Inpatient,74,740700.0,10009.46,9584.51,4.43,Near Average
1800SA,Inpatient,152,1521400.0,10009.21,9584.51,4.43,Near Average
1800CH,Outpatient,120,35670.0,297.25,284.68,4.42,Near Average
2300JJ,Outpatient,89,26450.0,297.19,284.68,4.39,Near Average
1400RU,Inpatient,219,2190900.0,10004.11,9584.51,4.38,Near Average
0500JN,Outpatient,72,21390.0,297.08,284.68,4.36,Near Average
4500YP,Outpatient,72,21390.0,297.08,284.68,4.36,Near Average
0400JU,Outpatient,99,29410.0,297.07,284.68,4.35,Near Average
3401MN,Outpatient,424,125950.0,297.05,284.68,4.35,Near Average
1500ZV,Inpatient,57,570000.0,10000.0,9584.51,4.34,Near Average
3300HN,Outpatient,65,19300.0,296.92,284.68,4.3,Near Average
1002JJ,Inpatient,50,499700.0,9994.0,9584.51,4.27,Near Average
1401YC,Outpatient,79,23450.0,296.84,284.68,4.27,Near Average
1600ZV,Outpatient,844,250480.0,296.78,284.68,4.25,Near Average
4901NK,Outpatient,297,88130.0,296.73,284.68,4.23,Near Average
1000MT,Outpatient,52,15430.0,296.73,284.68,4.23,Near Average
4439DJ,Outpatient,61,18100.0,296.72,284.68,4.23,Near Average
0504ZK,Outpatient,242,71800.0,296.69,284.68,4.22,Near Average
5239GP,Outpatient,54,16020.0,296.67,284.68,4.21,Near Average
2600HU,Outpatient,114,33820.0,296.67,284.68,4.21,Near Average
1100YB,Outpatient,54,16020.0,296.67,284.68,4.21,Near Average
1500NH,Inpatient,66,659000.0,9984.85,9584.51,4.18,Near Average
3600KM,Outpatient,78,23130.0,296.54,284.68,4.17,Near Average
3900HM,Outpatient,261,77390.0,296.51,284.68,4.16,Near Average
0313RP,Outpatient,663,196460.0,296.32,284.68,4.09,Near Average
10006P,Outpatient,465,137760.0,296.26,284.68,4.07,Near Average
2300CS,Outpatient,645,191070.0,296.23,284.68,4.06,Near Average
1000RK,Outpatient,273,80870.0,296.23,284.68,4.06,Near Average
2300YC,Outpatient,323,95680.0,296.22,284.68,4.05,Near Average
0513ZU,Outpatient,277,82050.0,296.21,284.68,4.05,Near Average
0600GH,Inpatient,158,1575600.0,9972.15,9584.51,4.04,Near Average
0800RA,Outpatient,1044,309040.0,296.02,284.68,3.98,Near Average
4900YU,Outpatient,103,30490.0,296.02,284.68,3.98,Near Average
1100UT,Outpatient,265,78430.0,295.96,284.68,3.96,Near Average
2301MD,Outpatient,852,252040.0,295.82,284.68,3.91,Near Average
0528DH,Outpatient,90,26620.0,295.78,284.68,3.9,Near Average
4508YM,Outpatient,229,67720.0,295.72,284.68,3.88,Near Average
2513DR,Outpatient,65,19220.0,295.69,284.68,3.87,Near Average
2301UP,Inpatient,110,1095000.0,9954.55,9584.51,3.86,Near Average
0401BB,Outpatient,53,15670.0,295.66,284.68,3.86,Near Average
4500NJ,Outpatient,3783,1117830.0,295.49,284.68,3.8,Near Average
0300CC,Inpatient,172,1710200.0,9943.02,9584.51,3.74,Near Average
3326NV,Outpatient,73,21560.0,295.34,284.68,3.74,Near Average
3400SV,Outpatient,72,21260.0,295.28,284.68,3.72,Near Average
3901GS,Outpatient,974,287600.0,295.28,284.68,3.72,Near Average
3413PN,Outpatient,417,123090.0,295.18,284.68,3.69,Near Average
3701XK,Outpatient,111,32760.0,295.14,284.68,3.67,Near Average
1400BU,Outpatient,56,16520.0,295.0,284.68,3.63,Near Average
1001MH,Outpatient,530,156350.0,295.0,284.68,3.63,Near Average
27008P,Outpatient,58,17110.0,295.0,284.68,3.63,Near Average
0300QJ,Inpatient,77,764600.0,9929.87,9584.51,3.6,Near Average
05006B,Outpatient,78,23000.0,294.87,284.68,3.58,Near Average
1402GM,Outpatient,504,148610.0,294.86,284.68,3.58,Near Average
4425XV,Outpatient,77,22700.0,294.81,284.68,3.56,Near Average
5200ZV,Outpatient,428,126170.0,294.79,284.68,3.55,Near Average
1000VV,Outpatient,262,77170.0,294.54,284.68,3.46,Near Average
3601PQ,Outpatient,53,15610.0,294.53,284.68,3.46,Near Average
1500PA,Outpatient,163,48000.0,294.48,284.68,3.44,Near Average
4401TT,Outpatient,112,32980.0,294.46,284.68,3.44,Near Average
3600GU,Outpatient,257,75640.0,294.32,284.68,3.39,Near Average
5313DQ,Outpatient,106,31190.0,294.25,284.68,3.36,Near Average
4508CB,Outpatient,90,26480.0,294.22,284.68,3.35,Near Average
3800SQ,Outpatient,216,63530.0,294.12,284.68,3.32,Near Average
3302BQ,Outpatient,543,159690.0,294.09,284.68,3.31,Near Average
1500ZG,Outpatient,238,69990.0,294.08,284.68,3.3,Near Average
18006M,Outpatient,140,41170.0,294.07,284.68,3.3,Near Average
4401MM,Outpatient,434,127610.0,294.03,284.68,3.28,Near Average
3613ZM,Outpatient,202,59390.0,294.01,284.68,3.28,Near Average
1100MK,Outpatient,240,70560.0,294.0,284.68,3.27,Near Average
33008G,Inpatient,86,851000.0,9895.35,9584.51,3.24,Near Average
1402CJ,Outpatient,95,27910.0,293.79,284.68,3.2,Near Average
1000KK,Outpatient,235,69020.0,293.7,284.68,3.17,Near Average
3401AJ,Outpatient,98,28770.0,293.57,284.68,3.12,Near Average
15016R,Inpatient,50,494100.0,9882.0,9584.51,3.1,Near Average
3301WK,Inpatient,76,751000.0,9881.58,9584.51,3.1,Near Average
3304RD,Outpatient,245,71910.0,293.51,284.68,3.1,Near Average
1401VP,Outpatient,292,85680.0,293.42,284.68,3.07,Near Average
4900SN,Outpatient,1089,319450.0,293.34,284.68,3.04,Near Average
0505YJ,Inpatient,142,1402300.0,9875.35,9584.51,3.03,Near Average
3100XU,Inpatient,130,1283700.0,9874.62,9584.51,3.03,Near Average
5200AB,Inpatient,55,543000.0,9872.73,9584.51,3.01,Near Average
2200MM,Inpatient,171,1687600.0,9869.01,9584.51,2.97,Near Average
0700HG,Outpatient,140,41040.0,293.14,284.68,2.97,Near Average
3602BV,Outpatient,151,44240.0,292.98,284.68,2.92,Near Average
1500QK,Inpatient,80,789000.0,9862.5,9584.51,2.9,Near Average
1200CQ,Outpatient,204,59740.0,292.84,284.68,2.87,Near Average
5000UB,Outpatient,132,38640.0,292.73,284.68,2.83,Near Average
5013AU,Outpatient,52,15220.0,292.69,284.68,2.81,Near Average
3425VN,Outpatient,183,53560.0,292.68,284.68,2.81,Near Average
0502UA,Outpatient,184,53850.0,292.66,284.68,2.8,Near Average
1100RQ,Outpatient,102,29850.0,292.65,284.68,2.8,Near Average
3813UC,Outpatient,72,21060.0,292.5,284.68,2.75,Near Average
05046M,Outpatient,69,20180.0,292.46,284.68,2.73,Near Average
0504CQ,Outpatient,75,21930.0,292.4,284.68,2.71,Near Average
31006S,Outpatient,146,42690.0,292.4,284.68,2.71,Near Average
4500DP,Inpatient,337,3315800.0,9839.17,9584.51,2.66,Near Average
34008C,Outpatient,274,80070.0,292.23,284.68,2.65,Near Average
5213MP,Outpatient,224,65450.0,292.19,284.68,2.64,Near Average
3301QB,Inpatient,287,2823200.0,9836.93,9584.51,2.63,Near Average
1800BP,Outpatient,159,46450.0,292.14,284.68,2.62,Near Average
0502NA,Outpatient,9906,2892110.0,291.96,284.68,2.56,Near Average
0503UV,Outpatient,62,18100.0,291.94,284.68,2.55,Near Average
1100RA,Outpatient,92,26850.0,291.85,284.68,2.52,Near Average
4503BH,Outpatient,277,80840.0,291.84,284.68,2.52,Near Average
1925UK,Outpatient,76,22180.0,291.84,284.68,2.52,Near Average
4200CT,Outpatient,689,201030.0,291.77,284.68,2.49,Near Average
2201DT,Outpatient,6084,1774980.0,291.75,284.68,2.48,Near Average
3900UM,Outpatient,677,197460.0,291.67,284.68,2.46,Near Average
3813KQ,Outpatient,91,26530.0,291.54,284.68,2.41,Near Average
3701ZD,Outpatient,178,51890.0,291.52,284.68,2.4,Near Average
2601GP,Outpatient,54,15740.0,291.48,284.68,2.39,Near Average
0506SR,Outpatient,156,45470.0,291.47,284.68,2.39,Near Average
5200VB,Outpatient,116,33810.0,291.47,284.68,2.39,Near Average
2300MM,Outpatient,159,46340.0,291.45,284.68,2.38,Near Average
3800HC,Inpatient,58,569000.0,9810.34,9584.51,2.36,Near Average
3702VR,Outpatient,78,22730.0,291.41,284.68,2.36,Near Average
3813VT,Outpatient,71,20690.0,291.41,284.68,2.36,Near Average
1934ZA,Outpatient,92,26810.0,291.41,284.68,2.36,Near Average
14026D,Outpatient,544,158520.0,291.4,284.68,2.36,Near Average
0503VA,Outpatient,1288,375290.0,291.37,284.68,2.35,Near Average
0700YC,Outpatient,88,25640.0,291.36,284.68,2.35,Near Average
3303SM,Outpatient,143,41650.0,291.26,284.68,2.31,Near Average
2100BM,Inpatient,124,1215700.0,9804.03,9584.51,2.29,Near Average
3130BK,Inpatient,66,647000.0,9803.03,9584.51,2.28,Near Average
2201VH,Outpatient,102,29700.0,291.18,284.68,2.28,Near Average
4501JH,Outpatient,96,27950.0,291.15,284.68,2.27,Near Average
1102BD,Outpatient,1146,333660.0,291.15,284.68,2.27,Near Average
18006C,Outpatient,201,58520.0,291.14,284.68,2.27,Near Average
6700JP,Outpatient,542,157780.0,291.11,284.68,2.26,Near Average
3000QM,Inpatient,55,539000.0,9800.0,9584.51,2.25,Near Average
45398G,Outpatient,154,44820.0,291.04,284.68,2.23,Near Average
1000DT,Outpatient,202,58780.0,290.99,284.68,2.22,Near Average
0513ST,Outpatient,415,120740.0,290.94,284.68,2.2,Near Average
2800JR,Outpatient,124,36060.0,290.81,284.68,2.15,Near Average
3701VH,Outpatient,128,37220.0,290.78,284.68,2.14,Near Average
0503AJ,Outpatient,77,22380.0,290.65,284.68,2.1,Near Average
1800TK,Inpatient,167,1634000.0,9784.43,9584.51,2.09,Near Average
17008Q,Outpatient,318,92390.0,290.53,284.68,2.05,Near Average
1500QB,Inpatient,240,2347100.0,9779.58,9584.51,2.04,Near Average
1900KT,Outpatient,60,17430.0,290.5,284.68,2.04,Near Average
4400SS,Outpatient,332,96440.0,290.48,284.68,2.04,Near Average
4500CN,Outpatient,1405,408090.0,290.46,284.68,2.03,Near Average
3401XM,Outpatient,154,44730.0,290.45,284.68,2.03,Near Average
1001RD,Outpatient,99,28750.0,290.4,284.68,2.01,Near Average
3813SA,Outpatient,140,40650.0,290.36,284.68,2.0,Near Average
0504YJ,Inpatient,123,1202200.0,9773.98,9584.51,1.98,Near Average
2000YS,Outpatient,193,56030.0,290.31,284.68,1.98,Near Average
3301DD,Outpatient,1989,577310.0,290.25,284.68,1.96,Near Average
1100AP,Outpatient,215,62400.0,290.23,284.68,1.95,Near Average
0400JN,Outpatient,92,26700.0,290.22,284.68,1.95,Near Average
0503MN,Outpatient,50,14510.0,290.2,284.68,1.94,Near Average
17016H,Outpatient,310,89920.0,290.06,284.68,1.89,Near Average
0600XT,Outpatient,69,20010.0,290.0,284.68,1.87,Near Average
1025XV,Outpatient,90,26100.0,290.0,284.68,1.87,Near Average
2600PG,Inpatient,141,1376400.0,9761.7,9584.51,1.85,Near Average
3100JN,Outpatient,2086,604810.0,289.94,284.68,1.85,Near Average
2200XR,Outpatient,1518,440130.0,289.94,284.68,1.85,Near Average
3401VA,Outpatient,353,102330.0,289.89,284.68,1.83,Near Average
0825TU,Outpatient,56,16230.0,289.82,284.68,1.81,Near Average
1501MQ,Outpatient,768,222560.0,289.79,284.68,1.79,Near Average
4900NA,Inpatient,225,2194800.0,9754.67,9584.51,1.78,Near Average
1100KJ,Inpatient,95,926500.0,9752.63,9584.51,1.75,Near Average
3400WT,Outpatient,214,61990.0,289.67,284.68,1.75,Near Average
4200BC,Outpatient,147,42580.0,289.66,284.68,1.75,Near Average
3900KJ,Outpatient,253,73270.0,289.6,284.68,1.73,Near Average
1701JS,Outpatient,223,64580.0,289.6,284.68,1.73,Near Average
4900CD,Outpatient,2002,579760.0,289.59,284.68,1.72,Near Average
1525RH,Outpatient,117,33880.0,289.57,284.68,1.72,Near Average
3301UH,Outpatient,100,28950.0,289.5,284.68,1.69,Near Average
3000NJ,Outpatient,1023,296140.0,289.48,284.68,1.69,Near Average
0507AB,Inpatient,177,1725000.0,9745.76,9584.51,1.68,Near Average
3426GD,Outpatient,129,37340.0,289.46,284.68,1.68,Near Average
1513WQ,Outpatient,329,95230.0,289.45,284.68,1.68,Near Average
1813YA,Outpatient,89,25760.0,289.44,284.68,1.67,Near Average
0500CP,Outpatient,340,98400.0,289.41,284.68,1.66,Near Average
2200JJ,Inpatient,70,682000.0,9742.86,9584.51,1.65,Near Average
2602XD,Outpatient,347,100420.0,289.39,284.68,1.65,Near Average
1000VV,Inpatient,132,1285800.0,9740.91,9584.51,1.63,Near Average
3713MD,Outpatient,89,25750.0,289.33,284.68,1.63,Near Average
2301VQ,Outpatient,168,48580.0,289.17,284.68,1.58,Near Average
4502YA,Outpatient,56,16190.0,289.11,284.68,1.56,Near Average
4713HN,Outpatient,298,86150.0,289.09,284.68,1.55,Near Average
0100TU,Outpatient,83,23990.0,289.04,284.68,1.53,Near Average
5001PC,Inpatient,126,1226000.0,9730.16,9584.51,1.52,Near Average
3633MH,Outpatient,727,210110.0,289.01,284.68,1.52,Near Average
4501NM,Outpatient,218,63000.0,288.99,284.68,1.51,Near Average
2100JT,Outpatient,360,104030.0,288.97,284.68,1.51,Near Average
0401KM,Outpatient,548,158310.0,288.89,284.68,1.48,Near Average
3939ND,Outpatient,133,38400.0,288.72,284.68,1.42,Near Average
0700RR,Outpatient,77,22230.0,288.7,284.68,1.41,Near Average
2100RT,Inpatient,96,933000.0,9718.75,9584.51,1.4,Near Average
3902BJ,Outpatient,83,23960.0,288.67,284.68,1.4,Near Average
2200WA,Outpatient,52,15010.0,288.65,284.68,1.39,Near Average
3426TD,Outpatient,52,15010.0,288.65,284.68,1.39,Near Average
3400YP,Outpatient,514,148330.0,288.58,284.68,1.37,Near Average
1100TC,Inpatient,303,2943000.0,9712.87,9584.51,1.34,Near Average
3301UP,Outpatient,2191,632080.0,288.49,284.68,1.34,Near Average
4506CN,Outpatient,167,48170.0,288.44,284.68,1.32,Near Average
1002HG,Outpatient,77,22210.0,288.44,284.68,1.32,Near Average
34018R,Outpatient,122,35180.0,288.36,284.68,1.29,Near Average
0700PP,Outpatient,83,23930.0,288.31,284.68,1.28,Near Average
2100CN,Outpatient,621,179010.0,288.26,284.68,1.26,Near Average
3901KR,Inpatient,151,1465000.0,9701.99,9584.51,1.23,Near Average
3100VM,Inpatient,213,2066400.0,9701.41,9584.51,1.22,Near Average
3400XN,Inpatient,396,3841000.0,9699.49,9584.51,1.2,Near Average
0527KV,Outpatient,143,41200.0,288.11,284.68,1.2,Near Average
1000PP,Outpatient,239,68850.0,288.08,284.68,1.19,Near Average
3900TK,Outpatient,360,103690.0,288.03,284.68,1.18,Near Average
2513QG,Outpatient,81,23330.0,288.02,284.68,1.17,Near Average
4900VR,Outpatient,572,164740.0,288.01,284.68,1.17,Near Average
0501GK,Inpatient,64,620400.0,9693.75,9584.51,1.14,Near Average
3700AC,Inpatient,136,1318300.0,9693.38,9584.51,1.14,Near Average
0501SQ,Outpatient,124,35690.0,287.82,284.68,1.1,Near Average
5100SK,Outpatient,50,14390.0,287.8,284.68,1.1,Near Average
4400XJ,Inpatient,121,1172320.0,9688.6,9584.51,1.09,Near Average
3900NS,Outpatient,68,19570.0,287.79,284.68,1.09,Near Average
2500YK,Outpatient,90,25890.0,287.67,284.68,1.05,Near Average
3939TC,Outpatient,64,18410.0,287.66,284.68,1.05,Near Average
2100JM,Outpatient,76,21860.0,287.63,284.68,1.04,Near Average
1413MC,Outpatient,115,33070.0,287.57,284.68,1.02,Near Average
1003VC,Outpatient,61,17540.0,287.54,284.68,1.0,Near Average
2300AH,Inpatient,83,803400.0,9679.52,9584.51,0.99,Near Average
52006Q,Inpatient,53,513000.0,9679.25,9584.51,0.99,Near Average
0723AC,Outpatient,243,69840.0,287.41,284.68,0.96,Near Average
4500PB,Outpatient,57,16380.0,287.37,284.68,0.94,Near Average
14016U,Outpatient,393,112910.0,287.3,284.68,0.92,Near Average
27006D,Outpatient,85,24420.0,287.29,284.68,0.92,Near Average
2301GU,Outpatient,4421,1269740.0,287.21,284.68,0.89,Near Average
4425TR,Outpatient,76,21820.0,287.11,284.68,0.85,Near Average
1000NG,Inpatient,64,618500.0,9664.06,9584.51,0.83,Near Average
5213DU,Outpatient,304,87260.0,287.04,284.68,0.83,Near Average
1002CB,Outpatient,53,15210.0,286.98,284.68,0.81,Near Average
4900GQ,Inpatient,92,888800.0,9660.87,9584.51,0.8,Near Average
0101SS,Outpatient,249,71450.0,286.95,284.68,0.8,Near Average
4500PK,Outpatient,813,233290.0,286.95,284.68,0.8,Near Average
0503SD,Inpatient,296,2859200.0,9659.46,9584.51,0.78,Near Average
0500UR,Outpatient,68,19510.0,286.91,284.68,0.78,Near Average
1100KR,Outpatient,149,42750.0,286.91,284.68,0.78,Near Average
1001SP,Outpatient,325,93190.0,286.74,284.68,0.72,Near Average
3902UU,Outpatient,785,225090.0,286.74,284.68,0.72,Near Average
4500BM,Outpatient,950,272300.0,286.63,284.68,0.68,Near Average
1000AH,Inpatient,634,6116900.0,9648.11,9584.51,0.66,Near Average
1100TS,Outpatient,177,50720.0,286.55,284.68,0.66,Near Average
5000KV,Inpatient,107,1032100.0,9645.79,9584.51,0.64,Near Average
2500TC,Outpatient,125,35810.0,286.48,284.68,0.63,Near Average
1000QJ,Outpatient,65,18620.0,286.46,284.68,0.63,Near Average
1400RG,Outpatient,699,200160.0,286.35,284.68,0.59,Near Average
3100VC,Inpatient,261,2516000.0,9639.85,9584.51,0.58,Near Average
3800JG,Outpatient,532,152320.0,286.32,284.68,0.58,Near Average
1225HG,Outpatient,216,61840.0,286.3,284.68,0.57,Near Average
1002CK,Outpatient,377,107930.0,286.29,284.68,0.57,Near Average
3601QJ,Outpatient,258,73860.0,286.28,284.68,0.56,Near Average
1120ST,Outpatient,389,111360.0,286.27,284.68,0.56,Near Average
10008Q,Outpatient,546,156300.0,286.26,284.68,0.56,Near Average
1001ZQ,Inpatient,254,2447700.0,9636.61,9584.51,0.54,Near Average
5200YU,Outpatient,528,151110.0,286.19,284.68,0.53,Near Average
2301BR,Outpatient,715,204460.0,285.96,284.68,0.45,Near Average
2013JM,Outpatient,84,24020.0,285.95,284.68,0.45,Near Average
0502KN,Inpatient,144,1386190.0,9626.32,9584.51,0.44,Near Average
1900AJ,Inpatient,138,1328300.0,9625.36,9584.51,0.43,Near Average
1101XP,Outpatient,206,58890.0,285.87,284.68,0.42,Near Average
2302SU,Outpatient,108,30870.0,285.83,284.68,0.4,Near Average
3101AB,Inpatient,103,991000.0,9621.36,9584.51,0.38,Near Average
3800US,Outpatient,144,41150.0,285.76,284.68,0.38,Near Average
4900NH,Outpatient,514,146870.0,285.74,284.68,0.37,Near Average
1839QN,Outpatient,51,14570.0,285.69,284.68,0.35,Near Average
2900AM,Outpatient,69,19710.0,285.65,284.68,0.34,Near Average
4503JQ,Inpatient,91,875000.0,9615.38,9584.51,0.32,Near Average
4300HR,Inpatient,96,923000.0,9614.58,9584.51,0.31,Near Average
0503JS,Outpatient,59,16840.0,285.42,284.68,0.26,Near Average
3901AU,Outpatient,501,142960.0,285.35,284.68,0.24,Near Average
4600GH,Outpatient,84,23960.0,285.24,284.68,0.2,Near Average
3713NG,Outpatient,67,19110.0,285.22,284.68,0.19,Near Average
1000JR,Outpatient,296,84400.0,285.14,284.68,0.16,Near Average
4100GJ,Outpatient,219,62430.0,285.07,284.68,0.14,Near Average
3302SB,Outpatient,421,119990.0,285.01,284.68,0.12,Near Average
1101QN,Outpatient,128,36480.0,285.0,284.68,0.11,Near Average
1402QV,Outpatient,155,44170.0,284.97,284.68,0.1,Near Average
0501KH,Outpatient,77,21940.0,284.94,284.68,0.09,Near Average
4502AN,Outpatient,256,72940.0,284.92,284.68,0.08,Near Average
0501NK,Outpatient,197,56130.0,284.92,284.68,0.08,Near Average
42006Q,Outpatient,59,16810.0,284.92,284.68,0.08,Near Average
28138G,Outpatient,100,28490.0,284.9,284.68,0.08,Near Average
1113AN,Outpatient,51,14530.0,284.9,284.68,0.08,Near Average
0503QR,Outpatient,89,25350.0,284.83,284.68,0.05,Near Average
0502QC,Outpatient,80,22780.0,284.75,284.68,0.02,Near Average
5000MQ,Outpatient,314,89380.0,284.65,284.68,-0.01,Near Average
2700YB,Outpatient,212,60340.0,284.62,284.68,-0.02,Near Average
1900ZP,Inpatient,121,1159200.0,9580.17,9584.51,-0.05,Near Average
3400XN,Outpatient,589,167560.0,284.48,284.68,-0.07,Near Average
4901AD,Outpatient,529,150490.0,284.48,284.68,-0.07,Near Average
3301BB,Outpatient,114,32430.0,284.47,284.68,-0.07,Near Average
1113WG,Outpatient,108,30720.0,284.44,284.68,-0.08,Near Average
01006P,Outpatient,263,74800.0,284.41,284.68,-0.09,Near Average
2230XR,Outpatient,91,25880.0,284.4,284.68,-0.1,Near Average
3300XJ,Outpatient,206,58570.0,284.32,284.68,-0.13,Near Average
1613QQ,Outpatient,65,18480.0,284.31,284.68,-0.13,Near Average
2400QS,Inpatient,72,689000.0,9569.44,9584.51,-0.16,Near Average
0501MA,Outpatient,104,29560.0,284.23,284.68,-0.16,Near Average
0500YH,Outpatient,117,33250.0,284.19,284.68,-0.17,Near Average
3813XV,Outpatient,54,15340.0,284.07,284.68,-0.21,Near Average
1002VV,Outpatient,105,29820.0,284.0,284.68,-0.24,Near Average
1101WN,Outpatient,74,21000.0,283.78,284.68,-0.32,Near Average
0505DJ,Outpatient,77,21850.0,283.77,284.68,-0.32,Near Average
2801HG,Outpatient,191,54190.0,283.72,284.68,-0.34,Near Average
1600MG,Inpatient,71,678000.0,9549.3,9584.51,-0.37,Near Average
2302YG,Outpatient,491,139250.0,283.6,284.68,-0.38,Near Average
3600QA,Outpatient,2434,690290.0,283.6,284.68,-0.38,Near Average
06138K,Outpatient,53,15030.0,283.58,284.68,-0.39,Near Average
3400RU,Outpatient,319,90410.0,283.42,284.68,-0.44,Near Average
2400JM,Outpatient,1837,520620.0,283.41,284.68,-0.45,Near Average
0100PQ,Outpatient,155,43920.0,283.35,284.68,-0.47,Near Average
3800ZR,Inpatient,156,1488000.0,9538.46,9584.51,-0.48,Near Average
1500SD,Outpatient,202,57230.0,283.32,284.68,-0.48,Near Average
3700SP,Outpatient,201,56900.0,283.08,284.68,-0.56,Near Average
52016B,Outpatient,88,24910.0,283.07,284.68,-0.57,Near Average
4400MM,Outpatient,1699,480740.0,282.95,284.68,-0.61,Near Average
15006H,Outpatient,380,107520.0,282.95,284.68,-0.61,Near Average
2600SK,Outpatient,79,22340.0,282.78,284.68,-0.67,Near Average
0506MK,Outpatient,435,122990.0,282.74,284.68,-0.68,Near Average
2600BQ,Outpatient,415,117330.0,282.72,284.68,-0.69,Near Average
45006J,Inpatient,56,533000.0,9517.86,9584.51,-0.7,Near Average
3600TU,Inpatient,158,1503700.0,9517.09,9584.51,-0.7,Near Average
1400HK,Outpatient,442,124940.0,282.67,284.68,-0.71,Near Average
3401WK,Outpatient,301,85080.0,282.66,284.68,-0.71,Near Average
01S1YV,Inpatient,99,942000.0,9515.15,9584.51,-0.72,Near Average
3326XM,Outpatient,274,77440.0,282.63,284.68,-0.72,Near Average
2313AQ,Outpatient,147,41540.0,282.59,284.68,-0.73,Near Average
1402NT,Outpatient,922,260550.0,282.59,284.68,-0.73,Near Average
1600MG,Outpatient,124,35040.0,282.58,284.68,-0.74,Near Average
0400TA,Outpatient,187,52840.0,282.57,284.68,-0.74,Near Average
23136P,Outpatient,115,32490.0,282.52,284.68,-0.76,Near Average
5200HJ,Outpatient,144,40680.0,282.5,284.68,-0.77,Near Average
4100CG,Outpatient,141,39830.0,282.48,284.68,-0.77,Near Average
1401XB,Outpatient,2480,700510.0,282.46,284.68,-0.78,Near Average
4200NV,Outpatient,1026,289800.0,282.46,284.68,-0.78,Near Average
2700HN,Outpatient,191,53950.0,282.46,284.68,-0.78,Near Average
0513HH,Outpatient,555,156760.0,282.45,284.68,-0.78,Near Average
1002QH,Inpatient,63,599000.0,9507.94,9584.51,-0.8,Near Average
0502NQ,Outpatient,548,154730.0,282.35,284.68,-0.82,Near Average
0500DH,Outpatient,2816,794980.0,282.31,284.68,-0.83,Near Average
0502MP,Outpatient,70,19760.0,282.29,284.68,-0.84,Near Average
06006A,Outpatient,2154,608000.0,282.27,284.68,-0.85,Near Average
1501AC,Outpatient,97,27380.0,282.27,284.68,-0.85,Near Average
2100CN,Inpatient,68,646000.0,9500.0,9584.51,-0.88,Near Average
3900CA,Outpatient,77,21720.0,282.08,284.68,-0.91,Near Average
0100PH,Outpatient,509,143500.0,281.93,284.68,-0.97,Near Average
1000DC,Inpatient,53,503000.0,9490.57,9584.51,-0.98,Near Average
07008H,Outpatient,117,32980.0,281.88,284.68,-0.98,Near Average
2500XJ,Inpatient,76,721200.0,9489.47,9584.51,-0.99,Near Average
2700NT,Outpatient,401,113030.0,281.87,284.68,-0.99,Near Average
4400WA,Outpatient,76,21420.0,281.84,284.68,-1.0,Near Average
45018G,Outpatient,328,92430.0,281.8,284.68,-1.01,Near Average
3413DB,Outpatient,167,47060.0,281.8,284.68,-1.01,Near Average
0506MK,Inpatient,64,607000.0,9484.38,9584.51,-1.04,Near Average
3200GV,Outpatient,2142,603430.0,281.71,284.68,-1.04,Near Average
1601JV,Outpatient,59,16620.0,281.69,284.68,-1.05,Near Average
2313NU,Outpatient,271,76320.0,281.62,284.68,-1.07,Near Average
3901CQ,Outpatient,102,28720.0,281.57,284.68,-1.09,Near Average
2400JT,Outpatient,52,14640.0,281.54,284.68,-1.1,Near Average
3413JH,Outpatient,99,27870.0,281.52,284.68,-1.11,Near Average
2100UA,Outpatient,1292,363620.0,281.44,284.68,-1.14,Near Average
4000ZB,Outpatient,63,17730.0,281.43,284.68,-1.14,Near Average
2813GS,Outpatient,78,21950.0,281.41,284.68,-1.15,Near Average
0505YJ,Outpatient,1583,445310.0,281.31,284.68,-1.18,Near Average
2200TM,Outpatient,389,109410.0,281.26,284.68,-1.2,Near Average
3101AB,Outpatient,151,42470.0,281.26,284.68,-1.2,Near Average
2400XD,Outpatient,587,165090.0,281.24,284.68,-1.21,Near Average
0639CG,Outpatient,58,16310.0,281.21,284.68,-1.22,Near Average
6700HC,Outpatient,210,59040.0,281.14,284.68,-1.24,Near Average
0300AA,Outpatient,81,22770.0,281.11,284.68,-1.25,Near Average
3900MB,Outpatient,61,17140.0,280.98,284.68,-1.3,Near Average
2013QS,Outpatient,130,36500.0,280.77,284.68,-1.37,Near Average
1825BA,Outpatient,79,22180.0,280.76,284.68,-1.38,Near Average
5200NH,Outpatient,83,23300.0,280.72,284.68,-1.39,Near Average
15008R,Outpatient,169,47440.0,280.71,284.68,-1.39,Near Average
1100WV,Inpatient,55,519600.0,9447.27,9584.51,-1.43,Near Average
5000PS,Inpatient,129,1218690.0,9447.21,9584.51,-1.43,Near Average
4401DM,Inpatient,233,2201020.0,9446.44,9584.51,-1.44,Near Average
3301CC,Outpatient,102,28620.0,280.59,284.68,-1.44,Near Average
0700BJ,Outpatient,56,15710.0,280.54,284.68,-1.45,Near Average
4900HA,Outpatient,232,65080.0,280.52,284.68,-1.46,Near Average
2600AP,Outpatient,546,153120.0,280.44,284.68,-1.49,Near Average
3326HA,Outpatient,72,20190.0,280.42,284.68,-1.5,Near Average
3513ZT,Outpatient,75,21030.0,280.4,284.68,-1.5,Near Average
3100VM,Outpatient,79,22150.0,280.38,284.68,-1.51,Near Average
34138G,Outpatient,311,87170.0,280.29,284.68,-1.54,Near Average
0300DD,Inpatient,209,1972200.0,9436.36,9584.51,-1.55,Near Average
3400DH,Inpatient,80,754900.0,9436.25,9584.51,-1.55,Near Average
4530TB,Outpatient,111,31110.0,280.27,284.68,-1.55,Near Average
3901PD,Outpatient,351,98370.0,280.26,284.68,-1.55,Near Average
3301TU,Outpatient,197,55210.0,280.25,284.68,-1.56,Near Average
4500DP,Outpatient,2593,726610.0,280.22,284.68,-1.57,Near Average
3900GK,Inpatient,105,990500.0,9433.33,9584.51,-1.58,Near Average
4300QC,Outpatient,157,43990.0,280.19,284.68,-1.58,Near Average
0100ZG,Outpatient,60,16810.0,280.17,284.68,-1.58,Near Average
3401TG,Outpatient,182,50990.0,280.16,284.68,-1.59,Near Average
23006G,Inpatient,772,7280500.0,9430.7,9584.51,-1.6,Near Average
3100XU,Outpatient,2330,652650.0,280.11,284.68,-1.61,Near Average
2400YU,Outpatient,1953,547020.0,280.09,284.68,-1.61,Near Average
3313PB,Outpatient,114,31930.0,280.09,284.68,-1.61,Near Average
3800CV,Outpatient,424,118740.0,280.05,284.68,-1.63,Near Average
1001WM,Outpatient,1381,386740.0,280.04,284.68,-1.63,Near Average
2300KS,Outpatient,221,61880.0,280.0,284.68,-1.64,Near Average
1413SB,Outpatient,183,51240.0,280.0,284.68,-1.64,Near Average
4505QV,Inpatient,61,575000.0,9426.23,9584.51,-1.65,Near Average
1501ZA,Inpatient,217,2044800.0,9423.04,9584.51,-1.68,Near Average
03008J,Outpatient,527,147510.0,279.91,284.68,-1.68,Near Average
2300AQ,Outpatient,1177,329430.0,279.89,284.68,-1.68,Near Average
2200YC,Outpatient,522,146070.0,279.83,284.68,-1.7,Near Average
2201YM,Inpatient,284,2675400.0,9420.42,9584.51,-1.71,Near Average
0100QB,Outpatient,225,62940.0,279.73,284.68,-1.74,Near Average
3900VN,Outpatient,423,118280.0,279.62,284.68,-1.78,Near Average
5100WQ,Outpatient,78,21810.0,279.62,284.68,-1.78,Near Average
4500CU,Outpatient,1349,377200.0,279.61,284.68,-1.78,Near Average
4900KU,Outpatient,161,45010.0,279.57,284.68,-1.79,Near Average
10018S,Outpatient,3582,1001380.0,279.56,284.68,-1.8,Near Average
3900MB,Inpatient,82,771700.0,9410.98,9584.51,-1.81,Near Average
4508RB,Outpatient,260,72670.0,279.5,284.68,-1.82,Near Average
3901CA,Outpatient,301,84120.0,279.47,284.68,-1.83,Near Average
2500ZM,Outpatient,70,19560.0,279.43,284.68,-1.84,Near Average
3100CG,Outpatient,223,62310.0,279.42,284.68,-1.85,Near Average
2085AA,Outpatient,180,50270.0,279.28,284.68,-1.9,Near Average
3900AN,Outpatient,68,18990.0,279.26,284.68,-1.9,Near Average
2600PG,Outpatient,159,44400.0,279.25,284.68,-1.91,Near Average
0325NC,Outpatient,106,29600.0,279.25,284.68,-1.91,Near Average
2302QS,Outpatient,477,133170.0,279.18,284.68,-1.93,Near Average
2501QH,Inpatient,180,1691500.0,9397.22,9584.51,-1.95,Near Average
3400RD,Inpatient,101,948600.0,9392.08,9584.51,-2.01,Near Average
1100QH,Outpatient,63,17570.0,278.89,284.68,-2.03,Near Average
1002ZT,Inpatient,206,1934000.0,9388.35,9584.51,-2.05,Near Average
2200YC,Inpatient,67,629000.0,9388.06,9584.51,-2.05,Near Average
4900ZV,Inpatient,84,788400.0,9385.71,9584.51,-2.07,Near Average
55198J,Outpatient,224,62450.0,278.79,284.68,-2.07,Near Average
2500WQ,Outpatient,110,30660.0,278.73,284.68,-2.09,Near Average
0600SN,Outpatient,141,39300.0,278.72,284.68,-2.09,Near Average
1119SV,Outpatient,96,26750.0,278.65,284.68,-2.12,Near Average
1600GH,Inpatient,179,1678750.0,9378.49,9584.51,-2.15,Near Average
1000JB,Outpatient,825,229820.0,278.57,284.68,-2.15,Near Average
1000GD,Outpatient,2753,766790.0,278.53,284.68,-2.16,Near Average
1101GR,Outpatient,345,96060.0,278.43,284.68,-2.2,Near Average
3600UG,Outpatient,866,241070.0,278.37,284.68,-2.22,Near Average
2302XD,Outpatient,196,54550.0,278.32,284.68,-2.23,Near Average
0400VC,Outpatient,197,54820.0,278.27,284.68,-2.25,Near Average
5113CN,Outpatient,83,23090.0,278.19,284.68,-2.28,Near Average
0600AB,Outpatient,216,60050.0,278.01,284.68,-2.34,Near Average
3400KG,Outpatient,129,35850.0,277.91,284.68,-2.38,Near Average
3902VH,Outpatient,183,50840.0,277.81,284.68,-2.41,Near Average
18256P,Outpatient,85,23600.0,277.65,284.68,-2.47,Near Average
0501GK,Outpatient,173,48030.0,277.63,284.68,-2.48,Near Average
1002SB,Outpatient,141,39140.0,277.59,284.68,-2.49,Near Average
3301XM,Outpatient,117,32470.0,277.52,284.68,-2.52,Near Average
2600BQ,Inpatient,76,709900.0,9340.79,9584.51,-2.54,Near Average
4502PT,Outpatient,82,22750.0,277.44,284.68,-2.54,Near Average
3800GK,Outpatient,984,272650.0,277.08,284.68,-2.67,Near Average
1400DQ,Inpatient,70,652830.0,9326.14,9584.51,-2.7,Near Average
3901VU,Outpatient,239,66200.0,276.99,284.68,-2.7,Near Average
0700QQ,Outpatient,63,17450.0,276.98,284.68,-2.7,Near Average
14016U,Inpatient,105,979100.0,9324.76,9584.51,-2.71,Near Average
4503XA,Outpatient,2151,595770.0,276.97,284.68,-2.71,Near Average
3901XQ,Outpatient,59,16340.0,276.95,284.68,-2.72,Near Average
1025SJ,Outpatient,52,14400.0,276.92,284.68,-2.73,Near Average
06018D,Inpatient,153,1425760.0,9318.69,9584.51,-2.77,Near Average
3400HK,Outpatient,363,100470.0,276.78,284.68,-2.78,Near Average
3600VQ,Outpatient,1423,393750.0,276.7,284.68,-2.8,Near Average
1801HQ,Outpatient,208,57550.0,276.68,284.68,-2.81,Near Average
3900NM,Inpatient,151,1406180.0,9312.45,9584.51,-2.84,Near Average
2413MT,Outpatient,53,14660.0,276.6,284.68,-2.84,Near Average
1613QV,Outpatient,106,29320.0,276.6,284.68,-2.84,Near Average
3323PB,Outpatient,102,28210.0,276.57,284.68,-2.85,Near Average
1800GK,Outpatient,70,19360.0,276.57,284.68,-2.85,Near Average
3600NG,Outpatient,1793,495850.0,276.55,284.68,-2.86,Near Average
2900QD,Outpatient,94,25990.0,276.49,284.68,-2.88,Near Average
3418DV,Outpatient,74,20460.0,276.49,284.68,-2.88,Near Average
0503NV,Inpatient,135,1256500.0,9307.41,9584.51,-2.89,Near Average
1800GS,Outpatient,261,72140.0,276.4,284.68,-2.91,Near Average
0504VD,Outpatient,538,148700.0,276.39,284.68,-2.91,Near Average
4700HR,Outpatient,661,182670.0,276.35,284.68,-2.93,Near Average
0800NT,Inpatient,132,1228000.0,9303.03,9584.51,-2.94,Near Average
19028T,Outpatient,62,17130.0,276.29,284.68,-2.95,Near Average
10S0QS,Inpatient,66,613800.0,9300.0,9584.51,-2.97,Near Average
3301CM,Outpatient,1610,444530.0,276.11,284.68,-3.01,Near Average
4439CV,Outpatient,105,28990.0,276.1,284.68,-3.01,Near Average
0101JJ,Outpatient,69,19050.0,276.09,284.68,-3.02,Near Average
1800MB,Outpatient,101,27880.0,276.04,284.68,-3.03,Near Average
3200AR,Outpatient,91,25120.0,276.04,284.68,-3.03,Near Average
2200VV,Inpatient,52,483200.0,9292.31,9584.51,-3.05,Near Average
5001YQ,Outpatient,1103,304430.0,276.0,284.68,-3.05,Near Average
1000MD,Outpatient,70,19320.0,276.0,284.68,-3.05,Near Average
3100PS,Inpatient,148,1375000.0,9290.54,9584.51,-3.07,Near Average
3902XB,Inpatient,213,1978800.0,9290.14,9584.51,-3.07,Near Average
2600ZT,Inpatient,422,3919890.0,9288.84,9584.51,-3.08,Near Average
3602RQ,Outpatient,1494,412160.0,275.88,284.68,-3.09,Near Average
3600JR,Outpatient,456,125790.0,275.86,284.68,-3.1,Near Average
1800ZS,Outpatient,115,31720.0,275.83,284.68,-3.11,Near Average
0600VB,Outpatient,67,18480.0,275.82,284.68,-3.11,Near Average
4501DK,Outpatient,92,25370.0,275.76,284.68,-3.13,Near Average
2601MU,Inpatient,96,891000.0,9281.25,9584.51,-3.16,Near Average
4508CK,Outpatient,269,74130.0,275.58,284.68,-3.2,Near Average
3401QB,Outpatient,132,36360.0,275.45,284.68,-3.24,Near Average
3303NG,Outpatient,2468,679780.0,275.44,284.68,-3.25,Near Average
1400GR,Outpatient,606,166910.0,275.43,284.68,-3.25,Near Average
0200QN,Outpatient,148,40760.0,275.41,284.68,-3.26,Near Average
28006G,Outpatient,774,213090.0,275.31,284.68,-3.29,Near Average
1100SK,Inpatient,230,2131700.0,9268.26,9584.51,-3.3,Near Average
06008K,Outpatient,106,29180.0,275.28,284.68,-3.3,Near Average
4400YC,Outpatient,1606,442070.0,275.26,284.68,-3.31,Near Average
6700RG,Outpatient,1014,279020.0,275.17,284.68,-3.34,Near Average
0507JM,Outpatient,140,38520.0,275.14,284.68,-3.35,Near Average
3400BT,Inpatient,99,917000.0,9262.63,9584.51,-3.36,Near Average
1513TM,Outpatient,143,39340.0,275.1,284.68,-3.37,Near Average
44006N,Inpatient,54,500000.0,9259.26,9584.51,-3.39,Near Average
4900WS,Outpatient,110,30250.0,275.0,284.68,-3.4,Near Average
1200YJ,Outpatient,335,92120.0,274.99,284.68,-3.4,Near Average
5000UK,Outpatient,122,33540.0,274.92,284.68,-3.43,Near Average
4900QS,Outpatient,57,15670.0,274.91,284.68,-3.43,Near Average
1813VD,Outpatient,188,51680.0,274.89,284.68,-3.44,Near Average
1002PP,Outpatient,372,102260.0,274.89,284.68,-3.44,Near Average
3400ZQ,Inpatient,199,1841570.0,9254.12,9584.51,-3.45,Near Average
1401BJ,Outpatient,265,72840.0,274.87,284.68,-3.45,Near Average
01008R,Outpatient,136,37380.0,274.85,284.68,-3.45,Near Average
3100CP,Outpatient,141,38750.0,274.82,284.68,-3.46,Near Average
2301DT,Outpatient,266,73080.0,274.74,284.68,-3.49,Near Average
3100KV,Outpatient,981,269460.0,274.68,284.68,-3.51,Near Average
0101SK,Outpatient,102,28010.0,274.61,284.68,-3.54,Near Average
3130ZG,Outpatient,1246,342160.0,274.61,284.68,-3.54,Near Average
1000UU,Inpatient,119,1100000.0,9243.7,9584.51,-3.56,Near Average
5201TA,Inpatient,171,1580200.0,9240.94,9584.51,-3.58,Near Average
2100GQ,Outpatient,393,107880.0,274.5,284.68,-3.58,Near Average
3500YK,Outpatient,76,20860.0,274.47,284.68,-3.59,Near Average
0700QA,Inpatient,184,1699850.0,9238.32,9584.51,-3.61,Near Average
0503HQ,Inpatient,63,582000.0,9238.1,9584.51,-3.61,Near Average
1700JJ,Outpatient,3632,996660.0,274.41,284.68,-3.61,Near Average
2601TU,Outpatient,343,94100.0,274.34,284.68,-3.63,Near Average
5201BD,Outpatient,106,29080.0,274.34,284.68,-3.63,Near Average
2713GQ,Outpatient,67,18380.0,274.33,284.68,-3.64,Near Average
4400TT,Outpatient,287,78710.0,274.25,284.68,-3.66,Near Average
04136S,Outpatient,52,14260.0,274.23,284.68,-3.67,Near Average
5000QT,Outpatient,65,17820.0,274.15,284.68,-3.7,Near Average
0503DN,Outpatient,336,92110.0,274.14,284.68,-3.7,Near Average
3930MD,Inpatient,71,655200.0,9228.17,9584.51,-3.72,Near Average
3500AP,Outpatient,98,26860.0,274.08,284.68,-3.72,Near Average
4502GS,Outpatient,193,52890.0,274.04,284.68,-3.74,Near Average
2313BR,Outpatient,94,25760.0,274.04,284.68,-3.74,Near Average
20006U,Outpatient,67,18360.0,274.03,284.68,-3.74,Near Average
2501QH,Outpatient,149,40800.0,273.83,284.68,-3.81,Near Average
0301AU,Outpatient,141,38610.0,273.83,284.68,-3.81,Near Average
2300BR,Outpatient,241,65980.0,273.78,284.68,-3.83,Near Average
3901MB,Outpatient,106,29020.0,273.77,284.68,-3.83,Near Average
1400MQ,Outpatient,130,35580.0,273.69,284.68,-3.86,Near Average
3302YS,Outpatient,315,86210.0,273.68,284.68,-3.86,Near Average
3301SM,Outpatient,237,64850.0,273.63,284.68,-3.88,Near Average
3601ZG,Outpatient,248,67820.0,273.47,284.68,-3.94,Near Average
2600GD,Inpatient,110,1012000.0,9200.0,9584.51,-4.01,Near Average
1401BA,Outpatient,849,231990.0,273.25,284.68,-4.02,Near Average
1002CR,Outpatient,143,39070.0,273.22,284.68,-4.03,Near Average
3901ZS,Inpatient,76,699000.0,9197.37,9584.51,-4.04,Near Average
2400VB,Inpatient,56,515000.0,9196.43,9584.51,-4.05,Near Average
3300VU,Outpatient,440,120170.0,273.11,284.68,-4.06,Near Average
2600QH,Inpatient,162,1489200.0,9192.59,9584.51,-4.09,Near Average
3100TJ,Outpatient,1082,295320.0,272.94,284.68,-4.12,Near Average
2301VH,Outpatient,325,88700.0,272.92,284.68,-4.13,Near Average
0101MC,Inpatient,118,1084000.0,9186.44,9584.51,-4.15,Near Average
3100ZR,Outpatient,1995,544200.0,272.78,284.68,-4.18,Near Average
3425QN,Outpatient,238,64920.0,272.77,284.68,-4.18,Near Average
0326WB,Outpatient,58,15820.0,272.76,284.68,-4.19,Near Average
36008A,Inpatient,180,1652800.0,9182.22,9584.51,-4.2,Near Average
1700JJ,Inpatient,297,2726600.0,9180.47,9584.51,-4.22,Near Average
1800AD,Inpatient,151,1386000.0,9178.81,9584.51,-4.23,Near Average
1100RJ,Outpatient,266,72520.0,272.63,284.68,-4.23,Near Average
0300QJ,Outpatient,616,167920.0,272.6,284.68,-4.24,Near Average
3901BV,Outpatient,878,239300.0,272.55,284.68,-4.26,Near Average
4225ZV,Outpatient,67,18260.0,272.54,284.68,-4.26,Near Average
4500PK,Inpatient,149,1367000.0,9174.5,9584.51,-4.28,Near Average
5039XV,Outpatient,74,20160.0,272.43,284.68,-4.3,Near Average
5000VC,Outpatient,1239,337410.0,272.32,284.68,-4.34,Near Average
05008T,Outpatient,200,54460.0,272.3,284.68,-4.35,Near Average
3901YJ,Outpatient,472,128510.0,272.27,284.68,-4.36,Near Average
2600DS,Outpatient,238,64800.0,272.27,284.68,-4.36,Near Average
3601ST,Outpatient,407,110810.0,272.26,284.68,-4.36,Near Average
1600PJ,Outpatient,72,19600.0,272.22,284.68,-4.38,Near Average
3601XC,Outpatient,216,58790.0,272.18,284.68,-4.39,Near Average
1801QB,Outpatient,51,13880.0,272.16,284.68,-4.4,Near Average
1300XD,Outpatient,108,29390.0,272.13,284.68,-4.41,Near Average
3301WK,Outpatient,521,141770.0,272.11,284.68,-4.42,Near Average
46008K,Outpatient,308,83810.0,272.11,284.68,-4.42,Near Average
1002XB,Outpatient,58,15780.0,272.07,284.68,-4.43,Near Average
1002RJ,Outpatient,955,259790.0,272.03,284.68,-4.44,Near Average
2713CU,Outpatient,85,23120.0,272.0,284.68,-4.45,Near Average
2600CB,Outpatient,151,41070.0,271.99,284.68,-4.46,Near Average
0100RC,Outpatient,203,55210.0,271.97,284.68,-4.46,Near Average
4200NH,Outpatient,157,42700.0,271.97,284.68,-4.46,Near Average
1000AQ,Inpatient,135,1236000.0,9155.56,9584.51,-4.48,Near Average
5300RA,Outpatient,116,31540.0,271.9,284.68,-4.49,Near Average
1402ZM,Outpatient,719,195490.0,271.89,284.68,-4.49,Near Average
11136C,Outpatient,59,16040.0,271.86,284.68,-4.5,Near Average
0101KK,Outpatient,288,78290.0,271.84,284.68,-4.51,Near Average
3400TH,Outpatient,102,27720.0,271.76,284.68,-4.54,Near Average
3602MK,Outpatient,735,199730.0,271.74,284.68,-4.55,Near Average
2201YM,Outpatient,364,98910.0,271.73,284.68,-4.55,Near Average
3425WV,Outpatient,58,15760.0,271.72,284.68,-4.55,Near Average
3301BB,Inpatient,171,1564280.0,9147.84,9584.51,-4.56,Near Average
3600MD,Outpatient,365,99160.0,271.67,284.68,-4.57,Near Average
3302TC,Outpatient,110,29880.0,271.64,284.68,-4.58,Near Average
15008B,Inpatient,235,2149000.0,9144.68,9584.51,-4.59,Near Average
0502VR,Inpatient,177,1618300.0,9142.94,9584.51,-4.61,Near Average
2200SK,Outpatient,67,18190.0,271.49,284.68,-4.63,Near Average
1102VS,Inpatient,85,776900.0,9140.0,9584.51,-4.64,Near Average
1402HU,Outpatient,893,242430.0,271.48,284.68,-4.64,Near Average
1002TC,Outpatient,290,78720.0,271.45,284.68,-4.65,Near Average
3600JK,Outpatient,430,116720.0,271.44,284.68,-4.65,Near Average
1513JA,Outpatient,68,18450.0,271.32,284.68,-4.69,Near Average
1400SH,Outpatient,92,24960.0,271.3,284.68,-4.7,Near Average
2900UB,Outpatient,470,127490.0,271.26,284.68,-4.71,Near Average
0501WU,Outpatient,113,30650.0,271.24,284.68,-4.72,Near Average
3600CS,Inpatient,171,1560800.0,9127.49,9584.51,-4.77,Near Average
4501ZC,Outpatient,82,22230.0,271.1,284.68,-4.77,Near Average
2500QH,Inpatient,56,511000.0,9125.0,9584.51,-4.79,Near Average
4526NC,Outpatient,114,30900.0,271.05,284.68,-4.79,Near Average
0500AC,Outpatient,97,26290.0,271.03,284.68,-4.79,Near Average
1113CH,Outpatient,88,23850.0,271.02,284.68,-4.8,Near Average
3625NH,Outpatient,91,24660.0,270.99,284.68,-4.81,Near Average
0500VS,Inpatient,160,1459010.0,9118.81,9584.51,-4.86,Near Average
5001WN,Outpatient,633,171430.0,270.82,284.68,-4.87,Near Average
3300DB,Outpatient,161,43600.0,270.81,284.68,-4.87,Near Average
0505QG,Outpatient,2114,572450.0,270.79,284.68,-4.88,Near Average
2813QG,Outpatient,51,13810.0,270.78,284.68,-4.88,Near Average
05006K,Outpatient,143,38720.0,270.77,284.68,-4.89,Near Average
14018H,Inpatient,173,1576900.0,9115.03,9584.51,-4.9,Near Average
01006V,Outpatient,94,25450.0,270.74,284.68,-4.9,Near Average
1401RJ,Inpatient,55,501000.0,9109.09,9584.51,-4.96,Near Average
1401YS,Inpatient,127,1156710.0,9107.95,9584.51,-4.97,Near Average
0506BH,Outpatient,115,31110.0,270.52,284.68,-4.97,Near Average
3300SJ,Outpatient,77,20830.0,270.52,284.68,-4.97,Near Average
4505ZC,Outpatient,160,43280.0,270.5,284.68,-4.98,Near Average
49018D,Outpatient,73,19740.0,270.41,284.68,-5.01,Near Average
33266H,Outpatient,113,30550.0,270.35,284.68,-5.03,Near Average
4401UG,Outpatient,194,52440.0,270.31,284.68,-5.05,Near Average
3900SR,Outpatient,358,96770.0,270.31,284.68,-5.05,Near Average
2100NQ,Inpatient,206,1874000.0,9097.09,9584.51,-5.09,Near Average
37016P,Outpatient,1045,282300.0,270.14,284.68,-5.11,Near Average
0300KM,Outpatient,196,52940.0,270.1,284.68,-5.12,Near Average
10016B,Inpatient,138,1254400.0,9089.86,9584.51,-5.16,Near Average
3813WU,Outpatient,101,27270.0,270.0,284.68,-5.16,Near Average
01006V,Inpatient,80,727000.0,9087.5,9584.51,-5.19,Near Average
0501RV,Inpatient,136,1235500.0,9084.56,9584.51,-5.22,Near Average
4501KR,Outpatient,379,102210.0,269.68,284.68,-5.27,Near Average
1100UD,Inpatient,51,463000.0,9078.43,9584.51,-5.28,Near Average
2400DG,Outpatient,1724,464780.0,269.59,284.68,-5.3,Near Average
4503MS,Outpatient,82,22100.0,269.51,284.68,-5.33,Near Average
4525SC,Outpatient,56,15090.0,269.46,284.68,-5.35,Near Average
4513DG,Outpatient,112,30180.0,269.46,284.68,-5.35,Near Average
05036H,Outpatient,2480,667880.0,269.31,284.68,-5.4,Near Average
3900UC,Inpatient,76,689000.0,9065.79,9584.51,-5.41,Near Average
0501RG,Outpatient,78,21000.0,269.23,284.68,-5.43,Near Average
3701WA,Outpatient,121,32570.0,269.17,284.68,-5.45,Near Average
5200SN,Outpatient,191,51410.0,269.16,284.68,-5.45,Near Average
45016T,Outpatient,191,51410.0,269.16,284.68,-5.45,Near Average
3700UB,Outpatient,285,76710.0,269.16,284.68,-5.45,Near Average
1100GT,Outpatient,260,69980.0,269.15,284.68,-5.46,Near Average
0500TA,Outpatient,57,15340.0,269.12,284.68,-5.47,Near Average
2813KA,Outpatient,57,15340.0,269.12,284.68,-5.47,Near Average
4506QS,Outpatient,502,135080.0,269.08,284.68,-5.48,Near Average
45086P,Outpatient,53,14260.0,269.06,284.68,-5.49,Near Average
5100SB,Outpatient,70,18830.0,269.0,284.68,-5.51,Near Average
2300KS,Inpatient,159,1439800.0,9055.35,9584.51,-5.52,Near Average
4900WC,Outpatient,77,20690.0,268.7,284.68,-5.61,Near Average
2302ZH,Inpatient,153,1383930.0,9045.29,9584.51,-5.63,Near Average
3500HU,Outpatient,239,64210.0,268.66,284.68,-5.63,Near Average
05056M,Outpatient,110,29550.0,268.64,284.68,-5.63,Near Average
3813RV,Outpatient,403,108260.0,268.64,284.68,-5.63,Near Average
3100XG,Outpatient,109,29280.0,268.62,284.68,-5.64,Near Average
2913UM,Outpatient,366,98310.0,268.61,284.68,-5.64,Near Average
41006B,Inpatient,93,841000.0,9043.01,9584.51,-5.65,Near Average
2500PG,Inpatient,61,551600.0,9042.62,9584.51,-5.65,Near Average
3335KB,Outpatient,56,15040.0,268.57,284.68,-5.66,Near Average
3313KU,Outpatient,243,65240.0,268.48,284.68,-5.69,Near Average
4506BM,Outpatient,328,88060.0,268.48,284.68,-5.69,Near Average
1101BN,Outpatient,97,26040.0,268.45,284.68,-5.7,Near Average
3600TD,Outpatient,742,199110.0,268.34,284.68,-5.74,Near Average
4901RP,Outpatient,571,153200.0,268.3,284.68,-5.75,Near Average
2201WJ,Outpatient,205,55000.0,268.29,284.68,-5.76,Near Average
0400TQ,Outpatient,116,31120.0,268.28,284.68,-5.76,Near Average
1601NC,Inpatient,67,605100.0,9031.34,9584.51,-5.77,Near Average
4528MT,Outpatient,175,46930.0,268.17,284.68,-5.8,Near Average
3301AR,Outpatient,114,30570.0,268.16,284.68,-5.8,Near Average
2300ZN,Outpatient,92,24670.0,268.15,284.68,-5.81,Near Average
2302TV,Outpatient,693,185760.0,268.05,284.68,-5.84,Near Average
4901RP,Inpatient,60,541400.0,9023.33,9584.51,-5.86,Near Average
4200VJ,Outpatient,248,66460.0,267.98,284.68,-5.87,Near Average
3304NA,Outpatient,84,22500.0,267.86,284.68,-5.91,Near Average
10026U,Inpatient,196,1767300.0,9016.84,9584.51,-5.92,Near Average
1113BP,Outpatient,110,29460.0,267.82,284.68,-5.92,Near Average
3302UN,Outpatient,193,51690.0,267.82,284.68,-5.92,Near Average
23136G,Outpatient,179,47940.0,267.82,284.68,-5.92,Near Average
1000GU,Inpatient,62,559000.0,9016.13,9584.51,-5.93,Near Average
1500WK,Outpatient,89,23830.0,267.75,284.68,-5.95,Near Average
1401HG,Outpatient,80,21410.0,267.63,284.68,-5.99,Near Average
1401AV,Outpatient,741,198300.0,267.61,284.68,-6.0,Near Average
1101HC,Outpatient,108,28900.0,267.59,284.68,-6.0,Near Average
4200SD,Inpatient,95,855800.0,9008.42,9584.51,-6.01,Near Average
0700NU,Outpatient,897,239960.0,267.51,284.68,-6.03,Near Average
5139XA,Outpatient,76,20330.0,267.5,284.68,-6.03,Near Average
01016U,Outpatient,182,48680.0,267.47,284.68,-6.05,Near Average
4508JR,Outpatient,971,259670.0,267.43,284.68,-6.06,Near Average
3100ZR,Inpatient,81,729000.0,9000.0,9584.51,-6.1,Near Average
1113UC,Outpatient,59,15770.0,267.29,284.68,-6.11,Near Average
0500VC,Outpatient,106,28330.0,267.26,284.68,-6.12,Near Average
0503AR,Outpatient,97,25920.0,267.22,284.68,-6.13,Near Average
0434JG,Outpatient,168,44880.0,267.14,284.68,-6.16,Near Average
36006P,Inpatient,54,485600.0,8992.59,9584.51,-6.18,Near Average
33026U,Inpatient,118,1061000.0,8991.53,9584.51,-6.19,Near Average
3302QQ,Inpatient,74,665100.0,8987.84,9584.51,-6.23,Near Average
19006Q,Outpatient,52,13880.0,266.92,284.68,-6.24,Near Average
3302YK,Outpatient,117,31230.0,266.92,284.68,-6.24,Near Average
0700JR,Inpatient,233,2093700.0,8985.84,9584.51,-6.25,Near Average
3400YV,Outpatient,128,34160.0,266.88,284.68,-6.25,Near Average
1000WA,Outpatient,1827,487460.0,266.81,284.68,-6.28,Near Average
2200PP,Outpatient,214,57090.0,266.78,284.68,-6.29,Near Average
4513UQ,Outpatient,188,50150.0,266.76,284.68,-6.29,Near Average
2602YG,Outpatient,222,59220.0,266.76,284.68,-6.29,Near Average
4200SD,Outpatient,339,90400.0,266.67,284.68,-6.33,Near Average
3200ZG,Inpatient,115,1032100.0,8974.78,9584.51,-6.36,Near Average
0900UA,Outpatient,105,27990.0,266.57,284.68,-6.36,Near Average
3702KD,Outpatient,336,89560.0,266.55,284.68,-6.37,Near Average
27006D,Inpatient,60,538400.0,8973.33,9584.51,-6.38,Near Average
1830CD,Inpatient,55,493500.0,8972.73,9584.51,-6.38,Near Average
4507BD,Outpatient,760,202460.0,266.39,284.68,-6.42,Near Average
2600PP,Outpatient,116,30900.0,266.38,284.68,-6.43,Near Average
4200CT,Inpatient,61,547000.0,8967.21,9584.51,-6.44,Near Average
2500XJ,Outpatient,187,49790.0,266.26,284.68,-6.47,Near Average
4900PJ,Inpatient,55,493000.0,8963.64,9584.51,-6.48,Near Average
1600KD,Outpatient,321,85460.0,266.23,284.68,-6.48,Near Average
2100NQ,Outpatient,122,32470.0,266.15,284.68,-6.51,Near Average
1419MR,Outpatient,57,15170.0,266.14,284.68,-6.51,Near Average
5000BN,Outpatient,859,228610.0,266.14,284.68,-6.51,Near Average
3900WG,Outpatient,57,15170.0,266.14,284.68,-6.51,Near Average
45026C,Outpatient,117,31130.0,266.07,284.68,-6.54,Near Average
0300QR,Inpatient,116,1039000.0,8956.9,9584.51,-6.55,Near Average
1401RR,Inpatient,431,3859280.0,8954.25,9584.51,-6.58,Near Average
2400QC,Outpatient,59,15690.0,265.93,284.68,-6.59,Near Average
2200JA,Outpatient,688,182910.0,265.86,284.68,-6.61,Near Average
1501RN,Outpatient,109,28970.0,265.78,284.68,-6.64,Near Average
2100ZH,Inpatient,206,1842900.0,8946.12,9584.51,-6.66,Near Average
0601WU,Outpatient,142,37730.0,265.7,284.68,-6.67,Near Average
4530UM,Outpatient,188,49920.0,265.53,284.68,-6.73,Near Average
3603KM,Outpatient,53,14070.0,265.47,284.68,-6.75,Near Average
5201CG,Inpatient,63,563000.0,8936.51,9584.51,-6.76,Near Average
5201NR,Inpatient,62,554000.0,8935.48,9584.51,-6.77,Near Average
34008M,Outpatient,87,23090.0,265.4,284.68,-6.77,Near Average
0413CP,Outpatient,93,24670.0,265.27,284.68,-6.82,Near Average
3901YB,Outpatient,86,22810.0,265.23,284.68,-6.83,Near Average
0503TU,Outpatient,140,37130.0,265.21,284.68,-6.84,Near Average
3700AM,Outpatient,78,20680.0,265.13,284.68,-6.87,Near Average
3813CH,Outpatient,154,40830.0,265.13,284.68,-6.87,Near Average
0300CC,Outpatient,56,14840.0,265.0,284.68,-6.91,Near Average
1300ZH,Outpatient,223,59090.0,264.98,284.68,-6.92,Near Average
0600NH,Outpatient,170,45040.0,264.94,284.68,-6.93,Near Average
3401PA,Outpatient,217,57490.0,264.93,284.68,-6.94,Near Average
35006N,Outpatient,593,157090.0,264.91,284.68,-6.94,Near Average
0503WK,Outpatient,78,20660.0,264.87,284.68,-6.96,Near Average
0506GC,Inpatient,87,775300.0,8911.49,9584.51,-7.02,Near Average
3300UD,Outpatient,81,21440.0,264.69,284.68,-7.02,Near Average
1100HD,Outpatient,610,161390.0,264.57,284.68,-7.06,Near Average
3013GK,Outpatient,84,22190.0,264.17,284.68,-7.2,Near Average
4900NA,Outpatient,1519,401260.0,264.16,284.68,-7.21,Near Average
3426RR,Outpatient,142,37510.0,264.15,284.68,-7.21,Near Average
18016Q,Outpatient,177,46750.0,264.12,284.68,-7.22,Near Average
3200KD,Outpatient,175,46220.0,264.11,284.68,-7.23,Near Average
4900CN,Outpatient,1331,351510.0,264.09,284.68,-7.23,Near Average
1413ZC,Outpatient,377,99530.0,264.01,284.68,-7.26,Near Average
3100MA,Outpatient,60,15840.0,264.0,284.68,-7.26,Near Average
1101GB,Outpatient,238,62830.0,263.99,284.68,-7.27,Near Average
1200YJ,Inpatient,53,471000.0,8886.79,9584.51,-7.28,Near Average
0505KQ,Inpatient,249,2212600.0,8885.94,9584.51,-7.29,Near Average
4500ZH,Outpatient,95,25070.0,263.89,284.68,-7.3,Near Average
25136M,Outpatient,293,77300.0,263.82,284.68,-7.33,Near Average
1901ZJ,Outpatient,68,17940.0,263.82,284.68,-7.33,Near Average
3500WH,Outpatient,403,106230.0,263.6,284.68,-7.4,Near Average
0601TR,Outpatient,53,13970.0,263.58,284.68,-7.41,Near Average
4500JD,Outpatient,245,64570.0,263.55,284.68,-7.42,Near Average
3401ST,Outpatient,201,52970.0,263.53,284.68,-7.43,Near Average
1101PM,Outpatient,119,31360.0,263.53,284.68,-7.43,Near Average
45T8NA,Inpatient,78,692000.0,8871.79,9584.51,-7.44,Near Average
2501DC,Outpatient,124,32670.0,263.47,284.68,-7.45,Near Average
3901NC,Outpatient,55,14490.0,263.45,284.68,-7.46,Near Average
0502SU,Outpatient,96,25290.0,263.44,284.68,-7.46,Near Average
4508BA,Outpatient,161,42410.0,263.42,284.68,-7.47,Near Average
3800WU,Outpatient,261,68750.0,263.41,284.68,-7.47,Near Average
3100GJ,Outpatient,144,37930.0,263.4,284.68,-7.48,Near Average
1000UU,Outpatient,825,217270.0,263.36,284.68,-7.49,Near Average
3301GP,Outpatient,162,42660.0,263.33,284.68,-7.5,Near Average
3600WB,Outpatient,3502,922140.0,263.32,284.68,-7.5,Near Average
3700JD,Outpatient,573,150860.0,263.28,284.68,-7.52,Near Average
3301QJ,Outpatient,92,24220.0,263.26,284.68,-7.52,Near Average
2601QB,Outpatient,507,133460.0,263.23,284.68,-7.53,Near Average
1118RK,Outpatient,140,36850.0,263.21,284.68,-7.54,Near Average
3600BB,Outpatient,53,13950.0,263.21,284.68,-7.54,Near Average
0518VN,Outpatient,518,136290.0,263.11,284.68,-7.58,Near Average
2200PG,Outpatient,680,178890.0,263.07,284.68,-7.59,Near Average
4501PN,Outpatient,273,71780.0,262.93,284.68,-7.64,Near Average
1001BD,Outpatient,813,213720.0,262.88,284.68,-7.66,Near Average
1001HK,Outpatient,171,44950.0,262.87,284.68,-7.66,Near Average
5550PB,Outpatient,143,37590.0,262.87,284.68,-7.66,Near Average
5201TA,Outpatient,120,31540.0,262.83,284.68,-7.68,Near Average
5000CG,Outpatient,2778,729920.0,262.75,284.68,-7.7,Near Average
3302MC,Inpatient,77,681000.0,8844.16,9584.51,-7.72,Near Average
1800DJ,Outpatient,52,13650.0,262.5,284.68,-7.79,Near Average
4400WQ,Outpatient,142,37270.0,262.46,284.68,-7.81,Near Average
2613PT,Outpatient,66,17320.0,262.42,284.68,-7.82,Near Average
1101KH,Outpatient,113,29650.0,262.39,284.68,-7.83,Near Average
5001VM,Inpatient,57,503500.0,8833.33,9584.51,-7.84,Near Average
3302DC,Inpatient,60,530000.0,8833.33,9584.51,-7.84,Near Average
0400AC,Outpatient,1805,473560.0,262.36,284.68,-7.84,Near Average
1000GN,Outpatient,158,41450.0,262.34,284.68,-7.85,Near Average
2300SS,Outpatient,103,27010.0,262.23,284.68,-7.89,Near Average
4506UA,Outpatient,390,102240.0,262.15,284.68,-7.91,Near Average
2313DM,Outpatient,196,51380.0,262.14,284.68,-7.92,Near Average
33016V,Outpatient,242,63430.0,262.11,284.68,-7.93,Near Average
3439DK,Outpatient,129,33810.0,262.09,284.68,-7.94,Near Average
1402CR,Inpatient,161,1420000.0,8819.88,9584.51,-7.98,Near Average
4501JQ,Outpatient,1499,392620.0,261.92,284.68,-7.99,Near Average
3400UB,Outpatient,736,192700.0,261.82,284.68,-8.03,Near Average
3301NV,Outpatient,165,43200.0,261.82,284.68,-8.03,Near Average
2300QA,Outpatient,98,25650.0,261.73,284.68,-8.06,Near Average
1018SC,Outpatient,179,46850.0,261.73,284.68,-8.06,Near Average
2301QA,Outpatient,143,37420.0,261.68,284.68,-8.08,Near Average
0700WA,Outpatient,187,48930.0,261.66,284.68,-8.09,Near Average
2302XD,Inpatient,81,713500.0,8808.64,9584.51,-8.1,Near Average
44S1DD,Inpatient,73,643000.0,8808.22,9584.51,-8.1,Near Average
1925BU,Outpatient,56,14650.0,261.61,284.68,-8.1,Near Average
16236N,Outpatient,112,29300.0,261.61,284.68,-8.1,Near Average
4504KP,Outpatient,2140,559810.0,261.59,284.68,-8.11,Near Average
3302SS,Outpatient,60,15690.0,261.5,284.68,-8.14,Near Average
4507BT,Inpatient,112,986000.0,8803.57,9584.51,-8.15,Near Average
1001QC,Outpatient,1382,361380.0,261.49,284.68,-8.15,Near Average
3100GR,Outpatient,185,48370.0,261.46,284.68,-8.16,Near Average
3601KC,Outpatient,1011,264280.0,261.4,284.68,-8.18,Near Average
5000YH,Outpatient,1070,279660.0,261.36,284.68,-8.19,Near Average
4200MU,Outpatient,338,88280.0,261.18,284.68,-8.25,Near Average
4220HV,Outpatient,119,31080.0,261.18,284.68,-8.25,Near Average
0502CD,Outpatient,51,13320.0,261.18,284.68,-8.25,Near Average
0720MA,Outpatient,887,231580.0,261.08,284.68,-8.29,Near Average
3400YH,Outpatient,54,14090.0,260.93,284.68,-8.34,Near Average
3335JA,Outpatient,132,34440.0,260.91,284.68,-8.35,Near Average
4503DK,Outpatient,55,14350.0,260.91,284.68,-8.35,Near Average
3302WQ,Inpatient,92,808000.0,8782.61,9584.51,-8.37,Near Average
10008H,Outpatient,293,76430.0,260.85,284.68,-8.37,Near Average
4500UA,Outpatient,70,18250.0,260.71,284.68,-8.42,Near Average
4300HR,Outpatient,102,26590.0,260.69,284.68,-8.43,Near Average
1500ZV,Outpatient,92,23980.0,260.65,284.68,-8.44,Near Average
1000AH,Outpatient,1788,466010.0,260.63,284.68,-8.45,Near Average
4506MP,Outpatient,598,155830.0,260.59,284.68,-8.46,Near Average
3318HQ,Outpatient,799,208210.0,260.59,284.68,-8.46,Near Average
1102VS,Outpatient,150,39080.0,260.53,284.68,-8.48,Near Average
0101XR,Outpatient,414,107860.0,260.53,284.68,-8.48,Near Average
1000BA,Outpatient,94,24490.0,260.53,284.68,-8.48,Near Average
3400RD,Outpatient,162,42200.0,260.49,284.68,-8.5,Near Average
1002AH,Inpatient,65,570000.0,8769.23,9584.51,-8.51,Near Average
0101UU,Outpatient,95,24740.0,260.42,284.68,-8.52,Near Average
2602CN,Outpatient,396,103120.0,260.4,284.68,-8.53,Near Average
0600ZH,Outpatient,53,13800.0,260.38,284.68,-8.54,Near Average
0501BG,Inpatient,98,859000.0,8765.31,9584.51,-8.55,Near Average
3301RC,Outpatient,717,186660.0,260.33,284.68,-8.55,Near Average
45026C,Inpatient,82,718600.0,8763.41,9584.51,-8.57,Near Average
0400DH,Outpatient,93,24200.0,260.22,284.68,-8.59,Near Average
4400TC,Outpatient,98,25500.0,260.2,284.68,-8.6,Near Average
0900SU,Outpatient,1402,364770.0,260.18,284.68,-8.61,Near Average
0613BC,Outpatient,115,29920.0,260.17,284.68,-8.61,Near Average
4600YU,Outpatient,301,78300.0,260.13,284.68,-8.62,Near Average
1713PB,Outpatient,157,40840.0,260.13,284.68,-8.62,Near Average
2300AH,Outpatient,187,48640.0,260.11,284.68,-8.63,Near Average
1100UD,Outpatient,223,57980.0,260.0,284.68,-8.67,Near Average
26026J,Outpatient,74,19240.0,260.0,284.68,-8.67,Near Average
1900NV,Outpatient,72,18720.0,260.0,284.68,-8.67,Near Average
3602CJ,Outpatient,161,41850.0,259.94,284.68,-8.69,Near Average
1100DS,Outpatient,599,155690.0,259.92,284.68,-8.7,Near Average
2000ZT,Outpatient,190,49380.0,259.89,284.68,-8.71,Near Average
0501NB,Outpatient,736,191280.0,259.89,284.68,-8.71,Near Average
3301JS,Outpatient,115,29880.0,259.83,284.68,-8.73,Near Average
4900BC,Outpatient,689,178990.0,259.78,284.68,-8.75,Near Average
2800BJ,Inpatient,56,489300.0,8737.5,9584.51,-8.84,Near Average
2400QS,Outpatient,162,42040.0,259.51,284.68,-8.84,Near Average
34ZJRQ,Outpatient,644,167090.0,259.46,284.68,-8.86,Near Average
3100SH,Outpatient,53,13750.0,259.43,284.68,-8.87,Near Average
0301TK,Outpatient,85,22050.0,259.41,284.68,-8.88,Near Average
5125VD,Outpatient,51,13230.0,259.41,284.68,-8.88,Near Average
1900HH,Outpatient,83,21530.0,259.4,284.68,-8.88,Near Average
5200WC,Outpatient,233,60410.0,259.27,284.68,-8.93,Near Average
2000GD,Outpatient,241,62460.0,259.17,284.68,-8.96,Near Average
1413KB,Outpatient,186,48190.0,259.09,284.68,-8.99,Near Average
0300HV,Outpatient,265,68660.0,259.09,284.68,-8.99,Near Average
3902QA,Outpatient,86,22280.0,259.07,284.68,-9.0,Near Average
3930SM,Outpatient,576,149210.0,259.05,284.68,-9.0,Near Average
0502QS,Outpatient,158,40930.0,259.05,284.68,-9.0,Near Average
1701AJ,Outpatient,723,187220.0,258.95,284.68,-9.04,Near Average
2534AJ,Outpatient,76,19680.0,258.95,284.68,-9.04,Near Average
3400NR,Outpatient,242,62660.0,258.93,284.68,-9.05,Near Average
4925ZP,Outpatient,65,16830.0,258.92,284.68,-9.05,Near Average
3900MR,Outpatient,53,13720.0,258.87,284.68,-9.07,Near Average
2401NM,Outpatient,61,15790.0,258.85,284.68,-9.07,Near Average
0725AA,Outpatient,69,17860.0,258.84,284.68,-9.08,Near Average
2000HG,Inpatient,231,2012800.0,8713.42,9584.51,-9.09,Near Average
3300JQ,Outpatient,124,32080.0,258.71,284.68,-9.12,Near Average
4700GQ,Outpatient,240,62090.0,258.71,284.68,-9.12,Near Average
2302KU,Outpatient,168,43460.0,258.69,284.68,-9.13,Near Average
1800TK,Outpatient,407,105250.0,258.6,284.68,-9.16,Near Average
1000GU,Outpatient,693,179210.0,258.6,284.68,-9.16,Near Average
4200ZV,Outpatient,1295,334780.0,258.52,284.68,-9.19,Near Average
3900XQ,Outpatient,879,227230.0,258.51,284.68,-9.19,Near Average
45008S,Outpatient,78,20160.0,258.46,284.68,-9.21,Near Average
3801JK,Outpatient,271,70030.0,258.41,284.68,-9.23,Near Average
0501US,Outpatient,112,28940.0,258.39,284.68,-9.23,Near Average
1825VQ,Outpatient,251,64840.0,258.33,284.68,-9.26,Near Average
4400GT,Outpatient,53,13690.0,258.3,284.68,-9.27,Near Average
4238XH,Outpatient,53,13690.0,258.3,284.68,-9.27,Near Average
33T2MM,Outpatient,816,210690.0,258.2,284.68,-9.3,Near Average
3301YD,Outpatient,170,43870.0,258.06,284.68,-9.35,Near Average
26258G,Outpatient,76,19610.0,258.03,284.68,-9.36,Near Average
2200GD,Inpatient,168,1459000.0,8684.52,9584.51,-9.39,Near Average
3400SP,Inpatient,222,1927800.0,8683.78,9584.51,-9.4,Near Average
2601VA,Outpatient,84,21660.0,257.86,284.68,-9.42,Near Average
3901DR,Outpatient,88,22690.0,257.84,284.68,-9.43,Near Average
2100NA,Outpatient,897,231240.0,257.79,284.68,-9.45,Near Average
2800KS,Outpatient,368,94860.0,257.77,284.68,-9.45,Near Average
1901HK,Outpatient,139,35830.0,257.77,284.68,-9.45,Near Average
1865MQ,Outpatient,94,24230.0,257.77,284.68,-9.45,Near Average
1102HK,Outpatient,524,135060.0,257.75,284.68,-9.46,Near Average
4507GA,Outpatient,222,57220.0,257.75,284.68,-9.46,Near Average
2000VP,Outpatient,96,24740.0,257.71,284.68,-9.47,Near Average
2100XD,Outpatient,65,16750.0,257.69,284.68,-9.48,Near Average
10136G,Outpatient,120,30920.0,257.67,284.68,-9.49,Near Average
03016T,Outpatient,55,14170.0,257.64,284.68,-9.5,Near Average
4300DV,Outpatient,53,13650.0,257.55,284.68,-9.53,Near Average
1000AQ,Outpatient,618,159150.0,257.52,284.68,-9.54,Near Average
1613ND,Outpatient,95,24450.0,257.37,284.68,-9.59,Near Average
3301QJ,Inpatient,90,779800.0,8664.44,9584.51,-9.6,Near Average
1000MM,Outpatient,150,38600.0,257.33,284.68,-9.61,Near Average
1002DM,Inpatient,53,459000.0,8660.38,9584.51,-9.64,Near Average
0504GK,Outpatient,61,15690.0,257.21,284.68,-9.65,Near Average
2313XK,Outpatient,271,69700.0,257.2,284.68,-9.65,Near Average
2100VK,Outpatient,70,18000.0,257.14,284.68,-9.67,Near Average
3902VV,Outpatient,146,37540.0,257.12,284.68,-9.68,Near Average
1300GQ,Outpatient,128,32910.0,257.11,284.68,-9.68,Near Average
3100YV,Outpatient,93,23910.0,257.1,284.68,-9.69,Near Average
1600WS,Outpatient,93,23910.0,257.1,284.68,-9.69,Near Average
1100AG,Outpatient,456,117230.0,257.08,284.68,-9.7,Near Average
24SRNK,Outpatient,65,16710.0,257.08,284.68,-9.7,Near Average
1600CD,Outpatient,603,155010.0,257.06,284.68,-9.7,Near Average
3601HV,Outpatient,98,25190.0,257.04,284.68,-9.71,Near Average
1613CK,Outpatient,67,17220.0,257.01,284.68,-9.72,Near Average
5201ZA,Outpatient,191,49080.0,256.96,284.68,-9.74,Near Average
5200RT,Outpatient,120,30830.0,256.92,284.68,-9.75,Near Average
2500BH,Outpatient,517,132810.0,256.89,284.68,-9.76,Near Average
1402QV,Inpatient,77,665700.0,8645.45,9584.51,-9.8,Near Average
4506CN,Inpatient,53,458000.0,8641.51,9584.51,-9.84,Near Average
5013KA,Outpatient,134,34390.0,256.64,284.68,-9.85,Near Average
0700HP,Outpatient,125,32070.0,256.56,284.68,-9.88,Near Average
1026PS,Outpatient,285,73120.0,256.56,284.68,-9.88,Near Average
3901PD,Inpatient,133,1148700.0,8636.84,9584.51,-9.89,Near Average
1501UR,Inpatient,76,656400.0,8636.84,9584.51,-9.89,Near Average
1401JR,Outpatient,1347,345440.0,256.45,284.68,-9.92,Near Average
5213ZP,Outpatient,193,49490.0,256.42,284.68,-9.93,Near Average
4400VV,Outpatient,741,189990.0,256.4,284.68,-9.93,Near Average
1130HA,Outpatient,335,85880.0,256.36,284.68,-9.95,Near Average
0503RC,Outpatient,634,162510.0,256.32,284.68,-9.96,Near Average
0413KV,Outpatient,53,13580.0,256.23,284.68,-9.99,Near Average
1900CM,Outpatient,55,14090.0,256.18,284.68,-10.01,Below Average
1300DP,Outpatient,193,49440.0,256.17,284.68,-10.01,Below Average
3000PK,Outpatient,86,22020.0,256.05,284.68,-10.06,Below Average
3918DC,Outpatient,206,52740.0,256.02,284.68,-10.07,Below Average
2501PG,Outpatient,331,84720.0,255.95,284.68,-10.09,Below Average
2600XJ,Outpatient,63,16120.0,255.87,284.68,-10.12,Below Average
2813CQ,Outpatient,60,15350.0,255.83,284.68,-10.13,Below Average
3302BQ,Inpatient,215,1851800.0,8613.02,9584.51,-10.14,Below Average
4713GM,Outpatient,285,72900.0,255.79,284.68,-10.15,Below Average
2301KC,Outpatient,295,75450.0,255.76,284.68,-10.16,Below Average
2118TG,Outpatient,161,41170.0,255.71,284.68,-10.18,Below Average
1901WD,Outpatient,291,74380.0,255.6,284.68,-10.21,Below Average
0101AV,Inpatient,53,456000.0,8603.77,9584.51,-10.23,Below Average
1900ZG,Outpatient,240,61330.0,255.54,284.68,-10.24,Below Average
0613XT,Outpatient,355,90700.0,255.49,284.68,-10.25,Below Average
13KMZN,Outpatient,207,52880.0,255.46,284.68,-10.26,Below Average
2601BK,Outpatient,1927,492190.0,255.42,284.68,-10.28,Below Average
4000GK,Outpatient,50,12770.0,255.4,284.68,-10.29,Below Average
4528YS,Outpatient,54,13790.0,255.37,284.68,-10.3,Below Average
0500VS,Outpatient,66,16850.0,255.3,284.68,-10.32,Below Average
3400MQ,Outpatient,116,29610.0,255.26,284.68,-10.33,Below Average
4313CP,Outpatient,57,14550.0,255.26,284.68,-10.33,Below Average
0700JJ,Outpatient,2257,576120.0,255.26,284.68,-10.33,Below Average
1001CG,Outpatient,1044,266410.0,255.18,284.68,-10.36,Below Average
3413WV,Outpatient,232,59190.0,255.13,284.68,-10.38,Below Average
3601WR,Inpatient,127,1090800.0,8588.98,9584.51,-10.39,Below Average
4500QM,Outpatient,345,88000.0,255.07,284.68,-10.4,Below Average
0500BN,Outpatient,50,12750.0,255.0,284.68,-10.43,Below Average
3135VM,Outpatient,92,23460.0,255.0,284.68,-10.43,Below Average
2213YB,Outpatient,273,69610.0,254.98,284.68,-10.43,Below Average
3425CA,Outpatient,77,19630.0,254.94,284.68,-10.45,Below Average
4100AC,Outpatient,338,86160.0,254.91,284.68,-10.46,Below Average
3601GU,Outpatient,618,157520.0,254.89,284.68,-10.46,Below Average
1801KT,Outpatient,142,36190.0,254.86,284.68,-10.47,Below Average
3601MD,Outpatient,159,40520.0,254.84,284.68,-10.48,Below Average
1800SA,Outpatient,251,63940.0,254.74,284.68,-10.52,Below Average
0503WB,Outpatient,1115,283960.0,254.67,284.68,-10.54,Below Average
0400XU,Outpatient,58,14770.0,254.66,284.68,-10.55,Below Average
3600JB,Outpatient,919,234010.0,254.64,284.68,-10.55,Below Average
3300VG,Inpatient,89,763000.0,8573.03,9584.51,-10.55,Below Average
2200JA,Inpatient,110,943000.0,8572.73,9584.51,-10.56,Below Average
5200GH,Inpatient,133,1139700.0,8569.17,9584.51,-10.59,Below Average
3302GD,Outpatient,152,38670.0,254.41,284.68,-10.63,Below Average
2320KM,Outpatient,324,82410.0,254.35,284.68,-10.65,Below Average
5200YU,Inpatient,80,685000.0,8562.5,9584.51,-10.66,Below Average
2201XK,Outpatient,147,37380.0,254.29,284.68,-10.68,Below Average
1100WV,Outpatient,421,107010.0,254.18,284.68,-10.71,Below Average
3300CA,Inpatient,56,479100.0,8555.36,9584.51,-10.74,Below Average
5202NV,Outpatient,101,25650.0,253.96,284.68,-10.79,Below Average
10016B,Outpatient,1318,334710.0,253.95,284.68,-10.79,Below Average
1400HS,Outpatient,580,147280.0,253.93,284.68,-10.8,Below Average
3304NA,Inpatient,89,760500.0,8544.94,9584.51,-10.85,Below Average
1413NM,Outpatient,220,55830.0,253.77,284.68,-10.86,Below Average
1634NU,Outpatient,91,23090.0,253.74,284.68,-10.87,Below Average
1225GD,Outpatient,213,54040.0,253.71,284.68,-10.88,Below Average
3300KR,Inpatient,76,649000.0,8539.47,9584.51,-10.9,Below Average
3200CM,Outpatient,72,18260.0,253.61,284.68,-10.91,Below Average
3302QQ,Outpatient,83,21050.0,253.61,284.68,-10.91,Below Average
05026A,Outpatient,92,23330.0,253.59,284.68,-10.92,Below Average
3300CA,Outpatient,348,88250.0,253.59,284.68,-10.92,Below Average
1001MV,Outpatient,115,29160.0,253.57,284.68,-10.93,Below Average
5200NQ,Outpatient,138,34990.0,253.55,284.68,-10.94,Below Average
2900JU,Inpatient,61,520400.0,8531.15,9584.51,-10.99,Below Average
2600MM,Outpatient,185,46850.0,253.24,284.68,-11.04,Below Average
2201HV,Outpatient,888,224830.0,253.19,284.68,-11.06,Below Average
4513KT,Outpatient,117,29610.0,253.08,284.68,-11.1,Below Average
1401GD,Outpatient,216,54660.0,253.06,284.68,-11.11,Below Average
3302ZT,Outpatient,232,58700.0,253.02,284.68,-11.12,Below Average
5200DU,Outpatient,95,24030.0,252.95,284.68,-11.15,Below Average
1913HR,Outpatient,191,48290.0,252.83,284.68,-11.19,Below Average
3900BP,Outpatient,600,151690.0,252.82,284.68,-11.19,Below Average
5200QK,Outpatient,69,17440.0,252.75,284.68,-11.22,Below Average
1089NQ,Outpatient,129,32600.0,252.71,284.68,-11.23,Below Average
2301ZN,Outpatient,101,25520.0,252.67,284.68,-11.24,Below Average
4500AS,Inpatient,69,587000.0,8507.25,9584.51,-11.24,Below Average
1000PH,Outpatient,133,33600.0,252.63,284.68,-11.26,Below Average
52008K,Outpatient,575,145260.0,252.63,284.68,-11.26,Below Average
33138S,Outpatient,62,15660.0,252.58,284.68,-11.28,Below Average
1900QR,Outpatient,691,174500.0,252.53,284.68,-11.29,Below Average
4400HG,Outpatient,170,42930.0,252.53,284.68,-11.29,Below Average
5200VR,Outpatient,128,32320.0,252.5,284.68,-11.3,Below Average
5013ZC,Outpatient,101,25500.0,252.48,284.68,-11.31,Below Average
0513MN,Outpatient,174,43920.0,252.41,284.68,-11.34,Below Average
3000GA,Outpatient,196,49470.0,252.4,284.68,-11.34,Below Average
1100MS,Outpatient,67,16910.0,252.39,284.68,-11.34,Below Average
1401GN,Outpatient,560,141330.0,252.38,284.68,-11.35,Below Average
4900GV,Inpatient,167,1418300.0,8492.81,9584.51,-11.39,Below Average
1901AC,Inpatient,59,501000.0,8491.53,9584.51,-11.4,Below Average
3902NU,Outpatient,3466,874080.0,252.19,284.68,-11.41,Below Average
2400VB,Outpatient,201,50690.0,252.19,284.68,-11.41,Below Average
2100YP,Inpatient,69,585900.0,8491.3,9584.51,-11.41,Below Average
1401QH,Outpatient,145,36560.0,252.14,284.68,-11.43,Below Average
3400QT,Outpatient,120,30250.0,252.08,284.68,-11.45,Below Average
5213NH,Outpatient,240,60500.0,252.08,284.68,-11.45,Below Average
1034CD,Outpatient,139,35020.0,251.94,284.68,-11.5,Below Average
4505MS,Outpatient,99,24940.0,251.92,284.68,-11.51,Below Average
0502KU,Outpatient,66,16620.0,251.82,284.68,-11.54,Below Average
2930AT,Inpatient,55,466000.0,8472.73,9584.51,-11.6,Below Average
3000KG,Outpatient,1156,290880.0,251.63,284.68,-11.61,Below Average
3301ST,Outpatient,78,19620.0,251.54,284.68,-11.64,Below Average
3300RA,Outpatient,219,55070.0,251.46,284.68,-11.67,Below Average
3303WR,Outpatient,85,21370.0,251.41,284.68,-11.69,Below Average
1500TP,Outpatient,65,16340.0,251.38,284.68,-11.7,Below Average
3013DJ,Outpatient,58,14580.0,251.38,284.68,-11.7,Below Average
2713QS,Outpatient,66,16590.0,251.36,284.68,-11.7,Below Average
2100TH,Outpatient,1201,301860.0,251.34,284.68,-11.71,Below Average
1025NS,Outpatient,76,19100.0,251.32,284.68,-11.72,Below Average
2534HH,Outpatient,108,27140.0,251.3,284.68,-11.73,Below Average
4505QV,Outpatient,143,35930.0,251.26,284.68,-11.74,Below Average
3913TQ,Outpatient,203,51000.0,251.23,284.68,-11.75,Below Average
0100KT,Inpatient,97,820000.0,8453.61,9584.51,-11.8,Below Average
0500BD,Outpatient,133,33390.0,251.05,284.68,-11.81,Below Average
1900QB,Outpatient,87,21840.0,251.03,284.68,-11.82,Below Average
01008J,Outpatient,1341,336580.0,250.99,284.68,-11.83,Below Average
11S1PS,Inpatient,65,549300.0,8450.77,9584.51,-11.83,Below Average
5201NR,Outpatient,388,97380.0,250.98,284.68,-11.84,Below Average
1401CK,Outpatient,248,62240.0,250.97,284.68,-11.84,Below Average
1413XJ,Outpatient,74,18570.0,250.95,284.68,-11.85,Below Average
3901DK,Outpatient,447,112150.0,250.89,284.68,-11.87,Below Average
1100SK,Outpatient,1877,470780.0,250.82,284.68,-11.89,Below Average
1000ZD,Outpatient,194,48660.0,250.82,284.68,-11.89,Below Average
0100MD,Outpatient,212,53170.0,250.8,284.68,-11.9,Below Average
3600XS,Outpatient,402,100780.0,250.7,284.68,-11.94,Below Average
2500AG,Inpatient,50,422000.0,8440.0,9584.51,-11.94,Below Average
1000XK,Outpatient,126,31570.0,250.56,284.68,-11.99,Below Average
4439KH,Outpatient,141,35320.0,250.5,284.68,-12.01,Below Average
3000BT,Outpatient,563,141020.0,250.48,284.68,-12.01,Below Average
04008M,Outpatient,106,26550.0,250.47,284.68,-12.02,Below Average
4918HJ,Outpatient,92,23030.0,250.33,284.68,-12.07,Below Average
3301TN,Outpatient,64,16020.0,250.31,284.68,-12.07,Below Average
1000VH,Outpatient,3394,849460.0,250.28,284.68,-12.08,Below Average
4503SB,Outpatient,444,111120.0,250.27,284.68,-12.09,Below Average
1100ZM,Outpatient,56,14010.0,250.18,284.68,-12.12,Below Average
5001SH,Outpatient,76,19010.0,250.13,284.68,-12.14,Below Average
4401HP,Outpatient,92,23000.0,250.0,284.68,-12.18,Below Average
3601DD,Outpatient,403,100730.0,249.95,284.68,-12.2,Below Average
0300JK,Outpatient,114,28490.0,249.91,284.68,-12.21,Below Average
4200JS,Outpatient,96,23990.0,249.9,284.68,-12.22,Below Average
5000GR,Outpatient,484,120910.0,249.81,284.68,-12.25,Below Average
5200UQ,Outpatient,149,37220.0,249.8,284.68,-12.25,Below Average
1002YS,Outpatient,270,67430.0,249.74,284.68,-12.27,Below Average
3601SM,Outpatient,296,73920.0,249.73,284.68,-12.28,Below Average
0500JD,Outpatient,78,19470.0,249.62,284.68,-12.32,Below Average
5113WC,Outpatient,62,15470.0,249.52,284.68,-12.35,Below Average
2100WC,Outpatient,253,63110.0,249.45,284.68,-12.38,Below Average
4200RC,Outpatient,52,12970.0,249.42,284.68,-12.39,Below Average
15136U,Outpatient,188,46890.0,249.41,284.68,-12.39,Below Average
0100UP,Outpatient,418,104240.0,249.38,284.68,-12.4,Below Average
3800HC,Outpatient,254,63320.0,249.29,284.68,-12.43,Below Average
3426YK,Outpatient,194,48360.0,249.28,284.68,-12.44,Below Average
2100YG,Outpatient,426,106170.0,249.23,284.68,-12.45,Below Average
0400XG,Outpatient,682,169920.0,249.15,284.68,-12.48,Below Average
2386KQ,Outpatient,139,34610.0,248.99,284.68,-12.54,Below Average
10028V,Outpatient,543,135180.0,248.95,284.68,-12.55,Below Average
3900HM,Inpatient,74,620000.0,8378.38,9584.51,-12.58,Below Average
3701TD,Outpatient,162,40300.0,248.77,284.68,-12.61,Below Average
4508AH,Outpatient,94,23380.0,248.72,284.68,-12.63,Below Average
1900PA,Outpatient,211,52470.0,248.67,284.68,-12.65,Below Average
1730JK,Inpatient,62,519000.0,8370.97,9584.51,-12.66,Below Average
2800DM,Outpatient,159,39530.0,248.62,284.68,-12.67,Below Average
3813QU,Outpatient,107,26600.0,248.6,284.68,-12.67,Below Average
3625WK,Outpatient,432,107390.0,248.59,284.68,-12.68,Below Average
3626MJ,Outpatient,98,24360.0,248.57,284.68,-12.68,Below Average
05018N,Inpatient,217,1815500.0,8366.36,9584.51,-12.71,Below Average
0500ZJ,Outpatient,492,122240.0,248.46,284.68,-12.72,Below Average
2085GG,Outpatient,87,21610.0,248.39,284.68,-12.75,Below Average
1001VS,Outpatient,136,33780.0,248.38,284.68,-12.75,Below Average
2201JB,Outpatient,91,22600.0,248.35,284.68,-12.76,Below Average
5213PA,Outpatient,93,23090.0,248.28,284.68,-12.79,Below Average
3013TB,Outpatient,480,119160.0,248.25,284.68,-12.8,Below Average
3902CK,Outpatient,1423,353200.0,248.21,284.68,-12.81,Below Average
4507VS,Inpatient,73,610000.0,8356.16,9584.51,-12.82,Below Average
2413UG,Outpatient,119,29520.0,248.07,284.68,-12.86,Below Average
4508ZD,Outpatient,153,37930.0,247.91,284.68,-12.92,Below Average
1400YH,Outpatient,258,63950.0,247.87,284.68,-12.93,Below Average
5013XA,Outpatient,99,24520.0,247.68,284.68,-13.0,Below Average
4600CD,Outpatient,198,49030.0,247.63,284.68,-13.01,Below Average
0825AA,Outpatient,52,12870.0,247.5,284.68,-13.06,Below Average
3100PS,Outpatient,1787,442270.0,247.49,284.68,-13.06,Below Average
2013KN,Outpatient,628,155340.0,247.36,284.68,-13.11,Below Average
25138U,Outpatient,81,20030.0,247.28,284.68,-13.14,Below Average
4900MP,Outpatient,366,90480.0,247.21,284.68,-13.16,Below Average
1001GJ,Outpatient,335,82780.0,247.1,284.68,-13.2,Below Average
3900XH,Outpatient,121,29890.0,247.02,284.68,-13.23,Below Average
5100BQ,Outpatient,221,54590.0,247.01,284.68,-13.23,Below Average
4500BM,Inpatient,103,856000.0,8310.68,9584.51,-13.29,Below Average
3000DV,Outpatient,176,43430.0,246.76,284.68,-13.32,Below Average
0600CD,Outpatient,94,23190.0,246.7,284.68,-13.34,Below Average
2302RT,Outpatient,807,199080.0,246.69,284.68,-13.34,Below Average
1601DR,Outpatient,430,106030.0,246.58,284.68,-13.38,Below Average
3401GV,Outpatient,276,68050.0,246.56,284.68,-13.39,Below Average
3325HG,Outpatient,78,19230.0,246.54,284.68,-13.4,Below Average
4502ZK,Outpatient,174,42880.0,246.44,284.68,-13.43,Below Average
1902RU,Outpatient,177,43620.0,246.44,284.68,-13.43,Below Average
1513SS,Outpatient,53,13060.0,246.42,284.68,-13.44,Below Average
3100HS,Outpatient,226,55680.0,246.37,284.68,-13.46,Below Average
1002BQ,Outpatient,63,15520.0,246.35,284.68,-13.46,Below Average
3913WT,Outpatient,123,30300.0,246.34,284.68,-13.47,Below Average
0503CM,Outpatient,244,60100.0,246.31,284.68,-13.48,Below Average
1701AA,Outpatient,78,19210.0,246.28,284.68,-13.49,Below Average
3401KT,Outpatient,281,69160.0,246.12,284.68,-13.55,Below Average
5100AP,Outpatient,257,63250.0,246.11,284.68,-13.55,Below Average
1089UA,Outpatient,81,19920.0,245.93,284.68,-13.61,Below Average
4500WC,Inpatient,132,1093000.0,8280.3,9584.51,-13.61,Below Average
3413RQ,Outpatient,206,50660.0,245.92,284.68,-13.62,Below Average
0118MV,Outpatient,147,36150.0,245.92,284.68,-13.62,Below Average
4913CC,Outpatient,81,19910.0,245.8,284.68,-13.66,Below Average
0700QA,Outpatient,463,113710.0,245.59,284.68,-13.73,Below Average
3401TU,Outpatient,86,21120.0,245.58,284.68,-13.73,Below Average
0539BJ,Outpatient,52,12770.0,245.58,284.68,-13.73,Below Average
5213PJ,Outpatient,363,89110.0,245.48,284.68,-13.77,Below Average
0523HH,Outpatient,97,23810.0,245.46,284.68,-13.78,Below Average
4201CB,Outpatient,1204,295400.0,245.35,284.68,-13.82,Below Average
18008U,Outpatient,224,54920.0,245.18,284.68,-13.88,Below Average
2501ND,Outpatient,333,81640.0,245.17,284.68,-13.88,Below Average
3302ND,Outpatient,788,193180.0,245.15,284.68,-13.89,Below Average
4200BS,Outpatient,285,69850.0,245.09,284.68,-13.91,Below Average
1000YM,Outpatient,119,29160.0,245.04,284.68,-13.92,Below Average
3700ZA,Inpatient,80,660000.0,8250.0,9584.51,-13.92,Below Average
0700DM,Outpatient,165,40400.0,244.85,284.68,-13.99,Below Average
3900TB,Outpatient,56,13710.0,244.82,284.68,-14.0,Below Average
5313KV,Outpatient,67,16400.0,244.78,284.68,-14.02,Below Average
0100UV,Outpatient,498,121880.0,244.74,284.68,-14.03,Below Average
1413WH,Outpatient,181,44290.0,244.7,284.68,-14.04,Below Average
0505KQ,Outpatient,58,14170.0,244.31,284.68,-14.18,Below Average
4401JR,Outpatient,98,23940.0,244.29,284.68,-14.19,Below Average
4585YU,Outpatient,56,13680.0,244.29,284.68,-14.19,Below Average
0501JP,Outpatient,119,29060.0,244.2,284.68,-14.22,Below Average
26006U,Outpatient,122,29790.0,244.18,284.68,-14.23,Below Average
4025VQ,Outpatient,84,20510.0,244.17,284.68,-14.23,Below Average
4913AA,Outpatient,127,31010.0,244.17,284.68,-14.23,Below Average
0101HG,Outpatient,329,80320.0,244.13,284.68,-14.24,Below Average
1100SB,Outpatient,1092,266530.0,244.08,284.68,-14.26,Below Average
4000YA,Outpatient,99,24160.0,244.04,284.68,-14.28,Below Average
4300GQ,Outpatient,52,12690.0,244.04,284.68,-14.28,Below Average
3400MH,Outpatient,130,31720.0,244.0,284.68,-14.29,Below Average
44008V,Outpatient,294,71720.0,243.95,284.68,-14.31,Below Average
0505TB,Outpatient,105,25610.0,243.9,284.68,-14.32,Below Average
52136H,Outpatient,54,13170.0,243.89,284.68,-14.33,Below Average
2200VV,Outpatient,1393,339620.0,243.8,284.68,-14.36,Below Average
4400BA,Outpatient,105,25590.0,243.71,284.68,-14.39,Below Average
2100XN,Outpatient,131,31920.0,243.66,284.68,-14.41,Below Average
3013RV,Outpatient,211,51410.0,243.65,284.68,-14.41,Below Average
3600SM,Outpatient,97,23630.0,243.61,284.68,-14.43,Below Average
4400HU,Outpatient,486,118370.0,243.56,284.68,-14.44,Below Average
2302AK,Outpatient,117,28490.0,243.5,284.68,-14.47,Below Average
0504UC,Outpatient,310,75450.0,243.39,284.68,-14.5,Below Average
1101SH,Outpatient,77,18730.0,243.25,284.68,-14.55,Below Average
25S1YD,Inpatient,54,442200.0,8188.89,9584.51,-14.56,Below Average
1400XG,Outpatient,187,45480.0,243.21,284.68,-14.57,Below Average
38006S,Outpatient,257,62450.0,243.0,284.68,-14.64,Below Average
5300VG,Outpatient,87,21140.0,242.99,284.68,-14.64,Below Average
4401GN,Outpatient,156,37900.0,242.95,284.68,-14.66,Below Average
3400WD,Inpatient,51,417000.0,8176.47,9584.51,-14.69,Below Average
1513BA,Outpatient,88,21370.0,242.84,284.68,-14.7,Below Average
11006N,Outpatient,749,181880.0,242.83,284.68,-14.7,Below Average
5213KD,Outpatient,167,40540.0,242.75,284.68,-14.73,Below Average
5201UB,Outpatient,622,150940.0,242.67,284.68,-14.76,Below Average
3425BV,Outpatient,121,29360.0,242.64,284.68,-14.77,Below Average
33008P,Outpatient,207,50220.0,242.61,284.68,-14.78,Below Average
2300XB,Outpatient,152,36870.0,242.57,284.68,-14.79,Below Average
3300TS,Outpatient,480,116410.0,242.52,284.68,-14.81,Below Average
3039BP,Outpatient,236,57230.0,242.5,284.68,-14.82,Below Average
4502VD,Outpatient,121,29340.0,242.48,284.68,-14.82,Below Average
3700JD,Inpatient,154,1257000.0,8162.34,9584.51,-14.84,Below Average
3300MK,Outpatient,104,25210.0,242.4,284.68,-14.85,Below Average
4507RN,Outpatient,96,23270.0,242.4,284.68,-14.85,Below Average
0501RV,Outpatient,71,17200.0,242.25,284.68,-14.9,Below Average
4200VR,Inpatient,83,676900.0,8155.42,9584.51,-14.91,Below Average
0900VB,Outpatient,67,16220.0,242.09,284.68,-14.96,Below Average
4200SN,Outpatient,331,80110.0,242.02,284.68,-14.99,Below Average
1801RC,Outpatient,675,163360.0,242.01,284.68,-14.99,Below Average
3701XB,Outpatient,373,90260.0,241.98,284.68,-15.0,Below Average
3700KP,Outpatient,212,51290.0,241.93,284.68,-15.02,Below Average
2413UP,Outpatient,58,14030.0,241.9,284.68,-15.03,Below Average
4200KT,Outpatient,238,57560.0,241.85,284.68,-15.04,Below Average
1002WH,Outpatient,108,26120.0,241.85,284.68,-15.04,Below Average
1013CK,Outpatient,71,17170.0,241.83,284.68,-15.05,Below Average
4504CG,Outpatient,90,21760.0,241.78,284.68,-15.07,Below Average
0100CC,Outpatient,58,14010.0,241.55,284.68,-15.15,Below Average
2200RR,Outpatient,59,14250.0,241.53,284.68,-15.16,Below Average
5000HK,Outpatient,357,86210.0,241.48,284.68,-15.17,Below Average
0400AM,Outpatient,137,33080.0,241.46,284.68,-15.18,Below Average
30138N,Outpatient,359,86680.0,241.45,284.68,-15.19,Below Average
37026A,Outpatient,175,42240.0,241.37,284.68,-15.21,Below Average
4508GD,Outpatient,130,31370.0,241.31,284.68,-15.23,Below Average
49008K,Inpatient,52,422400.0,8123.08,9584.51,-15.25,Below Average
2165WJ,Outpatient,64,15440.0,241.25,284.68,-15.26,Below Average
4508BJ,Outpatient,267,64410.0,241.24,284.68,-15.26,Below Average
3900DB,Outpatient,75,18090.0,241.2,284.68,-15.27,Below Average
2013MP,Outpatient,53,12780.0,241.13,284.68,-15.3,Below Average
2500PG,Outpatient,384,92590.0,241.12,284.68,-15.3,Below Average
0425SJ,Outpatient,58,13980.0,241.03,284.68,-15.33,Below Average
3413HD,Outpatient,61,14700.0,240.98,284.68,-15.35,Below Average
1101ZJ,Outpatient,125,30120.0,240.96,284.68,-15.36,Below Average
10016R,Outpatient,104,25060.0,240.96,284.68,-15.36,Below Average
16006A,Outpatient,701,168880.0,240.91,284.68,-15.38,Below Average
3425PN,Outpatient,120,28900.0,240.83,284.68,-15.4,Below Average
1413PU,Outpatient,75,18060.0,240.8,284.68,-15.41,Below Average
0413SH,Outpatient,53,12760.0,240.75,284.68,-15.43,Below Average
5125YJ,Outpatient,118,28400.0,240.68,284.68,-15.46,Below Average
1902BN,Outpatient,63,15160.0,240.63,284.68,-15.47,Below Average
2301CS,Outpatient,278,66890.0,240.61,284.68,-15.48,Below Average
3302VG,Outpatient,151,36330.0,240.6,284.68,-15.48,Below Average
14026N,Inpatient,86,696400.0,8097.67,9584.51,-15.51,Below Average
0700SS,Inpatient,62,502000.0,8096.77,9584.51,-15.52,Below Average
1801TG,Outpatient,235,56500.0,240.43,284.68,-15.54,Below Average
3400UJ,Outpatient,96,23080.0,240.42,284.68,-15.55,Below Average
1002JA,Outpatient,779,187050.0,240.12,284.68,-15.65,Below Average
0501BG,Outpatient,991,237930.0,240.09,284.68,-15.66,Below Average
2402QR,Inpatient,72,582000.0,8083.33,9584.51,-15.66,Below Average
3303XS,Outpatient,209,50170.0,240.05,284.68,-15.68,Below Average
3401ZP,Outpatient,237,56890.0,240.04,284.68,-15.68,Below Average
1000TT,Outpatient,155,37200.0,240.0,284.68,-15.69,Below Average
4000JG,Outpatient,69,16560.0,240.0,284.68,-15.69,Below Average
1901ZA,Outpatient,50,12000.0,240.0,284.68,-15.69,Below Average
0300YT,Outpatient,314,75350.0,239.97,284.68,-15.71,Below Average
0400PS,Outpatient,82,19670.0,239.88,284.68,-15.74,Below Average
0401MN,Outpatient,212,50850.0,239.86,284.68,-15.74,Below Average
5213QB,Outpatient,97,23250.0,239.69,284.68,-15.8,Below Average
3338WQ,Outpatient,311,74540.0,239.68,284.68,-15.81,Below Average
1000HP,Outpatient,61,14620.0,239.67,284.68,-15.81,Below Average
1000SM,Outpatient,241,57760.0,239.67,284.68,-15.81,Below Average
3939SB,Outpatient,52,12460.0,239.62,284.68,-15.83,Below Average
4900QK,Outpatient,97,23240.0,239.59,284.68,-15.84,Below Average
4425MB,Outpatient,59,14130.0,239.49,284.68,-15.87,Below Average
5100TC,Outpatient,116,27780.0,239.48,284.68,-15.88,Below Average
2013NQ,Outpatient,110,26340.0,239.45,284.68,-15.89,Below Average
04018J,Outpatient,301,72070.0,239.44,284.68,-15.89,Below Average
2500AG,Outpatient,147,35190.0,239.39,284.68,-15.91,Below Average
4513AB,Outpatient,115,27530.0,239.39,284.68,-15.91,Below Average
2413MM,Outpatient,66,15800.0,239.39,284.68,-15.91,Below Average
4900KD,Outpatient,211,50510.0,239.38,284.68,-15.91,Below Average
0506TS,Outpatient,377,90210.0,239.28,284.68,-15.95,Below Average
05068P,Outpatient,383,91570.0,239.09,284.68,-16.01,Below Average
2301YM,Outpatient,350,83550.0,238.71,284.68,-16.15,Below Average
2300NN,Outpatient,246,58700.0,238.62,284.68,-16.18,Below Average
4600KN,Outpatient,93,22190.0,238.6,284.68,-16.19,Below Average
1300CN,Outpatient,109,25990.0,238.44,284.68,-16.24,Below Average
2900JU,Outpatient,154,36710.0,238.38,284.68,-16.26,Below Average
3900KA,Outpatient,482,114880.0,238.34,284.68,-16.28,Below Average
0700MT,Outpatient,102,24310.0,238.33,284.68,-16.28,Below Average
34346G,Outpatient,183,43610.0,238.31,284.68,-16.29,Below Average
38008N,Outpatient,213,50740.0,238.22,284.68,-16.32,Below Average
3300QP,Outpatient,170,40490.0,238.18,284.68,-16.33,Below Average
22018A,Outpatient,231,55000.0,238.1,284.68,-16.36,Below Average
4600QS,Inpatient,59,473000.0,8016.95,9584.51,-16.36,Below Average
4400RR,Outpatient,403,95950.0,238.09,284.68,-16.37,Below Average
4001SM,Outpatient,51,12140.0,238.04,284.68,-16.38,Below Average
2630UG,Outpatient,92,21900.0,238.04,284.68,-16.38,Below Average
2601DN,Outpatient,980,233250.0,238.01,284.68,-16.39,Below Average
0504AN,Outpatient,60,14280.0,238.0,284.68,-16.4,Below Average
3902YC,Outpatient,180,42830.0,237.94,284.68,-16.42,Below Average
3013MR,Outpatient,392,93270.0,237.93,284.68,-16.42,Below Average
5000BD,Outpatient,104,24740.0,237.88,284.68,-16.44,Below Average
3125VD,Outpatient,79,18790.0,237.85,284.68,-16.45,Below Average
36008Q,Outpatient,88,20930.0,237.84,284.68,-16.45,Below Average
38008D,Outpatient,528,125370.0,237.44,284.68,-16.59,Below Average
3301KT,Outpatient,151,35840.0,237.35,284.68,-16.63,Below Average
2600QH,Outpatient,1650,391590.0,237.33,284.68,-16.63,Below Average
0513RS,Outpatient,168,39870.0,237.32,284.68,-16.64,Below Average
0325BG,Outpatient,58,13760.0,237.24,284.68,-16.66,Below Average
2300QQ,Outpatient,240,56910.0,237.13,284.68,-16.7,Below Average
2313VH,Outpatient,244,57850.0,237.09,284.68,-16.72,Below Average
4713KR,Outpatient,96,22760.0,237.08,284.68,-16.72,Below Average
4900NQ,Outpatient,394,93400.0,237.06,284.68,-16.73,Below Average
2225CJ,Outpatient,121,28680.0,237.02,284.68,-16.74,Below Average
5200MP,Outpatient,267,63270.0,236.97,284.68,-16.76,Below Average
4401AQ,Outpatient,104,24640.0,236.92,284.68,-16.78,Below Average
2100QC,Outpatient,126,29840.0,236.83,284.68,-16.81,Below Average
2300MT,Outpatient,679,160790.0,236.8,284.68,-16.82,Below Average
3901JV,Outpatient,186,44040.0,236.77,284.68,-16.83,Below Average
4400JA,Outpatient,112,26510.0,236.7,284.68,-16.85,Below Average
1113ZK,Outpatient,60,14200.0,236.67,284.68,-16.86,Below Average
1013AH,Outpatient,182,43060.0,236.59,284.68,-16.89,Below Average
1000NG,Outpatient,257,60790.0,236.54,284.68,-16.91,Below Average
4500WC,Outpatient,190,44920.0,236.42,284.68,-16.95,Below Average
3302WH,Outpatient,168,39710.0,236.37,284.68,-16.97,Below Average
3702DU,Outpatient,68,16070.0,236.32,284.68,-16.99,Below Average
1100KJ,Outpatient,326,77020.0,236.26,284.68,-17.01,Below Average
1102XU,Outpatient,270,63780.0,236.22,284.68,-17.02,Below Average
23016P,Outpatient,153,36130.0,236.14,284.68,-17.05,Below Average
3613PU,Outpatient,145,34240.0,236.14,284.68,-17.05,Below Average
2813BV,Outpatient,70,16530.0,236.14,284.68,-17.05,Below Average
2513JV,Outpatient,152,35880.0,236.05,284.68,-17.08,Below Average
4200WK,Outpatient,85,20060.0,236.0,284.68,-17.1,Below Average
3434AH,Outpatient,54,12740.0,235.93,284.68,-17.12,Below Average
0504RV,Outpatient,507,119610.0,235.92,284.68,-17.13,Below Average
4506YG,Outpatient,131,30890.0,235.8,284.68,-17.17,Below Average
0600TV,Outpatient,161,37960.0,235.78,284.68,-17.18,Below Average
3400GJ,Outpatient,355,83670.0,235.69,284.68,-17.21,Below Average
0401JK,Outpatient,228,53730.0,235.66,284.68,-17.22,Below Average
0300VQ,Outpatient,94,22150.0,235.64,284.68,-17.23,Below Average
1001KG,Outpatient,117,27570.0,235.64,284.68,-17.23,Below Average
5200RM,Outpatient,64,15080.0,235.63,284.68,-17.23,Below Average
26016H,Outpatient,127,29920.0,235.59,284.68,-17.24,Below Average
5519BR,Outpatient,501,118000.0,235.53,284.68,-17.26,Below Average
3418TH,Outpatient,244,57450.0,235.45,284.68,-17.29,Below Average
52006A,Outpatient,183,43080.0,235.41,284.68,-17.31,Below Average
1800UM,Outpatient,76,17890.0,235.39,284.68,-17.31,Below Average
3313JT,Outpatient,432,101690.0,235.39,284.68,-17.31,Below Average
05136V,Outpatient,119,28010.0,235.38,284.68,-17.32,Below Average
3100WN,Outpatient,58,13650.0,235.34,284.68,-17.33,Below Average
1313MC,Outpatient,62,14590.0,235.32,284.68,-17.34,Below Average
0505HT,Outpatient,64,15060.0,235.31,284.68,-17.34,Below Average
1000JJ,Outpatient,210,49410.0,235.29,284.68,-17.35,Below Average
3300GC,Outpatient,70,16470.0,235.29,284.68,-17.35,Below Average
3900UT,Outpatient,641,150810.0,235.27,284.68,-17.36,Below Average
4100KP,Outpatient,105,24680.0,235.05,284.68,-17.43,Below Average
1000SC,Outpatient,217,50980.0,234.93,284.68,-17.48,Below Average
1413SR,Outpatient,66,15500.0,234.85,284.68,-17.5,Below Average
4503GM,Outpatient,151,35460.0,234.83,284.68,-17.51,Below Average
3300GM,Outpatient,98,23000.0,234.69,284.68,-17.56,Below Average
0413JU,Outpatient,121,28390.0,234.63,284.68,-17.58,Below Average
4900GQ,Outpatient,523,122690.0,234.59,284.68,-17.6,Below Average
0300DD,Outpatient,246,57680.0,234.47,284.68,-17.64,Below Average
4508ZN,Outpatient,242,56740.0,234.46,284.68,-17.64,Below Average
5200DG,Outpatient,113,26490.0,234.42,284.68,-17.65,Below Average
4901PM,Outpatient,700,164070.0,234.39,284.68,-17.67,Below Average
2313UG,Outpatient,59,13820.0,234.24,284.68,-17.72,Below Average
2400JM,Inpatient,53,417600.0,7879.25,9584.51,-17.79,Below Average
5213GH,Outpatient,51,11930.0,233.92,284.68,-17.83,Below Average
1419NC,Outpatient,64,14970.0,233.91,284.68,-17.83,Below Average
5201QT,Outpatient,91,21280.0,233.85,284.68,-17.86,Below Average
4401ZD,Outpatient,52,12160.0,233.85,284.68,-17.86,Below Average
2801RR,Outpatient,120,28060.0,233.83,284.68,-17.86,Below Average
4900PJ,Outpatient,223,52130.0,233.77,284.68,-17.88,Below Average
2600JJ,Outpatient,85,19860.0,233.65,284.68,-17.93,Below Average
3326NH,Outpatient,96,22420.0,233.54,284.68,-17.96,Below Average
37006B,Outpatient,54,12610.0,233.52,284.68,-17.97,Below Average
34006R,Outpatient,186,43430.0,233.49,284.68,-17.98,Below Average
11006D,Outpatient,247,57670.0,233.48,284.68,-17.99,Below Average
1700HG,Outpatient,75,17510.0,233.47,284.68,-17.99,Below Average
1313GD,Outpatient,121,28240.0,233.39,284.68,-18.02,Below Average
2313WJ,Outpatient,237,55300.0,233.33,284.68,-18.04,Below Average
2000XR,Outpatient,1063,247900.0,233.21,284.68,-18.08,Below Average
0300BB,Outpatient,113,26350.0,233.19,284.68,-18.09,Below Average
0401HH,Outpatient,75,17480.0,233.07,284.68,-18.13,Below Average
3301WB,Outpatient,271,63130.0,232.95,284.68,-18.17,Below Average
2040JA,Outpatient,352,82000.0,232.95,284.68,-18.17,Below Average
52006Q,Outpatient,95,22130.0,232.95,284.68,-18.17,Below Average
3400NJ,Outpatient,58,13510.0,232.93,284.68,-18.18,Below Average
44018Q,Outpatient,342,79640.0,232.87,284.68,-18.2,Below Average
4100ZA,Outpatient,711,165560.0,232.86,284.68,-18.2,Below Average
1701AJ,Inpatient,70,548800.0,7840.0,9584.51,-18.2,Below Average
49018N,Outpatient,79,18390.0,232.78,284.68,-18.23,Below Average
0300PQ,Outpatient,242,56310.0,232.69,284.68,-18.26,Below Average
1800XH,Outpatient,352,81830.0,232.47,284.68,-18.34,Below Average
2200HG,Outpatient,98,22780.0,232.45,284.68,-18.35,Below Average
0400MQ,Outpatient,66,15340.0,232.42,284.68,-18.36,Below Average
0100AA,Outpatient,91,21130.0,232.2,284.68,-18.43,Below Average
2513GS,Outpatient,86,19950.0,231.98,284.68,-18.51,Below Average
1000TD,Outpatient,66,15310.0,231.97,284.68,-18.52,Below Average
0502DG,Outpatient,72,16700.0,231.94,284.68,-18.53,Below Average
4500HB,Outpatient,468,108530.0,231.9,284.68,-18.54,Below Average
4400PP,Outpatient,205,47540.0,231.9,284.68,-18.54,Below Average
0100NV,Outpatient,355,82310.0,231.86,284.68,-18.55,Below Average
1500NH,Outpatient,257,59570.0,231.79,284.68,-18.58,Below Average
3901TS,Outpatient,280,64890.0,231.75,284.68,-18.59,Below Average
3100KP,Outpatient,58,13440.0,231.72,284.68,-18.6,Below Average
2300BJ,Outpatient,1309,303250.0,231.67,284.68,-18.62,Below Average
0100KM,Outpatient,110,25480.0,231.64,284.68,-18.63,Below Average
1501XU,Outpatient,92,21300.0,231.52,284.68,-18.67,Below Average
34016Q,Outpatient,119,27550.0,231.51,284.68,-18.68,Below Average
3426CR,Outpatient,64,14810.0,231.41,284.68,-18.71,Below Average
3901ZC,Outpatient,395,91370.0,231.32,284.68,-18.74,Below Average
4400VV,Inpatient,54,420500.0,7787.04,9584.51,-18.75,Below Average
3613BH,Outpatient,55,12720.0,231.27,284.68,-18.76,Below Average
26018R,Outpatient,290,67040.0,231.17,284.68,-18.8,Below Average
1500PJ,Outpatient,298,68880.0,231.14,284.68,-18.81,Below Average
10026U,Outpatient,114,26350.0,231.14,284.68,-18.81,Below Average
2000KB,Outpatient,54,12470.0,230.93,284.68,-18.88,Below Average
4506SU,Outpatient,55,12700.0,230.91,284.68,-18.89,Below Average
3125YJ,Outpatient,63,14530.0,230.63,284.68,-18.99,Below Average
5300QV,Outpatient,200,46120.0,230.6,284.68,-19.0,Below Average
17018J,Outpatient,53,12220.0,230.57,284.68,-19.01,Below Average
0765KD,Outpatient,137,31580.0,230.51,284.68,-19.03,Below Average
2813XQ,Outpatient,182,41950.0,230.49,284.68,-19.04,Below Average
3813MR,Outpatient,64,14750.0,230.47,284.68,-19.04,Below Average
2400NA,Outpatient,634,146060.0,230.38,284.68,-19.07,Below Average
1002KK,Outpatient,135,31090.0,230.3,284.68,-19.1,Below Average
1002PG,Outpatient,186,42830.0,230.27,284.68,-19.11,Below Average
3400KP,Outpatient,526,121080.0,230.19,284.68,-19.14,Below Average
1413BH,Outpatient,226,52020.0,230.18,284.68,-19.14,Below Average
0100BK,Outpatient,76,17480.0,230.0,284.68,-19.21,Below Average
1801VJ,Outpatient,65,14950.0,230.0,284.68,-19.21,Below Average
1413AP,Outpatient,173,39780.0,229.94,284.68,-19.23,Below Average
4000KQ,Outpatient,162,37250.0,229.94,284.68,-19.23,Below Average
2500QH,Outpatient,88,20230.0,229.89,284.68,-19.25,Below Average
4000PM,Outpatient,145,33330.0,229.86,284.68,-19.26,Below Average
4600UA,Outpatient,120,27580.0,229.83,284.68,-19.27,Below Average
4513UA,Outpatient,54,12410.0,229.81,284.68,-19.27,Below Average
5213VJ,Outpatient,51,11720.0,229.8,284.68,-19.28,Below Average
1900PA,Inpatient,178,1377100.0,7736.52,9584.51,-19.28,Below Average
3800AT,Outpatient,124,28490.0,229.76,284.68,-19.29,Below Average
2401PN,Outpatient,970,222800.0,229.69,284.68,-19.32,Below Average
0601YA,Outpatient,295,67760.0,229.69,284.68,-19.32,Below Average
3426ND,Outpatient,106,24340.0,229.62,284.68,-19.34,Below Average
2500TM,Outpatient,264,60600.0,229.55,284.68,-19.37,Below Average
0100MU,Outpatient,64,14690.0,229.53,284.68,-19.37,Below Average
05018D,Outpatient,74,16980.0,229.46,284.68,-19.4,Below Average
4600VB,Outpatient,493,113100.0,229.41,284.68,-19.41,Below Average
0413GB,Outpatient,91,20870.0,229.34,284.68,-19.44,Below Average
1101BU,Outpatient,178,40820.0,229.33,284.68,-19.44,Below Average
4508HG,Outpatient,158,36230.0,229.3,284.68,-19.45,Below Average
5000KV,Outpatient,442,101310.0,229.21,284.68,-19.49,Below Average
4400ND,Outpatient,162,37130.0,229.2,284.68,-19.49,Below Average
1902YQ,Outpatient,56,12830.0,229.11,284.68,-19.52,Below Average
2602HR,Outpatient,66,15120.0,229.09,284.68,-19.53,Below Average
3325CR,Outpatient,215,49220.0,228.93,284.68,-19.58,Below Average
1902MA,Outpatient,113,25860.0,228.85,284.68,-19.61,Below Average
3613WV,Outpatient,150,34320.0,228.8,284.68,-19.63,Below Average
4508QQ,Outpatient,136,31110.0,228.75,284.68,-19.65,Below Average
4900DG,Outpatient,53,12120.0,228.68,284.68,-19.67,Below Average
05018N,Outpatient,123,28120.0,228.62,284.68,-19.69,Below Average
3700CG,Outpatient,219,50050.0,228.54,284.68,-19.72,Below Average
3902SC,Outpatient,154,35190.0,228.51,284.68,-19.73,Below Average
1028JC,Outpatient,66,15080.0,228.48,284.68,-19.74,Below Average
5001RG,Outpatient,118,26920.0,228.14,284.68,-19.86,Below Average
0513GG,Outpatient,97,22120.0,228.04,284.68,-19.9,Below Average
1501TQ,Outpatient,55,12540.0,228.0,284.68,-19.91,Below Average
2301XS,Inpatient,83,637000.0,7674.7,9584.51,-19.93,Below Average
5200TV,Outpatient,129,29390.0,227.83,284.68,-19.97,Below Average
4505AG,Outpatient,272,61960.0,227.79,284.68,-19.98,Below Average
0100QJ,Outpatient,85,19360.0,227.76,284.68,-19.99,Below Average
2300KC,Outpatient,62,14120.0,227.74,284.68,-20.0,Below Average
1701ST,Outpatient,84,19130.0,227.74,284.68,-20.0,Below Average
3800YQ,Outpatient,220,50090.0,227.68,284.68,-20.02,Below Average
4501XA,Outpatient,62,14110.0,227.58,284.68,-20.06,Below Average
4401VH,Inpatient,74,567000.0,7662.16,9584.51,-20.06,Below Average
3302RR,Outpatient,275,62570.0,227.53,284.68,-20.08,Below Average
3300YR,Outpatient,135,30690.0,227.33,284.68,-20.15,Below Average
1102TQ,Outpatient,240,54520.0,227.17,284.68,-20.2,Below Average
3401AR,Outpatient,106,24080.0,227.17,284.68,-20.2,Below Average
2400RT,Outpatient,77,17480.0,227.01,284.68,-20.26,Below Average
3100WT,Outpatient,102,23150.0,226.96,284.68,-20.28,Below Average
4534VC,Outpatient,81,18380.0,226.91,284.68,-20.29,Below Average
03006P,Outpatient,58,13160.0,226.9,284.68,-20.3,Below Average
2500HU,Outpatient,51,11570.0,226.86,284.68,-20.31,Below Average
3913UR,Outpatient,83,18820.0,226.75,284.68,-20.35,Below Average
1700HP,Outpatient,54,12240.0,226.67,284.68,-20.38,Below Average
1438RU,Outpatient,65,14730.0,226.62,284.68,-20.39,Below Average
5001XP,Outpatient,157,35570.0,226.56,284.68,-20.42,Below Average
1100HN,Outpatient,212,48020.0,226.51,284.68,-20.43,Below Average
5013UT,Outpatient,85,19250.0,226.47,284.68,-20.45,Below Average
0501XV,Outpatient,127,28760.0,226.46,284.68,-20.45,Below Average
4925DP,Outpatient,56,12680.0,226.43,284.68,-20.46,Below Average
3800MJ,Outpatient,55,12450.0,226.36,284.68,-20.49,Below Average
5125WG,Outpatient,205,46400.0,226.34,284.68,-20.49,Below Average
4500RN,Outpatient,59,13350.0,226.27,284.68,-20.52,Below Average
0533TU,Outpatient,50,11310.0,226.2,284.68,-20.54,Below Average
0413AT,Outpatient,146,33020.0,226.16,284.68,-20.56,Below Average
1000QQ,Outpatient,91,20570.0,226.04,284.68,-20.6,Below Average
04006K,Outpatient,50,11300.0,226.0,284.68,-20.61,Below Average
3426YS,Outpatient,140,31640.0,226.0,284.68,-20.61,Below Average
5225CC,Outpatient,254,57400.0,225.98,284.68,-20.62,Below Average
0513DD,Outpatient,52,11750.0,225.96,284.68,-20.63,Below Average
0400WT,Outpatient,124,27980.0,225.65,284.68,-20.74,Below Average
2613PD,Outpatient,96,21660.0,225.63,284.68,-20.74,Below Average
4700DP,Outpatient,172,38800.0,225.58,284.68,-20.76,Below Average
4502CH,Outpatient,186,41930.0,225.43,284.68,-20.81,Below Average
21456S,Outpatient,76,17130.0,225.39,284.68,-20.83,Below Average
5213JM,Outpatient,147,33130.0,225.37,284.68,-20.83,Below Average
4900HR,Outpatient,166,37410.0,225.36,284.68,-20.84,Below Average
3800KH,Outpatient,314,70760.0,225.35,284.68,-20.84,Below Average
0825HH,Outpatient,105,23660.0,225.33,284.68,-20.85,Below Average
3800NK,Outpatient,52,11710.0,225.19,284.68,-20.9,Below Average
3701QA,Outpatient,61,13730.0,225.08,284.68,-20.94,Below Average
5000AM,Outpatient,112,25200.0,225.0,284.68,-20.96,Below Average
1400YQ,Outpatient,71,15970.0,224.93,284.68,-20.99,Below Average
12006M,Outpatient,130,29240.0,224.92,284.68,-20.99,Below Average
33028V,Outpatient,162,36430.0,224.88,284.68,-21.01,Below Average
19016K,Outpatient,60,13490.0,224.83,284.68,-21.02,Below Average
1400NR,Outpatient,111,24950.0,224.77,284.68,-21.04,Below Average
4501MS,Outpatient,158,35500.0,224.68,284.68,-21.08,Below Average
2213WV,Outpatient,308,69200.0,224.68,284.68,-21.08,Below Average
1738KH,Outpatient,123,27630.0,224.63,284.68,-21.09,Below Average
2401GC,Outpatient,201,45140.0,224.58,284.68,-21.11,Below Average
5200KD,Outpatient,131,29410.0,224.5,284.68,-21.14,Below Average
0413WN,Outpatient,57,12790.0,224.39,284.68,-21.18,Below Average
0585DU,Outpatient,209,46880.0,224.31,284.68,-21.21,Below Average
0506JH,Outpatient,68,15240.0,224.12,284.68,-21.27,Below Average
2330MM,Outpatient,114,25550.0,224.12,284.68,-21.27,Below Average
1300PR,Outpatient,73,16350.0,223.97,284.68,-21.33,Below Average
3425JV,Outpatient,74,16570.0,223.92,284.68,-21.34,Below Average
3401ZG,Outpatient,307,68720.0,223.84,284.68,-21.37,Below Average
3425AU,Outpatient,106,23710.0,223.68,284.68,-21.43,Below Average
3700AC,Outpatient,57,12750.0,223.68,284.68,-21.43,Below Average
1701CC,Outpatient,61,13640.0,223.61,284.68,-21.45,Below Average
1801SD,Outpatient,219,48960.0,223.56,284.68,-21.47,Below Average
1500XC,Outpatient,461,103040.0,223.51,284.68,-21.49,Below Average
5200MG,Outpatient,72,16090.0,223.47,284.68,-21.5,Below Average
4506HR,Outpatient,234,52280.0,223.42,284.68,-21.52,Below Average
3300AU,Outpatient,255,56940.0,223.29,284.68,-21.56,Below Average
3302SK,Outpatient,64,14280.0,223.13,284.68,-21.62,Below Average
3400TA,Outpatient,196,43720.0,223.06,284.68,-21.65,Below Average
4530YJ,Outpatient,120,26740.0,222.83,284.68,-21.73,Below Average
1401UU,Outpatient,314,69950.0,222.77,284.68,-21.75,Below Average
5213XT,Outpatient,112,24950.0,222.77,284.68,-21.75,Below Average
3400AC,Outpatient,91,20270.0,222.75,284.68,-21.75,Below Average
0600BC,Outpatient,66,14700.0,222.73,284.68,-21.76,Below Average
0101TM,Outpatient,57,12690.0,222.63,284.68,-21.8,Below Average
4100JN,Outpatient,143,31820.0,222.52,284.68,-21.84,Below Average
2013AB,Outpatient,136,30260.0,222.5,284.68,-21.84,Below Average
4200TG,Outpatient,144,32040.0,222.5,284.68,-21.84,Below Average
4528YK,Outpatient,53,11790.0,222.45,284.68,-21.86,Below Average
4500SG,Outpatient,220,48930.0,222.41,284.68,-21.87,Below Average
3901KR,Outpatient,676,150330.0,222.38,284.68,-21.88,Below Average
16856A,Outpatient,195,43360.0,222.36,284.68,-21.89,Below Average
5201DH,Outpatient,309,68610.0,222.04,284.68,-22.0,Below Average
2413NU,Outpatient,369,81900.0,221.95,284.68,-22.04,Below Average
1002VG,Outpatient,84,18640.0,221.9,284.68,-22.05,Below Average
1101CP,Outpatient,166,36830.0,221.87,284.68,-22.06,Below Average
5100XR,Outpatient,67,14860.0,221.79,284.68,-22.09,Below Average
3100UB,Outpatient,1109,245920.0,221.75,284.68,-22.11,Below Average
2500PU,Outpatient,105,23280.0,221.71,284.68,-22.12,Below Average
51138S,Outpatient,88,19510.0,221.7,284.68,-22.12,Below Average
0400GR,Outpatient,66,14630.0,221.67,284.68,-22.13,Below Average
3900XA,Outpatient,62,13740.0,221.61,284.68,-22.15,Below Average
1419NS,Outpatient,68,15060.0,221.47,284.68,-22.2,Below Average
1101NK,Outpatient,59,13060.0,221.36,284.68,-22.24,Below Average
10CTUQ,Outpatient,164,36300.0,221.34,284.68,-22.25,Below Average
1800NC,Outpatient,136,30100.0,221.32,284.68,-22.26,Below Average
3200CT,Outpatient,85,18790.0,221.06,284.68,-22.35,Below Average
1825YT,Outpatient,50,11050.0,221.0,284.68,-22.37,Below Average
5213SD,Outpatient,160,35350.0,220.94,284.68,-22.39,Below Average
4313BN,Outpatient,65,14360.0,220.92,284.68,-22.4,Below Average
5213GP,Outpatient,69,15240.0,220.87,284.68,-22.41,Below Average
3300VG,Outpatient,92,20320.0,220.87,284.68,-22.41,Below Average
4300BT,Outpatient,678,149640.0,220.71,284.68,-22.47,Below Average
4226HN,Outpatient,99,21850.0,220.71,284.68,-22.47,Below Average
1613PV,Outpatient,68,15000.0,220.59,284.68,-22.51,Below Average
2613KQ,Outpatient,118,26020.0,220.51,284.68,-22.54,Below Average
2600ND,Outpatient,57,12560.0,220.35,284.68,-22.6,Below Average
4400TC,Inpatient,51,378000.0,7411.76,9584.51,-22.67,Below Average
4504DH,Outpatient,480,105510.0,219.81,284.68,-22.79,Below Average
0502ZV,Outpatient,273,60000.0,219.78,284.68,-22.8,Below Average
1002DM,Outpatient,78,17140.0,219.74,284.68,-22.81,Below Average
1713YU,Outpatient,104,22850.0,219.71,284.68,-22.82,Below Average
2402QR,Outpatient,199,43720.0,219.7,284.68,-22.83,Below Average
0600YG,Outpatient,184,40420.0,219.67,284.68,-22.84,Below Average
1800TB,Outpatient,80,17570.0,219.63,284.68,-22.85,Below Average
4700JT,Outpatient,462,101430.0,219.55,284.68,-22.88,Below Average
4508RR,Outpatient,125,27440.0,219.52,284.68,-22.89,Below Average
2601MN,Outpatient,126,27650.0,219.44,284.68,-22.92,Below Average
1613NN,Outpatient,250,54860.0,219.44,284.68,-22.92,Below Average
45088H,Outpatient,102,22350.0,219.12,284.68,-23.03,Below Average
1001PK,Outpatient,79,17310.0,219.11,284.68,-23.03,Below Average
3313DP,Outpatient,78,17090.0,219.1,284.68,-23.04,Below Average
3400PS,Outpatient,146,31910.0,218.56,284.68,-23.23,Below Average
2700BH,Outpatient,77,16820.0,218.44,284.68,-23.27,Below Average
3813VD,Outpatient,363,79240.0,218.29,284.68,-23.32,Below Average
3302PG,Outpatient,154,33610.0,218.25,284.68,-23.33,Below Average
2302BM,Outpatient,136,29680.0,218.24,284.68,-23.34,Below Average
3325JQ,Outpatient,266,58040.0,218.2,284.68,-23.35,Below Average
1800AN,Outpatient,72,15700.0,218.06,284.68,-23.4,Below Average
1500AJ,Outpatient,51,11120.0,218.04,284.68,-23.41,Below Average
4400DS,Outpatient,268,58420.0,217.99,284.68,-23.43,Below Average
3902HP,Outpatient,692,150820.0,217.95,284.68,-23.44,Below Average
3813TB,Outpatient,78,17000.0,217.95,284.68,-23.44,Below Average
5200ZH,Outpatient,101,22010.0,217.92,284.68,-23.45,Below Average
1002BA,Outpatient,351,76430.0,217.75,284.68,-23.51,Below Average
2301PH,Outpatient,66,14370.0,217.73,284.68,-23.52,Below Average
36018A,Outpatient,51,11100.0,217.65,284.68,-23.55,Below Average
2601QR,Outpatient,96,20890.0,217.6,284.68,-23.56,Below Average
2401DB,Outpatient,290,63090.0,217.55,284.68,-23.58,Below Average
1413WV,Outpatient,94,20440.0,217.45,284.68,-23.62,Below Average
3401JS,Outpatient,90,19560.0,217.33,284.68,-23.66,Below Average
2500NT,Outpatient,63,13690.0,217.3,284.68,-23.67,Below Average
3400TQ,Outpatient,69,14990.0,217.25,284.68,-23.69,Below Average
1813PT,Outpatient,85,18460.0,217.18,284.68,-23.71,Below Average
3302PP,Outpatient,99,21480.0,216.97,284.68,-23.78,Below Average
3465XA,Outpatient,72,15600.0,216.67,284.68,-23.89,Below Average
2100ZH,Outpatient,80,17330.0,216.63,284.68,-23.9,Below Average
0101YC,Outpatient,252,54560.0,216.51,284.68,-23.95,Below Average
1800WP,Outpatient,246,53230.0,216.38,284.68,-23.99,Below Average
10S0SU,Inpatient,85,619000.0,7282.35,9584.51,-24.02,Below Average
44016P,Outpatient,120,25940.0,216.17,284.68,-24.07,Below Average
1100NT,Outpatient,262,56630.0,216.15,284.68,-24.07,Below Average
5001MA,Outpatient,593,128170.0,216.14,284.68,-24.08,Below Average
1513SK,Outpatient,56,12090.0,215.89,284.68,-24.16,Below Average
2500KB,Outpatient,53,11440.0,215.85,284.68,-24.18,Below Average
1101NB,Outpatient,51,11000.0,215.69,284.68,-24.23,Below Average
3700NR,Outpatient,119,25640.0,215.46,284.68,-24.32,Below Average
3100RG,Outpatient,57,12280.0,215.44,284.68,-24.32,Below Average
5300PU,Outpatient,74,15940.0,215.41,284.68,-24.33,Below Average
1800WG,Outpatient,50,10770.0,215.4,284.68,-24.34,Below Average
3800AD,Outpatient,430,92600.0,215.35,284.68,-24.35,Below Average
5013YR,Outpatient,71,15280.0,215.21,284.68,-24.4,Below Average
2300VH,Outpatient,247,53140.0,215.14,284.68,-24.43,Below Average
4508HP,Outpatient,56,12040.0,215.0,284.68,-24.48,Below Average
3425WP,Outpatient,75,16120.0,214.93,284.68,-24.5,Below Average
1113KA,Outpatient,86,18480.0,214.88,284.68,-24.52,Below Average
1834CR,Outpatient,372,79930.0,214.87,284.68,-24.52,Below Average
04VXKQ,Outpatient,176,37800.0,214.77,284.68,-24.56,Below Average
3613XA,Outpatient,200,42910.0,214.55,284.68,-24.63,Below Average
3800XP,Outpatient,262,56210.0,214.54,284.68,-24.64,Below Average
1025MR,Outpatient,155,33250.0,214.52,284.68,-24.65,Below Average
1000DC,Outpatient,160,34320.0,214.5,284.68,-24.65,Below Average
1500XT,Inpatient,81,585000.0,7222.22,9584.51,-24.65,Below Average
2413KS,Outpatient,102,21860.0,214.31,284.68,-24.72,Below Average
4218XQ,Outpatient,59,12640.0,214.24,284.68,-24.74,Below Average
3301XC,Outpatient,131,28030.0,213.97,284.68,-24.84,Below Average
3300SR,Outpatient,56,11980.0,213.93,284.68,-24.85,Below Average
2000PG,Outpatient,64,13690.0,213.91,284.68,-24.86,Below Average
1900BK,Outpatient,54,11550.0,213.89,284.68,-24.87,Below Average
10026G,Outpatient,58,12400.0,213.79,284.68,-24.9,Below Average
3400VS,Outpatient,509,108670.0,213.5,284.68,-25.0,Below Average
2900ZJ,Outpatient,50,10670.0,213.4,284.68,-25.04,Below Average
1000NN,Outpatient,117,24960.0,213.33,284.68,-25.06,Below Average
3901HD,Outpatient,58,12370.0,213.28,284.68,-25.08,Below Average
6866BK,Outpatient,98,20900.0,213.27,284.68,-25.08,Below Average
2100YG,Inpatient,83,595900.0,7179.52,9584.51,-25.09,Below Average
0825CC,Outpatient,109,23240.0,213.21,284.68,-25.11,Below Average
10006G,Outpatient,64,13640.0,213.13,284.68,-25.13,Below Average
1101VM,Outpatient,244,51950.0,212.91,284.68,-25.21,Below Average
04008T,Outpatient,59,12560.0,212.88,284.68,-25.22,Below Average
2400PR,Outpatient,333,70860.0,212.79,284.68,-25.25,Below Average
3401BS,Outpatient,70,14880.0,212.57,284.68,-25.33,Below Average
2900PC,Outpatient,77,16350.0,212.34,284.68,-25.41,Below Average
1701XC,Outpatient,169,35870.0,212.25,284.68,-25.44,Below Average
5225PV,Outpatient,79,16750.0,212.03,284.68,-25.52,Below Average
3400CU,Outpatient,296,62750.0,211.99,284.68,-25.53,Below Average
3425TK,Outpatient,100,21190.0,211.9,284.68,-25.57,Below Average
2200MT,Outpatient,202,42800.0,211.88,284.68,-25.57,Below Average
1400MA,Outpatient,174,36860.0,211.84,284.68,-25.59,Below Average
4504RU,Outpatient,465,98470.0,211.76,284.68,-25.61,Below Average
1001KU,Outpatient,59,12490.0,211.69,284.68,-25.64,Below Average
3425KA,Outpatient,109,23070.0,211.65,284.68,-25.65,Below Average
0300RK,Outpatient,717,151600.0,211.44,284.68,-25.73,Below Average
5200CD,Outpatient,94,19860.0,211.28,284.68,-25.78,Below Average
1100BH,Outpatient,64,13510.0,211.09,284.68,-25.85,Below Average
3302MC,Outpatient,190,40100.0,211.05,284.68,-25.86,Below Average
1402BQ,Outpatient,64,13500.0,210.94,284.68,-25.9,Below Average
4508MM,Outpatient,101,21290.0,210.79,284.68,-25.96,Below Average
1000ZT,Outpatient,189,39800.0,210.58,284.68,-26.03,Below Average
52018M,Outpatient,182,38300.0,210.44,284.68,-26.08,Below Average
37008M,Outpatient,93,19570.0,210.43,284.68,-26.08,Below Average
5200MP,Inpatient,60,425020.0,7083.67,9584.51,-26.09,Below Average
1413AG,Outpatient,68,14300.0,210.29,284.68,-26.13,Below Average
0504CH,Outpatient,76,15980.0,210.26,284.68,-26.14,Below Average
5213BC,Outpatient,113,23740.0,210.09,284.68,-26.2,Below Average
2600VP,Outpatient,571,119920.0,210.02,284.68,-26.23,Below Average
1001WT,Outpatient,121,25400.0,209.92,284.68,-26.26,Below Average
3400CG,Outpatient,89,18680.0,209.89,284.68,-26.27,Below Average
5013PD,Outpatient,266,55820.0,209.85,284.68,-26.29,Below Average
4901JP,Outpatient,50,10490.0,209.8,284.68,-26.3,Below Average
26348D,Outpatient,85,17830.0,209.76,284.68,-26.32,Below Average
32136D,Outpatient,196,41050.0,209.44,284.68,-26.43,Below Average
49008B,Outpatient,50,10470.0,209.4,284.68,-26.44,Below Average
4400AV,Outpatient,179,37470.0,209.33,284.68,-26.47,Below Average
3600DT,Outpatient,72,15060.0,209.17,284.68,-26.52,Below Average
3413TS,Outpatient,170,35540.0,209.06,284.68,-26.56,Below Average
1213CG,Outpatient,269,56200.0,208.92,284.68,-26.61,Below Average
3601VQ,Outpatient,204,42620.0,208.92,284.68,-26.61,Below Average
2601XC,Outpatient,220,45960.0,208.91,284.68,-26.62,Below Average
2500XR,Outpatient,211,44050.0,208.77,284.68,-26.67,Below Average
3425SA,Outpatient,65,13560.0,208.62,284.68,-26.72,Below Average
2000QH,Outpatient,60,12510.0,208.5,284.68,-26.76,Below Average
0518NK,Outpatient,79,16470.0,208.48,284.68,-26.77,Below Average
3700NJ,Outpatient,77,16050.0,208.44,284.68,-26.78,Below Average
1100XJ,Outpatient,117,24370.0,208.29,284.68,-26.83,Below Average
4401JJ,Outpatient,257,53520.0,208.25,284.68,-26.85,Below Average
0400HK,Outpatient,106,22050.0,208.02,284.68,-26.93,Below Average
49386K,Outpatient,155,32230.0,207.94,284.68,-26.96,Below Average
1800PD,Outpatient,195,40540.0,207.9,284.68,-26.97,Below Average
4501TS,Outpatient,127,26400.0,207.87,284.68,-26.98,Below Average
1635VD,Outpatient,51,10600.0,207.84,284.68,-26.99,Below Average
3400QM,Outpatient,283,58810.0,207.81,284.68,-27.0,Below Average
4025HV,Outpatient,71,14750.0,207.75,284.68,-27.02,Below Average
0800NT,Outpatient,71,14740.0,207.61,284.68,-27.07,Below Average
52136A,Outpatient,144,29890.0,207.57,284.68,-27.09,Below Average
2301UP,Outpatient,260,53960.0,207.54,284.68,-27.1,Below Average
5200YG,Outpatient,395,81970.0,207.52,284.68,-27.1,Below Average
1818PH,Outpatient,147,30490.0,207.41,284.68,-27.14,Below Average
4500AK,Outpatient,52,10780.0,207.31,284.68,-27.18,Below Average
5023RT,Outpatient,102,21140.0,207.25,284.68,-27.2,Below Average
2513TK,Outpatient,152,31480.0,207.11,284.68,-27.25,Below Average
03008J,Inpatient,55,383000.0,6963.64,9584.51,-27.34,Below Average
3301YN,Outpatient,63,13030.0,206.83,284.68,-27.35,Below Average
2625YR,Outpatient,200,41360.0,206.8,284.68,-27.36,Below Average
1101AT,Outpatient,73,15090.0,206.71,284.68,-27.39,Below Average
1900XM,Outpatient,193,39880.0,206.63,284.68,-27.42,Below Average
5100CR,Outpatient,339,70020.0,206.55,284.68,-27.44,Below Average
41008M,Outpatient,899,185680.0,206.54,284.68,-27.45,Below Average
3013SA,Outpatient,371,76570.0,206.39,284.68,-27.5,Below Average
3300VN,Outpatient,226,46630.0,206.33,284.68,-27.52,Below Average
1101JU,Outpatient,57,11760.0,206.32,284.68,-27.53,Below Average
3900KJ,Inpatient,70,486000.0,6942.86,9584.51,-27.56,Below Average
4528BR,Outpatient,60,12370.0,206.17,284.68,-27.58,Below Average
10256C,Outpatient,63,12980.0,206.03,284.68,-27.63,Below Average
1313YS,Outpatient,57,11740.0,205.96,284.68,-27.65,Below Average
4200YN,Outpatient,85,17490.0,205.76,284.68,-27.72,Below Average
0601QN,Outpatient,53,10900.0,205.66,284.68,-27.76,Below Average
4502KQ,Outpatient,56,11510.0,205.54,284.68,-27.8,Below Average
4200PJ,Outpatient,89,18290.0,205.51,284.68,-27.81,Below Average
2200UU,Outpatient,61,12530.0,205.41,284.68,-27.85,Below Average
11018D,Outpatient,88,18070.0,205.34,284.68,-27.87,Below Average
4526HD,Outpatient,168,34490.0,205.3,284.68,-27.88,Below Average
0502BM,Outpatient,97,19910.0,205.26,284.68,-27.9,Below Average
1600DG,Outpatient,60,12300.0,205.0,284.68,-27.99,Below Average
0500PS,Outpatient,57,11680.0,204.91,284.68,-28.02,Below Average
3301AJ,Outpatient,85,17410.0,204.82,284.68,-28.05,Below Average
3800YA,Outpatient,108,22120.0,204.81,284.68,-28.06,Below Average
0400NR,Outpatient,127,25990.0,204.65,284.68,-28.11,Below Average
1113RV,Outpatient,66,13490.0,204.39,284.68,-28.2,Below Average
1000YS,Outpatient,50,10200.0,204.0,284.68,-28.34,Below Average
3700HB,Outpatient,77,15700.0,203.9,284.68,-28.38,Below Average
1413VU,Outpatient,136,27730.0,203.9,284.68,-28.38,Below Average
1402TC,Outpatient,140,28540.0,203.86,284.68,-28.39,Below Average
1500HQ,Outpatient,78,15890.0,203.72,284.68,-28.44,Below Average
1902ZJ,Outpatient,186,37870.0,203.6,284.68,-28.48,Below Average
2500YS,Outpatient,53,10770.0,203.21,284.68,-28.62,Below Average
4900JT,Outpatient,123,24990.0,203.17,284.68,-28.63,Below Average
2300GU,Outpatient,140,28390.0,202.79,284.68,-28.77,Below Average
4400VG,Outpatient,297,60200.0,202.69,284.68,-28.8,Below Average
2200YS,Outpatient,112,22670.0,202.41,284.68,-28.9,Below Average
4500QC,Outpatient,307,62130.0,202.38,284.68,-28.91,Below Average
0413GR,Outpatient,176,35610.0,202.33,284.68,-28.93,Below Average
4500GA,Outpatient,52,10520.0,202.31,284.68,-28.93,Below Average
3302TM,Outpatient,605,122370.0,202.26,284.68,-28.95,Below Average
1800HM,Outpatient,136,27500.0,202.21,284.68,-28.97,Below Average
4313QD,Outpatient,50,10100.0,202.0,284.68,-29.04,Below Average
3601RS,Outpatient,818,165160.0,201.91,284.68,-29.07,Below Average
5100VG,Outpatient,166,33510.0,201.87,284.68,-29.09,Below Average
3304UJ,Outpatient,55,11090.0,201.64,284.68,-29.17,Below Average
3613HN,Outpatient,223,44960.0,201.61,284.68,-29.18,Below Average
0503PA,Outpatient,173,34870.0,201.56,284.68,-29.2,Below Average
4401VH,Outpatient,65,13100.0,201.54,284.68,-29.2,Below Average
3426ZT,Outpatient,85,17130.0,201.53,284.68,-29.21,Below Average
3100NB,Outpatient,94,18920.0,201.28,284.68,-29.3,Below Average
0506ZC,Outpatient,78,15700.0,201.28,284.68,-29.3,Below Average
0504ZB,Outpatient,79,15900.0,201.27,284.68,-29.3,Below Average
6725VT,Outpatient,51,10260.0,201.18,284.68,-29.33,Below Average
0300WJ,Outpatient,88,17690.0,201.02,284.68,-29.39,Below Average
3200XM,Outpatient,96,19260.0,200.63,284.68,-29.52,Below Average
3700BN,Outpatient,294,58950.0,200.51,284.68,-29.57,Below Average
2500GT,Outpatient,219,43850.0,200.23,284.68,-29.66,Below Average
16008K,Outpatient,436,87290.0,200.21,284.68,-29.67,Below Average
3613DS,Outpatient,85,17000.0,200.0,284.68,-29.75,Below Average
1400WN,Outpatient,57,11400.0,200.0,284.68,-29.75,Below Average
5200AB,Outpatient,83,16590.0,199.88,284.68,-29.79,Below Average
1900DN,Outpatient,152,30380.0,199.87,284.68,-29.79,Below Average
2800WA,Outpatient,57,11390.0,199.82,284.68,-29.81,Below Average
4200JM,Outpatient,121,24140.0,199.5,284.68,-29.92,Below Average
4525ZT,Outpatient,101,20150.0,199.5,284.68,-29.92,Below Average
1400JU,Outpatient,120,23930.0,199.42,284.68,-29.95,Below Average
0434XV,Outpatient,98,19540.0,199.39,284.68,-29.96,Below Average
5100DS,Outpatient,78,15550.0,199.36,284.68,-29.97,Below Average
15138V,Outpatient,214,42610.0,199.11,284.68,-30.06,Below Average
0505WG,Outpatient,67,13330.0,198.96,284.68,-30.11,Below Average
4000RP,Outpatient,96,19050.0,198.44,284.68,-30.29,Below Average
4401DM,Outpatient,114,22590.0,198.16,284.68,-30.39,Below Average
1402GT,Outpatient,83,16440.0,198.07,284.68,-30.42,Below Average
3425BP,Outpatient,76,15050.0,198.03,284.68,-30.44,Below Average
3300RH,Outpatient,150,29690.0,197.93,284.68,-30.47,Below Average
3626CQ,Outpatient,71,14050.0,197.89,284.68,-30.49,Below Average
0613QK,Outpatient,81,16020.0,197.78,284.68,-30.53,Below Average
2400WC,Outpatient,92,18180.0,197.61,284.68,-30.59,Below Average
1002RA,Outpatient,54,10670.0,197.59,284.68,-30.59,Below Average
1000RR,Outpatient,86,16990.0,197.56,284.68,-30.6,Below Average
4508DT,Outpatient,162,31950.0,197.22,284.68,-30.72,Below Average
1801YN,Outpatient,88,17320.0,196.82,284.68,-30.86,Below Average
06136A,Outpatient,93,18270.0,196.45,284.68,-30.99,Below Average
1113JV,Outpatient,99,19440.0,196.36,284.68,-31.02,Below Average
3101MP,Outpatient,70,13740.0,196.29,284.68,-31.05,Below Average
22006G,Outpatient,112,21910.0,195.63,284.68,-31.28,Below Average
2301UG,Outpatient,63,12320.0,195.56,284.68,-31.31,Below Average
1500UQ,Outpatient,69,13490.0,195.51,284.68,-31.32,Below Average
4413JQ,Outpatient,91,17780.0,195.38,284.68,-31.37,Below Average
3601YD,Outpatient,226,44150.0,195.35,284.68,-31.38,Below Average
0300UG,Outpatient,88,17190.0,195.34,284.68,-31.38,Below Average
0100JK,Outpatient,128,24950.0,194.92,284.68,-31.53,Below Average
4200KD,Outpatient,147,28650.0,194.9,284.68,-31.54,Below Average
2225YK,Outpatient,58,11300.0,194.83,284.68,-31.56,Below Average
3700CP,Outpatient,77,14950.0,194.16,284.68,-31.8,Below Average
44136D,Outpatient,62,12010.0,193.71,284.68,-31.96,Below Average
1701DN,Outpatient,153,29590.0,193.4,284.68,-32.06,Below Average
2125RB,Outpatient,65,12560.0,193.23,284.68,-32.12,Below Average
4300MV,Outpatient,101,19510.0,193.17,284.68,-32.14,Below Average
3900BG,Outpatient,85,16410.0,193.06,284.68,-32.18,Below Average
4900PR,Outpatient,57,10990.0,192.81,284.68,-32.27,Below Average
5118HB,Outpatient,96,18510.0,192.81,284.68,-32.27,Below Average
3700HK,Outpatient,69,13300.0,192.75,284.68,-32.29,Below Average
2000ND,Outpatient,168,32380.0,192.74,284.68,-32.3,Below Average
4401NN,Outpatient,122,23510.0,192.7,284.68,-32.31,Below Average
11016K,Outpatient,90,17310.0,192.33,284.68,-32.44,Below Average
2313DT,Outpatient,93,17870.0,192.15,284.68,-32.5,Below Average
1026SP,Outpatient,57,10930.0,191.75,284.68,-32.64,Below Average
3813DJ,Outpatient,75,14380.0,191.73,284.68,-32.65,Below Average
2500BQ,Outpatient,52,9970.0,191.73,284.68,-32.65,Below Average
3913PK,Outpatient,120,23000.0,191.67,284.68,-32.67,Below Average
4200PR,Outpatient,73,13970.0,191.37,284.68,-32.78,Below Average
3400WM,Outpatient,119,22770.0,191.34,284.68,-32.79,Below Average
1800RV,Outpatient,82,15670.0,191.1,284.68,-32.87,Below Average
1500QB,Outpatient,94,17960.0,191.06,284.68,-32.89,Below Average
26006N,Outpatient,69,13160.0,190.72,284.68,-33.01,Below Average
2500HN,Outpatient,151,28790.0,190.66,284.68,-33.03,Below Average
3200UH,Outpatient,358,68090.0,190.2,284.68,-33.19,Below Average
2500KR,Outpatient,68,12930.0,190.15,284.68,-33.21,Below Average
1525ZS,Outpatient,85,16150.0,190.0,284.68,-33.26,Below Average
1913DP,Outpatient,68,12920.0,190.0,284.68,-33.26,Below Average
1925MR,Outpatient,84,15930.0,189.64,284.68,-33.38,Below Average
0507AB,Outpatient,160,30290.0,189.31,284.68,-33.5,Below Average
1813WU,Outpatient,65,12300.0,189.23,284.68,-33.53,Below Average
1839ZB,Outpatient,482,90990.0,188.78,284.68,-33.69,Below Average
5213WK,Outpatient,102,19240.0,188.63,284.68,-33.74,Below Average
3601XS,Outpatient,65,12220.0,188.0,284.68,-33.96,Below Average
3200ZP,Outpatient,129,24250.0,187.98,284.68,-33.97,Below Average
1901GR,Outpatient,64,11990.0,187.34,284.68,-34.19,Below Average
4600UQ,Outpatient,56,10470.0,186.96,284.68,-34.33,Below Average
1813GK,Outpatient,61,11400.0,186.89,284.68,-34.35,Below Average
2313TD,Outpatient,128,23890.0,186.64,284.68,-34.44,Below Average
1800BG,Outpatient,433,80800.0,186.61,284.68,-34.45,Below Average
3300UM,Outpatient,103,19190.0,186.31,284.68,-34.55,Below Average
5100TM,Outpatient,99,18440.0,186.26,284.68,-34.57,Below Average
2200GN,Outpatient,75,13950.0,186.0,284.68,-34.66,Below Average
26138U,Outpatient,125,23200.0,185.6,284.68,-34.8,Below Average
1700CK,Outpatient,143,26530.0,185.52,284.68,-34.83,Below Average
2613QU,Outpatient,81,15020.0,185.43,284.68,-34.86,Below Average
0101VP,Outpatient,102,18910.0,185.39,284.68,-34.88,Below Average
4508BR,Outpatient,52,9630.0,185.19,284.68,-34.95,Below Average
45026M,Outpatient,61,11250.0,184.43,284.68,-35.21,Below Average
1813XV,Outpatient,125,23050.0,184.4,284.68,-35.23,Below Average
1825GD,Outpatient,57,10490.0,184.04,284.68,-35.35,Below Average
4226GM,Outpatient,54,9920.0,183.7,284.68,-35.47,Below Average
0501TJ,Outpatient,229,42030.0,183.54,284.68,-35.53,Below Average
4504VC,Outpatient,107,19610.0,183.27,284.68,-35.62,Below Average
3400RN,Outpatient,118,21620.0,183.22,284.68,-35.64,Below Average
3800TR,Outpatient,95,17390.0,183.05,284.68,-35.7,Below Average
5013JH,Outpatient,77,14090.0,182.99,284.68,-35.72,Below Average
4901NS,Outpatient,161,29450.0,182.92,284.68,-35.75,Below Average
1800AD,Outpatient,217,39660.0,182.76,284.68,-35.8,Below Average
2400YG,Outpatient,65,11860.0,182.46,284.68,-35.91,Below Average
2413WQ,Outpatient,62,11290.0,182.1,284.68,-36.03,Below Average
3903ZC,Outpatient,52,9450.0,181.73,284.68,-36.16,Below Average
3902WA,Outpatient,59,10720.0,181.69,284.68,-36.18,Below Average
0401PQ,Outpatient,69,12530.0,181.59,284.68,-36.21,Below Average
3602ZC,Outpatient,74,13430.0,181.49,284.68,-36.25,Below Average
39016D,Outpatient,63,11420.0,181.27,284.68,-36.32,Below Average
4513MP,Outpatient,103,18670.0,181.26,284.68,-36.33,Below Average
0526ZD,Outpatient,83,15040.0,181.2,284.68,-36.35,Below Average
5213HJ,Outpatient,76,13690.0,180.13,284.68,-36.73,Below Average
3401RS,Outpatient,120,21610.0,180.08,284.68,-36.74,Below Average
4401CS,Outpatient,57,10260.0,180.0,284.68,-36.77,Below Average
3930MD,Outpatient,69,12400.0,179.71,284.68,-36.87,Below Average
3425XA,Outpatient,99,17790.0,179.7,284.68,-36.88,Below Average
4506DG,Outpatient,59,10580.0,179.32,284.68,-37.01,Below Average
3901QG,Outpatient,59,10570.0,179.15,284.68,-37.07,Below Average
0400WD,Outpatient,128,22920.0,179.06,284.68,-37.1,Below Average
3700JN,Outpatient,121,21620.0,178.68,284.68,-37.23,Below Average
4900BM,Outpatient,279,49850.0,178.67,284.68,-37.24,Below Average
2225NT,Outpatient,57,10160.0,178.25,284.68,-37.39,Below Average
3401HA,Outpatient,53,9440.0,178.11,284.68,-37.44,Below Average
1002DC,Outpatient,78,13830.0,177.31,284.68,-37.72,Below Average
5213WS,Outpatient,175,30950.0,176.86,284.68,-37.87,Below Average
0503JK,Outpatient,76,13440.0,176.84,284.68,-37.88,Below Average
3300HD,Outpatient,56,9900.0,176.79,284.68,-37.9,Below Average
0100YD,Outpatient,99,17450.0,176.26,284.68,-38.08,Below Average
2518YJ,Outpatient,53,9320.0,175.85,284.68,-38.23,Below Average
3300XQ,Outpatient,81,14240.0,175.8,284.68,-38.25,Below Average
4926HV,Outpatient,163,28650.0,175.77,284.68,-38.26,Below Average
3702JC,Outpatient,102,17910.0,175.59,284.68,-38.32,Below Average
0300PH,Outpatient,51,8940.0,175.29,284.68,-38.43,Below Average
4434NU,Outpatient,90,15680.0,174.22,284.68,-38.8,Below Average
1027HS,Outpatient,64,11130.0,173.91,284.68,-38.91,Below Average
0400UR,Outpatient,68,11820.0,173.82,284.68,-38.94,Below Average
4413NT,Outpatient,59,10240.0,173.56,284.68,-39.03,Below Average
0600RM,Outpatient,78,13530.0,173.46,284.68,-39.07,Below Average
5000KP,Outpatient,58,10040.0,173.1,284.68,-39.19,Below Average
0600MP,Outpatient,78,13500.0,173.08,284.68,-39.2,Below Average
3625GP,Outpatient,102,17650.0,173.04,284.68,-39.22,Below Average
2613JV,Outpatient,63,10900.0,173.02,284.68,-39.22,Below Average
0539ZN,Outpatient,77,13300.0,172.73,284.68,-39.32,Below Average
2513BV,Outpatient,65,11210.0,172.46,284.68,-39.42,Below Average
1113MR,Outpatient,129,22200.0,172.09,284.68,-39.55,Below Average
1700VV,Outpatient,80,13720.0,171.5,284.68,-39.76,Below Average
2639TG,Outpatient,56,9590.0,171.25,284.68,-39.84,Below Average
1800HT,Outpatient,155,26520.0,171.1,284.68,-39.9,Below Average
4401YC,Outpatient,74,12610.0,170.41,284.68,-40.14,Below Average
4900UQ,Outpatient,86,14650.0,170.35,284.68,-40.16,Below Average
3602TS,Outpatient,90,15330.0,170.33,284.68,-40.17,Below Average
4513GQ,Outpatient,67,11410.0,170.3,284.68,-40.18,Below Average
11136M,Outpatient,79,13450.0,170.25,284.68,-40.2,Below Average
1313GT,Outpatient,115,19550.0,170.0,284.68,-40.28,Below Average
2100PR,Outpatient,72,12230.0,169.86,284.68,-40.33,Below Average
38138N,Outpatient,64,10780.0,168.44,284.68,-40.83,Below Average
17136A,Outpatient,51,8590.0,168.43,284.68,-40.84,Below Average
3902UG,Outpatient,57,9570.0,167.89,284.68,-41.03,Below Average
1026QD,Outpatient,92,15430.0,167.72,284.68,-41.08,Below Average
1410JM,Outpatient,87,14590.0,167.7,284.68,-41.09,Below Average
5118XU,Outpatient,51,8550.0,167.65,284.68,-41.11,Below Average
2413TT,Outpatient,154,25750.0,167.21,284.68,-41.26,Below Average
2500VP,Outpatient,77,12700.0,164.94,284.68,-42.06,Below Average
1813JP,Outpatient,95,15600.0,164.21,284.68,-42.32,Below Average
20238Q,Outpatient,73,11960.0,163.84,284.68,-42.45,Below Average
0505MB,Outpatient,54,8840.0,163.7,284.68,-42.5,Below Average
1410SG,Outpatient,91,14890.0,163.63,284.68,-42.52,Below Average
15016B,Outpatient,72,11760.0,163.33,284.68,-42.63,Below Average
4502ZB,Outpatient,87,14100.0,162.07,284.68,-43.07,Below Average
2601JS,Outpatient,61,9870.0,161.8,284.68,-43.16,Below Average
2339TD,Outpatient,62,10020.0,161.61,284.68,-43.23,Below Average
2639AJ,Outpatient,84,13560.0,161.43,284.68,-43.29,Below Average
4402MK,Outpatient,50,8070.0,161.4,284.68,-43.3,Below Average
4513CT,Outpatient,61,9800.0,160.66,284.68,-43.56,Below Average
2613CH,Outpatient,81,12990.0,160.37,284.68,-43.67,Below Average
1113MB,Outpatient,55,8770.0,159.45,284.68,-43.99,Below Average
0600UQ,Outpatient,61,9710.0,159.18,284.68,-44.08,Below Average
1513XR,Outpatient,76,12070.0,158.82,284.68,-44.21,Below Average
0500YV,Outpatient,58,9200.0,158.62,284.68,-44.28,Below Average
1001DH,Outpatient,66,10460.0,158.48,284.68,-44.33,Below Average
1113NS,Outpatient,55,8710.0,158.36,284.68,-44.37,Below Average
1601MB,Outpatient,58,9170.0,158.1,284.68,-44.46,Below Average
4523YH,Outpatient,57,8970.0,157.37,284.68,-44.72,Below Average
4502TB,Outpatient,74,11600.0,156.76,284.68,-44.93,Below Average
1225PP,Outpatient,56,8770.0,156.61,284.68,-44.99,Below Average
4528GM,Outpatient,64,10000.0,156.25,284.68,-45.11,Below Average
5539SB,Outpatient,52,8090.0,155.58,284.68,-45.35,Below Average
1100VG,Outpatient,151,23480.0,155.5,284.68,-45.38,Below Average
1102UR,Outpatient,123,19110.0,155.37,284.68,-45.42,Below Average
3700YH,Outpatient,55,8500.0,154.55,284.68,-45.71,Below Average
13856A,Outpatient,87,13420.0,154.25,284.68,-45.82,Below Average
2601WB,Outpatient,64,9860.0,154.06,284.68,-45.88,Below Average
4513QB,Outpatient,67,10140.0,151.34,284.68,-46.84,Below Average
2313GN,Outpatient,84,12690.0,151.07,284.68,-46.93,Below Average
3303JB,Outpatient,67,10050.0,150.0,284.68,-47.31,Below Average
1613MS,Outpatient,50,7460.0,149.2,284.68,-47.59,Below Average
3213ZC,Outpatient,57,8500.0,149.12,284.68,-47.62,Below Average
5235MR,Outpatient,51,7590.0,148.82,284.68,-47.72,Below Average
3100JU,Outpatient,93,13820.0,148.6,284.68,-47.8,Below Average
25006D,Outpatient,60,8840.0,147.33,284.68,-48.25,Below Average
2813VD,Outpatient,51,7460.0,146.27,284.68,-48.62,Below Average
0504WG,Outpatient,61,8890.0,145.74,284.68,-48.81,Below Average
3800PM,Outpatient,61,8850.0,145.08,284.68,-49.04,Below Average
3901BH,Outpatient,75,10740.0,143.2,284.68,-49.7,Below Average
2225TC,Outpatient,81,11500.0,141.98,284.68,-50.13,Below Average
0528UA,Outpatient,53,7480.0,141.13,284.68,-50.43,Below Average
4401PV,Outpatient,59,8240.0,139.66,284.68,-50.94,Below Average
0513WR,Outpatient,65,8960.0,137.85,284.68,-51.58,Below Average
4520JH,Outpatient,80,10960.0,137.0,284.68,-51.88,Below Average
1813BG,Outpatient,103,14010.0,136.02,284.68,-52.22,Below Average
34266U,Outpatient,58,7850.0,135.34,284.68,-52.46,Below Average
05278N,Outpatient,78,10540.0,135.13,284.68,-52.53,Below Average
3465WV,Outpatient,77,10340.0,134.29,284.68,-52.83,Below Average
1813VT,Outpatient,62,8200.0,132.26,284.68,-53.54,Below Average
2201AQ,Outpatient,59,7710.0,130.68,284.68,-54.1,Below Average
3418GQ,Outpatient,52,6740.0,129.62,284.68,-54.47,Below Average
4400YS,Outpatient,78,10050.0,128.85,284.68,-54.74,Below Average
1525NT,Outpatient,59,7560.0,128.14,284.68,-54.99,Below Average
1500YD,Outpatient,58,7420.0,127.93,284.68,-55.06,Below Average
3302VP,Outpatient,57,7160.0,125.61,284.68,-55.88,Below Average
5000GJ,Outpatient,59,7060.0,119.66,284.68,-57.97,Below Average
4925RM,Outpatient,64,7610.0,118.91,284.68,-58.23,Below Average
1613NU,Outpatient,91,10460.0,114.95,284.68,-59.62,Below Average
3400XG,Outpatient,54,5680.0,105.19,284.68,-63.05,Below Average
2413GD,Outpatient,73,7400.0,101.37,284.68,-64.39,Below Average
27136J,Outpatient,52,4740.0,91.15,284.68,-67.98,Below Average
4513QC,Outpatient,53,4800.0,90.57,284.68,-68.19,Below Average
2689YV,Outpatient,52,4540.0,87.31,284.68,-69.33,Below Average
