claim_type,provider_id,total_claims,negative_payment_claims,zero_payment_claims,non_positive_claims,negative_payment_rate_pct,zero_payment_rate_pct,non_positive_rate_pct,total_payment,integrity_signal
Outpatient,4400BA,105,1.0,12.0,13.0,0.95,11.43,12.38,25590.0,High Signal
Outpatient,1701DN,153,0.0,16.0,16.0,0.0,10.46,10.46,29590.0,High Signal
Outpatient,3100SP,128,1.0,12.0,13.0,0.78,9.38,10.16,38730.0,High Signal
Outpatient,3902MT,101,0.0,10.0,10.0,0.0,9.9,9.9,36390.0,Elevated
Outpatient,4900HR,166,1.0,15.0,16.0,0.6,9.04,9.64,37410.0,Elevated
Outpatient,0400WD,128,0.0,12.0,12.0,0.0,9.38,9.38,22920.0,Elevated
Outpatient,3400KG,129,1.0,11.0,12.0,0.78,8.53,9.3,35850.0,Elevated
Inpatient,2200JA,110,0.0,10.0,10.0,0.0,9.09,9.09,943000.0,Elevated
Outpatient,0600ZV,114,0.0,10.0,10.0,0.0,8.77,8.77,36490.0,Elevated
Outpatient,4513MP,103,1.0,8.0,9.0,0.97,7.77,8.74,18670.0,Elevated
Inpatient,3601WR,127,0.0,11.0,11.0,0.0,8.66,8.66,1090800.0,Elevated
Outpatient,1713YU,104,1.0,8.0,9.0,0.96,7.69,8.65,22850.0,Elevated
Outpatient,4400JJ,162,1.0,13.0,14.0,0.62,8.02,8.64,55280.0,Elevated
Outpatient,0500YH,117,2.0,8.0,10.0,1.71,6.84,8.55,33250.0,Elevated
Outpatient,5201CG,106,0.0,9.0,9.0,0.0,8.49,8.49,32920.0,Elevated
Outpatient,4504VC,107,1.0,8.0,9.0,0.93,7.48,8.41,19610.0,Elevated
Outpatient,2534HH,108,1.0,8.0,9.0,0.93,7.41,8.33,27140.0,Elevated
Outpatient,3300RA,219,1.0,17.0,18.0,0.46,7.76,8.22,55070.0,Elevated
Outpatient,2600YS,171,0.0,14.0,14.0,0.0,8.19,8.19,61380.0,Elevated
Outpatient,1800GS,261,2.0,19.0,21.0,0.77,7.28,8.05,72140.0,Elevated
Outpatient,4000KQ,162,0.0,13.0,13.0,0.0,8.02,8.02,37250.0,Elevated
Outpatient,37026A,175,4.0,10.0,14.0,2.29,5.71,8.0,42240.0,Elevated
Outpatient,28138G,100,0.0,8.0,8.0,0.0,8.0,8.0,28490.0,Elevated
Outpatient,3425TK,100,0.0,8.0,8.0,0.0,8.0,8.0,21190.0,Elevated
Outpatient,3301UH,100,2.0,6.0,8.0,2.0,6.0,8.0,28950.0,Elevated
Outpatient,5200DG,113,1.0,8.0,9.0,0.88,7.08,7.96,26490.0,Elevated
Outpatient,2301ZN,101,1.0,7.0,8.0,0.99,6.93,7.92,25520.0,Elevated
Outpatient,5202NV,101,1.0,7.0,8.0,0.99,6.93,7.92,25650.0,Elevated
Outpatient,5200ZH,101,1.0,7.0,8.0,0.99,6.93,7.92,22010.0,Elevated
Outpatient,3301PH,114,0.0,9.0,9.0,0.0,7.89,7.89,44330.0,Elevated
Outpatient,4913AA,127,0.0,10.0,10.0,0.0,7.87,7.87,31010.0,Elevated
Outpatient,3902YC,180,0.0,14.0,14.0,0.0,7.78,7.78,42830.0,Elevated
Outpatient,4508GD,130,1.0,9.0,10.0,0.77,6.92,7.69,31370.0,Elevated
Outpatient,3301SD,104,0.0,8.0,8.0,0.0,7.69,7.69,40950.0,Elevated
Outpatient,4000PM,145,1.0,10.0,11.0,0.69,6.9,7.59,33330.0,Elevated
Outpatient,3600PV,159,1.0,11.0,12.0,0.63,6.92,7.55,48430.0,Elevated
Outpatient,2300MM,159,2.0,10.0,12.0,1.26,6.29,7.55,46340.0,Elevated
Outpatient,31006S,146,2.0,9.0,11.0,1.37,6.16,7.53,42690.0,Elevated
Outpatient,4200BC,147,0.0,11.0,11.0,0.0,7.48,7.48,42580.0,Elevated
Inpatient,3100PS,148,0.0,11.0,11.0,0.0,7.43,7.43,1375000.0,Elevated
Outpatient,1113WG,108,0.0,8.0,8.0,0.0,7.41,7.41,30720.0,Elevated
Outpatient,4401JJ,257,0.0,19.0,19.0,0.0,7.39,7.39,53520.0,Elevated
Outpatient,1501DH,149,0.0,11.0,11.0,0.0,7.38,7.38,45560.0,Elevated
Outpatient,4508QQ,136,1.0,9.0,10.0,0.74,6.62,7.35,31110.0,Elevated
Outpatient,0600GH,206,2.0,13.0,15.0,0.97,6.31,7.28,76750.0,Elevated
Inpatient,2301UP,110,0.0,8.0,8.0,0.0,7.27,7.27,1095000.0,Elevated
Outpatient,2600HG,221,2.0,14.0,16.0,0.9,6.33,7.24,75690.0,Elevated
Outpatient,1101ZJ,125,0.0,9.0,9.0,0.0,7.2,7.2,30120.0,Elevated
Outpatient,1901HK,139,0.0,10.0,10.0,0.0,7.19,7.19,35830.0,Elevated
Outpatient,05136H,139,0.0,10.0,10.0,0.0,7.19,7.19,47390.0,Elevated
Outpatient,2386KQ,139,3.0,7.0,10.0,2.16,5.04,7.19,34610.0,Elevated
Outpatient,3465CJ,139,0.0,10.0,10.0,0.0,7.19,7.19,41870.0,Elevated
Outpatient,55198J,224,1.0,15.0,16.0,0.45,6.7,7.14,62450.0,Elevated
Outpatient,01016U,182,2.0,11.0,13.0,1.1,6.04,7.14,48680.0,Elevated
Outpatient,0513RS,168,0.0,12.0,12.0,0.0,7.14,7.14,39870.0,Elevated
Outpatient,18006M,140,1.0,9.0,10.0,0.71,6.43,7.14,41170.0,Elevated
Inpatient,5001PC,126,0.0,9.0,9.0,0.0,7.14,7.14,1226000.0,Elevated
Outpatient,0501US,112,0.0,8.0,8.0,0.0,7.14,7.14,28940.0,Elevated
Outpatient,3901VU,239,2.0,15.0,17.0,0.84,6.28,7.11,66200.0,Elevated
Outpatient,34346G,183,3.0,10.0,13.0,1.64,5.46,7.1,43610.0,Elevated
Outpatient,4501TS,127,1.0,8.0,9.0,0.79,6.3,7.09,26400.0,Elevated
Outpatient,1089NQ,129,0.0,9.0,9.0,0.0,6.98,6.98,32600.0,Elevated
Outpatient,1313GT,115,0.0,8.0,8.0,0.0,6.96,6.96,19550.0,Elevated
Outpatient,4508MM,101,0.0,7.0,7.0,0.0,6.93,6.93,21290.0,Elevated
Outpatient,1001RN,159,1.0,10.0,11.0,0.63,6.29,6.92,55390.0,Elevated
Outpatient,5213WS,175,2.0,10.0,12.0,1.14,5.71,6.86,30950.0,Elevated
Outpatient,3100WT,102,2.0,5.0,7.0,1.96,4.9,6.86,23150.0,Elevated
Outpatient,0700MT,102,0.0,7.0,7.0,0.0,6.86,6.86,24310.0,Elevated
Outpatient,3400PS,146,2.0,8.0,10.0,1.37,5.48,6.85,31910.0,Elevated
Outpatient,3302MC,190,1.0,12.0,13.0,0.53,6.32,6.84,40100.0,Elevated
Outpatient,4900KU,161,0.0,11.0,11.0,0.0,6.83,6.83,45010.0,Elevated
Outpatient,38008D,528,1.0,35.0,36.0,0.19,6.63,6.82,125370.0,Elevated
Outpatient,4500SG,220,0.0,15.0,15.0,0.0,6.82,6.82,48930.0,Elevated
Outpatient,29136T,176,2.0,10.0,12.0,1.14,5.68,6.82,59330.0,Elevated
Outpatient,2501UN,103,0.0,7.0,7.0,0.0,6.8,6.8,37510.0,Elevated
Outpatient,1813BG,103,2.0,5.0,7.0,1.94,4.85,6.8,14010.0,Elevated
Outpatient,5519BR,501,2.0,32.0,34.0,0.4,6.39,6.79,118000.0,Elevated
Outpatient,4500KG,162,0.0,11.0,11.0,0.0,6.79,6.79,72240.0,Elevated
Outpatient,4220HV,119,2.0,6.0,8.0,1.68,5.04,6.72,31080.0,Elevated
Outpatient,3400WM,119,1.0,7.0,8.0,0.84,5.88,6.72,22770.0,Elevated
Outpatient,3900BP,600,6.0,34.0,40.0,1.0,5.67,6.67,151690.0,Elevated
Outpatient,1800PD,195,1.0,12.0,13.0,0.51,6.15,6.67,40540.0,Elevated
Inpatient,3901KR,151,0.0,10.0,10.0,0.0,6.62,6.62,1465000.0,Elevated
Inpatient,5130XG,136,0.0,9.0,9.0,0.0,6.62,6.62,1451000.0,Elevated
Outpatient,1800NC,136,0.0,9.0,9.0,0.0,6.62,6.62,30100.0,Elevated
Outpatient,1100QV,121,1.0,7.0,8.0,0.83,5.79,6.61,37680.0,Elevated
Outpatient,0413JU,121,1.0,7.0,8.0,0.83,5.79,6.61,28390.0,Elevated
Outpatient,0500VC,106,0.0,7.0,7.0,0.0,6.6,6.6,28330.0,Elevated
Outpatient,06008K,106,1.0,6.0,7.0,0.94,5.66,6.6,29180.0,Elevated
Outpatient,1613QV,106,0.0,7.0,7.0,0.0,6.6,6.6,29320.0,Elevated
Outpatient,1400YH,258,0.0,17.0,17.0,0.0,6.59,6.59,63950.0,Elevated
Outpatient,3602WV,274,1.0,17.0,18.0,0.36,6.2,6.57,82310.0,Elevated
Outpatient,3302RR,275,1.0,17.0,18.0,0.36,6.18,6.55,62570.0,Elevated
Outpatient,2302KU,168,1.0,10.0,11.0,0.6,5.95,6.55,43460.0,Elevated
Outpatient,2301VQ,168,1.0,10.0,11.0,0.6,5.95,6.55,48580.0,Elevated
Outpatient,3400WT,214,0.0,14.0,14.0,0.0,6.54,6.54,61990.0,Elevated
Outpatient,4508ZD,153,0.0,10.0,10.0,0.0,6.54,6.54,37930.0,Elevated
Outpatient,1613ZT,138,0.0,9.0,9.0,0.0,6.52,6.52,64330.0,Elevated
Outpatient,1000VV,262,1.0,16.0,17.0,0.38,6.11,6.49,77170.0,Elevated
Outpatient,3302PG,154,0.0,10.0,10.0,0.0,6.49,6.49,33610.0,Elevated
Inpatient,3700JD,154,0.0,10.0,10.0,0.0,6.49,6.49,1257000.0,Elevated
Outpatient,45398G,154,0.0,10.0,10.0,0.0,6.49,6.49,44820.0,Elevated
Outpatient,25136M,293,2.0,17.0,19.0,0.68,5.8,6.48,77300.0,Elevated
Outpatient,1401NU,108,0.0,7.0,7.0,0.0,6.48,6.48,33650.0,Elevated
Outpatient,2401GC,201,1.0,12.0,13.0,0.5,5.97,6.47,45140.0,Elevated
Outpatient,34S0PT,124,0.0,8.0,8.0,0.0,6.45,6.45,42160.0,Elevated
Inpatient,3301BB,171,0.0,11.0,11.0,0.0,6.43,6.43,1564280.0,Elevated
Outpatient,2300AH,187,0.0,12.0,12.0,0.0,6.42,6.42,48640.0,Elevated
Outpatient,0700WA,187,0.0,12.0,12.0,0.0,6.42,6.42,48930.0,Elevated
Outpatient,4413DK,109,1.0,6.0,7.0,0.92,5.5,6.42,32490.0,Elevated
Outpatient,3325JQ,266,1.0,16.0,17.0,0.38,6.02,6.39,58040.0,Elevated
Outpatient,4439KH,141,1.0,8.0,9.0,0.71,5.67,6.38,35320.0,Elevated
Outpatient,0500AM,251,1.0,15.0,16.0,0.4,5.98,6.37,75350.0,Elevated
Outpatient,1402XA,661,4.0,38.0,42.0,0.61,5.75,6.35,198270.0,Elevated
Outpatient,3426RR,142,0.0,9.0,9.0,0.0,6.34,6.34,37510.0,Elevated
Outpatient,2400PR,333,2.0,19.0,21.0,0.6,5.71,6.31,70860.0,Elevated
Outpatient,4507GA,222,0.0,14.0,14.0,0.0,6.31,6.31,57220.0,Elevated
Outpatient,4504BD,207,1.0,12.0,13.0,0.48,5.8,6.28,73300.0,Elevated
Outpatient,04VXKQ,176,1.0,10.0,11.0,0.57,5.68,6.25,37800.0,Elevated
Inpatient,0500VS,160,0.0,10.0,10.0,0.0,6.25,6.25,1459010.0,Elevated
Outpatient,3313HR,112,0.0,7.0,7.0,0.0,6.25,6.25,41770.0,Elevated
Outpatient,3303XS,209,1.0,12.0,13.0,0.48,5.74,6.22,50170.0,Elevated
Outpatient,5213YN,209,1.0,12.0,13.0,0.48,5.74,6.22,64030.0,Elevated
Outpatient,33038A,290,0.0,18.0,18.0,0.0,6.21,6.21,106620.0,Elevated
Outpatient,3400WD,291,0.0,18.0,18.0,0.0,6.19,6.19,104640.0,Elevated
Outpatient,0300BB,113,2.0,5.0,7.0,1.77,4.42,6.19,26350.0,Elevated
Outpatient,5213BC,113,0.0,7.0,7.0,0.0,6.19,6.19,23740.0,Elevated
Outpatient,4508DT,162,2.0,8.0,10.0,1.23,4.94,6.17,31950.0,Elevated
Outpatient,2801NN,325,0.0,20.0,20.0,0.0,6.15,6.15,112900.0,Elevated
Outpatient,3400MH,130,0.0,8.0,8.0,0.0,6.15,6.15,31720.0,Elevated
Outpatient,2013QS,130,0.0,8.0,8.0,0.0,6.15,6.15,36500.0,Elevated
Outpatient,3301AR,114,0.0,7.0,7.0,0.0,6.14,6.14,30570.0,Elevated
Outpatient,0600PR,522,2.0,30.0,32.0,0.38,5.75,6.13,168880.0,Elevated
Outpatient,5213JM,147,1.0,8.0,9.0,0.68,5.44,6.12,33130.0,Elevated
Outpatient,01016G,458,1.0,27.0,28.0,0.22,5.9,6.11,161760.0,Elevated
Outpatient,2085AA,180,0.0,11.0,11.0,0.0,6.11,6.11,50270.0,Elevated
Outpatient,3601SM,296,2.0,16.0,18.0,0.68,5.41,6.08,73920.0,Elevated
Outpatient,4400VV,741,2.0,43.0,45.0,0.27,5.8,6.07,189990.0,Elevated
Outpatient,15138V,214,2.0,11.0,13.0,0.93,5.14,6.07,42610.0,Elevated
Outpatient,3301NV,165,1.0,9.0,10.0,0.61,5.45,6.06,43200.0,Elevated
Outpatient,3401TG,182,0.0,11.0,11.0,0.0,6.04,6.04,50990.0,Elevated
Outpatient,1025JV,116,0.0,7.0,7.0,0.0,6.03,6.03,37860.0,Elevated
Outpatient,5100TC,116,0.0,7.0,7.0,0.0,6.03,6.03,27780.0,Elevated
Outpatient,1813TR,116,2.0,5.0,7.0,1.72,4.31,6.03,46400.0,Elevated
Outpatient,1000PH,133,0.0,8.0,8.0,0.0,6.02,6.02,33600.0,Elevated
Outpatient,1413SB,183,1.0,10.0,11.0,0.55,5.46,6.01,51240.0,Elevated
Outpatient,1800AD,217,1.0,12.0,13.0,0.46,5.53,5.99,39660.0,Elevated
Outpatient,4506CN,167,0.0,10.0,10.0,0.0,5.99,5.99,48170.0,Elevated
Outpatient,0504BG,251,0.0,15.0,15.0,0.0,5.98,5.98,85550.0,Elevated
Outpatient,4400ZM,234,2.0,12.0,14.0,0.85,5.13,5.98,69780.0,Elevated
Outpatient,45026C,117,0.0,7.0,7.0,0.0,5.98,5.98,31130.0,Elevated
Outpatient,3302YK,117,0.0,7.0,7.0,0.0,5.98,5.98,31230.0,Elevated
Outpatient,3101AB,151,0.0,9.0,9.0,0.0,5.96,5.96,42470.0,Elevated
Outpatient,2500HN,151,2.0,7.0,9.0,1.32,4.64,5.96,28790.0,Elevated
Outpatient,0434JG,168,1.0,9.0,10.0,0.6,5.36,5.95,44880.0,Elevated
Outpatient,2000ND,168,0.0,10.0,10.0,0.0,5.95,5.95,32380.0,Elevated
Outpatient,4526HD,168,0.0,10.0,10.0,0.0,5.95,5.95,34490.0,Elevated
Outpatient,1000JB,825,4.0,45.0,49.0,0.48,5.45,5.94,229820.0,Elevated
Inpatient,33026U,118,0.0,7.0,7.0,0.0,5.93,5.93,1061000.0,Elevated
Outpatient,5125YJ,118,0.0,7.0,7.0,0.0,5.93,5.93,28400.0,Elevated
Outpatient,4507BD,760,4.0,41.0,45.0,0.53,5.39,5.92,202460.0,Elevated
Outpatient,2013KN,628,5.0,32.0,37.0,0.8,5.1,5.89,155340.0,Elevated
Outpatient,0500CP,340,1.0,19.0,20.0,0.29,5.59,5.88,98400.0,Elevated
Outpatient,1200CQ,204,1.0,11.0,12.0,0.49,5.39,5.88,59740.0,Elevated
Outpatient,0501JP,119,0.0,7.0,7.0,0.0,5.88,5.88,29060.0,Elevated
Outpatient,3700NR,119,0.0,7.0,7.0,0.0,5.88,5.88,25640.0,Elevated
Outpatient,4900MV,102,1.0,5.0,6.0,0.98,4.9,5.88,33540.0,Elevated
Outpatient,3400TH,102,0.0,6.0,6.0,0.0,5.88,5.88,27720.0,Elevated
Outpatient,5023RT,102,1.0,5.0,6.0,0.98,4.9,5.88,21140.0,Elevated
Outpatient,5213WK,102,0.0,6.0,6.0,0.0,5.88,5.88,19240.0,Elevated
Outpatient,1501HB,102,0.0,6.0,6.0,0.0,5.88,5.88,31150.0,Elevated
Outpatient,3901CQ,102,0.0,6.0,6.0,0.0,5.88,5.88,28720.0,Elevated
Outpatient,1000RK,273,1.0,15.0,16.0,0.37,5.49,5.86,80870.0,Elevated
Outpatient,3301ZP,359,1.0,20.0,21.0,0.28,5.57,5.85,109030.0,Elevated
Outpatient,1813VD,188,1.0,10.0,11.0,0.53,5.32,5.85,51680.0,Elevated
Outpatient,3600RB,616,4.0,32.0,36.0,0.65,5.19,5.84,215000.0,Elevated
Outpatient,3013TB,480,1.0,27.0,28.0,0.21,5.63,5.83,119160.0,Elevated
Outpatient,5213NH,240,0.0,14.0,14.0,0.0,5.83,5.83,60500.0,Elevated
Outpatient,3300XJ,206,1.0,11.0,12.0,0.49,5.34,5.83,58570.0,Elevated
Outpatient,44016P,120,0.0,7.0,7.0,0.0,5.83,5.83,25940.0,Elevated
Outpatient,2801RR,120,2.0,5.0,7.0,1.67,4.17,5.83,28060.0,Elevated
Outpatient,1400JU,120,0.0,7.0,7.0,0.0,5.83,5.83,23930.0,Elevated
Outpatient,1801AR,120,1.0,6.0,7.0,0.83,5.0,5.83,42490.0,Elevated
Outpatient,1000ZT,189,1.0,10.0,11.0,0.53,5.29,5.82,39800.0,Elevated
Outpatient,17008H,189,2.0,9.0,11.0,1.06,4.76,5.82,66640.0,Elevated
Outpatient,1000CB,172,0.0,10.0,10.0,0.0,5.81,5.81,62060.0,Elevated
Outpatient,1025MR,155,1.0,8.0,9.0,0.65,5.16,5.81,33250.0,Elevated
Outpatient,33008P,207,1.0,11.0,12.0,0.48,5.31,5.8,50220.0,Elevated
Outpatient,3302TM,605,1.0,34.0,35.0,0.17,5.62,5.79,122370.0,Elevated
Outpatient,0504ZK,242,1.0,13.0,14.0,0.41,5.37,5.79,71800.0,Elevated
Outpatient,1100HU,121,1.0,6.0,7.0,0.83,4.96,5.79,48490.0,Elevated
Outpatient,2225CJ,121,1.0,6.0,7.0,0.83,4.96,5.79,28680.0,Elevated
Outpatient,1913HR,191,0.0,11.0,11.0,0.0,5.76,5.76,48290.0,Elevated
Outpatient,5200SN,191,1.0,10.0,11.0,0.52,5.24,5.76,51410.0,Elevated
Outpatient,1000UG,226,0.0,13.0,13.0,0.0,5.75,5.75,81600.0,Elevated
Outpatient,2913UM,366,1.0,20.0,21.0,0.27,5.46,5.74,98310.0,Elevated
Outpatient,3901MS,244,2.0,12.0,14.0,0.82,4.92,5.74,107930.0,Elevated
Outpatient,1500AB,122,1.0,6.0,7.0,0.82,4.92,5.74,40990.0,Elevated
Outpatient,4901NK,297,1.0,16.0,17.0,0.34,5.39,5.72,88130.0,Elevated
Outpatient,4100KP,105,1.0,5.0,6.0,0.95,4.76,5.71,24680.0,Elevated
Outpatient,4528YM,105,1.0,5.0,6.0,0.95,4.76,5.71,33550.0,Elevated
Outpatient,4439CV,105,0.0,6.0,6.0,0.0,5.71,5.71,28990.0,Elevated
Outpatient,4500RD,105,0.0,6.0,6.0,0.0,5.71,5.71,32640.0,Elevated
Outpatient,1100WV,421,2.0,22.0,24.0,0.48,5.23,5.7,107010.0,Elevated
Outpatient,4713HN,298,2.0,15.0,17.0,0.67,5.03,5.7,86150.0,Elevated
Outpatient,3302UN,193,0.0,11.0,11.0,0.0,5.7,5.7,51690.0,Elevated
Outpatient,2413NU,369,0.0,21.0,21.0,0.0,5.69,5.69,81900.0,Elevated
Outpatient,0600SN,141,3.0,5.0,8.0,2.13,3.55,5.67,39300.0,Elevated
Outpatient,1400RU,141,0.0,8.0,8.0,0.0,5.67,5.67,44250.0,Elevated
Outpatient,3426ND,106,0.0,6.0,6.0,0.0,5.66,5.66,24340.0,Elevated
Outpatient,0503XM,124,3.0,4.0,7.0,2.42,3.23,5.65,47200.0,Elevated
Outpatient,2501DC,124,0.0,7.0,7.0,0.0,5.65,5.65,32670.0,Elevated
Outpatient,3902HP,692,0.0,39.0,39.0,0.0,5.64,5.64,150820.0,Elevated
Outpatient,2301DT,266,1.0,14.0,15.0,0.38,5.26,5.64,73080.0,Elevated
Outpatient,3400ZA,231,0.0,13.0,13.0,0.0,5.63,5.63,75070.0,Elevated
Outpatient,1026PS,285,2.0,14.0,16.0,0.7,4.91,5.61,73120.0,Elevated
Outpatient,3000GA,196,0.0,11.0,11.0,0.0,5.61,5.61,49470.0,Elevated
Outpatient,3900CQ,107,0.0,6.0,6.0,0.0,5.61,5.61,32140.0,Elevated
Outpatient,3900SR,358,2.0,18.0,20.0,0.56,5.03,5.59,96770.0,Elevated
Outpatient,2402KM,161,0.0,9.0,9.0,0.0,5.59,5.59,57110.0,Elevated
Outpatient,4508BA,161,2.0,7.0,9.0,1.24,4.35,5.59,42410.0,Elevated
Outpatient,1401ZT,1722,7.0,89.0,96.0,0.41,5.17,5.57,553960.0,Elevated
Outpatient,3600AA,305,3.0,14.0,17.0,0.98,4.59,5.57,123080.0,Elevated
Outpatient,1401GD,216,1.0,11.0,12.0,0.46,5.09,5.56,54660.0,Elevated
Inpatient,0502KN,144,1.0,7.0,8.0,0.69,4.86,5.56,1386190.0,Elevated
Outpatient,4200TG,144,0.0,8.0,8.0,0.0,5.56,5.56,32040.0,Elevated
Outpatient,2100QC,126,0.0,7.0,7.0,0.0,5.56,5.56,29840.0,Elevated
Outpatient,2601MN,126,1.0,6.0,7.0,0.79,4.76,5.56,27650.0,Elevated
Outpatient,3313NA,108,0.0,6.0,6.0,0.0,5.56,5.56,35670.0,Elevated
Outpatient,2800HP,1102,5.0,56.0,61.0,0.45,5.08,5.54,354880.0,Elevated
Outpatient,5001WN,633,2.0,33.0,35.0,0.32,5.21,5.53,171430.0,Elevated
Outpatient,18206H,434,2.0,22.0,24.0,0.46,5.07,5.53,129360.0,Elevated
Inpatient,05018N,217,0.0,12.0,12.0,0.0,5.53,5.53,1815500.0,Elevated
Outpatient,1413WH,181,1.0,9.0,10.0,0.55,4.97,5.52,44290.0,Elevated
Outpatient,3613PU,145,2.0,6.0,8.0,1.38,4.14,5.52,34240.0,Elevated
Outpatient,3800HC,254,0.0,14.0,14.0,0.0,5.51,5.51,63320.0,Elevated
Outpatient,2625YR,200,0.0,11.0,11.0,0.0,5.5,5.5,41360.0,Elevated
Outpatient,3425KA,109,0.0,6.0,6.0,0.0,5.5,5.5,23070.0,Elevated
Outpatient,1300CN,109,0.0,6.0,6.0,0.0,5.5,5.5,25990.0,Elevated
Outpatient,0502ZV,273,3.0,12.0,15.0,1.1,4.4,5.49,60000.0,Elevated
Outpatient,3300AU,255,3.0,11.0,14.0,1.18,4.31,5.49,56940.0,Elevated
Outpatient,2813XQ,182,3.0,7.0,10.0,1.65,3.85,5.49,41950.0,Elevated
Outpatient,1013AH,182,0.0,10.0,10.0,0.0,5.49,5.49,43060.0,Elevated
Outpatient,3902VV,146,1.0,7.0,8.0,0.68,4.79,5.48,37540.0,Elevated
Outpatient,2313TD,128,1.0,6.0,7.0,0.78,4.69,5.47,23890.0,Elevated
Outpatient,1300GQ,128,1.0,6.0,7.0,0.78,4.69,5.47,32910.0,Elevated
Outpatient,3601DD,403,0.0,22.0,22.0,0.0,5.46,5.46,100730.0,Elevated
Outpatient,4900MP,366,0.0,20.0,20.0,0.0,5.46,5.46,90480.0,Elevated
Outpatient,38006S,257,1.0,13.0,14.0,0.39,5.06,5.45,62450.0,Elevated
Outpatient,1413NM,220,0.0,12.0,12.0,0.0,5.45,5.45,55830.0,Elevated
Outpatient,4923XG,165,1.0,8.0,9.0,0.61,4.85,5.45,56440.0,Elevated
Outpatient,3302TC,110,2.0,4.0,6.0,1.82,3.64,5.45,29880.0,Elevated
Outpatient,3602MK,735,3.0,37.0,40.0,0.41,5.03,5.44,199730.0,Elevated
Outpatient,2313AQ,147,0.0,8.0,8.0,0.0,5.44,5.44,41540.0,Elevated
Outpatient,3601QJ,258,1.0,13.0,14.0,0.39,5.04,5.43,73860.0,Elevated
Outpatient,5100BQ,221,1.0,11.0,12.0,0.45,4.98,5.43,54590.0,Elevated
Outpatient,4400SS,332,1.0,17.0,18.0,0.3,5.12,5.42,96440.0,Elevated
Outpatient,4401BJ,166,0.0,9.0,9.0,0.0,5.42,5.42,52520.0,Elevated
Outpatient,0401GG,351,1.0,18.0,19.0,0.28,5.13,5.41,106060.0,Elevated
Outpatient,0138PN,148,0.0,8.0,8.0,0.0,5.41,5.41,63030.0,Elevated
Outpatient,3701XK,111,1.0,5.0,6.0,0.9,4.5,5.41,32760.0,Elevated
Outpatient,3901RQ,500,4.0,23.0,27.0,0.8,4.6,5.4,152020.0,Elevated
Outpatient,2040JA,352,0.0,19.0,19.0,0.0,5.4,5.4,82000.0,Elevated
Outpatient,3302YS,315,1.0,16.0,17.0,0.32,5.08,5.4,86210.0,Elevated
Outpatient,4900BM,279,1.0,14.0,15.0,0.36,5.02,5.38,49850.0,Elevated
Outpatient,1100GT,260,1.0,13.0,14.0,0.38,5.0,5.38,69980.0,Elevated
Outpatient,1902ZJ,186,1.0,9.0,10.0,0.54,4.84,5.38,37870.0,Elevated
Outpatient,4901XV,186,1.0,9.0,10.0,0.54,4.84,5.38,59410.0,Elevated
Outpatient,4600NH,186,0.0,10.0,10.0,0.0,5.38,5.38,57610.0,Elevated
Outpatient,1400MQ,130,0.0,7.0,7.0,0.0,5.38,5.38,35580.0,Elevated
Outpatient,4900BC,689,4.0,33.0,37.0,0.58,4.79,5.37,178990.0,Elevated
Outpatient,5100RJ,149,0.0,8.0,8.0,0.0,5.37,5.37,49300.0,Elevated
Outpatient,1401GN,560,1.0,29.0,30.0,0.18,5.18,5.36,141330.0,Elevated
Inpatient,3100VC,261,0.0,14.0,14.0,0.0,5.36,5.36,2516000.0,Elevated
Outpatient,18008U,224,1.0,11.0,12.0,0.45,4.91,5.36,54920.0,Elevated
Outpatient,22006G,112,2.0,4.0,6.0,1.79,3.57,5.36,21910.0,Elevated
Outpatient,4513DG,112,1.0,5.0,6.0,0.89,4.46,5.36,30180.0,Elevated
Outpatient,5000AM,112,0.0,6.0,6.0,0.0,5.36,5.36,25200.0,Elevated
Outpatient,4506MP,598,1.0,31.0,32.0,0.17,5.18,5.35,155830.0,Elevated
Outpatient,3600VQ,1423,4.0,72.0,76.0,0.28,5.06,5.34,393750.0,Elevated
Outpatient,2302TV,693,4.0,33.0,37.0,0.58,4.76,5.34,185760.0,Elevated
Outpatient,2100GQ,393,4.0,17.0,21.0,1.02,4.33,5.34,107880.0,Elevated
Inpatient,2100NQ,206,1.0,10.0,11.0,0.49,4.85,5.34,1874000.0,Elevated
Outpatient,2100XN,131,0.0,7.0,7.0,0.0,5.34,5.34,31920.0,Elevated
Outpatient,1701XC,169,0.0,9.0,9.0,0.0,5.33,5.33,35870.0,Elevated
Outpatient,15008R,169,1.0,8.0,9.0,0.59,4.73,5.33,47440.0,Elevated
Outpatient,4530UM,188,1.0,9.0,10.0,0.53,4.79,5.32,49920.0,Elevated
Outpatient,1800BG,433,1.0,22.0,23.0,0.23,5.08,5.31,80800.0,Elevated
Outpatient,1413ZC,377,1.0,19.0,20.0,0.27,5.04,5.31,99530.0,Elevated
Outpatient,4200SD,339,1.0,17.0,18.0,0.29,5.01,5.31,90400.0,Elevated
Outpatient,2013BC,245,0.0,13.0,13.0,0.0,5.31,5.31,81740.0,Elevated
Outpatient,1313QH,207,0.0,11.0,11.0,0.0,5.31,5.31,77510.0,Elevated
Outpatient,1902MA,113,1.0,5.0,6.0,0.88,4.42,5.31,25860.0,Elevated
Inpatient,3900NM,151,0.0,8.0,8.0,0.0,5.3,5.3,1406180.0,Elevated
Outpatient,1501SP,132,2.0,5.0,7.0,1.52,3.79,5.3,41570.0,Elevated
Outpatient,06256B,132,0.0,7.0,7.0,0.0,5.3,5.3,60110.0,Elevated
Outpatient,2200PG,680,3.0,33.0,36.0,0.44,4.85,5.29,178890.0,Elevated
Outpatient,30138N,359,3.0,16.0,19.0,0.84,4.46,5.29,86680.0,Elevated
Outpatient,3800HM,170,1.0,8.0,9.0,0.59,4.71,5.29,54050.0,Elevated
Outpatient,5000WD,1099,3.0,55.0,58.0,0.27,5.0,5.28,356310.0,Elevated
Outpatient,1401BJ,265,0.0,14.0,14.0,0.0,5.28,5.28,72840.0,Elevated
Outpatient,4200NV,1026,6.0,48.0,54.0,0.58,4.68,5.26,289800.0,Elevated
Outpatient,3800JG,532,4.0,24.0,28.0,0.75,4.51,5.26,152320.0,Elevated
Outpatient,3600JR,456,4.0,20.0,24.0,0.88,4.39,5.26,125790.0,Elevated
Outpatient,5013PD,266,1.0,13.0,14.0,0.38,4.89,5.26,55820.0,Elevated
Outpatient,6700SQ,209,0.0,11.0,11.0,0.0,5.26,5.26,90760.0,Elevated
Outpatient,2513JV,152,0.0,8.0,8.0,0.0,5.26,5.26,35880.0,Elevated
Outpatient,0100HH,133,1.0,6.0,7.0,0.75,4.51,5.26,49270.0,Elevated
Outpatient,3939ND,133,0.0,7.0,7.0,0.0,5.26,5.26,38400.0,Elevated
Outpatient,6700SA,114,0.0,6.0,6.0,0.0,5.26,5.26,35030.0,Elevated
Outpatient,3313PB,114,1.0,5.0,6.0,0.88,4.39,5.26,31930.0,Elevated
Outpatient,3301BB,114,0.0,6.0,6.0,0.0,5.26,5.26,32430.0,Elevated
Outpatient,4901RP,571,3.0,27.0,30.0,0.53,4.73,5.25,153200.0,Elevated
Outpatient,1401DM,362,2.0,17.0,19.0,0.55,4.7,5.25,161070.0,Elevated
Outpatient,6700HC,210,0.0,11.0,11.0,0.0,5.24,5.24,59040.0,Elevated
Inpatient,0300CC,172,0.0,9.0,9.0,0.0,5.23,5.23,1710200.0,Elevated
Outpatient,4700DP,172,1.0,8.0,9.0,0.58,4.65,5.23,38800.0,Elevated
Outpatient,4400DS,268,1.0,13.0,14.0,0.37,4.85,5.22,58420.0,Elevated
Outpatient,3302BA,268,1.0,13.0,14.0,0.37,4.85,5.22,84700.0,Elevated
Outpatient,3900PT,134,1.0,6.0,7.0,0.75,4.48,5.22,41560.0,Elevated
Outpatient,23136P,115,0.0,6.0,6.0,0.0,5.22,5.22,32490.0,Elevated
Outpatient,1800ZS,115,0.0,6.0,6.0,0.0,5.22,5.22,31720.0,Elevated
Inpatient,3200ZG,115,1.0,5.0,6.0,0.87,4.35,5.22,1032100.0,Elevated
Outpatient,2400NA,634,2.0,31.0,33.0,0.32,4.89,5.21,146060.0,Elevated
Outpatient,2213WV,308,1.0,15.0,16.0,0.32,4.87,5.19,69200.0,Elevated
Outpatient,0100KT,135,0.0,7.0,7.0,0.0,5.19,5.19,46960.0,Elevated
Outpatient,2585MN,135,1.0,6.0,7.0,0.74,4.44,5.19,41440.0,Elevated
Outpatient,3300YR,135,0.0,7.0,7.0,0.0,5.19,5.19,30690.0,Elevated
Outpatient,1100DS,599,2.0,29.0,31.0,0.33,4.84,5.18,155690.0,Elevated
Outpatient,2200YC,522,3.0,24.0,27.0,0.57,4.6,5.17,146070.0,Elevated
Outpatient,1430BB,464,2.0,22.0,24.0,0.43,4.74,5.17,148660.0,Elevated
Outpatient,26018R,290,1.0,14.0,15.0,0.34,4.83,5.17,67040.0,Elevated
Outpatient,2313NU,271,0.0,14.0,14.0,0.0,5.17,5.17,76320.0,Elevated
Outpatient,0513MN,174,2.0,7.0,9.0,1.15,4.02,5.17,43920.0,Elevated
Outpatient,4502ZK,174,1.0,8.0,9.0,0.57,4.6,5.17,42880.0,Elevated
Outpatient,0400TQ,116,1.0,5.0,6.0,0.86,4.31,5.17,31120.0,Elevated
Outpatient,2600PP,116,2.0,4.0,6.0,1.72,3.45,5.17,30900.0,Elevated
Inpatient,3600TD,116,2.0,4.0,6.0,1.72,3.45,5.17,1273970.0,Elevated
Outpatient,2400DG,1724,7.0,82.0,89.0,0.41,4.76,5.16,464780.0,Elevated
Outpatient,2301MD,852,6.0,38.0,44.0,0.7,4.46,5.16,252040.0,Elevated
Outpatient,10028V,543,6.0,22.0,28.0,1.1,4.05,5.16,135180.0,Elevated
Outpatient,1900HQ,155,0.0,8.0,8.0,0.0,5.16,5.16,61600.0,Elevated
Outpatient,3702SN,680,0.0,35.0,35.0,0.0,5.15,5.15,232700.0,Elevated
Outpatient,4401UG,194,0.0,10.0,10.0,0.0,5.15,5.15,52440.0,Elevated
Outpatient,1413VU,136,0.0,7.0,7.0,0.0,5.15,5.15,27730.0,Elevated
Inpatient,0501RV,136,1.0,6.0,7.0,0.74,4.41,5.15,1235500.0,Elevated
Outpatient,16006A,701,3.0,33.0,36.0,0.43,4.71,5.14,168880.0,Elevated
Outpatient,3301XM,117,1.0,5.0,6.0,0.85,4.27,5.13,32470.0,Elevated
Outpatient,1601DR,430,1.0,21.0,22.0,0.23,4.88,5.12,106030.0,Elevated
Outpatient,0100PH,509,2.0,24.0,26.0,0.39,4.72,5.11,143500.0,Elevated
Outpatient,45088A,372,1.0,18.0,19.0,0.27,4.84,5.11,120040.0,Elevated
Outpatient,0400AM,137,0.0,7.0,7.0,0.0,5.11,5.11,33080.0,Elevated
Outpatient,3013MR,392,0.0,20.0,20.0,0.0,5.1,5.1,93270.0,Elevated
Outpatient,3700BN,294,1.0,14.0,15.0,0.34,4.76,5.1,58950.0,Elevated
Outpatient,5001XP,157,1.0,7.0,8.0,0.64,4.46,5.1,35570.0,Elevated
Outpatient,1713PB,157,2.0,6.0,8.0,1.27,3.82,5.1,40840.0,Elevated
Outpatient,4200NH,157,2.0,6.0,8.0,1.27,3.82,5.1,42700.0,Elevated
Outpatient,5519WJ,275,0.0,14.0,14.0,0.0,5.09,5.09,85080.0,Elevated
Outpatient,4502AN,256,1.0,12.0,13.0,0.39,4.69,5.08,72940.0,Elevated
Outpatient,1902RU,177,1.0,8.0,9.0,0.56,4.52,5.08,43620.0,Elevated
Outpatient,5000MA,177,2.0,7.0,9.0,1.13,3.95,5.08,62740.0,Elevated
Inpatient,0101MC,118,0.0,6.0,6.0,0.0,5.08,5.08,1084000.0,Elevated
Outpatient,0501QD,118,0.0,6.0,6.0,0.0,5.08,5.08,35520.0,Elevated
Outpatient,4507AC,631,6.0,26.0,32.0,0.95,4.12,5.07,200370.0,Elevated
Outpatient,2100AS,612,1.0,30.0,31.0,0.16,4.9,5.07,198970.0,Elevated
Outpatient,4700KU,138,0.0,7.0,7.0,0.0,5.07,5.07,41920.0,Elevated
Inpatient,10016B,138,0.0,7.0,7.0,0.0,5.07,5.07,1254400.0,Elevated
Outpatient,3303TN,138,1.0,6.0,7.0,0.72,4.35,5.07,42680.0,Elevated
Outpatient,1102BD,1146,6.0,52.0,58.0,0.52,4.54,5.06,333660.0,Elevated
Outpatient,2600BQ,415,3.0,18.0,21.0,0.72,4.34,5.06,117330.0,Elevated
Outpatient,3413NM,415,1.0,20.0,21.0,0.24,4.82,5.06,125700.0,Elevated
Outpatient,5100AP,257,2.0,11.0,13.0,0.78,4.28,5.06,63250.0,Elevated
Outpatient,3701ZD,178,0.0,9.0,9.0,0.0,5.06,5.06,51890.0,Elevated
Inpatient,0600GH,158,0.0,8.0,8.0,0.0,5.06,5.06,1575600.0,Elevated
Outpatient,1900ST,158,0.0,8.0,8.0,0.0,5.06,5.06,58940.0,Elevated
Outpatient,2602CN,396,2.0,18.0,20.0,0.51,4.55,5.05,103120.0,Elevated
Outpatient,5000HK,357,3.0,15.0,18.0,0.84,4.2,5.04,86210.0,Elevated
Outpatient,1034CD,139,0.0,7.0,7.0,0.0,5.04,5.04,35020.0,Elevated
Inpatient,1000UU,119,0.0,6.0,6.0,0.0,5.04,5.04,1100000.0,Elevated
Outpatient,0501NB,736,2.0,35.0,37.0,0.27,4.76,5.03,191280.0,Elevated
Outpatient,3400UB,736,3.0,34.0,37.0,0.41,4.62,5.03,192700.0,Elevated
Outpatient,4500VK,557,5.0,23.0,28.0,0.9,4.13,5.03,174330.0,Elevated
Outpatient,1402CR,318,0.0,16.0,16.0,0.0,5.03,5.03,97530.0,Elevated
Outpatient,2800DM,159,1.0,7.0,8.0,0.63,4.4,5.03,39530.0,Elevated
Outpatient,2600PG,159,0.0,8.0,8.0,0.0,5.03,5.03,44400.0,Elevated
Outpatient,3601MD,159,1.0,7.0,8.0,0.63,4.4,5.03,40520.0,Elevated
Outpatient,0100UP,418,1.0,20.0,21.0,0.24,4.78,5.02,104240.0,Elevated
Outpatient,3400RU,319,1.0,15.0,16.0,0.31,4.7,5.02,90410.0,Elevated
Outpatient,2500GT,219,2.0,9.0,11.0,0.91,4.11,5.02,43850.0,Elevated
Outpatient,1600BC,798,4.0,36.0,40.0,0.5,4.51,5.01,289020.0,Elevated
Outpatient,5000VC,1239,5.0,57.0,62.0,0.4,4.6,5.0,337410.0,Elevated
Outpatient,1400HS,580,0.0,29.0,29.0,0.0,5.0,5.0,147280.0,Elevated
Outpatient,4508RB,260,2.0,11.0,13.0,0.77,4.23,5.0,72670.0,Elevated
Outpatient,2301UP,260,1.0,12.0,13.0,0.38,4.62,5.0,53960.0,Elevated
Outpatient,1900ZG,240,0.0,12.0,12.0,0.0,5.0,5.0,61330.0,Elevated
Outpatient,0700HG,140,0.0,7.0,7.0,0.0,5.0,5.0,41040.0,Elevated
Outpatient,3913PK,120,0.0,6.0,6.0,0.0,5.0,5.0,23000.0,Elevated
Outpatient,10136G,120,0.0,6.0,6.0,0.0,5.0,5.0,30920.0,Elevated
Outpatient,4600UA,120,0.0,6.0,6.0,0.0,5.0,5.0,27580.0,Elevated
Outpatient,1400HK,442,3.0,19.0,22.0,0.68,4.3,4.98,124940.0,Standard
Outpatient,1600KD,321,3.0,13.0,16.0,0.93,4.05,4.98,85460.0,Standard
Outpatient,18006C,201,0.0,10.0,10.0,0.0,4.98,4.98,58520.0,Standard
Outpatient,4900GQ,523,1.0,25.0,26.0,0.19,4.78,4.97,122690.0,Standard
Outpatient,3903AG,242,1.0,11.0,12.0,0.41,4.55,4.96,85440.0,Standard
Outpatient,33016V,242,4.0,8.0,12.0,1.65,3.31,4.96,63430.0,Standard
Outpatient,19016B,242,2.0,10.0,12.0,0.83,4.13,4.96,74520.0,Standard
Outpatient,4502VD,121,0.0,6.0,6.0,0.0,4.96,4.96,29340.0,Standard
Outpatient,1001WT,121,2.0,4.0,6.0,1.65,3.31,4.96,25400.0,Standard
Outpatient,4200JM,121,0.0,6.0,6.0,0.0,4.96,4.96,24140.0,Standard
Outpatient,10006P,465,1.0,22.0,23.0,0.22,4.73,4.95,137760.0,Standard
Outpatient,3401MN,424,2.0,19.0,21.0,0.47,4.48,4.95,125950.0,Standard
Outpatient,2602YG,222,2.0,9.0,11.0,0.9,4.05,4.95,59220.0,Standard
Outpatient,2225KB,101,0.0,5.0,5.0,0.0,4.95,4.95,36140.0,Standard
Inpatient,3400RD,101,1.0,4.0,5.0,0.99,3.96,4.95,948600.0,Standard
Outpatient,1313DC,101,0.0,5.0,5.0,0.0,4.95,4.95,34340.0,Standard
Outpatient,4525ZT,101,0.0,5.0,5.0,0.0,4.95,4.95,20150.0,Standard
Outpatient,3300XA,101,0.0,5.0,5.0,0.0,4.95,4.95,38970.0,Standard
Outpatient,1500BC,324,0.0,16.0,16.0,0.0,4.94,4.94,114560.0,Standard
Outpatient,3301GP,162,0.0,8.0,8.0,0.0,4.94,4.94,42660.0,Standard
Outpatient,6700RG,1014,2.0,48.0,50.0,0.2,4.73,4.93,279020.0,Standard
Outpatient,0401KM,548,2.0,25.0,27.0,0.36,4.56,4.93,158310.0,Standard
Outpatient,4200HJ,365,2.0,16.0,18.0,0.55,4.38,4.93,111940.0,Standard
Inpatient,2201YM,284,0.0,14.0,14.0,0.0,4.93,4.93,2675400.0,Standard
Outpatient,1701JS,223,0.0,11.0,11.0,0.0,4.93,4.93,64580.0,Standard
Outpatient,3913TQ,203,1.0,9.0,10.0,0.49,4.43,4.93,51000.0,Standard
Outpatient,2100BT,589,1.0,28.0,29.0,0.17,4.75,4.92,222860.0,Standard
Outpatient,4200AR,366,3.0,15.0,18.0,0.82,4.1,4.92,115890.0,Standard
Outpatient,1501AS,305,1.0,14.0,15.0,0.33,4.59,4.92,94860.0,Standard
Outpatient,2600DC,244,1.0,11.0,12.0,0.41,4.51,4.92,76200.0,Standard
Outpatient,5100KB,122,1.0,5.0,6.0,0.82,4.1,4.92,40180.0,Standard
Outpatient,3401CM,896,5.0,39.0,44.0,0.56,4.35,4.91,280630.0,Standard
Outpatient,1800TK,407,2.0,18.0,20.0,0.49,4.42,4.91,105250.0,Standard
Outpatient,4200BS,285,1.0,13.0,14.0,0.35,4.56,4.91,69850.0,Standard
Outpatient,1700CK,143,1.0,6.0,7.0,0.7,4.2,4.9,26530.0,Standard
Outpatient,0527KV,143,1.0,6.0,7.0,0.7,4.2,4.9,41200.0,Standard
Outpatient,05006K,143,1.0,6.0,7.0,0.7,4.2,4.9,38720.0,Standard
Outpatient,3702JC,102,0.0,5.0,5.0,0.0,4.9,4.9,17910.0,Standard
Outpatient,2700CJ,102,0.0,5.0,5.0,0.0,4.9,4.9,33990.0,Standard
Outpatient,45088H,102,1.0,4.0,5.0,0.98,3.92,4.9,22350.0,Standard
Outpatient,3601TN,102,1.0,4.0,5.0,0.98,3.92,4.9,30400.0,Standard
Outpatient,3323PB,102,1.0,4.0,5.0,0.98,3.92,4.9,28210.0,Standard
Outpatient,1801RC,675,0.0,33.0,33.0,0.0,4.89,4.89,163360.0,Standard
Outpatient,5100UN,593,3.0,26.0,29.0,0.51,4.38,4.89,185260.0,Standard
Outpatient,3300CA,348,2.0,15.0,17.0,0.57,4.31,4.89,88250.0,Standard
Inpatient,4900NA,225,0.0,11.0,11.0,0.0,4.89,4.89,2194800.0,Standard
Outpatient,0500ZJ,492,2.0,22.0,24.0,0.41,4.47,4.88,122240.0,Standard
Outpatient,4900JT,123,0.0,6.0,6.0,0.0,4.88,4.88,24990.0,Standard
Outpatient,4508BJ,267,1.0,12.0,13.0,0.37,4.49,4.87,64410.0,Standard
Outpatient,4506DP,267,2.0,11.0,13.0,0.75,4.12,4.87,87440.0,Standard
Outpatient,4900NH,514,2.0,23.0,25.0,0.39,4.47,4.86,146870.0,Standard
Outpatient,0301GC,185,1.0,8.0,9.0,0.54,4.32,4.86,65080.0,Standard
Outpatient,3100GJ,144,1.0,6.0,7.0,0.69,4.17,4.86,37930.0,Standard
Outpatient,5200HJ,144,1.0,6.0,7.0,0.69,4.17,4.86,40680.0,Standard
Outpatient,1000UU,825,2.0,38.0,40.0,0.24,4.61,4.85,217270.0,Standard
Outpatient,5200GH,206,0.0,10.0,10.0,0.0,4.85,4.85,69950.0,Standard
Inpatient,2100ZH,206,0.0,10.0,10.0,0.0,4.85,4.85,1842900.0,Standard
Outpatient,1901SV,206,1.0,9.0,10.0,0.49,4.37,4.85,71790.0,Standard
Outpatient,0700DM,165,0.0,8.0,8.0,0.0,4.85,4.85,40400.0,Standard
Outpatient,2601KM,103,0.0,5.0,5.0,0.0,4.85,4.85,39340.0,Standard
Outpatient,4200VJ,248,1.0,11.0,12.0,0.4,4.44,4.84,66460.0,Standard
Outpatient,34006R,186,1.0,8.0,9.0,0.54,4.3,4.84,43430.0,Standard
Outpatient,2800JR,124,0.0,6.0,6.0,0.0,4.84,4.84,36060.0,Standard
Outpatient,1402YK,766,2.0,35.0,37.0,0.26,4.57,4.83,246020.0,Standard
Outpatient,3701XB,373,3.0,15.0,18.0,0.8,4.02,4.83,90260.0,Standard
Outpatient,1213CG,269,0.0,13.0,13.0,0.0,4.83,4.83,56200.0,Standard
Outpatient,3302ND,788,5.0,33.0,38.0,0.63,4.19,4.82,193180.0,Standard
Inpatient,0505KQ,249,1.0,11.0,12.0,0.4,4.42,4.82,2212600.0,Standard
Outpatient,0101SS,249,1.0,11.0,12.0,0.4,4.42,4.82,71450.0,Standard
Outpatient,4900NA,1519,6.0,67.0,73.0,0.39,4.41,4.81,401260.0,Standard
Outpatient,34ZJRQ,644,1.0,30.0,31.0,0.16,4.66,4.81,167090.0,Standard
Outpatient,1600CD,603,2.0,27.0,29.0,0.33,4.48,4.81,155010.0,Standard
Outpatient,3600AQ,291,1.0,13.0,14.0,0.34,4.47,4.81,114870.0,Standard
Outpatient,10016R,104,0.0,5.0,5.0,0.0,4.81,4.81,25060.0,Standard
Outpatient,3800BG,125,0.0,6.0,6.0,0.0,4.8,4.8,43530.0,Standard
Outpatient,3401XC,522,1.0,24.0,25.0,0.19,4.6,4.79,176670.0,Standard
Outpatient,3300TS,480,4.0,19.0,23.0,0.83,3.96,4.79,116410.0,Standard
Outpatient,4900TP,188,0.0,9.0,9.0,0.0,4.79,4.79,70250.0,Standard
Outpatient,1001HR,167,1.0,7.0,8.0,0.6,4.19,4.79,68620.0,Standard
Outpatient,4506QS,502,3.0,21.0,24.0,0.6,4.18,4.78,135080.0,Standard
Outpatient,1001GJ,335,0.0,16.0,16.0,0.0,4.78,4.78,82780.0,Standard
Outpatient,3800KH,314,1.0,14.0,15.0,0.32,4.46,4.78,70760.0,Standard
Outpatient,1401UU,314,1.0,14.0,15.0,0.32,4.46,4.78,69950.0,Standard
Outpatient,5000MQ,314,1.0,14.0,15.0,0.32,4.46,4.78,89380.0,Standard
Outpatient,3700GR,964,3.0,43.0,46.0,0.31,4.46,4.77,310840.0,Standard
Outpatient,1402NT,922,4.0,40.0,44.0,0.43,4.34,4.77,260550.0,Standard
Outpatient,0101JA,862,3.0,38.0,41.0,0.35,4.41,4.76,391590.0,Standard
Outpatient,33008G,252,1.0,11.0,12.0,0.4,4.37,4.76,81870.0,Standard
Outpatient,2913YR,189,1.0,8.0,9.0,0.53,4.23,4.76,57340.0,Standard
Outpatient,1501JN,126,0.0,6.0,6.0,0.0,4.76,4.76,56640.0,Standard
Outpatient,6725WN,105,0.0,5.0,5.0,0.0,4.76,4.76,33380.0,Standard
Outpatient,0825HH,105,1.0,4.0,5.0,0.95,3.81,4.76,23660.0,Standard
Outpatient,3400KP,526,4.0,21.0,25.0,0.76,3.99,4.75,121080.0,Standard
Outpatient,5000KV,442,3.0,18.0,21.0,0.68,4.07,4.75,101310.0,Standard
Outpatient,4900HA,232,1.0,10.0,11.0,0.43,4.31,4.74,65080.0,Standard
Outpatient,1002GD,232,2.0,9.0,11.0,0.86,3.88,4.74,70330.0,Standard
Outpatient,3013RV,211,0.0,10.0,10.0,0.0,4.74,4.74,51410.0,Standard
Outpatient,2500XR,211,4.0,6.0,10.0,1.9,2.84,4.74,44050.0,Standard
Outpatient,4400YC,1606,6.0,70.0,76.0,0.37,4.36,4.73,442070.0,Standard
Outpatient,4503SB,444,4.0,17.0,21.0,0.9,3.83,4.73,111120.0,Standard
Outpatient,5001TJ,572,6.0,21.0,27.0,1.05,3.67,4.72,185420.0,Standard
Outpatient,1100HN,212,2.0,8.0,10.0,0.94,3.77,4.72,48020.0,Standard
Outpatient,0400NR,127,2.0,4.0,6.0,1.57,3.15,4.72,25990.0,Standard
Outpatient,0501XV,127,0.0,6.0,6.0,0.0,4.72,4.72,28760.0,Standard
Outpatient,04008M,106,1.0,4.0,5.0,0.94,3.77,4.72,26550.0,Standard
Outpatient,3902CK,1423,5.0,62.0,67.0,0.35,4.36,4.71,353200.0,Standard
Outpatient,1501KG,594,0.0,28.0,28.0,0.0,4.71,4.71,180180.0,Standard
Outpatient,3700JD,573,0.0,27.0,27.0,0.0,4.71,4.71,150860.0,Standard
Outpatient,4400VG,297,2.0,12.0,14.0,0.67,4.04,4.71,60200.0,Standard
Outpatient,2801HG,191,1.0,8.0,9.0,0.52,4.19,4.71,54190.0,Standard
Outpatient,5201ZA,191,1.0,8.0,9.0,0.52,4.19,4.71,49080.0,Standard
Outpatient,3401CT,191,0.0,9.0,9.0,0.0,4.71,4.71,71250.0,Standard
Outpatient,3300QP,170,2.0,6.0,8.0,1.18,3.53,4.71,40490.0,Standard
Outpatient,0600NH,170,0.0,8.0,8.0,0.0,4.71,4.71,45040.0,Standard
Outpatient,01008J,1341,5.0,58.0,63.0,0.37,4.33,4.7,336580.0,Standard
Outpatient,4506HR,234,1.0,10.0,11.0,0.43,4.27,4.7,52280.0,Standard
Outpatient,4700HR,661,4.0,27.0,31.0,0.61,4.08,4.69,182670.0,Standard
Outpatient,2100SU,490,3.0,20.0,23.0,0.61,4.08,4.69,153800.0,Standard
Outpatient,5200VR,128,0.0,6.0,6.0,0.0,4.69,4.69,32320.0,Standard
Outpatient,5000CG,2778,5.0,125.0,130.0,0.18,4.5,4.68,729920.0,Standard
Outpatient,4503PU,235,2.0,9.0,11.0,0.85,3.83,4.68,74150.0,Standard
Outpatient,1100SB,1092,3.0,48.0,51.0,0.27,4.4,4.67,266530.0,Standard
Outpatient,2200PP,214,1.0,9.0,10.0,0.47,4.21,4.67,57090.0,Standard
Outpatient,4401AH,107,0.0,5.0,5.0,0.0,4.67,4.67,36770.0,Standard
Outpatient,1401YS,429,2.0,18.0,20.0,0.47,4.2,4.66,134770.0,Standard
Outpatient,3039BP,236,0.0,11.0,11.0,0.0,4.66,4.66,57230.0,Standard
Outpatient,5213ZP,193,0.0,9.0,9.0,0.0,4.66,4.66,49490.0,Standard
Outpatient,3100JN,2086,6.0,91.0,97.0,0.29,4.36,4.65,604810.0,Standard
Outpatient,28006G,774,3.0,33.0,36.0,0.39,4.26,4.65,213090.0,Standard
Outpatient,4506JT,559,5.0,21.0,26.0,0.89,3.76,4.65,193630.0,Standard
Outpatient,3600JK,430,1.0,19.0,20.0,0.23,4.42,4.65,116720.0,Standard
Outpatient,3401WK,301,0.0,14.0,14.0,0.0,4.65,4.65,85080.0,Standard
Outpatient,3200ZP,129,1.0,5.0,6.0,0.78,3.88,4.65,24250.0,Standard
Outpatient,1400QD,603,4.0,24.0,28.0,0.66,3.98,4.64,188000.0,Standard
Outpatient,4503GM,151,1.0,6.0,7.0,0.66,3.97,4.64,35460.0,Standard
Outpatient,0413AM,151,0.0,7.0,7.0,0.0,4.64,4.64,97530.0,Standard
Outpatient,4504KP,2140,8.0,91.0,99.0,0.37,4.25,4.63,559810.0,Standard
Outpatient,2302SU,108,0.0,5.0,5.0,0.0,4.63,4.63,30870.0,Standard
Outpatient,1300XD,108,0.0,5.0,5.0,0.0,4.63,4.63,29390.0,Standard
Outpatient,1101GB,238,1.0,10.0,11.0,0.42,4.2,4.62,62830.0,Standard
Outpatient,2600DS,238,1.0,10.0,11.0,0.42,4.2,4.62,64800.0,Standard
Outpatient,3400PK,130,0.0,6.0,6.0,0.0,4.62,4.62,49030.0,Standard
Outpatient,4200CD,130,1.0,5.0,6.0,0.77,3.85,4.62,41270.0,Standard
Outpatient,2302QS,477,2.0,20.0,22.0,0.42,4.19,4.61,133170.0,Standard
Outpatient,2300XB,152,2.0,5.0,7.0,1.32,3.29,4.61,36870.0,Standard
Outpatient,4508QA,152,0.0,7.0,7.0,0.0,4.61,4.61,45510.0,Standard
Outpatient,4501JQ,1499,9.0,60.0,69.0,0.6,4.0,4.6,392620.0,Standard
Outpatient,3301RC,717,1.0,32.0,33.0,0.14,4.46,4.6,186660.0,Standard
Outpatient,15008B,652,2.0,28.0,30.0,0.31,4.29,4.6,194850.0,Standard
Outpatient,0507TP,391,2.0,16.0,18.0,0.51,4.09,4.6,159840.0,Standard
Outpatient,0506GM,261,2.0,10.0,12.0,0.77,3.83,4.6,86340.0,Standard
Outpatient,3800WU,261,0.0,12.0,12.0,0.0,4.6,4.6,68750.0,Standard
Outpatient,1000PP,239,1.0,10.0,11.0,0.42,4.18,4.6,68850.0,Standard
Outpatient,0505QG,2114,6.0,91.0,97.0,0.28,4.3,4.59,572450.0,Standard
Outpatient,1401AV,741,5.0,29.0,34.0,0.67,3.91,4.59,198300.0,Standard
Outpatient,3901AU,501,1.0,22.0,23.0,0.2,4.39,4.59,142960.0,Standard
Outpatient,1801XM,458,1.0,20.0,21.0,0.22,4.37,4.59,138450.0,Standard
Outpatient,16008K,436,2.0,18.0,20.0,0.46,4.13,4.59,87290.0,Standard
Outpatient,1501RN,109,0.0,5.0,5.0,0.0,4.59,4.59,28970.0,Standard
Inpatient,06018D,153,0.0,7.0,7.0,0.0,4.58,4.58,1425760.0,Standard
Outpatient,2700KR,153,2.0,5.0,7.0,1.31,3.27,4.58,47460.0,Standard
Outpatient,23016P,153,0.0,7.0,7.0,0.0,4.58,4.58,36130.0,Standard
Outpatient,5200KD,131,0.0,6.0,6.0,0.0,4.58,4.58,29410.0,Standard
Outpatient,1402JQ,2711,13.0,111.0,124.0,0.48,4.09,4.57,823720.0,Standard
Outpatient,2400JM,1837,8.0,76.0,84.0,0.44,4.14,4.57,520620.0,Standard
Outpatient,3600JB,919,5.0,37.0,42.0,0.54,4.03,4.57,234010.0,Standard
Outpatient,3301TU,197,2.0,7.0,9.0,1.02,3.55,4.57,55210.0,Standard
Outpatient,3200KD,175,0.0,8.0,8.0,0.0,4.57,4.57,46220.0,Standard
Outpatient,4528MT,175,0.0,8.0,8.0,0.0,4.57,4.57,46930.0,Standard
Outpatient,5200YG,395,2.0,16.0,18.0,0.51,4.05,4.56,81970.0,Standard
Outpatient,1000SM,241,0.0,11.0,11.0,0.0,4.56,4.56,57760.0,Standard
Outpatient,2600VP,571,1.0,25.0,26.0,0.18,4.38,4.55,119920.0,Standard
Outpatient,03008J,527,1.0,23.0,24.0,0.19,4.36,4.55,147510.0,Standard
Outpatient,3800YQ,220,0.0,10.0,10.0,0.0,4.55,4.55,50090.0,Standard
Outpatient,3800RP,220,1.0,9.0,10.0,0.45,4.09,4.55,67270.0,Standard
Outpatient,3000DV,176,2.0,6.0,8.0,1.14,3.41,4.55,43430.0,Standard
Outpatient,2413TT,154,2.0,5.0,7.0,1.3,3.25,4.55,25750.0,Standard
Outpatient,3401XM,154,0.0,7.0,7.0,0.0,4.55,4.55,44730.0,Standard
Outpatient,3813CH,154,1.0,6.0,7.0,0.65,3.9,4.55,40830.0,Standard
Outpatient,0507SN,132,0.0,6.0,6.0,0.0,4.55,4.55,42090.0,Standard
Inpatient,4500WC,132,0.0,6.0,6.0,0.0,4.55,4.55,1093000.0,Standard
Outpatient,3401QB,132,0.0,6.0,6.0,0.0,4.55,4.55,36360.0,Standard
Outpatient,3335JA,132,0.0,6.0,6.0,0.0,4.55,4.55,34440.0,Standard
Outpatient,3602QP,110,0.0,5.0,5.0,0.0,4.55,4.55,34540.0,Standard
Outpatient,2013NQ,110,1.0,4.0,5.0,0.91,3.64,4.55,26340.0,Standard
Outpatient,4900WS,110,0.0,5.0,5.0,0.0,4.55,4.55,30250.0,Standard
Outpatient,0100KM,110,0.0,5.0,5.0,0.0,4.55,4.55,25480.0,Standard
Outpatient,3633MH,727,2.0,31.0,33.0,0.28,4.26,4.54,210110.0,Standard
Outpatient,3900UC,596,3.0,24.0,27.0,0.5,4.03,4.53,184960.0,Standard
Outpatient,4400TT,287,1.0,12.0,13.0,0.35,4.18,4.53,78710.0,Standard
Outpatient,0723AC,243,0.0,11.0,11.0,0.0,4.53,4.53,69840.0,Standard
Outpatient,3313KU,243,0.0,11.0,11.0,0.0,4.53,4.53,65240.0,Standard
Outpatient,1500BK,1106,3.0,47.0,50.0,0.27,4.25,4.52,466320.0,Standard
Outpatient,3900UT,641,0.0,29.0,29.0,0.0,4.52,4.52,150810.0,Standard
Outpatient,2501YS,465,0.0,21.0,21.0,0.0,4.52,4.52,159060.0,Standard
Outpatient,1100PN,332,2.0,13.0,15.0,0.6,3.92,4.52,125740.0,Standard
Outpatient,4713DK,177,0.0,8.0,8.0,0.0,4.52,4.52,54240.0,Standard
Outpatient,1402QV,155,0.0,7.0,7.0,0.0,4.52,4.52,44170.0,Standard
Outpatient,2601BK,1927,8.0,79.0,87.0,0.42,4.1,4.51,492190.0,Standard
Outpatient,1000SS,1418,5.0,59.0,64.0,0.35,4.16,4.51,440490.0,Standard
Outpatient,3400GJ,355,2.0,14.0,16.0,0.56,3.94,4.51,83670.0,Standard
Outpatient,0613XT,355,0.0,16.0,16.0,0.0,4.51,4.51,90700.0,Standard
Outpatient,3425UT,244,0.0,11.0,11.0,0.0,4.51,4.51,77630.0,Standard
Outpatient,3200YN,244,1.0,10.0,11.0,0.41,4.1,4.51,81610.0,Standard
Outpatient,0500BD,133,0.0,6.0,6.0,0.0,4.51,4.51,33390.0,Standard
Outpatient,1100ND,133,0.0,6.0,6.0,0.0,4.51,4.51,40440.0,Standard
Outpatient,4501QP,133,0.0,6.0,6.0,0.0,4.51,4.51,40120.0,Standard
Outpatient,2300AQ,1177,7.0,46.0,53.0,0.59,3.91,4.5,329430.0,Standard
Outpatient,34138G,311,2.0,12.0,14.0,0.64,3.86,4.5,87170.0,Standard
Outpatient,1400NR,111,0.0,5.0,5.0,0.0,4.5,4.5,24950.0,Standard
Outpatient,1501YP,111,0.0,5.0,5.0,0.0,4.5,4.5,39980.0,Standard
Outpatient,1001WM,1381,3.0,59.0,62.0,0.22,4.27,4.49,386740.0,Standard
Outpatient,1001ZQ,1246,6.0,50.0,56.0,0.48,4.01,4.49,377560.0,Standard
Outpatient,3130ZG,1246,5.0,51.0,56.0,0.4,4.09,4.49,342160.0,Standard
Outpatient,1500KD,780,4.0,31.0,35.0,0.51,3.97,4.49,243910.0,Standard
Outpatient,1900QR,691,0.0,31.0,31.0,0.0,4.49,4.49,174500.0,Standard
Outpatient,4500HB,468,2.0,19.0,21.0,0.43,4.06,4.49,108530.0,Standard
Outpatient,5200MP,267,0.0,12.0,12.0,0.0,4.49,4.49,63270.0,Standard
Outpatient,4500JD,245,2.0,9.0,11.0,0.82,3.67,4.49,64570.0,Standard
Inpatient,1900PA,178,0.0,8.0,8.0,0.0,4.49,4.49,1377100.0,Standard
Outpatient,5200PJ,156,1.0,6.0,7.0,0.64,3.85,4.49,56740.0,Standard
Outpatient,0600QS,156,2.0,5.0,7.0,1.28,3.21,4.49,47970.0,Standard
Outpatient,1000VH,3394,10.0,142.0,152.0,0.29,4.18,4.48,849460.0,Standard
Outpatient,3100QT,938,4.0,38.0,42.0,0.43,4.05,4.48,299620.0,Standard
Outpatient,2300TT,915,1.0,40.0,41.0,0.11,4.37,4.48,297850.0,Standard
Outpatient,1300ZH,223,0.0,10.0,10.0,0.0,4.48,4.48,59090.0,Standard
Outpatient,0539VH,134,0.0,6.0,6.0,0.0,4.48,4.48,44720.0,Standard
Outpatient,0300DD,246,0.0,11.0,11.0,0.0,4.47,4.47,57680.0,Standard
Outpatient,4508CK,269,0.0,12.0,12.0,0.0,4.46,4.46,74130.0,Standard
Outpatient,5213MP,224,0.0,10.0,10.0,0.0,4.46,4.46,65450.0,Standard
Outpatient,4300QC,157,1.0,6.0,7.0,0.64,3.82,4.46,43990.0,Standard
Outpatient,4401TT,112,0.0,5.0,5.0,0.0,4.46,4.46,32980.0,Standard
Outpatient,2200YS,112,1.0,4.0,5.0,0.89,3.57,4.46,22670.0,Standard
Outpatient,5213XT,112,0.0,5.0,5.0,0.0,4.46,4.46,24950.0,Standard
Outpatient,3101KN,1753,5.0,73.0,78.0,0.29,4.16,4.45,543310.0,Standard
Outpatient,41008M,899,5.0,35.0,40.0,0.56,3.89,4.45,185680.0,Standard
Outpatient,3600TD,742,1.0,32.0,33.0,0.13,4.31,4.45,199110.0,Standard
Outpatient,4500DP,2593,13.0,102.0,115.0,0.5,3.93,4.44,726610.0,Standard
Outpatient,3700ZA,968,1.0,42.0,43.0,0.1,4.34,4.44,304630.0,Standard
Outpatient,1102XU,270,0.0,12.0,12.0,0.0,4.44,4.44,63780.0,Standard
Inpatient,1000AQ,135,0.0,6.0,6.0,0.0,4.44,4.44,1236000.0,Standard
Outpatient,0505TK,5755,21.0,234.0,255.0,0.36,4.07,4.43,1741690.0,Standard
Outpatient,42006A,542,2.0,22.0,24.0,0.37,4.06,4.43,179890.0,Standard
Outpatient,0100RC,203,0.0,9.0,9.0,0.0,4.43,4.43,55210.0,Standard
Outpatient,16018U,158,0.0,7.0,7.0,0.0,4.43,4.43,54130.0,Standard
Outpatient,0502QS,158,1.0,6.0,7.0,0.63,3.8,4.43,40930.0,Standard
Outpatient,3302BQ,543,4.0,20.0,24.0,0.74,3.68,4.42,159690.0,Standard
Outpatient,5100CR,339,2.0,13.0,15.0,0.59,3.83,4.42,70020.0,Standard
Outpatient,3300VN,226,0.0,10.0,10.0,0.0,4.42,4.42,46630.0,Standard
Outpatient,2220YN,226,0.0,10.0,10.0,0.0,4.42,4.42,80680.0,Standard
Inpatient,4900CD,113,0.0,5.0,5.0,0.0,4.42,4.42,1144000.0,Standard
Outpatient,10018S,3582,6.0,152.0,158.0,0.17,4.24,4.41,1001380.0,Standard
Outpatient,0800RA,1044,5.0,41.0,46.0,0.48,3.93,4.41,309040.0,Standard
Outpatient,1400JN,340,0.0,15.0,15.0,0.0,4.41,4.41,113230.0,Standard
Outpatient,4505AG,272,1.0,11.0,12.0,0.37,4.04,4.41,61960.0,Standard
Outpatient,2013AB,136,0.0,6.0,6.0,0.0,4.41,4.41,30260.0,Standard
Outpatient,01008R,136,1.0,5.0,6.0,0.74,3.68,4.41,37380.0,Standard
Outpatient,2302BM,136,1.0,5.0,6.0,0.74,3.68,4.41,29680.0,Standard
Inpatient,0300GU,136,0.0,6.0,6.0,0.0,4.41,4.41,1554100.0,Standard
Outpatient,3600QA,2434,16.0,91.0,107.0,0.66,3.74,4.4,690290.0,Standard
Outpatient,1500VR,341,1.0,14.0,15.0,0.29,4.11,4.4,102930.0,Standard
Outpatient,3601RK,273,1.0,11.0,12.0,0.37,4.03,4.4,104310.0,Standard
Outpatient,1001XN,205,0.0,9.0,9.0,0.0,4.39,4.39,62860.0,Standard
Outpatient,4400PP,205,1.0,8.0,9.0,0.49,3.9,4.39,47540.0,Standard
Outpatient,5125WG,205,2.0,7.0,9.0,0.98,3.41,4.39,46400.0,Standard
Outpatient,4401DM,114,1.0,4.0,5.0,0.88,3.51,4.39,22590.0,Standard
Outpatient,2330MM,114,1.0,4.0,5.0,0.88,3.51,4.39,25550.0,Standard
Outpatient,0300QJ,616,0.0,27.0,27.0,0.0,4.38,4.38,167920.0,Standard
Outpatient,4504DH,480,1.0,20.0,21.0,0.21,4.17,4.38,105510.0,Standard
Outpatient,3600MD,365,1.0,15.0,16.0,0.27,4.11,4.38,99160.0,Standard
Outpatient,1002MC,297,0.0,13.0,13.0,0.0,4.38,4.38,92020.0,Standard
Inpatient,4900CN,137,1.0,5.0,6.0,0.73,3.65,4.38,1438900.0,Standard
Outpatient,2500UN,412,0.0,18.0,18.0,0.0,4.37,4.37,124870.0,Standard
Outpatient,4508YM,229,0.0,10.0,10.0,0.0,4.37,4.37,67720.0,Standard
Outpatient,3413RQ,206,2.0,7.0,9.0,0.97,3.4,4.37,50660.0,Standard
Outpatient,3918DC,206,1.0,8.0,9.0,0.49,3.88,4.37,52740.0,Standard
Outpatient,1401BA,849,5.0,32.0,37.0,0.59,3.77,4.36,231990.0,Standard
Outpatient,1501HK,825,1.0,35.0,36.0,0.12,4.24,4.36,324570.0,Standard
Outpatient,4506UA,390,2.0,15.0,17.0,0.51,3.85,4.36,102240.0,Standard
Outpatient,2100NA,897,3.0,36.0,39.0,0.33,4.01,4.35,231240.0,Standard
Outpatient,3901KA,850,4.0,33.0,37.0,0.47,3.88,4.35,263230.0,Standard
Outpatient,0600TV,161,0.0,7.0,7.0,0.0,4.35,4.35,37960.0,Standard
Outpatient,2118TG,161,2.0,5.0,7.0,1.24,3.11,4.35,41170.0,Standard
Outpatient,5200NQ,138,0.0,6.0,6.0,0.0,4.35,4.35,34990.0,Standard
Outpatient,1001MV,115,1.0,4.0,5.0,0.87,3.48,4.35,29160.0,Standard
Outpatient,4500HR,1225,5.0,48.0,53.0,0.41,3.92,4.33,404340.0,Standard
Outpatient,5225CC,254,0.0,11.0,11.0,0.0,4.33,4.33,57400.0,Standard
Outpatient,2800CK,208,0.0,9.0,9.0,0.0,4.33,4.33,84940.0,Standard
Outpatient,2602XD,347,1.0,14.0,15.0,0.29,4.03,4.32,100420.0,Standard
Outpatient,04018J,301,1.0,12.0,13.0,0.33,3.99,4.32,72070.0,Standard
Outpatient,4200NQ,185,0.0,8.0,8.0,0.0,4.32,4.32,86120.0,Standard
Outpatient,33028V,162,0.0,7.0,7.0,0.0,4.32,4.32,36430.0,Standard
Inpatient,2600QH,162,1.0,6.0,7.0,0.62,3.7,4.32,1489200.0,Standard
Outpatient,4400ND,162,1.0,6.0,7.0,0.62,3.7,4.32,37130.0,Standard
Outpatient,3701TD,162,0.0,7.0,7.0,0.0,4.32,4.32,40300.0,Standard
Outpatient,1001BD,813,4.0,31.0,35.0,0.49,3.81,4.31,213720.0,Standard
Outpatient,1402ZM,719,1.0,30.0,31.0,0.14,4.17,4.31,195490.0,Standard
Outpatient,4900NQ,394,1.0,16.0,17.0,0.25,4.06,4.31,93400.0,Standard
Outpatient,1001SP,325,0.0,14.0,14.0,0.0,4.31,4.31,93190.0,Standard
Outpatient,1501MQ,768,4.0,29.0,33.0,0.52,3.78,4.3,222560.0,Standard
Outpatient,1834CR,372,2.0,14.0,16.0,0.54,3.76,4.3,79930.0,Standard
Outpatient,3313MV,186,0.0,8.0,8.0,0.0,4.3,4.3,55740.0,Standard
Outpatient,2601DN,980,2.0,40.0,42.0,0.2,4.08,4.29,233250.0,Standard
Outpatient,1400RG,699,2.0,28.0,30.0,0.29,4.01,4.29,200160.0,Standard
Outpatient,4402SR,606,4.0,22.0,26.0,0.66,3.63,4.29,200880.0,Standard
Outpatient,1401RR,443,2.0,17.0,19.0,0.45,3.84,4.29,144150.0,Standard
Inpatient,0700JR,233,0.0,10.0,10.0,0.0,4.29,4.29,2093700.0,Standard
Outpatient,5200WC,233,1.0,9.0,10.0,0.43,3.86,4.29,60410.0,Standard
Outpatient,0503TU,140,0.0,6.0,6.0,0.0,4.29,4.29,37130.0,Standard
Outpatient,2300GU,140,2.0,4.0,6.0,1.43,2.86,4.29,28390.0,Standard
Outpatient,1118RK,140,0.0,6.0,6.0,0.0,4.29,4.29,36850.0,Standard
Outpatient,3426YS,140,1.0,5.0,6.0,0.71,3.57,4.29,31640.0,Standard
Outpatient,4900ZV,771,3.0,30.0,33.0,0.39,3.89,4.28,327800.0,Standard
Outpatient,3900UM,677,2.0,27.0,29.0,0.3,3.99,4.28,197460.0,Standard
Outpatient,45068S,257,0.0,11.0,11.0,0.0,4.28,4.28,76680.0,Standard
Outpatient,3425HM,257,2.0,9.0,11.0,0.78,3.5,4.28,94030.0,Standard
Outpatient,2401MK,257,0.0,11.0,11.0,0.0,4.28,4.28,79430.0,Standard
Outpatient,2500XJ,187,1.0,7.0,8.0,0.53,3.74,4.28,49790.0,Standard
Outpatient,1401XB,2480,8.0,98.0,106.0,0.32,3.95,4.27,700510.0,Standard
Outpatient,3301DD,1989,7.0,78.0,85.0,0.35,3.92,4.27,577310.0,Standard
Outpatient,0503VA,1288,8.0,47.0,55.0,0.62,3.65,4.27,375290.0,Standard
Outpatient,1600ZV,844,2.0,34.0,36.0,0.24,4.03,4.27,250480.0,Standard
Outpatient,1002BA,351,4.0,11.0,15.0,1.14,3.13,4.27,76430.0,Standard
Outpatient,4900KD,211,0.0,9.0,9.0,0.0,4.27,4.27,50510.0,Standard
Outpatient,0511ZS,164,0.0,7.0,7.0,0.0,4.27,4.27,58680.0,Standard
Outpatient,3302UD,164,1.0,6.0,7.0,0.61,3.66,4.27,51590.0,Standard
Outpatient,29008T,117,0.0,5.0,5.0,0.0,4.27,4.27,35030.0,Standard
Outpatient,4500NJ,3783,18.0,143.0,161.0,0.48,3.78,4.26,1117830.0,Standard
Outpatient,1100HD,610,1.0,25.0,26.0,0.16,4.1,4.26,161390.0,Standard
Outpatient,2400XD,587,3.0,22.0,25.0,0.51,3.75,4.26,165090.0,Standard
Outpatient,3601NG,446,1.0,18.0,19.0,0.22,4.04,4.26,175960.0,Standard
Outpatient,15136U,188,0.0,8.0,8.0,0.0,4.26,4.26,46890.0,Standard
Outpatient,1002SB,141,1.0,5.0,6.0,0.71,3.55,4.26,39140.0,Standard
Outpatient,4100CG,141,0.0,6.0,6.0,0.0,4.26,4.26,39830.0,Standard
Outpatient,3303KC,847,4.0,32.0,36.0,0.47,3.78,4.25,256550.0,Standard
Outpatient,3700KP,212,0.0,9.0,9.0,0.0,4.25,4.25,51290.0,Standard
Outpatient,2700YB,212,2.0,7.0,9.0,0.94,3.3,4.25,60340.0,Standard
Outpatient,1002CK,377,1.0,15.0,16.0,0.27,3.98,4.24,107930.0,Standard
Outpatient,5001RG,118,0.0,5.0,5.0,0.0,4.24,4.24,26920.0,Standard
Outpatient,3901NT,1654,3.0,67.0,70.0,0.18,4.05,4.23,509430.0,Standard
Outpatient,2401PN,970,2.0,39.0,41.0,0.21,4.02,4.23,222800.0,Standard
Outpatient,14026D,544,1.0,22.0,23.0,0.18,4.04,4.23,158520.0,Standard
Outpatient,0100NV,355,1.0,14.0,15.0,0.28,3.94,4.23,82310.0,Standard
Outpatient,1225GD,213,0.0,9.0,9.0,0.0,4.23,4.23,54040.0,Standard
Outpatient,2602DP,142,1.0,5.0,6.0,0.7,3.52,4.23,43130.0,Standard
Outpatient,8000ZC,142,0.0,6.0,6.0,0.0,4.23,4.23,54050.0,Standard
Outpatient,0503WB,1115,2.0,45.0,47.0,0.18,4.04,4.22,283960.0,Standard
Outpatient,44016G,687,2.0,27.0,29.0,0.29,3.93,4.22,255490.0,Standard
Outpatient,0100UV,498,0.0,21.0,21.0,0.0,4.22,4.22,121880.0,Standard
Outpatient,2313WJ,237,1.0,9.0,10.0,0.42,3.8,4.22,55300.0,Standard
Outpatient,3301SM,237,0.0,10.0,10.0,0.0,4.22,4.22,64850.0,Standard
Outpatient,5100VG,166,2.0,5.0,7.0,1.2,3.01,4.22,33510.0,Standard
Outpatient,5213MU,166,0.0,7.0,7.0,0.0,4.22,4.22,61530.0,Standard
Outpatient,0501WN,1972,5.0,78.0,83.0,0.25,3.96,4.21,608080.0,Standard
Outpatient,1100SK,1877,8.0,71.0,79.0,0.43,3.78,4.21,470780.0,Standard
Outpatient,5000YH,1070,5.0,40.0,45.0,0.47,3.74,4.21,279660.0,Standard
Outpatient,0100DN,618,4.0,22.0,26.0,0.65,3.56,4.21,184060.0,Standard
Outpatient,3700UB,285,1.0,11.0,12.0,0.35,3.86,4.21,76710.0,Standard
Outpatient,4500WC,190,1.0,7.0,8.0,0.53,3.68,4.21,44920.0,Standard
Outpatient,1001QC,1382,3.0,55.0,58.0,0.22,3.98,4.2,361380.0,Standard
Outpatient,2300SC,262,0.0,11.0,11.0,0.0,4.2,4.2,87570.0,Standard
Outpatient,1500ZG,238,0.0,10.0,10.0,0.0,4.2,4.2,69990.0,Standard
Outpatient,3425QN,238,0.0,10.0,10.0,0.0,4.2,4.2,64920.0,Standard
Outpatient,34016Q,119,0.0,5.0,5.0,0.0,4.2,4.2,27550.0,Standard
Outpatient,2413UG,119,0.0,5.0,5.0,0.0,4.2,4.2,29520.0,Standard
Outpatient,11018T,119,0.0,5.0,5.0,0.0,4.2,4.2,37590.0,Standard
Outpatient,1000AH,1788,4.0,71.0,75.0,0.22,3.97,4.19,466010.0,Standard
Outpatient,3200UH,358,0.0,15.0,15.0,0.0,4.19,4.19,68090.0,Standard
Outpatient,17016H,310,1.0,12.0,13.0,0.32,3.87,4.19,89920.0,Standard
Outpatient,0504UC,310,1.0,12.0,13.0,0.32,3.87,4.19,75450.0,Standard
Outpatient,45016T,191,1.0,7.0,8.0,0.52,3.66,4.19,51410.0,Standard
Outpatient,5213KD,167,0.0,7.0,7.0,0.0,4.19,4.19,40540.0,Standard
Outpatient,3413DB,167,1.0,6.0,7.0,0.6,3.59,4.19,47060.0,Standard
Outpatient,2100UA,1292,6.0,48.0,54.0,0.46,3.72,4.18,363620.0,Standard
Outpatient,4500PK,813,6.0,28.0,34.0,0.74,3.44,4.18,233290.0,Standard
Outpatient,1000GU,693,5.0,24.0,29.0,0.72,3.46,4.18,179210.0,Standard
Outpatient,05068P,383,0.0,16.0,16.0,0.0,4.18,4.18,91570.0,Standard
Outpatient,3338WQ,311,0.0,13.0,13.0,0.0,4.18,4.18,74540.0,Standard
Inpatient,3301QB,287,0.0,12.0,12.0,0.0,4.18,4.18,2823200.0,Standard
Outpatient,1101MA,287,0.0,12.0,12.0,0.0,4.18,4.18,109850.0,Standard
Outpatient,3601DT,720,2.0,28.0,30.0,0.28,3.89,4.17,240300.0,Standard
Outpatient,4400WH,456,3.0,16.0,19.0,0.66,3.51,4.17,144130.0,Standard
Outpatient,3625WK,432,1.0,17.0,18.0,0.23,3.94,4.17,107390.0,Standard
Outpatient,3313JT,432,3.0,15.0,18.0,0.69,3.47,4.17,101690.0,Standard
Outpatient,0503DN,336,4.0,10.0,14.0,1.19,2.98,4.17,92110.0,Standard
Outpatient,4700GQ,240,0.0,10.0,10.0,0.0,4.17,4.17,62090.0,Standard
Outpatient,1100MK,240,0.0,10.0,10.0,0.0,4.17,4.17,70560.0,Standard
Outpatient,3302NN,168,1.0,6.0,7.0,0.6,3.57,4.17,58210.0,Standard
Outpatient,52136A,144,1.0,5.0,6.0,0.69,3.47,4.17,29890.0,Standard
Outpatient,3425PN,120,1.0,4.0,5.0,0.83,3.33,4.17,28900.0,Standard
Outpatient,4530YJ,120,2.0,3.0,5.0,1.67,2.5,4.17,26740.0,Standard
Outpatient,14018H,120,0.0,5.0,5.0,0.0,4.17,4.17,40760.0,Standard
Outpatient,3601RS,818,3.0,31.0,34.0,0.37,3.79,4.16,165160.0,Standard
Outpatient,4901AD,529,2.0,20.0,22.0,0.38,3.78,4.16,150490.0,Standard
Outpatient,4900CD,2002,5.0,78.0,83.0,0.25,3.9,4.15,579760.0,Standard
Outpatient,1900AJ,1228,1.0,50.0,51.0,0.08,4.07,4.15,372340.0,Standard
Outpatient,2639HJ,217,0.0,9.0,9.0,0.0,4.15,4.15,80930.0,Standard
Outpatient,2000YS,193,0.0,8.0,8.0,0.0,4.15,4.15,56030.0,Standard
Outpatient,1300DP,193,1.0,7.0,8.0,0.52,3.63,4.15,49440.0,Standard
Outpatient,4200MU,338,2.0,12.0,14.0,0.59,3.55,4.14,88280.0,Standard
Outpatient,2401DB,290,2.0,10.0,12.0,0.69,3.45,4.14,63090.0,Standard
Outpatient,1100RJ,266,1.0,10.0,11.0,0.38,3.76,4.14,72520.0,Standard
Outpatient,3000CU,169,0.0,7.0,7.0,0.0,4.14,4.14,57010.0,Standard
Outpatient,1401QH,145,0.0,6.0,6.0,0.0,4.14,4.14,36560.0,Standard
Outpatient,22008H,1503,8.0,54.0,62.0,0.53,3.59,4.13,471670.0,Standard
Outpatient,4500CN,1405,3.0,55.0,58.0,0.21,3.91,4.13,408090.0,Standard
Outpatient,5000GR,484,2.0,18.0,20.0,0.41,3.72,4.13,120910.0,Standard
Outpatient,0300PQ,242,1.0,9.0,10.0,0.41,3.72,4.13,56310.0,Standard
Outpatient,3700JN,121,0.0,5.0,5.0,0.0,4.13,4.13,21620.0,Standard
Outpatient,3701WA,121,0.0,5.0,5.0,0.0,4.13,4.13,32570.0,Standard
Outpatient,4400MM,1699,5.0,65.0,70.0,0.29,3.83,4.12,480740.0,Standard
Outpatient,2600QH,1650,3.0,65.0,68.0,0.18,3.94,4.12,391590.0,Standard
Outpatient,0700NU,897,0.0,37.0,37.0,0.0,4.12,4.12,239960.0,Standard
Outpatient,21008S,582,1.0,23.0,24.0,0.17,3.95,4.12,205440.0,Standard
Outpatient,2201YM,364,3.0,12.0,15.0,0.82,3.3,4.12,98910.0,Standard
Outpatient,3413VU,194,1.0,7.0,8.0,0.52,3.61,4.12,66390.0,Standard
Outpatient,1000WA,1827,3.0,72.0,75.0,0.16,3.94,4.11,487460.0,Standard
Outpatient,0101XR,414,0.0,17.0,17.0,0.0,4.11,4.11,107860.0,Standard
Outpatient,1120ST,389,1.0,15.0,16.0,0.26,3.86,4.11,111360.0,Standard
Outpatient,2200TM,389,0.0,16.0,16.0,0.0,4.11,4.11,109410.0,Standard
Outpatient,2302MV,365,0.0,15.0,15.0,0.0,4.11,4.11,111140.0,Standard
Outpatient,4100GJ,219,0.0,9.0,9.0,0.0,4.11,4.11,62430.0,Standard
Outpatient,4400SB,586,2.0,22.0,24.0,0.34,3.75,4.1,207730.0,Standard
Outpatient,26006U,122,0.0,5.0,5.0,0.0,4.1,4.1,29790.0,Standard
Outpatient,4200ZV,1295,4.0,49.0,53.0,0.31,3.78,4.09,334780.0,Standard
Outpatient,3100NR,928,1.0,37.0,38.0,0.11,3.99,4.09,307120.0,Standard
Outpatient,1900RS,513,1.0,20.0,21.0,0.19,3.9,4.09,161510.0,Standard
Outpatient,3400GA,367,0.0,15.0,15.0,0.0,4.09,4.09,125230.0,Standard
Outpatient,3400XU,220,2.0,7.0,9.0,0.91,3.18,4.09,102550.0,Standard
Outpatient,0502NA,9906,28.0,376.0,404.0,0.28,3.8,4.08,2892110.0,Standard
Outpatient,0700JJ,2257,4.0,88.0,92.0,0.18,3.9,4.08,576120.0,Standard
Outpatient,1600GH,1569,5.0,59.0,64.0,0.32,3.76,4.08,525310.0,Standard
Outpatient,3413PN,417,3.0,14.0,17.0,0.72,3.36,4.08,123090.0,Standard
Outpatient,3304RD,245,1.0,9.0,10.0,0.41,3.67,4.08,71910.0,Standard
Outpatient,2302XD,196,1.0,7.0,8.0,0.51,3.57,4.08,54550.0,Standard
Outpatient,4200MP,147,0.0,6.0,6.0,0.0,4.08,4.08,89950.0,Standard
Outpatient,0118MV,147,0.0,6.0,6.0,0.0,4.08,4.08,36150.0,Standard
Outpatient,2500AG,147,1.0,5.0,6.0,0.68,3.4,4.08,35190.0,Standard
Outpatient,4200KD,147,2.0,4.0,6.0,1.36,2.72,4.08,28650.0,Standard
Outpatient,1700JJ,3632,13.0,135.0,148.0,0.36,3.72,4.07,996660.0,Standard
Outpatient,3902NU,3466,9.0,132.0,141.0,0.26,3.81,4.07,874080.0,Standard
Outpatient,3100TJ,1082,6.0,38.0,44.0,0.55,3.51,4.07,295320.0,Standard
Outpatient,2200JA,688,2.0,26.0,28.0,0.29,3.78,4.07,182910.0,Standard
Outpatient,0313RP,663,1.0,26.0,27.0,0.15,3.92,4.07,196460.0,Standard
Outpatient,2800GN,369,2.0,13.0,15.0,0.54,3.52,4.07,132240.0,Standard
Outpatient,4200GH,344,0.0,14.0,14.0,0.0,4.07,4.07,127680.0,Standard
Outpatient,0601YA,295,1.0,11.0,12.0,0.34,3.73,4.07,67760.0,Standard
Outpatient,1102UR,123,0.0,5.0,5.0,0.0,4.07,4.07,19110.0,Standard
Outpatient,1738KH,123,1.0,4.0,5.0,0.81,3.25,4.07,27630.0,Standard
Outpatient,05018N,123,0.0,5.0,5.0,0.0,4.07,4.07,28120.0,Standard
Inpatient,0504YJ,123,0.0,5.0,5.0,0.0,4.07,4.07,1202200.0,Standard
Outpatient,3601KC,1011,3.0,38.0,41.0,0.3,3.76,4.06,264280.0,Standard
Outpatient,49008S,345,3.0,11.0,14.0,0.87,3.19,4.06,140090.0,Standard
Outpatient,4500QM,345,1.0,13.0,14.0,0.29,3.77,4.06,88000.0,Standard
Outpatient,3400SP,320,0.0,13.0,13.0,0.0,4.06,4.06,106360.0,Standard
Outpatient,3301WB,271,1.0,10.0,11.0,0.37,3.69,4.06,63130.0,Standard
Outpatient,5200XT,518,2.0,19.0,21.0,0.39,3.67,4.05,155580.0,Standard
Outpatient,11006D,247,0.0,10.0,10.0,0.0,4.05,4.05,57670.0,Standard
Outpatient,0501GK,173,0.0,7.0,7.0,0.0,4.05,4.05,48030.0,Standard
Outpatient,4400XJ,1534,8.0,54.0,62.0,0.52,3.52,4.04,469330.0,Standard
Outpatient,0300RK,717,0.0,29.0,29.0,0.0,4.04,4.04,151600.0,Standard
Outpatient,4900PJ,223,1.0,8.0,9.0,0.45,3.59,4.04,52130.0,Standard
Outpatient,3613HN,223,0.0,9.0,9.0,0.0,4.04,4.04,44960.0,Standard
Outpatient,3100CG,223,1.0,8.0,9.0,0.45,3.59,4.04,62310.0,Standard
Outpatient,4600CD,198,0.0,8.0,8.0,0.0,4.04,4.04,49030.0,Standard
Outpatient,2600AP,546,2.0,20.0,22.0,0.37,3.66,4.03,153120.0,Standard
Outpatient,03018G,496,2.0,18.0,20.0,0.4,3.63,4.03,159060.0,Standard
Outpatient,2213YB,273,1.0,10.0,11.0,0.37,3.66,4.03,69610.0,Standard
Outpatient,5113TV,248,1.0,9.0,10.0,0.4,3.63,4.03,85880.0,Standard
Outpatient,1100KR,149,0.0,6.0,6.0,0.0,4.03,4.03,42750.0,Standard
Outpatient,0400WT,124,0.0,5.0,5.0,0.0,4.03,4.03,27980.0,Standard
Outpatient,1600MG,124,0.0,5.0,5.0,0.0,4.03,4.03,35040.0,Standard
Inpatient,2100BM,124,0.0,5.0,5.0,0.0,4.03,4.03,1215700.0,Standard
Outpatient,3800AT,124,0.0,5.0,5.0,0.0,4.03,4.03,28490.0,Standard
Outpatient,3602RQ,1494,6.0,54.0,60.0,0.4,3.61,4.02,412160.0,Standard
Outpatient,1001CG,1044,3.0,39.0,42.0,0.29,3.74,4.02,266410.0,Standard
Outpatient,2402QR,199,1.0,7.0,8.0,0.5,3.52,4.02,43720.0,Standard
Outpatient,2201DT,6084,18.0,226.0,244.0,0.3,3.71,4.01,1774980.0,Standard
Outpatient,2900PS,2047,9.0,73.0,82.0,0.44,3.57,4.01,610110.0,Standard
Outpatient,4501GM,1023,2.0,39.0,41.0,0.2,3.81,4.01,322700.0,Standard
Outpatient,11006N,749,1.0,29.0,30.0,0.13,3.87,4.01,181880.0,Standard
Outpatient,1102HK,524,0.0,21.0,21.0,0.0,4.01,4.01,135060.0,Standard
Outpatient,4713CJ,300,1.0,11.0,12.0,0.33,3.67,4.0,122140.0,Standard
Outpatient,1613NN,250,1.0,9.0,10.0,0.4,3.6,4.0,54860.0,Standard
Outpatient,05008T,200,0.0,8.0,8.0,0.0,4.0,4.0,54460.0,Standard
Outpatient,1000MM,150,0.0,6.0,6.0,0.0,4.0,4.0,38600.0,Standard
Inpatient,4506UA,150,0.0,6.0,6.0,0.0,4.0,4.0,1581400.0,Standard
Outpatient,1413GM,125,0.0,5.0,5.0,0.0,4.0,4.0,80860.0,Standard
Outpatient,2500TC,125,1.0,4.0,5.0,0.8,3.2,4.0,35810.0,Standard
Outpatient,06006A,2154,6.0,80.0,86.0,0.28,3.71,3.99,608000.0,Standard
Outpatient,1101HS,677,2.0,25.0,27.0,0.3,3.69,3.99,236780.0,Standard
Outpatient,3901PD,351,3.0,11.0,14.0,0.85,3.13,3.99,98370.0,Standard
Outpatient,1100KJ,326,0.0,13.0,13.0,0.0,3.99,3.99,77020.0,Standard
Outpatient,3901CA,301,0.0,12.0,12.0,0.0,3.99,3.99,84120.0,Standard
Outpatient,4600YU,301,3.0,9.0,12.0,1.0,2.99,3.99,78300.0,Standard
Outpatient,4200QK,1230,4.0,45.0,49.0,0.33,3.66,3.98,459980.0,Standard
Outpatient,1002RJ,955,6.0,32.0,38.0,0.63,3.35,3.98,259790.0,Standard
Outpatient,3600XS,402,0.0,16.0,16.0,0.0,3.98,3.98,100780.0,Standard
Outpatient,1800XH,352,0.0,14.0,14.0,0.0,3.98,3.98,81830.0,Standard
Outpatient,2400VB,201,0.0,8.0,8.0,0.0,3.98,3.98,50690.0,Standard
Outpatient,0413GR,176,0.0,7.0,7.0,0.0,3.98,3.98,35610.0,Standard
Outpatient,3100PS,1787,6.0,65.0,71.0,0.34,3.64,3.97,442270.0,Standard
Outpatient,4400RR,403,0.0,16.0,16.0,0.0,3.97,3.97,95950.0,Standard
Outpatient,3500WH,403,2.0,14.0,16.0,0.5,3.47,3.97,106230.0,Standard
Outpatient,4503BH,277,1.0,10.0,11.0,0.36,3.61,3.97,80840.0,Standard
Outpatient,0513ZU,277,2.0,9.0,11.0,0.72,3.25,3.97,82050.0,Standard
Outpatient,3302VG,151,0.0,6.0,6.0,0.0,3.97,3.97,36330.0,Standard
Inpatient,1800AD,151,0.0,6.0,6.0,0.0,3.97,3.97,1386000.0,Standard
Outpatient,0500RN,2551,10.0,91.0,101.0,0.39,3.57,3.96,847960.0,Standard
Outpatient,3800GK,984,5.0,34.0,39.0,0.51,3.46,3.96,272650.0,Standard
Outpatient,1402SB,935,2.0,35.0,37.0,0.21,3.74,3.96,305990.0,Standard
Outpatient,0400XG,682,2.0,25.0,27.0,0.29,3.67,3.96,169920.0,Standard
Inpatient,1100TC,303,0.0,12.0,12.0,0.0,3.96,3.96,2943000.0,Standard
Outpatient,3813WU,101,1.0,3.0,4.0,0.99,2.97,3.96,27270.0,Standard
Outpatient,1800MB,101,0.0,4.0,4.0,0.0,3.96,3.96,27880.0,Standard
Outpatient,4300MV,101,0.0,4.0,4.0,0.0,3.96,3.96,19510.0,Standard
Outpatient,5013ZC,101,0.0,4.0,4.0,0.0,3.96,3.96,25500.0,Standard
Outpatient,4503XA,2151,7.0,78.0,85.0,0.33,3.63,3.95,595770.0,Standard
Outpatient,2000XR,1063,4.0,38.0,42.0,0.38,3.57,3.95,247900.0,Standard
Outpatient,3800AD,430,1.0,16.0,17.0,0.23,3.72,3.95,92600.0,Standard
Outpatient,1513WQ,329,0.0,13.0,13.0,0.0,3.95,3.95,95230.0,Standard
Outpatient,1002ND,228,0.0,9.0,9.0,0.0,3.95,3.95,85160.0,Standard
Outpatient,1900DN,152,0.0,6.0,6.0,0.0,3.95,3.95,30380.0,Standard
Outpatient,0504RV,507,1.0,19.0,20.0,0.2,3.75,3.94,119610.0,Standard
Inpatient,1401RR,431,2.0,15.0,17.0,0.46,3.48,3.94,3859280.0,Standard
Outpatient,4413YB,127,0.0,5.0,5.0,0.0,3.94,3.94,66710.0,Standard
Outpatient,26016H,127,0.0,5.0,5.0,0.0,3.94,3.94,29920.0,Standard
Outpatient,4506SG,127,0.0,5.0,5.0,0.0,3.94,3.94,41260.0,Standard
Outpatient,2400HJ,127,1.0,4.0,5.0,0.79,3.15,3.94,39890.0,Standard
Outpatient,1000KS,2367,3.0,90.0,93.0,0.13,3.8,3.93,732330.0,Standard
Outpatient,3301UP,2191,5.0,81.0,86.0,0.23,3.7,3.93,632080.0,Standard
Outpatient,4200SN,331,2.0,11.0,13.0,0.6,3.32,3.93,80110.0,Standard
Outpatient,0300VH,229,1.0,8.0,9.0,0.44,3.49,3.93,69680.0,Standard
Outpatient,0501TJ,229,1.0,8.0,9.0,0.44,3.49,3.93,42030.0,Standard
Outpatient,1101BU,178,0.0,7.0,7.0,0.0,3.93,3.93,40820.0,Standard
Outpatient,1000GD,2753,9.0,99.0,108.0,0.33,3.6,3.92,766790.0,Standard
Outpatient,0505YJ,1583,7.0,55.0,62.0,0.44,3.47,3.92,445310.0,Standard
Outpatient,37016P,1045,1.0,40.0,41.0,0.1,3.83,3.92,282300.0,Standard
Outpatient,33T2MM,816,5.0,27.0,32.0,0.61,3.31,3.92,210690.0,Standard
Outpatient,2000UN,153,0.0,6.0,6.0,0.0,3.92,3.92,63000.0,Standard
Outpatient,1100RQ,102,0.0,4.0,4.0,0.0,3.92,3.92,29850.0,Standard
Outpatient,0101SK,102,0.0,4.0,4.0,0.0,3.92,3.92,28010.0,Standard
Outpatient,0500DH,2816,7.0,103.0,110.0,0.25,3.66,3.91,794980.0,Standard
Outpatient,3301CM,1610,4.0,59.0,63.0,0.25,3.66,3.91,444530.0,Standard
Outpatient,0700VV,716,4.0,24.0,28.0,0.56,3.35,3.91,225290.0,Standard
Outpatient,3000BT,563,2.0,20.0,22.0,0.36,3.55,3.91,141020.0,Standard
Inpatient,3600NG,537,0.0,21.0,21.0,0.0,3.91,3.91,5645000.0,Standard
Outpatient,2500PG,384,0.0,15.0,15.0,0.0,3.91,3.91,92590.0,Standard
Outpatient,23136G,179,1.0,6.0,7.0,0.56,3.35,3.91,47940.0,Standard
Outpatient,2300BJ,1309,3.0,48.0,51.0,0.23,3.67,3.9,303250.0,Standard
Outpatient,3901GS,974,2.0,36.0,38.0,0.21,3.7,3.9,287600.0,Standard
Outpatient,46008K,308,2.0,10.0,12.0,0.65,3.25,3.9,83810.0,Standard
Outpatient,4502QU,308,0.0,12.0,12.0,0.0,3.9,3.9,150980.0,Standard
Outpatient,22018A,231,1.0,8.0,9.0,0.43,3.46,3.9,55000.0,Standard
Outpatient,2201WJ,205,2.0,6.0,8.0,0.98,2.93,3.9,55000.0,Standard
Outpatient,3902SC,154,1.0,5.0,6.0,0.65,3.25,3.9,35190.0,Standard
Outpatient,2400YU,1953,7.0,69.0,76.0,0.36,3.53,3.89,547020.0,Standard
Outpatient,3000KG,1156,4.0,41.0,45.0,0.35,3.55,3.89,290880.0,Standard
Outpatient,1500WB,540,3.0,18.0,21.0,0.56,3.33,3.89,167760.0,Standard
Outpatient,3400YP,514,2.0,18.0,20.0,0.39,3.5,3.89,148330.0,Standard
Outpatient,2501MC,283,0.0,11.0,11.0,0.0,3.89,3.89,95130.0,Standard
Outpatient,4901US,180,0.0,7.0,7.0,0.0,3.89,3.89,55130.0,Standard
Outpatient,4600BC,2528,7.0,91.0,98.0,0.28,3.6,3.88,880960.0,Standard
Outpatient,3318HQ,799,3.0,28.0,31.0,0.38,3.5,3.88,208210.0,Standard
Outpatient,1130HA,335,1.0,12.0,13.0,0.3,3.58,3.88,85880.0,Standard
Outpatient,3413WV,232,1.0,8.0,9.0,0.43,3.45,3.88,59190.0,Standard
Outpatient,3301TG,129,1.0,4.0,5.0,0.78,3.1,3.88,43360.0,Standard
Outpatient,3426GD,129,0.0,5.0,5.0,0.0,3.88,3.88,37340.0,Standard
Inpatient,5000PS,129,0.0,5.0,5.0,0.0,3.88,3.88,1218690.0,Standard
Outpatient,3500VG,129,1.0,4.0,5.0,0.78,3.1,3.88,43720.0,Standard
Outpatient,2301GU,4421,8.0,163.0,171.0,0.18,3.69,3.87,1269740.0,Standard
Outpatient,10016B,1318,2.0,49.0,51.0,0.15,3.72,3.87,334710.0,Standard
Outpatient,3100KV,981,3.0,35.0,38.0,0.31,3.57,3.87,269460.0,Standard
Outpatient,3901BV,878,2.0,32.0,34.0,0.23,3.64,3.87,239300.0,Standard
Outpatient,1701AJ,723,5.0,23.0,28.0,0.69,3.18,3.87,187220.0,Standard
Outpatient,1400KP,568,2.0,20.0,22.0,0.35,3.52,3.87,199030.0,Standard
Outpatient,3100ZR,1995,4.0,73.0,77.0,0.2,3.66,3.86,544200.0,Standard
Outpatient,34006B,726,2.0,26.0,28.0,0.28,3.58,3.86,221830.0,Standard
Outpatient,3601NP,647,2.0,23.0,25.0,0.31,3.55,3.86,236400.0,Standard
Outpatient,0518VN,518,3.0,17.0,20.0,0.58,3.28,3.86,136290.0,Standard
Outpatient,0513ST,415,3.0,13.0,16.0,0.72,3.13,3.86,120740.0,Standard
Outpatient,33026N,207,0.0,8.0,8.0,0.0,3.86,3.86,74700.0,Standard
Outpatient,3400ZQ,3870,18.0,131.0,149.0,0.47,3.39,3.85,1157150.0,Standard
Outpatient,3600WB,3502,7.0,128.0,135.0,0.2,3.66,3.85,922140.0,Standard
Outpatient,0900SU,1402,4.0,50.0,54.0,0.29,3.57,3.85,364770.0,Standard
Outpatient,3901XH,962,3.0,34.0,37.0,0.31,3.53,3.85,346080.0,Standard
Outpatient,1002JA,779,0.0,30.0,30.0,0.0,3.85,3.85,187050.0,Standard
Outpatient,3901KR,676,3.0,23.0,26.0,0.44,3.4,3.85,150330.0,Standard
Outpatient,2300ZD,623,0.0,24.0,24.0,0.0,3.85,3.85,217800.0,Standard
Outpatient,1401QA,286,2.0,9.0,11.0,0.7,3.15,3.85,92050.0,Standard
Outpatient,4501BH,234,1.0,8.0,9.0,0.43,3.42,3.85,120400.0,Standard
Outpatient,1801HQ,208,0.0,8.0,8.0,0.0,3.85,3.85,57550.0,Standard
Outpatient,4401GD,156,0.0,6.0,6.0,0.0,3.85,3.85,51050.0,Standard
Outpatient,12006M,130,1.0,4.0,5.0,0.77,3.08,3.85,29240.0,Standard
Outpatient,2639PA,130,2.0,3.0,5.0,1.54,2.31,3.85,41270.0,Standard
Inpatient,4200ZV,104,0.0,4.0,4.0,0.0,3.85,3.85,1072000.0,Standard
Outpatient,0501MA,104,0.0,4.0,4.0,0.0,3.85,3.85,29560.0,Standard
Outpatient,4401AQ,104,0.0,4.0,4.0,0.0,3.85,3.85,24640.0,Standard
Outpatient,4505GM,391,0.0,15.0,15.0,0.0,3.84,3.84,171500.0,Standard
Outpatient,1800KA,365,1.0,13.0,14.0,0.27,3.56,3.84,112980.0,Standard
Outpatient,3900MK,1777,3.0,65.0,68.0,0.17,3.66,3.83,529600.0,Standard
Outpatient,4900CN,1331,7.0,44.0,51.0,0.53,3.31,3.83,351510.0,Standard
Outpatient,2201HV,888,1.0,33.0,34.0,0.11,3.72,3.83,224830.0,Standard
Outpatient,1000AV,548,1.0,20.0,21.0,0.18,3.65,3.83,192700.0,Standard
Outpatient,2900UB,470,0.0,18.0,18.0,0.0,3.83,3.83,127490.0,Standard
Outpatient,1000KK,235,1.0,8.0,9.0,0.43,3.4,3.83,69020.0,Standard
Outpatient,3902VH,183,1.0,6.0,7.0,0.55,3.28,3.83,50840.0,Standard
Outpatient,3302ZM,183,1.0,6.0,7.0,0.55,3.28,3.83,58930.0,Standard
Outpatient,4201CB,1204,3.0,43.0,46.0,0.25,3.57,3.82,295400.0,Standard
Outpatient,3930SM,576,1.0,21.0,22.0,0.17,3.65,3.82,149210.0,Standard
Outpatient,4935BG,419,2.0,14.0,16.0,0.48,3.34,3.82,131300.0,Standard
Outpatient,4600QS,157,0.0,6.0,6.0,0.0,3.82,3.82,56090.0,Standard
Outpatient,3000NJ,1023,3.0,36.0,39.0,0.29,3.52,3.81,296140.0,Standard
Outpatient,0900UA,105,0.0,4.0,4.0,0.0,3.81,3.81,27990.0,Standard
Outpatient,3901ZC,395,3.0,12.0,15.0,0.76,3.04,3.8,91370.0,Standard
Outpatient,01006P,263,3.0,7.0,10.0,1.14,2.66,3.8,74800.0,Standard
Outpatient,1400AC,237,1.0,8.0,9.0,0.42,3.38,3.8,141950.0,Standard
Outpatient,0900TV,184,1.0,6.0,7.0,0.54,3.26,3.8,65560.0,Standard
Outpatient,4508HG,158,2.0,4.0,6.0,1.27,2.53,3.8,36230.0,Standard
Outpatient,2601TU,343,2.0,11.0,13.0,0.58,3.21,3.79,94100.0,Standard
Outpatient,1000HV,290,0.0,11.0,11.0,0.0,3.79,3.79,96520.0,Standard
Inpatient,1000VV,132,0.0,5.0,5.0,0.0,3.79,3.79,1285800.0,Standard
Outpatient,1900JS,1348,9.0,42.0,51.0,0.67,3.12,3.78,430100.0,Standard
Outpatient,1500WS,1189,3.0,42.0,45.0,0.25,3.53,3.78,408460.0,Standard
Outpatient,2301BR,715,3.0,24.0,27.0,0.42,3.36,3.78,204460.0,Standard
Outpatient,5000HS,529,4.0,16.0,20.0,0.76,3.02,3.78,173060.0,Standard
Outpatient,1901WD,291,1.0,10.0,11.0,0.34,3.44,3.78,74380.0,Standard
Outpatient,3100GR,185,2.0,5.0,7.0,1.08,2.7,3.78,48370.0,Standard
Outpatient,3300KJ,3951,9.0,140.0,149.0,0.23,3.54,3.77,1175830.0,Standard
Outpatient,0400AC,1805,7.0,61.0,68.0,0.39,3.38,3.77,473560.0,Standard
Outpatient,50006K,769,2.0,27.0,29.0,0.26,3.51,3.77,335720.0,Standard
Outpatient,3500HU,239,1.0,8.0,9.0,0.42,3.35,3.77,64210.0,Standard
Outpatient,2601MU,212,0.0,8.0,8.0,0.0,3.77,3.77,64190.0,Standard
Outpatient,1800BP,159,1.0,5.0,6.0,0.63,3.14,3.77,46450.0,Standard
Outpatient,3901MB,106,0.0,4.0,4.0,0.0,3.77,3.77,29020.0,Standard
Outpatient,3425AU,106,0.0,4.0,4.0,0.0,3.77,3.77,23710.0,Standard
Outpatient,3401AR,106,1.0,3.0,4.0,0.94,2.83,3.77,24080.0,Standard
Outpatient,0325NC,106,0.0,4.0,4.0,0.0,3.77,3.77,29600.0,Standard
Outpatient,3601TU,1169,5.0,39.0,44.0,0.43,3.34,3.76,362350.0,Standard
Outpatient,4900SN,1089,2.0,39.0,41.0,0.18,3.58,3.76,319450.0,Standard
Outpatient,2100BM,266,2.0,8.0,10.0,0.75,3.01,3.76,81670.0,Standard
Inpatient,3902XB,213,0.0,8.0,8.0,0.0,3.76,3.76,1978800.0,Standard
Outpatient,23188P,186,1.0,6.0,7.0,0.54,3.23,3.76,59190.0,Standard
Outpatient,3901JV,186,2.0,5.0,7.0,1.08,2.69,3.76,44040.0,Standard
Outpatient,1002PG,186,0.0,7.0,7.0,0.0,3.76,3.76,42830.0,Standard
Outpatient,2200XR,1518,3.0,54.0,57.0,0.2,3.56,3.75,440130.0,Standard
Outpatient,10008H,293,2.0,9.0,11.0,0.68,3.07,3.75,76430.0,Standard
Inpatient,1500QB,240,0.0,9.0,9.0,0.0,3.75,3.75,2347100.0,Standard
Outpatient,2300QQ,240,0.0,9.0,9.0,0.0,3.75,3.75,56910.0,Standard
Outpatient,4413XA,240,3.0,6.0,9.0,1.25,2.5,3.75,77610.0,Standard
Outpatient,4505ZC,160,0.0,6.0,6.0,0.0,3.75,3.75,43280.0,Standard
Outpatient,18136C,160,1.0,5.0,6.0,0.63,3.13,3.75,54490.0,Standard
Outpatient,1000PV,937,3.0,32.0,35.0,0.32,3.42,3.74,300210.0,Standard
Outpatient,4400CB,348,0.0,13.0,13.0,0.0,3.74,3.74,145980.0,Standard
Outpatient,44008V,294,1.0,10.0,11.0,0.34,3.4,3.74,71720.0,Standard
Inpatient,5000KV,107,0.0,4.0,4.0,0.0,3.74,3.74,1032100.0,Standard
Outpatient,21006R,1476,8.0,47.0,55.0,0.54,3.18,3.73,458850.0,Standard
Outpatient,4200QS,1286,1.0,47.0,48.0,0.08,3.65,3.73,422270.0,Standard
Outpatient,0501BG,991,6.0,31.0,37.0,0.61,3.13,3.73,237930.0,Standard
Outpatient,1839ZB,482,2.0,16.0,18.0,0.41,3.32,3.73,90990.0,Standard
Outpatient,4901TR,268,1.0,9.0,10.0,0.37,3.36,3.73,98010.0,Standard
Outpatient,2913GC,241,0.0,9.0,9.0,0.0,3.73,3.73,112430.0,Standard
Outpatient,4901NS,161,0.0,6.0,6.0,0.0,3.73,3.73,29450.0,Standard
Outpatient,3300DB,161,0.0,6.0,6.0,0.0,3.73,3.73,43600.0,Standard
Inpatient,1402CR,161,0.0,6.0,6.0,0.0,3.73,3.73,1420000.0,Standard
Outpatient,1000AQ,618,3.0,20.0,23.0,0.49,3.24,3.72,159150.0,Standard
Outpatient,3602CA,349,0.0,13.0,13.0,0.0,3.72,3.72,127340.0,Standard
Outpatient,2300YC,323,1.0,11.0,12.0,0.31,3.41,3.72,95680.0,Standard
Outpatient,4508ZN,242,1.0,8.0,9.0,0.41,3.31,3.72,56740.0,Standard
Outpatient,0100GU,215,1.0,7.0,8.0,0.47,3.26,3.72,68040.0,Standard
Outpatient,5213VR,215,0.0,8.0,8.0,0.0,3.72,3.72,82510.0,Standard
Inpatient,3302BQ,215,0.0,8.0,8.0,0.0,3.72,3.72,1851800.0,Standard
Outpatient,1100DK,215,1.0,7.0,8.0,0.47,3.26,3.72,101640.0,Standard
Outpatient,2400DP,485,1.0,17.0,18.0,0.21,3.51,3.71,155990.0,Standard
Outpatient,3600UG,866,4.0,28.0,32.0,0.46,3.23,3.7,241070.0,Standard
Outpatient,2320KM,324,2.0,10.0,12.0,0.62,3.09,3.7,82410.0,Standard
Outpatient,3800SQ,216,3.0,5.0,8.0,1.39,2.31,3.7,63530.0,Standard
Outpatient,3601XC,216,0.0,8.0,8.0,0.0,3.7,3.7,58790.0,Standard
Outpatient,1225HG,216,0.0,8.0,8.0,0.0,3.7,3.7,61840.0,Standard
Outpatient,2400QS,162,0.0,6.0,6.0,0.0,3.7,3.7,42040.0,Standard
Outpatient,1813SQ,135,1.0,4.0,5.0,0.74,2.96,3.7,43000.0,Standard
Outpatient,1002KK,135,1.0,4.0,5.0,0.74,2.96,3.7,31090.0,Standard
Outpatient,5100GT,108,0.0,4.0,4.0,0.0,3.7,3.7,37220.0,Standard
Outpatient,2300RB,1678,7.0,55.0,62.0,0.42,3.28,3.69,501260.0,Standard
Outpatient,4401MM,434,1.0,15.0,16.0,0.23,3.46,3.69,127610.0,Standard
Outpatient,4501KR,379,1.0,13.0,14.0,0.26,3.43,3.69,102210.0,Standard
Outpatient,1500PJ,298,0.0,11.0,11.0,0.0,3.69,3.69,68880.0,Standard
Outpatient,3801JK,271,2.0,8.0,10.0,0.74,2.95,3.69,70030.0,Standard
Outpatient,3418TH,244,0.0,9.0,9.0,0.0,3.69,3.69,57450.0,Standard
Outpatient,1101VM,244,1.0,8.0,9.0,0.41,3.28,3.69,51950.0,Standard
Outpatient,1401ZD,1222,5.0,40.0,45.0,0.41,3.27,3.68,387260.0,Standard
Outpatient,4500BM,950,1.0,34.0,35.0,0.11,3.58,3.68,272300.0,Standard
Outpatient,2300MT,679,1.0,24.0,25.0,0.15,3.53,3.68,160790.0,Standard
Inpatient,0400AC,299,0.0,11.0,11.0,0.0,3.68,3.68,2999000.0,Standard
Outpatient,4419UJ,190,0.0,7.0,7.0,0.0,3.68,3.68,68670.0,Standard
Outpatient,1500PA,163,0.0,6.0,6.0,0.0,3.68,3.68,48000.0,Standard
Outpatient,4926HV,163,0.0,6.0,6.0,0.0,3.68,3.68,28650.0,Standard
Outpatient,3902GN,1637,7.0,53.0,60.0,0.43,3.24,3.67,527270.0,Standard
Outpatient,2100MP,681,2.0,23.0,25.0,0.29,3.38,3.67,212930.0,Standard
Outpatient,4900VR,572,2.0,19.0,21.0,0.35,3.32,3.67,164740.0,Standard
Outpatient,2302YG,491,1.0,17.0,18.0,0.2,3.46,3.67,139250.0,Standard
Outpatient,1525XA,109,0.0,4.0,4.0,0.0,3.67,3.67,35170.0,Standard
Inpatient,0900UA,109,0.0,4.0,4.0,0.0,3.67,3.67,1100000.0,Standard
Outpatient,0300NP,737,2.0,25.0,27.0,0.27,3.39,3.66,254810.0,Standard
Outpatient,4506BM,328,0.0,12.0,12.0,0.0,3.66,3.66,88060.0,Standard
Outpatient,45018G,328,1.0,11.0,12.0,0.3,3.35,3.66,92430.0,Standard
Outpatient,1800WP,246,0.0,9.0,9.0,0.0,3.66,3.66,53230.0,Standard
Outpatient,2700HN,191,0.0,7.0,7.0,0.0,3.66,3.66,53950.0,Standard
Outpatient,2200VP,191,0.0,7.0,7.0,0.0,3.66,3.66,70180.0,Standard
Outpatient,0526YC,191,2.0,5.0,7.0,1.05,2.62,3.66,61570.0,Standard
Outpatient,10CTUQ,164,1.0,5.0,6.0,0.61,3.05,3.66,36300.0,Standard
Outpatient,4502DJ,164,0.0,6.0,6.0,0.0,3.66,3.66,114520.0,Standard
Outpatient,3100YQ,658,2.0,22.0,24.0,0.3,3.34,3.65,243910.0,Standard
Outpatient,0502NQ,548,3.0,17.0,20.0,0.55,3.1,3.65,154730.0,Standard
Outpatient,0101HG,329,2.0,10.0,12.0,0.61,3.04,3.65,80320.0,Standard
Inpatient,1400RU,219,0.0,8.0,8.0,0.0,3.65,3.65,2190900.0,Standard
Outpatient,4507VS,137,1.0,4.0,5.0,0.73,2.92,3.65,47220.0,Standard
Outpatient,1401JR,1347,4.0,45.0,49.0,0.3,3.34,3.64,345440.0,Standard
Outpatient,3939PG,165,1.0,5.0,6.0,0.61,3.03,3.64,53270.0,Standard
Outpatient,0501GB,110,0.0,4.0,4.0,0.0,3.64,3.64,33350.0,Standard
Inpatient,2600GD,110,0.0,4.0,4.0,0.0,3.64,3.64,1012000.0,Standard
Outpatient,0503RC,634,5.0,18.0,23.0,0.79,2.84,3.63,162510.0,Standard
Outpatient,4502GS,193,0.0,7.0,7.0,0.0,3.63,3.63,52890.0,Standard
Outpatient,1900XM,193,0.0,7.0,7.0,0.0,3.63,3.63,39880.0,Standard
Outpatient,1100TC,2099,4.0,72.0,76.0,0.19,3.43,3.62,763480.0,Standard
Outpatient,0300TN,497,0.0,18.0,18.0,0.0,3.62,3.62,178970.0,Standard
Outpatient,3100XU,2330,6.0,78.0,84.0,0.26,3.35,3.61,652650.0,Standard
Outpatient,5201NR,388,1.0,13.0,14.0,0.26,3.35,3.61,97380.0,Standard
Outpatient,3900TK,360,2.0,11.0,13.0,0.56,3.06,3.61,103690.0,Standard
Outpatient,2100JT,360,1.0,12.0,13.0,0.28,3.33,3.61,104030.0,Standard
Outpatient,1000ZD,194,0.0,7.0,7.0,0.0,3.61,3.61,48660.0,Standard
Outpatient,4300XN,166,1.0,5.0,6.0,0.6,3.01,3.61,76290.0,Standard
Outpatient,0513HH,555,0.0,20.0,20.0,0.0,3.6,3.6,156760.0,Standard
Outpatient,2501ND,333,0.0,12.0,12.0,0.0,3.6,3.6,81640.0,Standard
Inpatient,3400SP,222,0.0,8.0,8.0,0.0,3.6,3.6,1927800.0,Standard
Outpatient,3000AS,111,0.0,4.0,4.0,0.0,3.6,3.6,35300.0,Standard
Outpatient,4530TB,111,0.0,4.0,4.0,0.0,3.6,3.6,31110.0,Standard
Outpatient,11388R,111,1.0,3.0,4.0,0.9,2.7,3.6,53790.0,Standard
Outpatient,1800SA,251,0.0,9.0,9.0,0.0,3.59,3.59,63940.0,Standard
Outpatient,1825VQ,251,1.0,8.0,9.0,0.4,3.19,3.59,64840.0,Standard
Inpatient,1800TK,167,0.0,6.0,6.0,0.0,3.59,3.59,1634000.0,Standard
Outpatient,3901DK,447,3.0,13.0,16.0,0.67,2.91,3.58,112150.0,Standard
Outpatient,3600NG,1793,2.0,62.0,64.0,0.11,3.46,3.57,495850.0,Standard
Outpatient,4901PM,700,1.0,24.0,25.0,0.14,3.43,3.57,164070.0,Standard
Outpatient,0138RQ,364,1.0,12.0,13.0,0.27,3.3,3.57,132980.0,Standard
Outpatient,3702KD,336,2.0,10.0,12.0,0.6,2.98,3.57,89560.0,Standard
Outpatient,3901TS,280,0.0,10.0,10.0,0.0,3.57,3.57,64890.0,Standard
Outpatient,3302WH,168,1.0,5.0,6.0,0.6,2.98,3.57,39710.0,Standard
Inpatient,2200GD,168,0.0,6.0,6.0,0.0,3.57,3.57,1459000.0,Standard
Outpatient,3813SA,140,1.0,4.0,5.0,0.71,2.86,3.57,40650.0,Standard
Outpatient,1402TC,140,0.0,5.0,5.0,0.0,3.57,3.57,28540.0,Standard
Outpatient,0601MJ,112,0.0,4.0,4.0,0.0,3.57,3.57,39240.0,Standard
Outpatient,16236N,112,1.0,3.0,4.0,0.89,2.68,3.57,29300.0,Standard
Outpatient,1101DQ,870,2.0,29.0,31.0,0.23,3.33,3.56,265190.0,Standard
Outpatient,2302WC,786,0.0,28.0,28.0,0.0,3.56,3.56,271270.0,Standard
Outpatient,2601QB,507,1.0,17.0,18.0,0.2,3.35,3.55,133460.0,Standard
Outpatient,2618GJ,282,0.0,10.0,10.0,0.0,3.55,3.55,93670.0,Standard
Outpatient,0501NK,197,0.0,7.0,7.0,0.0,3.55,3.55,56130.0,Standard
Outpatient,1800QG,141,0.0,5.0,5.0,0.0,3.55,3.55,44040.0,Standard
Outpatient,5001MA,593,2.0,19.0,21.0,0.34,3.2,3.54,128170.0,Standard
Inpatient,3400XN,396,1.0,13.0,14.0,0.25,3.28,3.54,3841000.0,Standard
Outpatient,3601YD,226,2.0,6.0,8.0,0.88,2.65,3.54,44150.0,Standard
Outpatient,17138S,113,0.0,4.0,4.0,0.0,3.54,3.54,34850.0,Standard
Outpatient,3400QM,283,0.0,10.0,10.0,0.0,3.53,3.53,58810.0,Standard
Outpatient,3413TS,170,2.0,4.0,6.0,1.18,2.35,3.53,35540.0,Standard
Outpatient,2200VV,1393,4.0,45.0,49.0,0.29,3.23,3.52,339620.0,Standard
Outpatient,3600PQ,454,3.0,13.0,16.0,0.66,2.86,3.52,190070.0,Standard
Outpatient,2100YG,426,2.0,13.0,15.0,0.47,3.05,3.52,106170.0,Standard
Outpatient,2000SK,256,1.0,8.0,9.0,0.39,3.13,3.52,95450.0,Standard
Inpatient,3400ZQ,199,0.0,7.0,7.0,0.0,3.52,3.52,1841570.0,Standard
Outpatient,4400WQ,142,0.0,5.0,5.0,0.0,3.52,3.52,37270.0,Standard
Outpatient,1801KT,142,1.0,4.0,5.0,0.7,2.82,3.52,36190.0,Standard
Outpatient,4713GM,285,3.0,7.0,10.0,1.05,2.46,3.51,72900.0,Standard
Outpatient,0300JK,114,1.0,3.0,4.0,0.88,2.63,3.51,28490.0,Standard
Outpatient,3200GV,2142,5.0,70.0,75.0,0.23,3.27,3.5,603430.0,Standard
Outpatient,4508JR,971,0.0,34.0,34.0,0.0,3.5,3.5,259670.0,Standard
Outpatient,4400HU,486,1.0,16.0,17.0,0.21,3.29,3.5,118370.0,Standard
Outpatient,1500NH,257,3.0,6.0,9.0,1.17,2.33,3.5,59570.0,Standard
Outpatient,5300QV,200,2.0,5.0,7.0,1.0,2.5,3.5,46120.0,Standard
Outpatient,3613XA,200,1.0,6.0,7.0,0.5,3.0,3.5,42910.0,Standard
Outpatient,1513TM,143,0.0,5.0,5.0,0.0,3.5,3.5,39340.0,Standard
Outpatient,1028MU,172,0.0,6.0,6.0,0.0,3.49,3.49,57330.0,Standard
Outpatient,4200CT,689,1.0,23.0,24.0,0.15,3.34,3.48,201030.0,Standard
Outpatient,10008Q,546,3.0,16.0,19.0,0.55,2.93,3.48,156300.0,Standard
Outpatient,2500BH,517,2.0,16.0,18.0,0.39,3.09,3.48,132810.0,Standard
Outpatient,0300GG,402,2.0,12.0,14.0,0.5,2.99,3.48,137790.0,Standard
Outpatient,4502XH,316,3.0,8.0,11.0,0.95,2.53,3.48,116730.0,Standard
Outpatient,01008A,201,2.0,5.0,7.0,1.0,2.49,3.48,63060.0,Standard
Outpatient,0613BC,115,0.0,4.0,4.0,0.0,3.48,3.48,29920.0,Standard
Outpatient,05036H,2480,7.0,79.0,86.0,0.28,3.19,3.47,667880.0,Standard
Outpatient,1500SD,202,1.0,6.0,7.0,0.5,2.97,3.47,57230.0,Standard
Outpatient,3100BU,173,1.0,5.0,6.0,0.58,2.89,3.47,53040.0,Standard
Outpatient,0503PA,173,0.0,6.0,6.0,0.0,3.47,3.47,34870.0,Standard
Outpatient,05008C,173,2.0,4.0,6.0,1.16,2.31,3.47,56770.0,Standard
Outpatient,4700JT,462,0.0,16.0,16.0,0.0,3.46,3.46,101430.0,Standard
Inpatient,2000HG,231,0.0,8.0,8.0,0.0,3.46,3.46,2012800.0,Standard
Outpatient,0506MK,435,0.0,15.0,15.0,0.0,3.45,3.45,122990.0,Standard
Inpatient,4502NS,145,1.0,4.0,5.0,0.69,2.76,3.45,1620600.0,Standard
Inpatient,3800BU,116,0.0,4.0,4.0,0.0,3.45,3.45,1192400.0,Standard
Outpatient,3300KR,116,1.0,3.0,4.0,0.86,2.59,3.45,37270.0,Standard
Inpatient,0300QR,116,0.0,4.0,4.0,0.0,3.45,3.45,1039000.0,Standard
Outpatient,3303NG,2468,7.0,78.0,85.0,0.28,3.16,3.44,679780.0,Standard
Outpatient,3902UU,785,4.0,23.0,27.0,0.51,2.93,3.44,225090.0,Standard
Outpatient,4504RU,465,1.0,15.0,16.0,0.22,3.23,3.44,98470.0,Standard
Outpatient,3600NP,320,0.0,11.0,11.0,0.0,3.44,3.44,95580.0,Standard
Outpatient,3800XP,262,1.0,8.0,9.0,0.38,3.05,3.44,56210.0,Standard
Outpatient,0800QV,699,2.0,22.0,24.0,0.29,3.15,3.43,241870.0,Standard
Inpatient,1000AV,233,0.0,8.0,8.0,0.0,3.43,3.43,2489000.0,Standard
Outpatient,2225PN,233,0.0,8.0,8.0,0.0,3.43,3.43,75860.0,Standard
Outpatient,39006M,1698,2.0,56.0,58.0,0.12,3.3,3.42,509660.0,Standard
Outpatient,0600VR,935,2.0,30.0,32.0,0.21,3.21,3.42,303670.0,Standard
Outpatient,15016R,790,3.0,24.0,27.0,0.38,3.04,3.42,262270.0,Standard
Outpatient,1401VP,292,0.0,10.0,10.0,0.0,3.42,3.42,85680.0,Standard
Outpatient,07008H,117,0.0,4.0,4.0,0.0,3.42,3.42,32980.0,Standard
Outpatient,1100XJ,117,0.0,4.0,4.0,0.0,3.42,3.42,24370.0,Standard
Outpatient,4513KT,117,0.0,4.0,4.0,0.0,3.42,3.42,29610.0,Standard
Outpatient,2100TH,1201,2.0,39.0,41.0,0.17,3.25,3.41,301860.0,Standard
Outpatient,3300VU,440,1.0,14.0,15.0,0.23,3.18,3.41,120170.0,Standard
Outpatient,03138D,852,3.0,26.0,29.0,0.35,3.05,3.4,259390.0,Standard
Outpatient,3601GU,618,1.0,20.0,21.0,0.16,3.24,3.4,157520.0,Standard
Outpatient,3400XN,589,1.0,19.0,20.0,0.17,3.23,3.4,167560.0,Standard
Outpatient,3401VA,353,3.0,9.0,12.0,0.85,2.55,3.4,102330.0,Standard
Outpatient,1100UT,265,0.0,9.0,9.0,0.0,3.4,3.4,78430.0,Standard
Outpatient,1801TG,235,2.0,6.0,8.0,0.85,2.55,3.4,56500.0,Standard
Outpatient,0700NN,147,0.0,5.0,5.0,0.0,3.4,3.4,52880.0,Standard
Outpatient,1818PH,147,0.0,5.0,5.0,0.0,3.4,3.4,30490.0,Standard
Outpatient,39008U,502,0.0,17.0,17.0,0.0,3.39,3.39,171190.0,Standard
Outpatient,3901MK,501,0.0,17.0,17.0,0.0,3.39,3.39,167570.0,Standard
Outpatient,3301MU,443,1.0,14.0,15.0,0.23,3.16,3.39,136650.0,Standard
Outpatient,3901WV,295,2.0,8.0,10.0,0.68,2.71,3.39,121650.0,Standard
Outpatient,2613KQ,118,0.0,4.0,4.0,0.0,3.39,3.39,26020.0,Standard
Outpatient,3400RN,118,0.0,4.0,4.0,0.0,3.39,3.39,21620.0,Standard
Outpatient,06256K,118,1.0,3.0,4.0,0.85,2.54,3.39,51280.0,Standard
Outpatient,2100DP,1007,1.0,33.0,34.0,0.1,3.28,3.38,339170.0,Standard
Outpatient,5000BN,859,3.0,26.0,29.0,0.35,3.03,3.38,228610.0,Standard
Outpatient,4100ZA,711,0.0,24.0,24.0,0.0,3.38,3.38,165560.0,Standard
Outpatient,2100CN,621,1.0,20.0,21.0,0.16,3.22,3.38,179010.0,Standard
Outpatient,3400CU,296,5.0,5.0,10.0,1.69,1.69,3.38,62750.0,Standard
Outpatient,3401ZP,237,0.0,8.0,8.0,0.0,3.38,3.38,56890.0,Standard
Outpatient,13KMZN,207,0.0,7.0,7.0,0.0,3.38,3.38,52880.0,Standard
Outpatient,1113DJ,148,0.0,5.0,5.0,0.0,3.38,3.38,54850.0,Standard
Outpatient,3813AD,148,1.0,4.0,5.0,0.68,2.7,3.38,58810.0,Standard
Outpatient,3302QH,2942,12.0,87.0,99.0,0.41,2.96,3.37,895720.0,Standard
Outpatient,1402HU,893,2.0,28.0,30.0,0.22,3.14,3.36,242430.0,Standard
Outpatient,5200UQ,149,0.0,5.0,5.0,0.0,3.36,3.36,37220.0,Standard
Outpatient,1101PM,119,0.0,4.0,4.0,0.0,3.36,3.36,31360.0,Standard
Outpatient,1113YJ,119,0.0,4.0,4.0,0.0,3.36,3.36,88180.0,Standard
Outpatient,2302RT,807,2.0,25.0,27.0,0.25,3.1,3.35,199080.0,Standard
Outpatient,33036V,328,2.0,9.0,11.0,0.61,2.74,3.35,115400.0,Standard
Outpatient,4400AV,179,2.0,4.0,6.0,1.12,2.23,3.35,37470.0,Standard
Outpatient,1018SC,179,0.0,6.0,6.0,0.0,3.35,3.35,46850.0,Standard
Inpatient,1600GH,179,0.0,6.0,6.0,0.0,3.35,3.35,1678750.0,Standard
Outpatient,3400BT,839,2.0,26.0,28.0,0.24,3.1,3.34,257120.0,Standard
Outpatient,3400VS,509,3.0,14.0,17.0,0.59,2.75,3.34,108670.0,Standard
Outpatient,30008C,330,1.0,10.0,11.0,0.3,3.03,3.33,100760.0,Standard
Outpatient,1501GA,330,0.0,11.0,11.0,0.0,3.33,3.33,108310.0,Standard
Inpatient,36008A,180,0.0,6.0,6.0,0.0,3.33,3.33,1652800.0,Standard
Outpatient,22RUVP,180,1.0,5.0,6.0,0.56,2.78,3.33,56450.0,Standard
Outpatient,3300RH,150,1.0,4.0,5.0,0.67,2.67,3.33,29690.0,Standard
Outpatient,3400QT,120,0.0,4.0,4.0,0.0,3.33,3.33,30250.0,Standard
Outpatient,1800CH,120,1.0,3.0,4.0,0.83,2.5,3.33,35670.0,Standard
Outpatient,3900KA,482,1.0,15.0,16.0,0.21,3.11,3.32,114880.0,Standard
Inpatient,2600ZT,422,2.0,12.0,14.0,0.47,2.84,3.32,3919890.0,Standard
Outpatient,2313XK,271,0.0,9.0,9.0,0.0,3.32,3.32,69700.0,Standard
Outpatient,2600RA,211,0.0,7.0,7.0,0.0,3.32,3.32,65990.0,Standard
Outpatient,1900PA,211,0.0,7.0,7.0,0.0,3.32,3.32,52470.0,Standard
Outpatient,3900VN,423,0.0,14.0,14.0,0.0,3.31,3.31,118280.0,Standard
Outpatient,14016U,393,2.0,11.0,13.0,0.51,2.8,3.31,112910.0,Standard
Outpatient,3439KB,181,0.0,6.0,6.0,0.0,3.31,3.31,67240.0,Standard
Inpatient,4400XJ,121,0.0,4.0,4.0,0.0,3.31,3.31,1172320.0,Standard
Outpatient,2600BA,1271,4.0,38.0,42.0,0.31,2.99,3.3,420540.0,Standard
Outpatient,3800CV,424,0.0,14.0,14.0,0.0,3.3,3.3,118740.0,Standard
Outpatient,0100MD,212,0.0,7.0,7.0,0.0,3.3,3.3,53170.0,Standard
Outpatient,0401MN,212,0.0,7.0,7.0,0.0,3.3,3.3,50850.0,Standard
Outpatient,52018M,182,0.0,6.0,6.0,0.0,3.3,3.3,38300.0,Standard
Outpatient,1100YK,516,2.0,15.0,17.0,0.39,2.91,3.29,156610.0,Standard
Outpatient,1100AG,456,1.0,14.0,15.0,0.22,3.07,3.29,117230.0,Standard
Inpatient,3100VM,213,0.0,7.0,7.0,0.0,3.29,3.29,2066400.0,Standard
Outpatient,2300VV,152,0.0,5.0,5.0,0.0,3.29,3.29,48360.0,Standard
Outpatient,2400ZH,152,1.0,4.0,5.0,0.66,2.63,3.29,47640.0,Standard
Outpatient,2513TK,152,0.0,5.0,5.0,0.0,3.29,3.29,31480.0,Standard
Outpatient,34008C,274,1.0,8.0,9.0,0.36,2.92,3.28,80070.0,Standard
Outpatient,52006A,183,0.0,6.0,6.0,0.0,3.28,3.28,43080.0,Standard
Outpatient,3425VN,183,0.0,6.0,6.0,0.0,3.28,3.28,53560.0,Standard
Outpatient,0100DT,214,0.0,7.0,7.0,0.0,3.27,3.27,69790.0,Standard
Inpatient,2302ZH,153,0.0,5.0,5.0,0.0,3.27,3.27,1383930.0,Standard
Inpatient,3301KT,153,0.0,5.0,5.0,0.0,3.27,3.27,1606000.0,Standard
Outpatient,2800KS,368,1.0,11.0,12.0,0.27,2.99,3.26,94860.0,Standard
Outpatient,4500QC,307,0.0,10.0,10.0,0.0,3.26,3.26,62130.0,Standard
Outpatient,3401GV,276,0.0,9.0,9.0,0.0,3.26,3.26,68050.0,Standard
Inpatient,0700QA,184,1.0,5.0,6.0,0.54,2.72,3.26,1699850.0,Standard
Outpatient,4600VB,493,1.0,15.0,16.0,0.2,3.04,3.25,113100.0,Standard
Outpatient,1500XC,461,1.0,14.0,15.0,0.22,3.04,3.25,103040.0,Standard
Inpatient,2100WC,400,0.0,13.0,13.0,0.0,3.25,3.25,4046000.0,Standard
Outpatient,4100AC,338,2.0,9.0,11.0,0.59,2.66,3.25,86160.0,Standard
Outpatient,2900JU,154,0.0,5.0,5.0,0.0,3.25,3.25,36710.0,Standard
Outpatient,4900XD,1420,4.0,42.0,46.0,0.28,2.96,3.24,494500.0,Standard
Outpatient,4300BT,678,1.0,21.0,22.0,0.15,3.1,3.24,149640.0,Standard
Outpatient,0700QA,463,1.0,14.0,15.0,0.22,3.02,3.24,113710.0,Standard
Outpatient,2700NT,401,0.0,13.0,13.0,0.0,3.24,3.24,113030.0,Standard
Outpatient,5201DH,309,1.0,9.0,10.0,0.32,2.91,3.24,68610.0,Standard
Outpatient,2301CS,278,1.0,8.0,9.0,0.36,2.88,3.24,66890.0,Standard
Outpatient,1002SK,216,1.0,6.0,7.0,0.46,2.78,3.24,75070.0,Standard
Outpatient,1900RC,216,0.0,7.0,7.0,0.0,3.24,3.24,71420.0,Standard
Outpatient,2600MM,185,0.0,6.0,6.0,0.0,3.24,3.24,46850.0,Standard
Outpatient,1002PP,372,0.0,12.0,12.0,0.0,3.23,3.23,102260.0,Standard
Outpatient,1401CK,248,1.0,7.0,8.0,0.4,2.82,3.23,62240.0,Standard
Outpatient,1000SC,217,0.0,7.0,7.0,0.0,3.23,3.23,50980.0,Standard
Outpatient,3300JQ,124,0.0,4.0,4.0,0.0,3.23,3.23,32080.0,Standard
Outpatient,5201UB,622,2.0,18.0,20.0,0.32,2.89,3.22,150940.0,Standard
Outpatient,1001MH,530,1.0,16.0,17.0,0.19,3.02,3.21,156350.0,Standard
Outpatient,1400XG,187,1.0,5.0,6.0,0.53,2.67,3.21,45480.0,Standard
Inpatient,3800ZR,156,0.0,5.0,5.0,0.0,3.21,3.21,1488000.0,Standard
Outpatient,0506SR,156,1.0,4.0,5.0,0.64,2.56,3.21,45470.0,Standard
Outpatient,1801SD,219,0.0,7.0,7.0,0.0,3.2,3.2,48960.0,Standard
Outpatient,0700HP,125,0.0,4.0,4.0,0.0,3.2,3.2,32070.0,Standard
Outpatient,1813XV,125,0.0,4.0,4.0,0.0,3.2,3.2,23050.0,Standard
Outpatient,4508RR,125,0.0,4.0,4.0,0.0,3.2,3.2,27440.0,Standard
Outpatient,4500CU,1349,1.0,42.0,43.0,0.07,3.11,3.19,377200.0,Standard
Outpatient,3900XQ,879,3.0,25.0,28.0,0.34,2.84,3.19,227230.0,Standard
Outpatient,3601ST,407,2.0,11.0,13.0,0.49,2.7,3.19,110810.0,Standard
Outpatient,4513UQ,188,0.0,6.0,6.0,0.0,3.19,3.19,50150.0,Standard
Outpatient,3901YJ,472,2.0,13.0,15.0,0.42,2.75,3.18,128510.0,Standard
Outpatient,3600YM,440,1.0,13.0,14.0,0.23,2.95,3.18,189160.0,Standard
Outpatient,0506TS,377,3.0,9.0,12.0,0.8,2.39,3.18,90210.0,Standard
Outpatient,5001YQ,1103,0.0,35.0,35.0,0.0,3.17,3.17,304430.0,Standard
Outpatient,5100YK,410,3.0,10.0,13.0,0.73,2.44,3.17,127160.0,Standard
Outpatient,4900GV,315,1.0,9.0,10.0,0.32,2.86,3.17,99730.0,Standard
Outpatient,0101YC,252,1.0,7.0,8.0,0.4,2.78,3.17,54560.0,Standard
Outpatient,1000XK,126,1.0,3.0,4.0,0.79,2.38,3.17,31570.0,Standard
Outpatient,0720MA,887,0.0,28.0,28.0,0.0,3.16,3.16,231580.0,Standard
Outpatient,2200MM,316,0.0,10.0,10.0,0.0,3.16,3.16,97890.0,Standard
Outpatient,2000ZT,190,0.0,6.0,6.0,0.0,3.16,3.16,49380.0,Standard
Inpatient,3600TU,158,0.0,5.0,5.0,0.0,3.16,3.16,1503700.0,Standard
Outpatient,30XPHC,1490,1.0,46.0,47.0,0.07,3.09,3.15,499940.0,Standard
Inpatient,1401YS,127,1.0,3.0,4.0,0.79,2.36,3.15,1156710.0,Standard
Outpatient,1100UD,223,0.0,7.0,7.0,0.0,3.14,3.14,57980.0,Standard
Outpatient,1001GA,159,0.0,5.0,5.0,0.0,3.14,3.14,51330.0,Standard
Outpatient,0101KK,288,2.0,7.0,9.0,0.69,2.43,3.13,78290.0,Standard
Outpatient,0507AB,160,0.0,5.0,5.0,0.0,3.13,3.13,30290.0,Standard
Outpatient,1000DC,160,0.0,5.0,5.0,0.0,3.13,3.13,34320.0,Standard
Outpatient,5213SD,160,0.0,5.0,5.0,0.0,3.13,3.13,35350.0,Standard
Outpatient,3400YV,128,0.0,4.0,4.0,0.0,3.13,3.13,34160.0,Standard
Outpatient,3701VH,128,0.0,4.0,4.0,0.0,3.13,3.13,37220.0,Standard
Outpatient,5518YJ,515,2.0,14.0,16.0,0.39,2.72,3.11,154970.0,Standard
Outpatient,0100QB,225,0.0,7.0,7.0,0.0,3.11,3.11,62940.0,Standard
Outpatient,1500CD,612,1.0,18.0,19.0,0.16,2.94,3.1,205340.0,Standard
Outpatient,1413BH,226,1.0,6.0,7.0,0.44,2.65,3.1,52020.0,Standard
Outpatient,1113MR,129,1.0,3.0,4.0,0.78,2.33,3.1,22200.0,Standard
Outpatient,3426YK,194,0.0,6.0,6.0,0.0,3.09,3.09,48360.0,Standard
Outpatient,3400RD,162,1.0,4.0,5.0,0.62,2.47,3.09,42200.0,Standard
Outpatient,3225BU,130,0.0,4.0,4.0,0.0,3.08,3.08,48500.0,Standard
Outpatient,0101WQ,130,0.0,4.0,4.0,0.0,3.08,3.08,39480.0,Standard
Outpatient,3100UB,1109,3.0,31.0,34.0,0.27,2.8,3.07,245920.0,Standard
Outpatient,3900HM,261,0.0,8.0,8.0,0.0,3.07,3.07,77390.0,Standard
Inpatient,0501MA,359,0.0,11.0,11.0,0.0,3.06,3.06,3718000.0,Standard
Outpatient,3601PH,196,0.0,6.0,6.0,0.0,3.06,3.06,73470.0,Standard
Outpatient,3400TA,196,0.0,6.0,6.0,0.0,3.06,3.06,43720.0,Standard
Outpatient,2313DM,196,0.0,6.0,6.0,0.0,3.06,3.06,51380.0,Standard
Outpatient,1100NT,262,0.0,8.0,8.0,0.0,3.05,3.05,56630.0,Standard
Outpatient,0400VC,197,1.0,5.0,6.0,0.51,2.54,3.05,54820.0,Standard
Outpatient,3301XC,131,0.0,4.0,4.0,0.0,3.05,3.05,28030.0,Standard
Outpatient,4900YG,131,0.0,4.0,4.0,0.0,3.05,3.05,43750.0,Standard
Outpatient,1501PS,461,0.0,14.0,14.0,0.0,3.04,3.04,188080.0,Standard
Inpatient,0503SD,296,0.0,9.0,9.0,0.0,3.04,3.04,2859200.0,Standard
Outpatient,5213PJ,363,1.0,10.0,11.0,0.28,2.75,3.03,89110.0,Standard
Outpatient,3400HK,363,0.0,11.0,11.0,0.0,3.03,3.03,100470.0,Standard
Inpatient,1700JJ,297,0.0,9.0,9.0,0.0,3.03,3.03,2726600.0,Standard
Outpatient,2500TM,264,1.0,7.0,8.0,0.38,2.65,3.03,60600.0,Standard
Outpatient,5000UB,132,0.0,4.0,4.0,0.0,3.03,3.03,38640.0,Standard
Inpatient,0800NT,132,0.0,4.0,4.0,0.0,3.03,3.03,1228000.0,Standard
Outpatient,2501PG,331,1.0,9.0,10.0,0.3,2.72,3.02,84720.0,Standard
Outpatient,1101CP,166,0.0,5.0,5.0,0.0,3.01,3.01,36830.0,Standard
Outpatient,49008K,166,0.0,5.0,5.0,0.0,3.01,3.01,60820.0,Standard
Outpatient,1100CJ,133,0.0,4.0,4.0,0.0,3.01,3.01,41490.0,Standard
Outpatient,4526XV,133,2.0,2.0,4.0,1.5,1.5,3.01,43150.0,Standard
Inpatient,1000AH,634,1.0,18.0,19.0,0.16,2.84,3.0,6116900.0,Standard
Outpatient,3701ZN,267,1.0,7.0,8.0,0.37,2.62,3.0,82300.0,Standard
Outpatient,2000CB,268,0.0,8.0,8.0,0.0,2.99,2.99,84530.0,Standard
Outpatient,3401ST,201,0.0,6.0,6.0,0.0,2.99,2.99,52970.0,Standard
Outpatient,3700SP,201,0.0,6.0,6.0,0.0,2.99,2.99,56900.0,Standard
Outpatient,1613JQ,167,0.0,5.0,5.0,0.0,2.99,2.99,61560.0,Standard
Outpatient,3600DD,167,0.0,5.0,5.0,0.0,2.99,2.99,56190.0,Standard
Outpatient,3813RV,403,0.0,12.0,12.0,0.0,2.98,2.98,108260.0,Standard
Outpatient,1538TJ,168,2.0,3.0,5.0,1.19,1.79,2.98,72720.0,Standard
Outpatient,3303GU,708,0.0,21.0,21.0,0.0,2.97,2.97,225810.0,Standard
Outpatient,1400GR,606,1.0,17.0,18.0,0.17,2.81,2.97,166910.0,Standard
Outpatient,2200MT,202,1.0,5.0,6.0,0.5,2.48,2.97,42800.0,Standard
Outpatient,3613ZM,202,1.0,5.0,6.0,0.5,2.48,2.97,59390.0,Standard
Outpatient,1401HP,101,1.0,2.0,3.0,0.99,1.98,2.97,32900.0,Standard
Outpatient,52008K,575,0.0,17.0,17.0,0.0,2.96,2.96,145260.0,Standard
Outpatient,3013SA,371,1.0,10.0,11.0,0.27,2.7,2.96,76570.0,Standard
Outpatient,3301QB,135,0.0,4.0,4.0,0.0,2.96,2.96,41440.0,Standard
Inpatient,0503NV,135,0.0,4.0,4.0,0.0,2.96,2.96,1256500.0,Standard
Outpatient,4505KR,135,0.0,4.0,4.0,0.0,2.96,2.96,63890.0,Standard
Outpatient,10028H,135,0.0,4.0,4.0,0.0,2.96,2.96,51130.0,Standard
Outpatient,2300CS,645,0.0,19.0,19.0,0.0,2.95,2.95,191070.0,Standard
Outpatient,6700JP,542,0.0,16.0,16.0,0.0,2.95,2.95,157780.0,Standard
Outpatient,3413YB,272,1.0,7.0,8.0,0.37,2.57,2.94,101250.0,Standard
Outpatient,4200KT,238,1.0,6.0,7.0,0.42,2.52,2.94,57560.0,Standard
Outpatient,3601VQ,204,0.0,6.0,6.0,0.0,2.94,2.94,42620.0,Standard
Outpatient,0613SN,170,0.0,5.0,5.0,0.0,2.94,2.94,59850.0,Standard
Outpatient,4400HG,170,0.0,5.0,5.0,0.0,2.94,2.94,42930.0,Standard
Outpatient,2000HG,136,0.0,4.0,4.0,0.0,2.94,2.94,52240.0,Standard
Outpatient,3401NP,102,0.0,3.0,3.0,0.0,2.94,2.94,31230.0,Standard
Outpatient,2413KS,102,0.0,3.0,3.0,0.0,2.94,2.94,21860.0,Standard
Outpatient,4300HR,102,0.0,3.0,3.0,0.0,2.94,2.94,26590.0,Standard
Outpatient,3301CC,102,0.0,3.0,3.0,0.0,2.94,2.94,28620.0,Standard
Outpatient,3401ZG,307,0.0,9.0,9.0,0.0,2.93,2.93,68720.0,Standard
Outpatient,4501PN,273,1.0,7.0,8.0,0.37,2.56,2.93,71780.0,Standard
Outpatient,44018Q,342,0.0,10.0,10.0,0.0,2.92,2.92,79640.0,Standard
Outpatient,3326XM,274,0.0,8.0,8.0,0.0,2.92,2.92,77440.0,Standard
Outpatient,1102TQ,240,0.0,7.0,7.0,0.0,2.92,2.92,54520.0,Standard
Outpatient,3300ZS,171,1.0,4.0,5.0,0.58,2.34,2.92,53400.0,Standard
Outpatient,0765KD,137,0.0,4.0,4.0,0.0,2.92,2.92,31580.0,Standard
Inpatient,1002ZT,206,0.0,6.0,6.0,0.0,2.91,2.91,1934000.0,Standard
Outpatient,3100HK,172,0.0,5.0,5.0,0.0,2.91,2.91,59480.0,Standard
Outpatient,1701BK,172,0.0,5.0,5.0,0.0,2.91,2.91,61540.0,Standard
Outpatient,1001SG,172,0.0,5.0,5.0,0.0,2.91,2.91,54890.0,Standard
Inpatient,4500YG,103,0.0,3.0,3.0,0.0,2.91,2.91,1132400.0,Standard
Inpatient,4500BM,103,0.0,3.0,3.0,0.0,2.91,2.91,856000.0,Standard
Outpatient,2300BR,241,1.0,6.0,7.0,0.41,2.49,2.9,65980.0,Standard
Outpatient,2000GD,241,0.0,7.0,7.0,0.0,2.9,2.9,62460.0,Standard
Outpatient,42008B,138,0.0,4.0,4.0,0.0,2.9,2.9,43260.0,Standard
Inpatient,1900AJ,138,0.0,4.0,4.0,0.0,2.9,2.9,1328300.0,Standard
Outpatient,1901AC,277,1.0,7.0,8.0,0.36,2.53,2.89,90210.0,Standard
Outpatient,1413AP,173,2.0,3.0,5.0,1.16,1.73,2.89,39780.0,Standard
Outpatient,1500MU,555,0.0,16.0,16.0,0.0,2.88,2.88,166490.0,Standard
Outpatient,3301WK,521,0.0,15.0,15.0,0.0,2.88,2.88,141770.0,Standard
Outpatient,23006G,313,0.0,9.0,9.0,0.0,2.88,2.88,103140.0,Standard
Outpatient,0101AV,278,1.0,7.0,8.0,0.36,2.52,2.88,95210.0,Standard
Outpatient,2300PV,139,0.0,4.0,4.0,0.0,2.88,2.88,42440.0,Standard
Outpatient,0100JB,104,0.0,3.0,3.0,0.0,2.88,2.88,36230.0,Standard
Outpatient,5000BD,104,0.0,3.0,3.0,0.0,2.88,2.88,24740.0,Standard
Outpatient,0300YT,314,1.0,8.0,9.0,0.32,2.55,2.87,75350.0,Standard
Outpatient,0500GJ,279,1.0,7.0,8.0,0.36,2.51,2.87,90240.0,Standard
Outpatient,0585DU,209,0.0,6.0,6.0,0.0,2.87,2.87,46880.0,Standard
Outpatient,1400MA,174,1.0,4.0,5.0,0.57,2.3,2.87,36860.0,Standard
Outpatient,3300SB,245,0.0,7.0,7.0,0.0,2.86,2.86,90260.0,Standard
Outpatient,1400ZR,140,0.0,4.0,4.0,0.0,2.86,2.86,42260.0,Standard
Outpatient,0505TB,105,1.0,2.0,3.0,0.95,1.9,2.86,25610.0,Standard
Outpatient,1002VV,105,0.0,3.0,3.0,0.0,2.86,2.86,29820.0,Standard
Outpatient,2500PU,105,0.0,3.0,3.0,0.0,2.86,2.86,23280.0,Standard
Outpatient,3401KT,281,0.0,8.0,8.0,0.0,2.85,2.85,69160.0,Standard
Outpatient,0301AU,141,1.0,3.0,4.0,0.71,2.13,2.84,38610.0,Standard
Outpatient,3100CP,141,1.0,3.0,4.0,0.71,2.13,2.84,38750.0,Standard
Outpatient,2300VH,247,0.0,7.0,7.0,0.0,2.83,2.83,53140.0,Standard
Outpatient,5313DQ,106,1.0,2.0,3.0,0.94,1.89,2.83,31190.0,Standard
Outpatient,3601ZG,248,0.0,7.0,7.0,0.0,2.82,2.82,67820.0,Standard
Outpatient,4200PA,213,0.0,6.0,6.0,0.0,2.82,2.82,77280.0,Standard
Outpatient,1100TS,177,0.0,5.0,5.0,0.0,2.82,2.82,50720.0,Standard
Outpatient,18016Q,177,1.0,4.0,5.0,0.56,2.26,2.82,46750.0,Standard
Outpatient,5001PC,142,1.0,3.0,4.0,0.7,2.11,2.82,65180.0,Standard
Inpatient,0505YJ,142,1.0,3.0,4.0,0.7,2.11,2.82,1402300.0,Standard
Outpatient,1000YC,961,2.0,25.0,27.0,0.21,2.6,2.81,319170.0,Standard
Outpatient,3413QP,605,1.0,16.0,17.0,0.17,2.64,2.81,227450.0,Standard
Outpatient,5200ZV,428,2.0,10.0,12.0,0.47,2.34,2.8,126170.0,Standard
Outpatient,4505QV,143,0.0,4.0,4.0,0.0,2.8,2.8,35930.0,Standard
Outpatient,2301QA,143,0.0,4.0,4.0,0.0,2.8,2.8,37420.0,Standard
Outpatient,0100YT,107,0.0,3.0,3.0,0.0,2.8,2.8,34200.0,Standard
Outpatient,1513RR,107,0.0,3.0,3.0,0.0,2.8,2.8,32480.0,Standard
Outpatient,3325CR,215,0.0,6.0,6.0,0.0,2.79,2.79,49220.0,Standard
Outpatient,1402GM,504,0.0,14.0,14.0,0.0,2.78,2.78,148610.0,Standard
Inpatient,2501QH,180,0.0,5.0,5.0,0.0,2.78,2.78,1691500.0,Standard
Outpatient,2600GD,108,0.0,3.0,3.0,0.0,2.78,2.78,36090.0,Standard
Outpatient,3800YA,108,0.0,3.0,3.0,0.0,2.78,2.78,22120.0,Standard
Outpatient,1002TC,290,0.0,8.0,8.0,0.0,2.76,2.76,78720.0,Standard
Inpatient,1501ZA,217,1.0,5.0,6.0,0.46,2.3,2.76,2044800.0,Standard
Outpatient,3300DK,546,0.0,15.0,15.0,0.0,2.75,2.75,177020.0,Standard
Outpatient,3813VD,363,1.0,9.0,10.0,0.28,2.48,2.75,79240.0,Standard
Outpatient,0100ZU,182,0.0,5.0,5.0,0.0,2.75,2.75,60590.0,Standard
Outpatient,0825CC,109,0.0,3.0,3.0,0.0,2.75,2.75,23240.0,Standard
Outpatient,1000RB,329,0.0,9.0,9.0,0.0,2.74,2.74,104430.0,Standard
Outpatient,3700CG,219,0.0,6.0,6.0,0.0,2.74,2.74,50050.0,Standard
Outpatient,0413AT,146,1.0,3.0,4.0,0.68,2.05,2.74,33020.0,Standard
Outpatient,2601XC,220,1.0,5.0,6.0,0.45,2.27,2.73,45960.0,Standard
Outpatient,2500WQ,110,0.0,3.0,3.0,0.0,2.73,2.73,30660.0,Standard
Outpatient,2013RT,110,1.0,2.0,3.0,0.91,1.82,2.73,32870.0,Standard
Outpatient,1113BP,110,1.0,2.0,3.0,0.91,1.82,2.73,29460.0,Standard
Outpatient,3900AD,736,2.0,18.0,20.0,0.27,2.45,2.72,231270.0,Standard
Outpatient,3600GU,257,0.0,7.0,7.0,0.0,2.72,2.72,75640.0,Standard
Outpatient,0502UA,184,0.0,5.0,5.0,0.0,2.72,2.72,53850.0,Standard
Outpatient,0600YG,184,0.0,5.0,5.0,0.0,2.72,2.72,40420.0,Standard
Outpatient,1402XJ,295,1.0,7.0,8.0,0.34,2.37,2.71,90520.0,Standard
Outpatient,4413GM,222,1.0,5.0,6.0,0.45,2.25,2.7,67610.0,Standard
Outpatient,1420YU,185,0.0,5.0,5.0,0.0,2.7,2.7,56700.0,Standard
Outpatient,2000MC,148,1.0,3.0,4.0,0.68,2.03,2.7,45040.0,Standard
Outpatient,1525SR,111,0.0,3.0,3.0,0.0,2.7,2.7,40690.0,Standard
Outpatient,4200DG,446,1.0,11.0,12.0,0.22,2.47,2.69,228570.0,Standard
Outpatient,0503VJ,224,0.0,6.0,6.0,0.0,2.68,2.68,75030.0,Standard
Outpatient,1800MR,224,1.0,5.0,6.0,0.45,2.23,2.68,66890.0,Standard
Inpatient,4500PK,149,0.0,4.0,4.0,0.0,2.68,2.68,1367000.0,Standard
Outpatient,4400JA,112,0.0,3.0,3.0,0.0,2.68,2.68,26510.0,Standard
Inpatient,4500DP,337,0.0,9.0,9.0,0.0,2.67,2.67,3315800.0,Standard
Outpatient,0400TA,187,1.0,4.0,5.0,0.53,2.14,2.67,52840.0,Standard
Outpatient,1100VG,151,0.0,4.0,4.0,0.0,2.65,2.65,23480.0,Standard
Outpatient,3602BV,151,0.0,4.0,4.0,0.0,2.65,2.65,44240.0,Standard
Outpatient,0501WU,113,0.0,3.0,3.0,0.0,2.65,2.65,30650.0,Standard
Outpatient,4213VD,113,1.0,2.0,3.0,0.88,1.77,2.65,40940.0,Standard
Outpatient,1101KH,113,1.0,2.0,3.0,0.88,1.77,2.65,29650.0,Standard
Outpatient,5213DU,304,0.0,8.0,8.0,0.0,2.63,2.63,87260.0,Standard
Outpatient,1413ZM,152,0.0,4.0,4.0,0.0,2.63,2.63,45470.0,Standard
Inpatient,1800SA,152,0.0,4.0,4.0,0.0,2.63,2.63,1521400.0,Standard
Outpatient,10026U,114,0.0,3.0,3.0,0.0,2.63,2.63,26350.0,Standard
Outpatient,3302SB,421,1.0,10.0,11.0,0.24,2.38,2.61,119990.0,Standard
Inpatient,3401MN,268,0.0,7.0,7.0,0.0,2.61,2.61,2711300.0,Standard
Inpatient,1300ZH,115,0.0,3.0,3.0,0.0,2.61,2.61,1264000.0,Standard
Outpatient,0526PP,115,0.0,3.0,3.0,0.0,2.61,2.61,38830.0,Standard
Outpatient,0600JC,115,0.0,3.0,3.0,0.0,2.61,2.61,37990.0,Standard
Outpatient,3401MU,154,0.0,4.0,4.0,0.0,2.6,2.6,54920.0,Standard
Outpatient,1002YS,270,1.0,6.0,7.0,0.37,2.22,2.59,67430.0,Standard
Outpatient,5200VB,116,0.0,3.0,3.0,0.0,2.59,2.59,33810.0,Standard
Outpatient,3400MQ,116,0.0,3.0,3.0,0.0,2.59,2.59,29610.0,Standard
Outpatient,0300TD,155,0.0,4.0,4.0,0.0,2.58,2.58,58440.0,Standard
Outpatient,1613ZD,272,0.0,7.0,7.0,0.0,2.57,2.57,88370.0,Standard
Outpatient,3401PQ,195,0.0,5.0,5.0,0.0,2.56,2.56,65970.0,Standard
Outpatient,16856A,195,0.0,5.0,5.0,0.0,2.56,2.56,43360.0,Standard
Inpatient,3300JQ,156,1.0,3.0,4.0,0.64,1.92,2.56,1625700.0,Standard
Outpatient,4401GN,156,1.0,3.0,4.0,0.64,1.92,2.56,37900.0,Standard
Outpatient,1000QA,117,0.0,3.0,3.0,0.0,2.56,2.56,37180.0,Standard
Inpatient,15008B,235,0.0,6.0,6.0,0.0,2.55,2.55,2149000.0,Standard
Inpatient,10026U,196,0.0,5.0,5.0,0.0,2.55,2.55,1767300.0,Standard
Outpatient,32136D,196,1.0,4.0,5.0,0.51,2.04,2.55,41050.0,Standard
Outpatient,19258N,118,0.0,3.0,3.0,0.0,2.54,2.54,39430.0,Standard
Outpatient,2313JB,118,0.0,3.0,3.0,0.0,2.54,2.54,35990.0,Standard
Outpatient,1113JP,118,1.0,2.0,3.0,0.85,1.69,2.54,68810.0,Standard
Outpatient,4501MS,158,0.0,4.0,4.0,0.0,2.53,2.53,35500.0,Standard
Outpatient,1000GN,158,1.0,3.0,4.0,0.63,1.9,2.53,41450.0,Standard
Inpatient,2300KS,159,0.0,4.0,4.0,0.0,2.52,2.52,1439800.0,Standard
Outpatient,05136V,119,0.0,3.0,3.0,0.0,2.52,2.52,28010.0,Standard
Outpatient,1000YM,119,0.0,3.0,3.0,0.0,2.52,2.52,29160.0,Standard
Outpatient,1401RJ,280,0.0,7.0,7.0,0.0,2.5,2.5,83770.0,Standard
Outpatient,3401RS,120,0.0,3.0,3.0,0.0,2.5,2.5,21610.0,Standard
Outpatient,5201TA,120,0.0,3.0,3.0,0.0,2.5,2.5,31540.0,Standard
Outpatient,3400NR,242,0.0,6.0,6.0,0.0,2.48,2.48,62660.0,Standard
Outpatient,1000DT,202,2.0,3.0,5.0,0.99,1.49,2.48,58780.0,Standard
Outpatient,3602CJ,161,0.0,4.0,4.0,0.0,2.48,2.48,41850.0,Standard
Outpatient,3425BV,121,0.0,3.0,3.0,0.0,2.48,2.48,29360.0,Standard
Outpatient,5200YU,528,0.0,13.0,13.0,0.0,2.46,2.46,151110.0,Standard
Outpatient,2301VH,325,0.0,8.0,8.0,0.0,2.46,2.46,88700.0,Standard
Outpatient,2313VH,244,0.0,6.0,6.0,0.0,2.46,2.46,57850.0,Standard
Outpatient,0503CM,244,1.0,5.0,6.0,0.41,2.05,2.46,60100.0,Standard
Outpatient,34018R,122,0.0,3.0,3.0,0.0,2.46,2.46,35180.0,Standard
Inpatient,10S0MP,122,0.0,3.0,3.0,0.0,2.46,2.46,1236000.0,Standard
Outpatient,5000UK,122,0.0,3.0,3.0,0.0,2.46,2.46,33540.0,Standard
Outpatient,5213SN,327,0.0,8.0,8.0,0.0,2.45,2.45,103060.0,Standard
Outpatient,2300NN,246,0.0,6.0,6.0,0.0,2.44,2.44,58700.0,Standard
Outpatient,3600WR,164,0.0,4.0,4.0,0.0,2.44,2.44,74780.0,Standard
Outpatient,5200WS,123,0.0,3.0,3.0,0.0,2.44,2.44,49410.0,Standard
Outpatient,2513CA,289,2.0,5.0,7.0,0.69,1.73,2.42,108390.0,Standard
Outpatient,3913VS,289,1.0,6.0,7.0,0.35,2.08,2.42,120060.0,Standard
Outpatient,0501SQ,124,1.0,2.0,3.0,0.81,1.61,2.42,35690.0,Standard
Outpatient,26138U,125,0.0,3.0,3.0,0.0,2.4,2.4,23200.0,Standard
Outpatient,1200YJ,335,2.0,6.0,8.0,0.6,1.79,2.39,92120.0,Standard
Outpatient,2500QV,251,3.0,3.0,6.0,1.2,1.2,2.39,137070.0,Standard
Outpatient,2400KU,126,1.0,2.0,3.0,0.79,1.59,2.38,40600.0,Standard
Outpatient,15006H,380,0.0,9.0,9.0,0.0,2.37,2.37,107520.0,Standard
Outpatient,2301KC,295,0.0,7.0,7.0,0.0,2.37,2.37,75450.0,Standard
Outpatient,2100WC,253,0.0,6.0,6.0,0.0,2.37,2.37,63110.0,Standard
Outpatient,38008N,213,0.0,5.0,5.0,0.0,2.35,2.35,50740.0,Standard
Outpatient,3301YD,170,1.0,3.0,4.0,0.59,1.76,2.35,43870.0,Standard
Inpatient,3600CS,171,0.0,4.0,4.0,0.0,2.34,2.34,1560800.0,Standard
Inpatient,2200MM,171,0.0,4.0,4.0,0.0,2.34,2.34,1687600.0,Standard
Outpatient,1001HK,171,0.0,4.0,4.0,0.0,2.34,2.34,44950.0,Standard
Outpatient,0100JK,128,0.0,3.0,3.0,0.0,2.34,2.34,24950.0,Standard
Outpatient,0500XG,128,0.0,3.0,3.0,0.0,2.34,2.34,47130.0,Standard
Outpatient,4501DB,128,0.0,3.0,3.0,0.0,2.34,2.34,41510.0,Standard
Outpatient,3325DK,128,0.0,3.0,3.0,0.0,2.34,2.34,41800.0,Standard
Outpatient,1101QN,128,0.0,3.0,3.0,0.0,2.34,2.34,36480.0,Standard
Inpatient,4400MM,301,0.0,7.0,7.0,0.0,2.33,2.33,3036850.0,Standard
Outpatient,1000NG,257,0.0,6.0,6.0,0.0,2.33,2.33,60790.0,Standard
Outpatient,1100AP,215,0.0,5.0,5.0,0.0,2.33,2.33,62400.0,Standard
Outpatient,5200TV,129,0.0,3.0,3.0,0.0,2.33,2.33,29390.0,Standard
Outpatient,34UHKP,129,0.0,3.0,3.0,0.0,2.33,2.33,48210.0,Standard
Outpatient,3401PA,217,0.0,5.0,5.0,0.0,2.3,2.3,57490.0,Standard
Outpatient,3426VH,262,0.0,6.0,6.0,0.0,2.29,2.29,90010.0,Standard
Outpatient,4501NM,218,1.0,4.0,5.0,0.46,1.83,2.29,63000.0,Standard
Inpatient,1001WM,131,0.0,3.0,3.0,0.0,2.29,2.29,1398040.0,Standard
Outpatient,4506YG,131,0.0,3.0,3.0,0.0,2.29,2.29,30890.0,Standard
Outpatient,4400UN,131,2.0,1.0,3.0,1.53,0.76,2.29,42850.0,Standard
Outpatient,4508XB,176,0.0,4.0,4.0,0.0,2.27,2.27,59610.0,Standard
Outpatient,4300WM,132,0.0,3.0,3.0,0.0,2.27,2.27,66250.0,Standard
Outpatient,2600ZT,399,0.0,9.0,9.0,0.0,2.26,2.26,126440.0,Standard
Inpatient,0507AB,177,0.0,4.0,4.0,0.0,2.26,2.26,1725000.0,Standard
Inpatient,5200GH,133,0.0,3.0,3.0,0.0,2.26,2.26,1139700.0,Standard
Inpatient,3901PD,133,0.0,3.0,3.0,0.0,2.26,2.26,1148700.0,Standard
Outpatient,0138DB,357,0.0,8.0,8.0,0.0,2.24,2.24,162220.0,Standard
Outpatient,5013KA,134,0.0,3.0,3.0,0.0,2.24,2.24,34390.0,Standard
Outpatient,42008K,360,0.0,8.0,8.0,0.0,2.22,2.22,119550.0,Standard
Outpatient,3100HS,226,1.0,4.0,5.0,0.44,1.77,2.21,55680.0,Standard
Outpatient,4900GH,136,1.0,2.0,3.0,0.74,1.47,2.21,47760.0,Standard
Outpatient,2813AD,136,0.0,3.0,3.0,0.0,2.21,2.21,56850.0,Standard
Outpatient,1800HM,136,0.0,3.0,3.0,0.0,2.21,2.21,27500.0,Standard
Outpatient,1001VS,136,0.0,3.0,3.0,0.0,2.21,2.21,33780.0,Standard
Outpatient,4900UA,136,1.0,2.0,3.0,0.74,1.47,2.21,41750.0,Standard
Outpatient,3903GM,227,0.0,5.0,5.0,0.0,2.2,2.2,93750.0,Standard
Outpatient,35006N,593,1.0,12.0,13.0,0.17,2.02,2.19,157090.0,Standard
Outpatient,0401JK,228,0.0,5.0,5.0,0.0,2.19,2.19,53730.0,Standard
Outpatient,4505XA,137,0.0,3.0,3.0,0.0,2.19,2.19,52420.0,Standard
Outpatient,5013GC,138,0.0,3.0,3.0,0.0,2.17,2.17,83190.0,Standard
Outpatient,15018M,139,0.0,3.0,3.0,0.0,2.16,2.16,57480.0,Standard
Outpatient,5200JM,140,0.0,3.0,3.0,0.0,2.14,2.14,42510.0,Standard
Inpatient,2600PG,141,0.0,3.0,3.0,0.0,2.13,2.13,1376400.0,Standard
Outpatient,3400AS,189,0.0,4.0,4.0,0.0,2.12,2.12,77250.0,Standard
Outpatient,1102AC,142,1.0,2.0,3.0,0.7,1.41,2.11,49940.0,Standard
Outpatient,4100JN,143,0.0,3.0,3.0,0.0,2.1,2.1,31820.0,Standard
Outpatient,5550PB,143,0.0,3.0,3.0,0.0,2.1,2.1,37590.0,Standard
Outpatient,3303SM,143,0.0,3.0,3.0,0.0,2.1,2.1,41650.0,Standard
Outpatient,1002CR,143,0.0,3.0,3.0,0.0,2.1,2.1,39070.0,Standard
Outpatient,4526DR,191,0.0,4.0,4.0,0.0,2.09,2.09,58040.0,Standard
Outpatient,3800US,144,0.0,3.0,3.0,0.0,2.08,2.08,41150.0,Standard
Outpatient,3900SA,244,1.0,4.0,5.0,0.41,1.64,2.05,86200.0,Standard
Outpatient,5000XG,146,0.0,3.0,3.0,0.0,2.05,2.05,49610.0,Standard
Outpatient,0300KM,196,0.0,4.0,4.0,0.0,2.04,2.04,52940.0,Standard
Outpatient,1101GR,345,0.0,7.0,7.0,0.0,2.03,2.03,96060.0,Standard
Outpatient,0200QN,148,0.0,3.0,3.0,0.0,2.03,2.03,40760.0,Standard
Outpatient,0501AD,199,0.0,4.0,4.0,0.0,2.01,2.01,61140.0,Standard
Outpatient,2501QH,149,0.0,3.0,3.0,0.0,2.01,2.01,40800.0,Standard
Outpatient,4500XN,200,0.0,4.0,4.0,0.0,2.0,2.0,68260.0,Standard
Outpatient,3613WV,150,0.0,3.0,3.0,0.0,2.0,2.0,34320.0,Standard
Outpatient,01386T,150,0.0,3.0,3.0,0.0,2.0,2.0,69840.0,Standard
Outpatient,45066A,100,1.0,1.0,2.0,1.0,1.0,2.0,31660.0,Standard
Inpatient,2200TM,100,1.0,1.0,2.0,1.0,1.0,2.0,1095900.0,Standard
Outpatient,3301KT,151,0.0,3.0,3.0,0.0,1.99,1.99,35840.0,Standard
Inpatient,4200NV,101,0.0,2.0,2.0,0.0,1.98,1.98,1072100.0,Standard
Inpatient,1001ZQ,254,0.0,5.0,5.0,0.0,1.97,1.97,2447700.0,Standard
Outpatient,2700AG,152,0.0,3.0,3.0,0.0,1.97,1.97,45980.0,Standard
Outpatient,3313GQ,153,0.0,3.0,3.0,0.0,1.96,1.96,46110.0,Standard
Outpatient,0300MD,153,0.0,3.0,3.0,0.0,1.96,1.96,51020.0,Standard
Outpatient,0101VP,102,0.0,2.0,2.0,0.0,1.96,1.96,18910.0,Standard
Outpatient,1925XH,102,0.0,2.0,2.0,0.0,1.96,1.96,35280.0,Standard
Inpatient,23006G,772,0.0,15.0,15.0,0.0,1.94,1.94,7280500.0,Standard
Outpatient,1900UH,258,0.0,5.0,5.0,0.0,1.94,1.94,85460.0,Standard
Outpatient,1101XP,206,1.0,3.0,4.0,0.49,1.46,1.94,58890.0,Standard
Outpatient,49386K,155,0.0,3.0,3.0,0.0,1.94,1.94,32230.0,Standard
Outpatient,3300UM,103,0.0,2.0,2.0,0.0,1.94,1.94,19190.0,Standard
Inpatient,3101AB,103,0.0,2.0,2.0,0.0,1.94,1.94,991000.0,Standard
Outpatient,4900YU,103,1.0,1.0,2.0,0.97,0.97,1.94,30490.0,Standard
Outpatient,4201DC,104,0.0,2.0,2.0,0.0,1.92,1.92,36680.0,Standard
Inpatient,3302VG,210,0.0,4.0,4.0,0.0,1.9,1.9,2444600.0,Standard
Outpatient,1000JJ,210,1.0,3.0,4.0,0.48,1.43,1.9,49410.0,Standard
Inpatient,14016U,105,0.0,2.0,2.0,0.0,1.9,1.9,979100.0,Standard
Outpatient,17008Q,318,0.0,6.0,6.0,0.0,1.89,1.89,92390.0,Standard
Outpatient,0400HK,106,0.0,2.0,2.0,0.0,1.89,1.89,22050.0,Standard
Outpatient,05038R,106,0.0,2.0,2.0,0.0,1.89,1.89,39110.0,Standard
Outpatient,0504VD,538,1.0,9.0,10.0,0.19,1.67,1.86,148700.0,Standard
Inpatient,1002DC,325,0.0,6.0,6.0,0.0,1.85,1.85,3255400.0,Standard
Outpatient,0600AB,216,0.0,4.0,4.0,0.0,1.85,1.85,60050.0,Standard
Outpatient,3301HQ,162,1.0,2.0,3.0,0.62,1.23,1.85,51500.0,Standard
Outpatient,1002WH,108,0.0,2.0,2.0,0.0,1.85,1.85,26120.0,Standard
Outpatient,1101HC,108,0.0,2.0,2.0,0.0,1.85,1.85,28900.0,Standard
Outpatient,0500JU,165,0.0,3.0,3.0,0.0,1.82,1.82,50630.0,Standard
Outpatient,05028K,110,0.0,2.0,2.0,0.0,1.82,1.82,45820.0,Standard
Outpatient,2300KS,221,1.0,3.0,4.0,0.45,1.36,1.81,61880.0,Standard
Outpatient,4501YB,111,0.0,2.0,2.0,0.0,1.8,1.8,39190.0,Standard
Outpatient,2000AV,111,0.0,2.0,2.0,0.0,1.8,1.8,43620.0,Standard
Inpatient,4507BT,112,0.0,2.0,2.0,0.0,1.79,1.79,986000.0,Standard
Outpatient,33266H,113,0.0,2.0,2.0,0.0,1.77,1.77,30550.0,Standard
Inpatient,10016R,113,0.0,2.0,2.0,0.0,1.77,1.77,1138000.0,Standard
Outpatient,4526NC,114,1.0,1.0,2.0,0.88,0.88,1.75,30900.0,Standard
Outpatient,0301SJ,172,0.0,3.0,3.0,0.0,1.74,1.74,54750.0,Standard
Outpatient,3301JS,115,0.0,2.0,2.0,0.0,1.74,1.74,29880.0,Standard
Outpatient,1413MC,115,0.0,2.0,2.0,0.0,1.74,1.74,33070.0,Standard
Outpatient,4513AB,115,0.0,2.0,2.0,0.0,1.74,1.74,27530.0,Standard
Outpatient,0506BH,115,0.0,2.0,2.0,0.0,1.74,1.74,31110.0,Standard
Inpatient,14018H,173,0.0,3.0,3.0,0.0,1.73,1.73,1576900.0,Standard
Outpatient,3302ZT,232,0.0,4.0,4.0,0.0,1.72,1.72,58700.0,Standard
Outpatient,2301YM,350,0.0,6.0,6.0,0.0,1.71,1.71,83550.0,Standard
Outpatient,1525RH,117,0.0,2.0,2.0,0.0,1.71,1.71,33880.0,Standard
Outpatient,1001KG,117,0.0,2.0,2.0,0.0,1.71,1.71,27570.0,Standard
Outpatient,1000JR,296,0.0,5.0,5.0,0.0,1.69,1.69,84400.0,Standard
Inpatient,0502VR,177,0.0,3.0,3.0,0.0,1.69,1.69,1618300.0,Standard
Outpatient,4401DC,118,0.0,2.0,2.0,0.0,1.69,1.69,64010.0,Standard
Outpatient,5200RT,120,0.0,2.0,2.0,0.0,1.67,1.67,30830.0,Standard
Inpatient,1900ZP,121,0.0,2.0,2.0,0.0,1.65,1.65,1159200.0,Standard
Outpatient,2100NQ,122,0.0,2.0,2.0,0.0,1.64,1.64,32470.0,Standard
Inpatient,1800WP,184,0.0,3.0,3.0,0.0,1.63,1.63,2026600.0,Standard
Outpatient,3913WT,123,0.0,2.0,2.0,0.0,1.63,1.63,30300.0,Standard
Outpatient,3900JH,123,0.0,2.0,2.0,0.0,1.63,1.63,38340.0,Standard
Outpatient,4502CH,186,0.0,3.0,3.0,0.0,1.61,1.61,41930.0,Standard
Outpatient,1413KB,186,0.0,3.0,3.0,0.0,1.61,1.61,48190.0,Standard
Inpatient,4500NJ,254,0.0,4.0,4.0,0.0,1.57,1.57,2694340.0,Standard
Outpatient,3418NQ,128,1.0,1.0,2.0,0.78,0.78,1.56,53550.0,Standard
Outpatient,3439DK,129,0.0,2.0,2.0,0.0,1.55,1.55,33810.0,Standard
Inpatient,3100XU,130,0.0,2.0,2.0,0.0,1.54,1.54,1283700.0,Standard
Outpatient,48QBWD,133,0.0,2.0,2.0,0.0,1.5,1.5,69020.0,Standard
Outpatient,0507JM,140,0.0,2.0,2.0,0.0,1.43,1.43,38520.0,Standard
Outpatient,0601WU,142,0.0,2.0,2.0,0.0,1.41,1.41,37730.0,Standard
Outpatient,1825PG,291,0.0,4.0,4.0,0.0,1.37,1.37,95150.0,Standard
Outpatient,1102VS,150,0.0,2.0,2.0,0.0,1.33,1.33,39080.0,Standard
Inpatient,1100SK,230,1.0,2.0,3.0,0.43,0.87,1.3,2131700.0,Standard
Inpatient,4401DM,233,0.0,3.0,3.0,0.0,1.29,1.29,2201020.0,Standard
Outpatient,0100PQ,155,0.0,2.0,2.0,0.0,1.29,1.29,43920.0,Standard
Outpatient,1800HT,155,1.0,1.0,2.0,0.65,0.65,1.29,26520.0,Standard
Outpatient,2400AK,157,0.0,2.0,2.0,0.0,1.27,1.27,46700.0,Standard
Outpatient,0518YA,253,0.0,3.0,3.0,0.0,1.19,1.19,83170.0,Standard
Outpatient,3900KJ,253,1.0,2.0,3.0,0.4,0.79,1.19,73270.0,Standard
Outpatient,1701WB,168,0.0,2.0,2.0,0.0,1.19,1.19,51860.0,Standard
Outpatient,1813UC,172,0.0,2.0,2.0,0.0,1.16,1.16,51400.0,Standard
Outpatient,2100WM,183,0.0,2.0,2.0,0.0,1.09,1.09,55850.0,Standard
Inpatient,1001NA,192,0.0,2.0,2.0,0.0,1.04,1.04,1972200.0,Standard
Inpatient,4400WA,101,0.0,1.0,1.0,0.0,0.99,0.99,1121000.0,Standard
Outpatient,3625GP,102,0.0,1.0,1.0,0.0,0.98,0.98,17650.0,Standard
Outpatient,2201VH,102,0.0,1.0,1.0,0.0,0.98,0.98,29700.0,Standard
Outpatient,2300SS,103,0.0,1.0,1.0,0.0,0.97,0.97,27010.0,Standard
Outpatient,20858J,103,0.0,1.0,1.0,0.0,0.97,0.97,33450.0,Standard
Inpatient,0300DD,209,0.0,2.0,2.0,0.0,0.96,0.96,1972200.0,Standard
Inpatient,3100JN,315,1.0,2.0,3.0,0.32,0.63,0.95,3567600.0,Standard
Inpatient,3900GK,105,0.0,1.0,1.0,0.0,0.95,0.95,990500.0,Standard
Outpatient,2200QQ,212,0.0,2.0,2.0,0.0,0.94,0.94,72020.0,Standard
Outpatient,5201BD,106,0.0,1.0,1.0,0.0,0.94,0.94,29080.0,Standard
Outpatient,3813QU,107,0.0,1.0,1.0,0.0,0.93,0.93,26600.0,Standard
Outpatient,3600DN,109,0.0,1.0,1.0,0.0,0.92,0.92,34170.0,Standard
Outpatient,2100SG,109,0.0,1.0,1.0,0.0,0.92,0.92,35050.0,Standard
Outpatient,3100XG,109,1.0,0.0,1.0,0.92,0.0,0.92,29280.0,Standard
Outpatient,0400DQ,110,0.0,1.0,1.0,0.0,0.91,0.91,39520.0,Standard
Outpatient,5300RA,116,0.0,1.0,1.0,0.0,0.86,0.86,31540.0,Standard
Outpatient,31006B,118,0.0,1.0,1.0,0.0,0.85,0.85,42880.0,Standard
Outpatient,2302AK,117,0.0,1.0,1.0,0.0,0.85,0.85,28490.0,Standard
Outpatient,1000NN,117,0.0,1.0,1.0,0.0,0.85,0.85,24960.0,Standard
Outpatient,1313GD,121,0.0,1.0,1.0,0.0,0.83,0.83,28240.0,Standard
Outpatient,4401NN,122,0.0,1.0,1.0,0.0,0.82,0.82,23510.0,Standard
Outpatient,0506PN,124,0.0,1.0,1.0,0.0,0.81,0.81,39510.0,Standard
Inpatient,3302ND,123,0.0,1.0,1.0,0.0,0.81,0.81,1339100.0,Standard
Outpatient,0300HV,265,0.0,2.0,2.0,0.0,0.75,0.75,68660.0,Standard
Outpatient,4528QQ,133,0.0,1.0,1.0,0.0,0.75,0.75,46590.0,Standard
Inpatient,3700AC,136,0.0,1.0,1.0,0.0,0.74,0.74,1318300.0,Standard
Outpatient,2201XK,147,0.0,1.0,1.0,0.0,0.68,0.68,37380.0,Standard
Outpatient,3302GD,152,0.0,1.0,1.0,0.0,0.66,0.66,38670.0,Standard
Outpatient,2600CB,151,0.0,1.0,1.0,0.0,0.66,0.66,41070.0,Standard
Inpatient,4900GV,167,0.0,1.0,1.0,0.0,0.6,0.6,1418300.0,Standard
Inpatient,5201TA,171,0.0,1.0,1.0,0.0,0.58,0.58,1580200.0,Standard
Outpatient,1000TT,155,0.0,0.0,0.0,0.0,0.0,0.0,37200.0,Standard
Inpatient,1002YC,155,0.0,0.0,0.0,0.0,0.0,0.0,1556300.0,Standard
Outpatient,3900XH,121,0.0,0.0,0.0,0.0,0.0,0.0,29890.0,Standard
Outpatient,2600HU,114,0.0,0.0,0.0,0.0,0.0,0.0,33820.0,Standard
Outpatient,3401SD,111,0.0,0.0,0.0,0.0,0.0,0.0,41910.0,Standard
Outpatient,05056M,110,0.0,0.0,0.0,0.0,0.0,0.0,29550.0,Standard
Outpatient,0300JB,105,0.0,0.0,0.0,0.0,0.0,0.0,60210.0,Standard
Outpatient,3300MK,104,0.0,0.0,0.0,0.0,0.0,0.0,25210.0,Standard
Outpatient,1002QH,102,0.0,0.0,0.0,0.0,0.0,0.0,31240.0,Standard
