claim_type,provider_id,claim_count,unique_beneficiaries,total_payment,average_payment_per_claim,median_payment_per_claim,positive_payment_claims,zero_payment_claims,negative_payment_claims
Inpatient,23006G,772,580,7280500.0,9430.7,7000.0,757.0,15.0,0.0
Inpatient,1000AH,634,532,6116900.0,9648.11,7000.0,615.0,18.0,1.0
Inpatient,3600NG,537,324,5645000.0,10512.1,8000.0,516.0,21.0,0.0
Inpatient,2100WC,400,319,4046000.0,10115.0,7000.0,387.0,13.0,0.0
Inpatient,2600ZT,422,321,3919890.0,9288.84,6000.0,408.0,12.0,2.0
Inpatient,1401RR,431,331,3859280.0,8954.25,6000.0,414.0,15.0,2.0
Inpatient,3400XN,396,288,3841000.0,9699.49,7000.0,382.0,13.0,1.0
Inpatient,0501MA,359,310,3718000.0,10356.55,7000.0,348.0,11.0,0.0
Inpatient,3100JN,315,230,3567600.0,11325.71,8000.0,312.0,2.0,1.0
Inpatient,4500DP,337,237,3315800.0,9839.17,7000.0,328.0,9.0,0.0
Inpatient,1002DC,325,241,3255400.0,10016.62,7000.0,319.0,6.0,0.0
Inpatient,4400MM,301,197,3036850.0,10089.2,7000.0,294.0,7.0,0.0
Inpatient,0400AC,299,193,2999000.0,10030.1,7000.0,288.0,11.0,0.0
Inpatient,1100TC,303,181,2943000.0,9712.87,7000.0,291.0,12.0,0.0
Inpatient,0503SD,296,264,2859200.0,9659.46,7000.0,287.0,9.0,0.0
Inpatient,3301QB,287,242,2823200.0,9836.93,7000.0,275.0,12.0,0.0
Inpatient,1700JJ,297,204,2726600.0,9180.47,7000.0,288.0,9.0,0.0
Inpatient,3401MN,268,212,2711300.0,10116.79,7000.0,261.0,7.0,0.0
Inpatient,4500NJ,254,218,2694340.0,10607.64,7000.0,250.0,4.0,0.0
Inpatient,2201YM,284,255,2675400.0,9420.42,6000.0,270.0,14.0,0.0
Inpatient,3100VC,261,185,2516000.0,9639.85,7000.0,247.0,14.0,0.0
Inpatient,1000AV,233,177,2489000.0,10682.4,7000.0,225.0,8.0,0.0
Inpatient,1001ZQ,254,191,2447700.0,9636.61,7000.0,249.0,5.0,0.0
Inpatient,3302VG,210,141,2444600.0,11640.95,8000.0,206.0,4.0,0.0
Inpatient,1500QB,240,196,2347100.0,9779.58,7000.0,231.0,9.0,0.0
Inpatient,0505KQ,249,181,2212600.0,8885.94,7000.0,237.0,11.0,1.0
Inpatient,4401DM,233,156,2201020.0,9446.44,7000.0,230.0,3.0,0.0
Inpatient,4900NA,225,168,2194800.0,9754.67,7000.0,214.0,11.0,0.0
Inpatient,1400RU,219,132,2190900.0,10004.11,7000.0,211.0,8.0,0.0
Inpatient,15008B,235,138,2149000.0,9144.68,7000.0,229.0,6.0,0.0
Inpatient,1100SK,230,163,2131700.0,9268.26,7000.0,227.0,2.0,1.0
Inpatient,0700JR,233,181,2093700.0,8985.84,6000.0,223.0,10.0,0.0
Inpatient,3100VM,213,153,2066400.0,9701.41,6000.0,206.0,7.0,0.0
Inpatient,1501ZA,217,185,2044800.0,9423.04,7000.0,211.0,5.0,1.0
Inpatient,1800WP,184,132,2026600.0,11014.13,8000.0,181.0,3.0,0.0
Inpatient,2000HG,231,170,2012800.0,8713.42,6000.0,223.0,8.0,0.0
Inpatient,3902XB,213,157,1978800.0,9290.14,7000.0,205.0,8.0,0.0
Inpatient,1001NA,192,138,1972200.0,10271.88,8000.0,190.0,2.0,0.0
Inpatient,0300DD,209,182,1972200.0,9436.36,7000.0,207.0,2.0,0.0
Inpatient,1002ZT,206,169,1934000.0,9388.35,7000.0,200.0,6.0,0.0
Inpatient,3400SP,222,149,1927800.0,8683.78,6000.0,214.0,8.0,0.0
Inpatient,2100NQ,206,154,1874000.0,9097.09,6000.0,195.0,10.0,1.0
Inpatient,3302BQ,215,198,1851800.0,8613.02,7000.0,207.0,8.0,0.0
Inpatient,2100ZH,206,147,1842900.0,8946.12,6000.0,196.0,10.0,0.0
Inpatient,3400ZQ,199,169,1841570.0,9254.12,7000.0,192.0,7.0,0.0
Inpatient,05018N,217,171,1815500.0,8366.36,6000.0,205.0,12.0,0.0
Inpatient,10026U,196,140,1767300.0,9016.84,7000.0,191.0,5.0,0.0
Inpatient,0507AB,177,143,1725000.0,9745.76,7000.0,173.0,4.0,0.0
Inpatient,0300CC,172,119,1710200.0,9943.02,7000.0,163.0,9.0,0.0
Inpatient,0700QA,184,144,1699850.0,9238.32,6000.0,178.0,5.0,1.0
Inpatient,2501QH,180,125,1691500.0,9397.22,6000.0,175.0,5.0,0.0
Inpatient,2200MM,171,151,1687600.0,9869.01,7000.0,167.0,4.0,0.0
Inpatient,1600GH,179,108,1678750.0,9378.49,7000.0,173.0,6.0,0.0
Inpatient,36008A,180,144,1652800.0,9182.22,7000.0,174.0,6.0,0.0
Inpatient,1800TK,167,127,1634000.0,9784.43,7000.0,161.0,6.0,0.0
Inpatient,3300JQ,156,131,1625700.0,10421.15,7000.0,152.0,3.0,1.0
Inpatient,4502NS,145,116,1620600.0,11176.55,8000.0,140.0,4.0,1.0
Inpatient,0502VR,177,163,1618300.0,9142.94,7000.0,174.0,3.0,0.0
Inpatient,3301KT,153,136,1606000.0,10496.73,7000.0,148.0,5.0,0.0
Inpatient,4506UA,150,129,1581400.0,10542.67,7000.0,144.0,6.0,0.0
Inpatient,5201TA,171,111,1580200.0,9240.94,7000.0,170.0,1.0,0.0
Inpatient,14018H,173,146,1576900.0,9115.03,7000.0,170.0,3.0,0.0
Inpatient,0600GH,158,101,1575600.0,9972.15,7000.0,150.0,8.0,0.0
Inpatient,3301BB,171,139,1564280.0,9147.84,7000.0,160.0,11.0,0.0
Inpatient,3600CS,171,125,1560800.0,9127.49,7000.0,167.0,4.0,0.0
Inpatient,1002YC,155,128,1556300.0,10040.65,7000.0,155.0,0.0,0.0
Inpatient,0300GU,136,122,1554100.0,11427.21,7000.0,130.0,6.0,0.0
Inpatient,1800SA,152,119,1521400.0,10009.21,6500.0,148.0,4.0,0.0
Inpatient,3600TU,158,101,1503700.0,9517.09,7000.0,153.0,5.0,0.0
Inpatient,2600QH,162,105,1489200.0,9192.59,7000.0,155.0,6.0,1.0
Inpatient,3800ZR,156,131,1488000.0,9538.46,7000.0,151.0,5.0,0.0
Inpatient,3901KR,151,113,1465000.0,9701.99,8000.0,141.0,10.0,0.0
Inpatient,0500VS,160,111,1459010.0,9118.81,7000.0,150.0,10.0,0.0
Inpatient,2200GD,168,120,1459000.0,8684.52,6000.0,162.0,6.0,0.0
Inpatient,5130XG,136,71,1451000.0,10669.12,7000.0,127.0,9.0,0.0
Inpatient,2300KS,159,106,1439800.0,9055.35,7000.0,155.0,4.0,0.0
Inpatient,4900CN,137,110,1438900.0,10502.92,7000.0,131.0,5.0,1.0
Inpatient,06018D,153,111,1425760.0,9318.69,6000.0,146.0,7.0,0.0
Inpatient,1402CR,161,124,1420000.0,8819.88,7000.0,155.0,6.0,0.0
Inpatient,4900GV,167,139,1418300.0,8492.81,6000.0,166.0,1.0,0.0
Inpatient,3900NM,151,112,1406180.0,9312.45,7000.0,143.0,8.0,0.0
Inpatient,0505YJ,142,131,1402300.0,9875.35,8000.0,138.0,3.0,1.0
Inpatient,1001WM,131,105,1398040.0,10672.06,6000.0,128.0,3.0,0.0
Inpatient,0502KN,144,133,1386190.0,9626.32,7000.0,136.0,7.0,1.0
Inpatient,1800AD,151,118,1386000.0,9178.81,7000.0,145.0,6.0,0.0
Inpatient,2302ZH,153,121,1383930.0,9045.29,6000.0,148.0,5.0,0.0
Inpatient,1900PA,178,149,1377100.0,7736.52,6000.0,170.0,8.0,0.0
Inpatient,2600PG,141,122,1376400.0,9761.7,7000.0,138.0,3.0,0.0
Inpatient,3100PS,148,100,1375000.0,9290.54,6000.0,137.0,11.0,0.0
Inpatient,4500PK,149,119,1367000.0,9174.5,6000.0,145.0,4.0,0.0
Inpatient,3302ND,123,119,1339100.0,10886.99,8000.0,122.0,1.0,0.0
Inpatient,1900AJ,138,86,1328300.0,9625.36,6000.0,134.0,4.0,0.0
Inpatient,3700AC,136,104,1318300.0,9693.38,7000.0,135.0,1.0,0.0
Inpatient,1000VV,132,124,1285800.0,9740.91,6000.0,127.0,5.0,0.0
Inpatient,3100XU,130,109,1283700.0,9874.62,7000.0,128.0,2.0,0.0
Inpatient,3600TD,116,81,1273970.0,10982.5,8000.0,110.0,4.0,2.0
Inpatient,1300ZH,115,73,1264000.0,10991.3,6000.0,112.0,3.0,0.0
Inpatient,3700JD,154,110,1257000.0,8162.34,7000.0,144.0,10.0,0.0
Inpatient,0503NV,135,94,1256500.0,9307.41,6000.0,131.0,4.0,0.0
Inpatient,10016B,138,100,1254400.0,9089.86,6000.0,131.0,7.0,0.0
Inpatient,1000AQ,135,134,1236000.0,9155.56,6000.0,129.0,6.0,0.0
Inpatient,10S0MP,122,103,1236000.0,10131.15,7000.0,119.0,3.0,0.0
Inpatient,0501RV,136,114,1235500.0,9084.56,6000.0,129.0,6.0,1.0
Inpatient,0800NT,132,95,1228000.0,9303.03,7000.0,128.0,4.0,0.0
Inpatient,5001PC,126,94,1226000.0,9730.16,7000.0,117.0,9.0,0.0
Inpatient,5000PS,129,108,1218690.0,9447.21,7000.0,124.0,5.0,0.0
Inpatient,2100BM,124,105,1215700.0,9804.03,7000.0,119.0,5.0,0.0
Inpatient,0504YJ,123,95,1202200.0,9773.98,7000.0,118.0,5.0,0.0
Inpatient,3800BU,116,90,1192400.0,10279.31,7000.0,112.0,4.0,0.0
Inpatient,4400XJ,121,101,1172320.0,9688.6,7000.0,117.0,4.0,0.0
Inpatient,1900ZP,121,76,1159200.0,9580.17,7000.0,119.0,2.0,0.0
Inpatient,1401YS,127,92,1156710.0,9107.95,7000.0,123.0,3.0,1.0
Inpatient,3901PD,133,119,1148700.0,8636.84,7000.0,130.0,3.0,0.0
Inpatient,4900CD,113,83,1144000.0,10123.89,8000.0,108.0,5.0,0.0
Inpatient,5200GH,133,106,1139700.0,8569.17,6000.0,130.0,3.0,0.0
Inpatient,10016R,113,81,1138000.0,10070.8,8000.0,111.0,2.0,0.0
Inpatient,4500YG,103,69,1132400.0,10994.17,7000.0,100.0,3.0,0.0
Inpatient,4400WA,101,74,1121000.0,11099.01,7000.0,100.0,1.0,0.0
Inpatient,0900UA,109,81,1100000.0,10091.74,7000.0,105.0,4.0,0.0
Inpatient,1000UU,119,82,1100000.0,9243.7,7000.0,113.0,6.0,0.0
Inpatient,2200TM,100,92,1095900.0,10959.0,7000.0,98.0,1.0,1.0
Inpatient,2301UP,110,103,1095000.0,9954.55,7000.0,102.0,8.0,0.0
Inpatient,4500WC,132,121,1093000.0,8280.3,6000.0,126.0,6.0,0.0
Inpatient,3601WR,127,95,1090800.0,8588.98,7000.0,116.0,11.0,0.0
Inpatient,0101MC,118,70,1084000.0,9186.44,7000.0,112.0,6.0,0.0
Inpatient,4200NV,101,79,1072100.0,10614.85,8000.0,99.0,2.0,0.0
Inpatient,4200ZV,104,87,1072000.0,10307.69,7000.0,100.0,4.0,0.0
Inpatient,33026U,118,96,1061000.0,8991.53,6500.0,111.0,7.0,0.0
Inpatient,3303YT,97,85,1048500.0,10809.28,8000.0,93.0,4.0,0.0
Inpatient,0300QR,116,101,1039000.0,8956.9,7000.0,112.0,4.0,0.0
Inpatient,3200ZG,115,76,1032100.0,8974.78,6000.0,109.0,5.0,1.0
Inpatient,5000KV,107,92,1032100.0,9645.79,7000.0,103.0,4.0,0.0
Inpatient,2600GD,110,87,1012000.0,9200.0,7000.0,106.0,4.0,0.0
Inpatient,4200QS,88,77,1001000.0,11375.0,7000.0,84.0,4.0,0.0
Inpatient,0504VD,92,84,996600.0,10832.61,8000.0,91.0,1.0,0.0
Inpatient,3101AB,103,72,991000.0,9621.36,7000.0,101.0,2.0,0.0
Inpatient,3900GK,105,76,990500.0,9433.33,6000.0,104.0,1.0,0.0
Inpatient,4507BT,112,91,986000.0,8803.57,7000.0,110.0,2.0,0.0
Inpatient,14016U,105,85,979100.0,9324.76,7000.0,103.0,2.0,0.0
Inpatient,2200MT,86,66,978800.0,11381.4,9000.0,85.0,1.0,0.0
Inpatient,0600PR,79,58,955000.0,12088.61,7000.0,77.0,2.0,0.0
Inpatient,39T2HB,88,72,949000.0,10784.09,7000.0,88.0,0.0,0.0
Inpatient,3400RD,101,81,948600.0,9392.08,6000.0,96.0,4.0,1.0
Inpatient,2200JA,110,63,943000.0,8572.73,6000.0,100.0,10.0,0.0
Inpatient,01S1YV,99,78,942000.0,9515.15,7000.0,96.0,3.0,0.0
Inpatient,2100RT,96,66,933000.0,9718.75,7000.0,91.0,5.0,0.0
Inpatient,1100KJ,95,68,926500.0,9752.63,6000.0,93.0,2.0,0.0
Inpatient,4300HR,96,69,923000.0,9614.58,7000.0,93.0,3.0,0.0
Inpatient,3400BT,99,90,917000.0,9262.63,6000.0,98.0,1.0,0.0
Inpatient,3902DM,82,58,908400.0,11078.05,8000.0,78.0,4.0,0.0
Inpatient,2601MU,96,79,891000.0,9281.25,6500.0,92.0,4.0,0.0
Inpatient,4900GQ,92,69,888800.0,9660.87,7000.0,89.0,3.0,0.0
Inpatient,33038A,73,49,885600.0,12131.51,7000.0,72.0,1.0,0.0
Inpatient,4503JQ,91,49,875000.0,9615.38,8000.0,88.0,3.0,0.0
Inpatient,0501BG,98,69,859000.0,8765.31,6000.0,95.0,3.0,0.0
Inpatient,4500BM,103,80,856000.0,8310.68,6000.0,100.0,3.0,0.0
Inpatient,4200SD,95,73,855800.0,9008.42,7000.0,92.0,3.0,0.0
Inpatient,33008G,86,59,851000.0,9895.35,7000.0,86.0,0.0,0.0
Inpatient,1002QQ,81,77,850080.0,10494.81,7000.0,81.0,0.0,0.0
Inpatient,31006K,73,58,848600.0,11624.66,10000.0,70.0,3.0,0.0
Inpatient,3302UU,77,70,847000.0,11000.0,8000.0,75.0,2.0,0.0
Inpatient,41006B,93,68,841000.0,9043.01,8000.0,86.0,7.0,0.0
Inpatient,1100CJ,76,72,832600.0,10955.26,7500.0,75.0,1.0,0.0
Inpatient,0100KT,97,72,820000.0,8453.61,6000.0,94.0,3.0,0.0
Inpatient,1500KD,57,52,816000.0,14315.79,9000.0,57.0,0.0,0.0
Inpatient,3602GC,81,67,811300.0,10016.05,6000.0,79.0,2.0,0.0
Inpatient,0600RM,76,63,809000.0,10644.74,7000.0,75.0,1.0,0.0
Inpatient,3302WQ,92,64,808000.0,8782.61,6000.0,88.0,4.0,0.0
Inpatient,2300AH,83,45,803400.0,9679.52,7000.0,80.0,2.0,1.0
Inpatient,2900UB,77,57,801100.0,10403.9,8000.0,73.0,4.0,0.0
Inpatient,3600VH,76,44,794400.0,10452.63,8000.0,73.0,3.0,0.0
Inpatient,5200WS,72,45,790000.0,10972.22,8000.0,71.0,1.0,0.0
Inpatient,1500QK,80,56,789000.0,9862.5,6000.0,79.0,1.0,0.0
Inpatient,4900ZV,84,56,788400.0,9385.71,7000.0,81.0,2.0,1.0
Inpatient,3301QJ,90,72,779800.0,8664.44,6000.0,87.0,3.0,0.0
Inpatient,0504BP,74,69,778000.0,10513.51,8000.0,73.0,1.0,0.0
Inpatient,1102VS,85,79,776900.0,9140.0,6000.0,78.0,7.0,0.0
Inpatient,0506GC,87,84,775300.0,8911.49,6000.0,85.0,2.0,0.0
Inpatient,3900MB,82,65,771700.0,9410.98,7000.0,81.0,1.0,0.0
Inpatient,0300QJ,77,57,764600.0,9929.87,7000.0,76.0,1.0,0.0
Inpatient,4401TT,76,57,764200.0,10055.26,8000.0,76.0,0.0,0.0
Inpatient,3300VG,89,69,763000.0,8573.03,6000.0,85.0,4.0,0.0
Inpatient,3304NA,89,71,760500.0,8544.94,7000.0,86.0,3.0,0.0
Inpatient,3400DH,80,54,754900.0,9436.25,7000.0,77.0,3.0,0.0
Inpatient,3301WK,76,50,751000.0,9881.58,8000.0,71.0,5.0,0.0
Inpatient,45086P,72,46,741100.0,10293.06,8000.0,71.0,1.0,0.0
Inpatient,1000ZT,74,73,740700.0,10009.46,8000.0,72.0,2.0,0.0
Inpatient,3100ZR,81,71,729000.0,9000.0,7000.0,77.0,4.0,0.0
Inpatient,01006V,80,57,727000.0,9087.5,6000.0,78.0,2.0,0.0
Inpatient,2801QQ,62,52,727000.0,11725.81,9000.0,58.0,3.0,1.0
Inpatient,3100GR,56,50,727000.0,12982.14,9500.0,56.0,0.0,0.0
Inpatient,2801NN,64,47,726000.0,11343.75,8000.0,63.0,1.0,0.0
Inpatient,2500XJ,76,62,721200.0,9489.47,7000.0,75.0,1.0,0.0
Inpatient,2201RB,63,59,719000.0,11412.7,8000.0,61.0,2.0,0.0
Inpatient,45026C,82,47,718600.0,8763.41,6500.0,79.0,3.0,0.0
Inpatient,2302XD,81,72,713500.0,8808.64,8000.0,80.0,1.0,0.0
Inpatient,4508MT,71,64,711000.0,10014.08,7000.0,68.0,3.0,0.0
Inpatient,2600BQ,76,48,709900.0,9340.79,6000.0,75.0,1.0,0.0
Inpatient,39018P,62,44,709200.0,11438.71,8000.0,58.0,4.0,0.0
Inpatient,2400KN,65,49,708000.0,10892.31,8000.0,65.0,0.0,0.0
Inpatient,5200GV,70,54,701000.0,10014.29,8000.0,70.0,0.0,0.0
Inpatient,3901ZS,76,66,699000.0,9197.37,6000.0,75.0,1.0,0.0
Inpatient,1900JS,62,51,697000.0,11241.94,6500.0,62.0,0.0,0.0
Inpatient,14026N,86,58,696400.0,8097.67,6000.0,80.0,6.0,0.0
Inpatient,45T8NA,78,50,692000.0,8871.79,6000.0,76.0,2.0,0.0
Inpatient,2400QS,72,67,689000.0,9569.44,6000.0,69.0,3.0,0.0
Inpatient,3900UC,76,53,689000.0,9065.79,7000.0,74.0,2.0,0.0
Inpatient,5200YU,80,76,685000.0,8562.5,6000.0,79.0,1.0,0.0
Inpatient,67006C,58,48,683000.0,11775.86,7000.0,55.0,3.0,0.0
Inpatient,2200JJ,70,65,682000.0,9742.86,7000.0,66.0,4.0,0.0
Inpatient,3302MC,77,51,681000.0,8844.16,6000.0,75.0,2.0,0.0
Inpatient,4300HB,66,37,680400.0,10309.09,7000.0,66.0,0.0,0.0
Inpatient,1600MG,71,49,678000.0,9549.3,7000.0,69.0,2.0,0.0
Inpatient,4200VR,83,60,676900.0,8155.42,6000.0,78.0,4.0,1.0
Inpatient,3600VA,50,42,668000.0,13360.0,8000.0,50.0,0.0,0.0
Inpatient,1402QV,77,73,665700.0,8645.45,6000.0,74.0,2.0,1.0
Inpatient,3302QQ,74,65,665100.0,8987.84,6500.0,74.0,0.0,0.0
Inpatient,3700ZA,80,58,660000.0,8250.0,7000.0,77.0,3.0,0.0
Inpatient,1500NH,66,52,659000.0,9984.85,6000.0,64.0,2.0,0.0
Inpatient,1600TP,49,36,659000.0,13448.98,10000.0,49.0,0.0,0.0
Inpatient,2200PP,61,50,658000.0,10786.89,8000.0,60.0,1.0,0.0
Inpatient,2200QQ,63,57,657000.0,10428.57,7000.0,63.0,0.0,0.0
Inpatient,10S0NQ,52,44,657000.0,12634.62,9500.0,52.0,0.0,0.0
Inpatient,1501UR,76,67,656400.0,8636.84,5500.0,71.0,5.0,0.0
Inpatient,3930MD,71,49,655200.0,9228.17,7000.0,70.0,1.0,0.0
Inpatient,1400DQ,70,60,652830.0,9326.14,7000.0,67.0,2.0,1.0
Inpatient,0506TS,55,49,650000.0,11818.18,7000.0,54.0,1.0,0.0
Inpatient,3300KR,76,72,649000.0,8539.47,7000.0,73.0,3.0,0.0
Inpatient,5000GJ,63,54,649000.0,10301.59,7000.0,60.0,3.0,0.0
Inpatient,3130BK,66,48,647000.0,9803.03,6500.0,65.0,1.0,0.0
Inpatient,2100CN,68,50,646000.0,9500.0,6000.0,66.0,2.0,0.0
Inpatient,44S1DD,73,57,643000.0,8808.22,6000.0,70.0,3.0,0.0
Inpatient,3301MU,63,42,638000.0,10126.98,6000.0,63.0,0.0,0.0
Inpatient,2301XS,83,68,637000.0,7674.7,6000.0,81.0,2.0,0.0
Inpatient,1002AV,60,55,629800.0,10496.67,7500.0,60.0,0.0,0.0
Inpatient,2200YC,67,62,629000.0,9388.06,7000.0,65.0,2.0,0.0
Inpatient,0501GK,64,50,620400.0,9693.75,7500.0,64.0,0.0,0.0
Inpatient,1101AT,57,49,620100.0,10878.95,8000.0,56.0,1.0,0.0
Inpatient,3900HM,74,68,620000.0,8378.38,6000.0,70.0,4.0,0.0
Inpatient,10S0SU,85,64,619000.0,7282.35,6000.0,83.0,2.0,0.0
Inpatient,1000NG,64,56,618500.0,9664.06,6000.0,61.0,2.0,1.0
Inpatient,10S0QS,66,56,613800.0,9300.0,6500.0,65.0,1.0,0.0
Inpatient,2601ST,54,39,610000.0,11296.3,7500.0,52.0,2.0,0.0
Inpatient,4507VS,73,66,610000.0,8356.16,7000.0,72.0,1.0,0.0
Inpatient,0506MK,64,63,607000.0,9484.38,5500.0,63.0,1.0,0.0
Inpatient,1601NC,67,55,605100.0,9031.34,7000.0,65.0,2.0,0.0
Inpatient,1002QH,63,55,599000.0,9507.94,6000.0,62.0,1.0,0.0
Inpatient,2100YG,83,63,595900.0,7179.52,6000.0,76.0,6.0,1.0
Inpatient,1000YM,55,49,592000.0,10763.64,7000.0,53.0,2.0,0.0
Inpatient,3800XV,44,32,591000.0,13431.82,8500.0,44.0,0.0,0.0
Inpatient,1002SK,57,46,589000.0,10333.33,7000.0,56.0,1.0,0.0
Inpatient,4500AS,69,64,587000.0,8507.25,6000.0,67.0,2.0,0.0
Inpatient,2100YP,69,45,585900.0,8491.3,7000.0,67.0,2.0,0.0
Inpatient,1500XT,81,51,585000.0,7222.22,6000.0,80.0,1.0,0.0
Inpatient,2402QR,72,56,582000.0,8083.33,6000.0,69.0,3.0,0.0
Inpatient,0503HQ,63,43,582000.0,9238.1,6000.0,59.0,4.0,0.0
Inpatient,2800KS,55,47,581000.0,10563.64,8000.0,54.0,1.0,0.0
Inpatient,0301BV,48,46,576900.0,12018.75,7000.0,46.0,1.0,1.0
Inpatient,1002CR,56,55,576000.0,10285.71,6500.0,55.0,1.0,0.0
Inpatient,4505QV,61,36,575000.0,9426.23,6000.0,58.0,3.0,0.0
Inpatient,0400DH,52,42,573000.0,11019.23,7500.0,52.0,0.0,0.0
Inpatient,1002AH,65,52,570000.0,8769.23,6000.0,63.0,2.0,0.0
Inpatient,1500ZV,57,40,570000.0,10000.0,7000.0,55.0,2.0,0.0
Inpatient,3800HC,58,50,569000.0,9810.34,7500.0,57.0,1.0,0.0
Inpatient,0504ZK,53,52,569000.0,10735.85,8000.0,50.0,3.0,0.0
Inpatient,4401VH,74,45,567000.0,7662.16,6000.0,70.0,4.0,0.0
Inpatient,3400KP,55,38,566000.0,10290.91,8000.0,55.0,0.0,0.0
Inpatient,5201CG,63,50,563000.0,8936.51,6000.0,60.0,3.0,0.0
Inpatient,4901NS,54,45,563000.0,10425.93,8000.0,50.0,4.0,0.0
Inpatient,1000GU,62,61,559000.0,9016.13,7000.0,60.0,2.0,0.0
Inpatient,5201NR,62,56,554000.0,8935.48,7000.0,59.0,3.0,0.0
Inpatient,2500PG,61,35,551600.0,9042.62,6000.0,60.0,1.0,0.0
Inpatient,11S1PS,65,54,549300.0,8450.77,5000.0,63.0,2.0,0.0
Inpatient,1701AJ,70,54,548800.0,7840.0,6000.0,68.0,2.0,0.0
Inpatient,4200CT,61,53,547000.0,8967.21,6000.0,59.0,2.0,0.0
Inpatient,3800YA,48,44,544100.0,11335.42,7500.0,47.0,1.0,0.0
Inpatient,5200AB,55,48,543000.0,9872.73,7000.0,54.0,1.0,0.0
Inpatient,4901RP,60,46,541400.0,9023.33,7000.0,58.0,2.0,0.0
Inpatient,3000QM,55,40,539000.0,9800.0,6000.0,53.0,2.0,0.0
Inpatient,27006D,60,41,538400.0,8973.33,6000.0,59.0,1.0,0.0
Inpatient,2230XR,47,41,537000.0,11425.53,9000.0,45.0,2.0,0.0
Inpatient,45006J,56,39,533000.0,9517.86,6000.0,56.0,0.0,0.0
Inpatient,3601VQ,46,42,533000.0,11586.96,9000.0,45.0,1.0,0.0
Inpatient,3302DC,60,55,530000.0,8833.33,6500.0,59.0,1.0,0.0
Inpatient,2930BU,47,42,526000.0,11191.49,7000.0,46.0,1.0,0.0
Inpatient,1100UT,48,39,525000.0,10937.5,7000.0,46.0,2.0,0.0
Inpatient,5000KP,45,33,522300.0,11606.67,5000.0,41.0,4.0,0.0
Inpatient,2900JU,61,52,520400.0,8531.15,7000.0,59.0,2.0,0.0
Inpatient,1100WV,55,50,519600.0,9447.27,7000.0,51.0,4.0,0.0
Inpatient,1730JK,62,53,519000.0,8370.97,6500.0,60.0,2.0,0.0
Inpatient,5000VM,50,40,519000.0,10380.0,6500.0,49.0,1.0,0.0
Inpatient,3100MA,46,45,517000.0,11239.13,6000.0,46.0,0.0,0.0
Inpatient,2400VB,56,38,515000.0,9196.43,7000.0,54.0,2.0,0.0
Inpatient,52006Q,53,43,513000.0,9679.25,8000.0,52.0,1.0,0.0
Inpatient,1900KT,51,37,512000.0,10039.22,8000.0,47.0,4.0,0.0
Inpatient,2500QH,56,39,511000.0,9125.0,6000.0,55.0,1.0,0.0
Inpatient,2900RG,49,31,509000.0,10387.76,8000.0,46.0,3.0,0.0
Inpatient,0600CD,50,37,504000.0,10080.0,7500.0,47.0,3.0,0.0
Inpatient,2201XK,47,45,504000.0,10723.4,7000.0,43.0,4.0,0.0
Inpatient,5001VM,57,55,503500.0,8833.33,6000.0,56.0,1.0,0.0
Inpatient,1000DC,53,53,503000.0,9490.57,6000.0,50.0,3.0,0.0
Inpatient,0700SS,62,38,502000.0,8096.77,6500.0,60.0,2.0,0.0
Inpatient,19008R,48,27,501000.0,10437.5,9000.0,45.0,3.0,0.0
Inpatient,1030RD,50,41,501000.0,10020.0,6500.0,49.0,1.0,0.0
Inpatient,1401RJ,55,49,501000.0,9109.09,6000.0,53.0,2.0,0.0
Inpatient,1901AC,59,43,501000.0,8491.53,6000.0,54.0,5.0,0.0
Inpatient,44006N,54,33,500000.0,9259.26,7000.0,49.0,5.0,0.0
Inpatient,1002JJ,50,44,499700.0,9994.0,7000.0,49.0,1.0,0.0
Inpatient,15016R,50,33,494100.0,9882.0,7000.0,49.0,1.0,0.0
Inpatient,1830CD,55,38,493500.0,8972.73,7000.0,55.0,0.0,0.0
Inpatient,4900PJ,55,46,493000.0,8963.64,6000.0,53.0,2.0,0.0
Inpatient,4506GH,46,28,492000.0,10695.65,7000.0,42.0,4.0,0.0
Inpatient,2800BJ,56,45,489300.0,8737.5,6000.0,55.0,1.0,0.0
Inpatient,3301RK,48,39,489000.0,10187.5,8000.0,47.0,1.0,0.0
Inpatient,3900KJ,70,46,486000.0,6942.86,6000.0,66.0,4.0,0.0
Inpatient,36006P,54,44,485600.0,8992.59,5500.0,53.0,1.0,0.0
Inpatient,2200VV,52,41,483200.0,9292.31,7000.0,50.0,2.0,0.0
Inpatient,3300CA,56,49,479100.0,8555.36,6500.0,54.0,2.0,0.0
Inpatient,1101KH,39,30,477300.0,12238.46,8000.0,39.0,0.0,0.0
Inpatient,1000MT,49,46,477000.0,9734.69,7000.0,48.0,1.0,0.0
Inpatient,3100AM,49,38,474000.0,9673.47,8000.0,46.0,3.0,0.0
Inpatient,1501SP,34,27,473000.0,13911.76,9000.0,32.0,2.0,0.0
Inpatient,4600QS,59,52,473000.0,8016.95,6000.0,57.0,2.0,0.0
Inpatient,3400VS,46,35,472000.0,10260.87,7000.0,45.0,1.0,0.0
Inpatient,1200YJ,53,43,471000.0,8886.79,7000.0,50.0,3.0,0.0
Inpatient,0700WA,45,43,468000.0,10400.0,7000.0,42.0,3.0,0.0
Inpatient,1100HN,43,33,468000.0,10883.72,7000.0,40.0,3.0,0.0
Inpatient,2700NT,46,34,466000.0,10130.43,7000.0,46.0,0.0,0.0
Inpatient,2930AT,55,48,466000.0,8472.73,6000.0,53.0,2.0,0.0
Inpatient,1601MB,46,32,463700.0,10080.43,9000.0,42.0,3.0,1.0
Inpatient,1100UD,51,37,463000.0,9078.43,6000.0,49.0,2.0,0.0
Inpatient,1402GT,38,32,459200.0,12084.21,8000.0,38.0,0.0,0.0
Inpatient,45T1MP,45,39,459000.0,10200.0,8000.0,43.0,2.0,0.0
Inpatient,1002DM,53,53,459000.0,8660.38,7000.0,51.0,2.0,0.0
Inpatient,4506CN,53,42,458000.0,8641.51,6000.0,49.0,4.0,0.0
Inpatient,2800JR,49,41,457000.0,9326.53,7000.0,48.0,1.0,0.0
Inpatient,0101AV,53,45,456000.0,8603.77,6000.0,51.0,2.0,0.0
Inpatient,36018A,47,33,454000.0,9659.57,7000.0,45.0,2.0,0.0
Inpatient,1001HR,46,41,453700.0,9863.04,6000.0,43.0,3.0,0.0
Inpatient,22006G,42,41,452000.0,10761.9,6000.0,39.0,3.0,0.0
Inpatient,2700BH,49,27,450000.0,9183.67,7000.0,49.0,0.0,0.0
Inpatient,2600VP,48,38,450000.0,9375.0,8000.0,46.0,2.0,0.0
Inpatient,4600YU,41,36,448500.0,10939.02,8000.0,40.0,1.0,0.0
Inpatient,1101DA,33,27,446070.0,13517.27,7000.0,32.0,1.0,0.0
Inpatient,39008N,40,32,446000.0,11150.0,6500.0,38.0,2.0,0.0
Inpatient,3600YT,39,33,445000.0,11410.26,8000.0,38.0,1.0,0.0
Inpatient,0100PQ,49,34,444600.0,9073.47,7000.0,49.0,0.0,0.0
Inpatient,10028V,43,41,443000.0,10302.33,6000.0,41.0,2.0,0.0
Inpatient,25S1YD,54,41,442200.0,8188.89,6500.0,50.0,4.0,0.0
Inpatient,1001KG,41,34,440000.0,10731.71,8000.0,40.0,1.0,0.0
Inpatient,3300AG,44,38,437000.0,9931.82,7500.0,43.0,1.0,0.0
Inpatient,0600BC,44,39,436000.0,9909.09,7000.0,42.0,2.0,0.0
Inpatient,45076B,48,45,434400.0,9050.0,6000.0,48.0,0.0,0.0
Inpatient,2400YG,49,45,432700.0,8830.61,7000.0,48.0,1.0,0.0
Inpatient,1002ND,30,29,431000.0,14366.67,8500.0,30.0,0.0,0.0
Inpatient,3300XQ,35,28,431000.0,12314.29,6000.0,33.0,2.0,0.0
Inpatient,0100MD,49,38,431000.0,8795.92,7000.0,46.0,3.0,0.0
Inpatient,4200HJ,40,33,428900.0,10722.5,6000.0,39.0,1.0,0.0
Inpatient,5130WD,41,28,426000.0,10390.24,8000.0,40.0,1.0,0.0
Inpatient,5200MP,60,50,425020.0,7083.67,6000.0,57.0,3.0,0.0
Inpatient,4400YK,43,32,424000.0,9860.47,8000.0,41.0,2.0,0.0
Inpatient,6700HC,32,30,424000.0,13250.0,7500.0,30.0,2.0,0.0
Inpatient,49008K,52,38,422400.0,8123.08,6500.0,50.0,2.0,0.0
Inpatient,2500AG,50,36,422000.0,8440.0,6000.0,47.0,3.0,0.0
Inpatient,4400VV,54,33,420500.0,7787.04,6000.0,52.0,2.0,0.0
Inpatient,4401NN,48,41,420400.0,8758.33,6000.0,48.0,0.0,0.0
Inpatient,4400HG,38,30,420000.0,11052.63,8000.0,38.0,0.0,0.0
Inpatient,36S0WM,40,33,420000.0,10500.0,8000.0,38.0,2.0,0.0
Inpatient,1800BG,44,26,419000.0,9522.73,7000.0,44.0,0.0,0.0
Inpatient,0900WC,45,41,418000.0,9288.89,6000.0,45.0,0.0,0.0
Inpatient,2400JM,53,49,417600.0,7879.25,6000.0,49.0,4.0,0.0
Inpatient,3901AU,44,44,417000.0,9477.27,7000.0,39.0,5.0,0.0
Inpatient,3400WD,51,48,417000.0,8176.47,5000.0,48.0,3.0,0.0
Inpatient,4400QH,48,35,417000.0,8687.5,7000.0,45.0,3.0,0.0
Inpatient,2201UG,34,30,414100.0,12179.41,8000.0,33.0,1.0,0.0
Inpatient,3400CU,44,33,413000.0,9386.36,7000.0,44.0,0.0,0.0
Inpatient,3901VU,35,28,410900.0,11740.0,6000.0,34.0,1.0,0.0
Inpatient,1500CT,33,28,409000.0,12393.94,9000.0,32.0,1.0,0.0
Inpatient,1000HV,46,46,407000.0,8847.83,6000.0,45.0,1.0,0.0
Inpatient,1701TU,44,39,406000.0,9227.27,6500.0,43.0,1.0,0.0
Inpatient,4713GM,43,27,405000.0,9418.6,5000.0,41.0,2.0,0.0
Inpatient,2300YM,37,34,403000.0,10891.89,8000.0,37.0,0.0,0.0
Inpatient,3600HV,46,31,402400.0,8747.83,6000.0,44.0,2.0,0.0
Inpatient,36016V,36,34,402000.0,11166.67,8000.0,36.0,0.0,0.0
Inpatient,0301KJ,45,42,402000.0,8933.33,6000.0,41.0,4.0,0.0
Inpatient,0300TN,44,42,401000.0,9113.64,6500.0,41.0,3.0,0.0
Inpatient,4530SJ,34,29,401000.0,11794.12,8000.0,33.0,1.0,0.0
Inpatient,1002PP,37,37,398000.0,10756.76,9000.0,37.0,0.0,0.0
Inpatient,1500MU,41,37,397000.0,9682.93,9000.0,41.0,0.0,0.0
Inpatient,1100CR,48,34,396000.0,8250.0,6500.0,44.0,4.0,0.0
Inpatient,3601JK,42,37,391000.0,9309.52,6000.0,42.0,0.0,0.0
Inpatient,2200WA,44,41,390000.0,8863.64,9000.0,44.0,0.0,0.0
Inpatient,0100GU,38,28,388000.0,10210.53,8000.0,35.0,3.0,0.0
Inpatient,2500CR,26,17,388000.0,14923.08,8000.0,25.0,1.0,0.0
Inpatient,3600CC,36,29,386700.0,10741.67,8000.0,35.0,1.0,0.0
Inpatient,0501WU,40,29,384000.0,9600.0,5500.0,39.0,1.0,0.0
Inpatient,4901MJ,43,31,383900.0,8927.91,6000.0,40.0,3.0,0.0
Inpatient,03008J,55,53,383000.0,6963.64,6000.0,53.0,2.0,0.0
Inpatient,1701ST,41,33,382200.0,9321.95,5000.0,37.0,4.0,0.0
Inpatient,4400TC,51,43,378000.0,7411.76,6000.0,48.0,3.0,0.0
Inpatient,3901YB,40,24,377000.0,9425.0,8000.0,38.0,2.0,0.0
Inpatient,1902UB,26,24,376900.0,14496.15,9500.0,26.0,0.0,0.0
Inpatient,0700YC,39,35,376000.0,9641.03,7000.0,38.0,1.0,0.0
Inpatient,3301AA,37,27,376000.0,10162.16,5000.0,36.0,1.0,0.0
Inpatient,4505GM,44,36,372000.0,8454.55,8000.0,40.0,4.0,0.0
Inpatient,1000VH,44,44,372000.0,8454.55,6000.0,44.0,0.0,0.0
Inpatient,36T0XU,43,35,371100.0,8630.23,6000.0,41.0,2.0,0.0
Inpatient,51S0ZB,28,24,370600.0,13235.71,6000.0,27.0,1.0,0.0
Inpatient,3500WH,32,19,370000.0,11562.5,8500.0,31.0,1.0,0.0
Inpatient,39S1MQ,38,35,370000.0,9736.84,7500.0,38.0,0.0,0.0
Inpatient,3900WG,33,32,369000.0,11181.82,8000.0,33.0,0.0,0.0
Inpatient,51008V,43,28,368000.0,8558.14,7000.0,41.0,2.0,0.0
Inpatient,3400QT,38,32,368000.0,9684.21,8000.0,38.0,0.0,0.0
Inpatient,4200BS,31,27,368000.0,11870.97,9000.0,31.0,0.0,0.0
Inpatient,4530BP,35,27,368000.0,10514.29,7000.0,33.0,2.0,0.0
Inpatient,1701CC,42,25,367000.0,8738.1,6000.0,41.0,1.0,0.0
Inpatient,1000KK,37,34,367000.0,9918.92,9000.0,35.0,2.0,0.0
Inpatient,1400UB,34,26,367000.0,10794.12,7000.0,32.0,2.0,0.0
Inpatient,3303NG,39,35,365000.0,9358.97,6000.0,37.0,2.0,0.0
Inpatient,1800RV,37,24,365000.0,9864.86,7000.0,36.0,1.0,0.0
Inpatient,5000QD,30,26,365000.0,12166.67,7000.0,28.0,2.0,0.0
Inpatient,3602PN,35,30,364000.0,10400.0,7000.0,35.0,0.0,0.0
Inpatient,3300AU,29,28,363500.0,12534.48,7000.0,28.0,1.0,0.0
Inpatient,1800KA,41,39,363000.0,8853.66,7000.0,41.0,0.0,0.0
Inpatient,1100ND,39,31,363000.0,9307.69,7000.0,37.0,2.0,0.0
Inpatient,33T2MM,39,39,362400.0,9292.31,6000.0,38.0,1.0,0.0
Inpatient,3303GU,37,34,360000.0,9729.73,7000.0,36.0,1.0,0.0
Inpatient,3101MP,29,27,359000.0,12379.31,9000.0,29.0,0.0,0.0
Inpatient,4200PA,33,27,359000.0,10878.79,8000.0,32.0,1.0,0.0
Inpatient,0600SN,27,13,358000.0,13259.26,10000.0,26.0,1.0,0.0
Inpatient,3302YK,42,32,357800.0,8519.05,7000.0,42.0,0.0,0.0
Inpatient,1501MQ,41,35,357300.0,8714.63,8000.0,41.0,0.0,0.0
Inpatient,3500HU,33,24,357000.0,10818.18,7000.0,33.0,0.0,0.0
Inpatient,0300UG,45,44,357000.0,7933.33,6000.0,41.0,4.0,0.0
Inpatient,0700VV,34,33,356300.0,10479.41,8000.0,33.0,1.0,0.0
Inpatient,23T0HR,37,22,356000.0,9621.62,7000.0,35.0,2.0,0.0
Inpatient,2230SK,34,28,355700.0,10461.76,8000.0,32.0,2.0,0.0
Inpatient,2600HG,33,27,354000.0,10727.27,7000.0,32.0,1.0,0.0
Inpatient,0101WQ,36,33,353000.0,9805.56,8500.0,36.0,0.0,0.0
Inpatient,2700YB,32,19,352000.0,11000.0,7000.0,31.0,1.0,0.0
Inpatient,3100TA,34,30,352000.0,10352.94,6000.0,33.0,1.0,0.0
Inpatient,0100YT,29,22,348000.0,12000.0,6000.0,28.0,1.0,0.0
Inpatient,1102ZA,34,33,347000.0,10205.88,7000.0,33.0,1.0,0.0
Inpatient,36008Q,45,38,346000.0,7688.89,6000.0,43.0,2.0,0.0
Inpatient,4600NH,31,28,344010.0,11097.1,7000.0,30.0,1.0,0.0
Inpatient,0501XV,44,40,343000.0,7795.45,7000.0,44.0,0.0,0.0
Inpatient,23T1YQ,45,40,343000.0,7622.22,6000.0,43.0,2.0,0.0
Inpatient,3400SG,39,25,343000.0,8794.87,6000.0,38.0,1.0,0.0
Inpatient,4900HA,36,32,343000.0,9527.78,7500.0,35.0,1.0,0.0
Inpatient,5300QV,39,28,342000.0,8769.23,6000.0,35.0,4.0,0.0
Inpatient,3300XJ,32,26,341000.0,10656.25,7500.0,32.0,0.0,0.0
Inpatient,1001GA,35,22,341000.0,9742.86,5000.0,33.0,2.0,0.0
Inpatient,2301QA,39,37,340600.0,8733.33,7000.0,39.0,0.0,0.0
Inpatient,0503YN,32,29,340200.0,10631.25,7500.0,30.0,2.0,0.0
Inpatient,2320ZG,29,23,340000.0,11724.14,11000.0,29.0,0.0,0.0
Inpatient,0300SM,36,33,340000.0,9444.44,7500.0,33.0,3.0,0.0
Inpatient,0501VM,30,23,339600.0,11320.0,7500.0,29.0,1.0,0.0
Inpatient,0502XD,35,32,339000.0,9685.71,9000.0,34.0,1.0,0.0
Inpatient,1002NN,42,38,339000.0,8071.43,6000.0,42.0,0.0,0.0
Inpatient,4503GM,39,38,339000.0,8692.31,9000.0,38.0,1.0,0.0
Inpatient,0500AM,40,32,337000.0,8425.0,8000.0,40.0,0.0,0.0
Inpatient,4530VN,21,21,336000.0,16000.0,10000.0,21.0,0.0,0.0
Inpatient,1000YS,27,27,336000.0,12444.44,7000.0,26.0,1.0,0.0
Inpatient,3930UP,34,26,335500.0,9867.65,6500.0,33.0,1.0,0.0
Inpatient,1920CR,29,23,335400.0,11565.52,7000.0,28.0,1.0,0.0
Inpatient,3301AJ,25,17,334000.0,13360.0,8000.0,24.0,1.0,0.0
Inpatient,1400PC,35,24,334000.0,9542.86,8000.0,31.0,4.0,0.0
Inpatient,4504DH,37,22,332900.0,8997.3,5000.0,36.0,1.0,0.0
Inpatient,2302WC,29,27,331000.0,11413.79,9000.0,28.0,1.0,0.0
Inpatient,35006N,39,31,330000.0,8461.54,7000.0,38.0,1.0,0.0
Inpatient,2400KU,28,27,329000.0,11750.0,9000.0,27.0,1.0,0.0
Inpatient,1002BQ,36,31,328100.0,9113.89,7000.0,36.0,0.0,0.0
Inpatient,3601HH,23,13,327000.0,14217.39,9000.0,22.0,1.0,0.0
Inpatient,0700PP,35,35,327000.0,9342.86,8000.0,35.0,0.0,0.0
Inpatient,1002DS,36,33,326300.0,9063.89,7000.0,36.0,0.0,0.0
Inpatient,1601KA,28,26,326000.0,11642.86,8500.0,28.0,0.0,0.0
Inpatient,5001NB,32,23,326000.0,10187.5,6500.0,31.0,1.0,0.0
Inpatient,0507PR,31,27,326000.0,10516.13,7000.0,31.0,0.0,0.0
Inpatient,1001VK,31,30,326000.0,10516.13,8000.0,31.0,0.0,0.0
Inpatient,05006K,41,35,324700.0,7919.51,6000.0,41.0,0.0,0.0
Inpatient,1101GB,26,19,324000.0,12461.54,7500.0,25.0,1.0,0.0
Inpatient,10306R,38,34,324000.0,8526.32,6500.0,38.0,0.0,0.0
Inpatient,3401KT,24,21,323000.0,13458.33,9000.0,22.0,2.0,0.0
Inpatient,1100KR,36,30,323000.0,8972.22,6500.0,34.0,2.0,0.0
Inpatient,6700RG,33,32,323000.0,9787.88,6000.0,31.0,2.0,0.0
Inpatient,4504CG,24,22,322000.0,13416.67,6000.0,24.0,0.0,0.0
Inpatient,50UWMC,35,25,322000.0,9200.0,9000.0,33.0,2.0,0.0
Inpatient,3901MB,37,36,320400.0,8659.46,6000.0,35.0,2.0,0.0
Inpatient,3902PV,28,24,320000.0,11428.57,8500.0,28.0,0.0,0.0
Inpatient,2301TD,36,30,319000.0,8861.11,6000.0,36.0,0.0,0.0
Inpatient,3800PM,25,23,319000.0,12760.0,6000.0,24.0,1.0,0.0
Inpatient,2200ZT,30,27,318000.0,10600.0,6500.0,29.0,1.0,0.0
Inpatient,3601PH,29,26,318000.0,10965.52,7000.0,29.0,0.0,0.0
Inpatient,3901MK,25,15,317000.0,12680.0,8000.0,24.0,1.0,0.0
Inpatient,34S0GK,39,34,315000.0,8076.92,7000.0,39.0,0.0,0.0
Inpatient,3100BN,32,32,314000.0,9812.5,7000.0,30.0,2.0,0.0
Inpatient,23S1DV,37,36,313000.0,8459.46,6000.0,36.0,1.0,0.0
Inpatient,4540SC,24,23,313000.0,13041.67,9000.0,23.0,1.0,0.0
Inpatient,4503KR,37,29,312400.0,8443.24,7000.0,37.0,0.0,0.0
Inpatient,4200MU,34,33,312000.0,9176.47,7000.0,33.0,1.0,0.0
Inpatient,1013HP,28,24,312000.0,11142.86,7500.0,27.0,1.0,0.0
Inpatient,4530RH,33,27,312000.0,9454.55,7000.0,32.0,1.0,0.0
Inpatient,2302KU,29,27,311000.0,10724.14,6000.0,29.0,0.0,0.0
Inpatient,1002ZD,29,27,310800.0,10717.24,7000.0,27.0,2.0,0.0
Inpatient,4400TT,38,20,310200.0,8163.16,5500.0,37.0,1.0,0.0
Inpatient,0500JD,29,22,310100.0,10693.1,8000.0,28.0,1.0,0.0
Inpatient,37028B,33,30,310000.0,9393.94,7000.0,33.0,0.0,0.0
Inpatient,3401ZP,30,28,310000.0,10333.33,8000.0,29.0,1.0,0.0
Inpatient,4240HR,31,28,310000.0,10000.0,7000.0,31.0,0.0,0.0
Inpatient,52S0WN,27,21,308000.0,11407.41,10000.0,25.0,2.0,0.0
Inpatient,0601TR,28,26,308000.0,11000.0,8500.0,27.0,1.0,0.0
Inpatient,36T0SP,31,30,308000.0,9935.48,8000.0,31.0,0.0,0.0
Inpatient,4620RQ,24,14,308000.0,12833.33,9500.0,24.0,0.0,0.0
Inpatient,14T0QP,31,26,308000.0,9935.48,7000.0,30.0,1.0,0.0
Inpatient,5100TC,37,27,307200.0,8302.7,7000.0,37.0,0.0,0.0
Inpatient,5001XP,24,22,307000.0,12791.67,8000.0,24.0,0.0,0.0
Inpatient,1413VU,32,24,307000.0,9593.75,7000.0,32.0,0.0,0.0
Inpatient,2601KM,34,30,307000.0,9029.41,6000.0,33.0,1.0,0.0
Inpatient,2900DQ,30,28,306000.0,10200.0,7000.0,29.0,1.0,0.0
Inpatient,5200SN,25,22,305000.0,12200.0,9000.0,25.0,0.0,0.0
Inpatient,2800CK,26,19,304000.0,11692.31,8500.0,26.0,0.0,0.0
Inpatient,18T0RJ,24,20,304000.0,12666.67,8500.0,23.0,1.0,0.0
Inpatient,1800QU,43,28,302000.0,7023.26,7000.0,43.0,0.0,0.0
Inpatient,23T2TN,28,27,301000.0,10750.0,9500.0,28.0,0.0,0.0
Inpatient,0720NB,22,19,301000.0,13681.82,8500.0,22.0,0.0,0.0
Inpatient,2400AB,29,24,300000.0,10344.83,9000.0,29.0,0.0,0.0
Inpatient,0300GG,33,32,300000.0,9090.91,7000.0,31.0,2.0,0.0
Inpatient,4530DR,29,24,300000.0,10344.83,8000.0,28.0,1.0,0.0
Inpatient,3600RS,32,21,299000.0,9343.75,8500.0,31.0,1.0,0.0
Inpatient,30NAVQ,30,27,299000.0,9966.67,7500.0,30.0,0.0,0.0
Inpatient,39T0QM,33,25,299000.0,9060.61,6000.0,31.0,2.0,0.0
Inpatient,4900HJ,21,17,298000.0,14190.48,8000.0,21.0,0.0,0.0
Inpatient,1501GA,35,32,298000.0,8514.29,7000.0,35.0,0.0,0.0
Inpatient,3230SM,26,21,298000.0,11461.54,8500.0,25.0,1.0,0.0
Inpatient,3900HT,34,27,298000.0,8764.71,7000.0,32.0,2.0,0.0
Inpatient,1801SD,38,34,297700.0,7834.21,6500.0,37.0,1.0,0.0
Inpatient,10T0ZM,29,27,297000.0,10241.38,8000.0,27.0,2.0,0.0
Inpatient,33T26G,31,25,294600.0,9503.23,6000.0,30.0,1.0,0.0
Inpatient,05016S,24,24,294000.0,12250.0,7000.0,23.0,1.0,0.0
Inpatient,3302XJ,36,22,294000.0,8166.67,6500.0,32.0,4.0,0.0
Inpatient,5000UB,30,28,294000.0,9800.0,8000.0,28.0,2.0,0.0
Inpatient,4530PD,30,27,294000.0,9800.0,8500.0,29.0,1.0,0.0
Inpatient,19006H,21,16,293400.0,13971.43,10000.0,21.0,0.0,0.0
Inpatient,3900XQ,35,29,292000.0,8342.86,6000.0,34.0,1.0,0.0
Inpatient,42T0TD,43,40,291300.0,6774.42,5000.0,40.0,3.0,0.0
Inpatient,05T1PH,32,26,291000.0,9093.75,7000.0,31.0,1.0,0.0
Inpatient,3401NP,31,29,290090.0,9357.74,6000.0,30.0,1.0,0.0
Inpatient,3602AG,37,23,290000.0,7837.84,7000.0,37.0,0.0,0.0
Inpatient,1902PC,18,16,290000.0,16111.11,7500.0,18.0,0.0,0.0
Inpatient,4505RA,22,19,290000.0,13181.82,10000.0,21.0,1.0,0.0
Inpatient,33036V,30,27,289800.0,9660.0,5000.0,30.0,0.0,0.0
Inpatient,10008H,24,23,287000.0,11958.33,8000.0,23.0,1.0,0.0
Inpatient,3600YD,26,23,287000.0,11038.46,8500.0,25.0,1.0,0.0
Inpatient,2201HV,30,28,286000.0,9533.33,6500.0,28.0,2.0,0.0
Inpatient,21008K,36,31,286000.0,7944.44,7000.0,34.0,2.0,0.0
Inpatient,0401PQ,27,19,286000.0,10592.59,6000.0,26.0,1.0,0.0
Inpatient,3130WB,20,16,286000.0,14300.0,8500.0,20.0,0.0,0.0
Inpatient,36T0BD,33,30,286000.0,8666.67,7000.0,33.0,0.0,0.0
Inpatient,34008C,34,31,285000.0,8382.35,6000.0,34.0,0.0,0.0
Inpatient,4530MR,23,18,285000.0,12391.3,6000.0,22.0,1.0,0.0
Inpatient,26006U,27,19,285000.0,10555.56,8000.0,26.0,1.0,0.0
Inpatient,3301UH,20,17,284000.0,14200.0,7000.0,19.0,1.0,0.0
Inpatient,3420KJ,22,18,284000.0,12909.09,10500.0,22.0,0.0,0.0
Inpatient,33018J,30,28,283000.0,9433.33,6500.0,29.0,1.0,0.0
Inpatient,05S7AM,37,36,283000.0,7648.65,6000.0,32.0,5.0,0.0
Inpatient,2400CN,23,16,283000.0,12304.35,8000.0,22.0,1.0,0.0
Inpatient,6700KQ,28,26,283000.0,10107.14,7000.0,27.0,1.0,0.0
Inpatient,33T4RJ,26,25,281000.0,10807.69,8000.0,24.0,2.0,0.0
Inpatient,33S1CJ,26,26,281000.0,10807.69,6500.0,25.0,1.0,0.0
Inpatient,0600UA,31,24,280030.0,9033.23,6000.0,30.0,1.0,0.0
Inpatient,52T0QU,28,22,280000.0,10000.0,6500.0,27.0,1.0,0.0
Inpatient,1700HP,36,22,279500.0,7763.89,4500.0,35.0,1.0,0.0
Inpatient,14T1QJ,30,26,279000.0,9300.0,6000.0,29.0,1.0,0.0
Inpatient,1001JD,20,17,279000.0,13950.0,6500.0,20.0,0.0,0.0
Inpatient,3013SA,31,21,279000.0,9000.0,8000.0,29.0,2.0,0.0
Inpatient,3630PA,28,19,279000.0,9964.29,6500.0,27.0,1.0,0.0
Inpatient,4200UH,25,18,278000.0,11120.0,6000.0,22.0,3.0,0.0
Inpatient,3000GA,20,18,278000.0,13900.0,11000.0,20.0,0.0,0.0
Inpatient,1300PR,26,18,277070.0,10656.54,6000.0,26.0,0.0,0.0
Inpatient,3302AP,35,34,277000.0,7914.29,6000.0,32.0,3.0,0.0
Inpatient,1101HC,33,28,275000.0,8333.33,6000.0,32.0,1.0,0.0
Inpatient,1413ZM,22,18,275000.0,12500.0,8000.0,22.0,0.0,0.0
Inpatient,2200BA,34,31,275000.0,8088.24,7500.0,32.0,2.0,0.0
Inpatient,3600PV,29,28,271000.0,9344.83,6000.0,27.0,2.0,0.0
Inpatient,3400SV,26,21,271000.0,10423.08,6500.0,26.0,0.0,0.0
Inpatient,5202MU,32,28,269800.0,8431.25,6000.0,30.0,2.0,0.0
Inpatient,5200NH,26,23,269060.0,10348.46,7000.0,26.0,0.0,0.0
Inpatient,3801JK,20,19,267000.0,13350.0,10000.0,20.0,0.0,0.0
Inpatient,2400HJ,27,26,267000.0,9888.89,9000.0,26.0,1.0,0.0
Inpatient,3400GJ,33,32,266000.0,8060.61,7000.0,32.0,1.0,0.0
Inpatient,0506JH,27,27,265000.0,9814.81,6000.0,26.0,1.0,0.0
Inpatient,0401MN,25,18,264000.0,10560.0,6000.0,25.0,0.0,0.0
Inpatient,3500AP,23,18,263600.0,11460.87,7000.0,23.0,0.0,0.0
Inpatient,39008G,22,22,263000.0,11954.55,6000.0,22.0,0.0,0.0
Inpatient,2500CJ,27,23,262800.0,9733.33,6000.0,27.0,0.0,0.0
Inpatient,4713DK,29,19,262200.0,9041.38,8000.0,29.0,0.0,0.0
Inpatient,3400RU,24,24,262000.0,10916.67,8500.0,24.0,0.0,0.0
Inpatient,1001XU,33,32,262000.0,7939.39,7000.0,31.0,2.0,0.0
Inpatient,2301XK,25,23,261000.0,10440.0,6000.0,24.0,1.0,0.0
Inpatient,0501JP,16,14,261000.0,16312.5,10000.0,16.0,0.0,0.0
Inpatient,0600XT,22,18,261000.0,11863.64,8000.0,22.0,0.0,0.0
Inpatient,14016G,24,20,261000.0,10875.0,8000.0,24.0,0.0,0.0
Inpatient,1400MQ,34,32,261000.0,7676.47,5500.0,33.0,1.0,0.0
Inpatient,0101VP,29,23,260000.0,8965.52,5000.0,29.0,0.0,0.0
Inpatient,1002TC,32,31,260000.0,8125.0,7000.0,32.0,0.0,0.0
Inpatient,0503VJ,27,27,259900.0,9625.93,5000.0,26.0,1.0,0.0
Inpatient,1002MM,33,31,259000.0,7848.48,6000.0,31.0,2.0,0.0
Inpatient,1600DG,27,24,259000.0,9592.59,9000.0,27.0,0.0,0.0
Inpatient,1800BP,21,17,258000.0,12285.71,10000.0,20.0,1.0,0.0
Inpatient,0900TV,22,21,257000.0,11681.82,9000.0,22.0,0.0,0.0
Inpatient,0101GD,18,15,257000.0,14277.78,8000.0,17.0,1.0,0.0
Inpatient,2900QD,25,25,257000.0,10280.0,7000.0,24.0,1.0,0.0
Inpatient,1500WK,30,29,255000.0,8500.0,7000.0,29.0,1.0,0.0
Inpatient,34006R,28,23,255000.0,9107.14,5000.0,27.0,1.0,0.0
Inpatient,4500HB,20,20,255000.0,12750.0,9000.0,20.0,0.0,0.0
Inpatient,1730MN,28,23,254000.0,9071.43,8000.0,26.0,2.0,0.0
Inpatient,33T1NH,26,23,254000.0,9769.23,7000.0,25.0,1.0,0.0
Inpatient,3302ZM,27,25,253000.0,9370.37,7000.0,27.0,0.0,0.0
Inpatient,1913NA,24,18,253000.0,10541.67,5000.0,23.0,1.0,0.0
Inpatient,4506HR,30,23,253000.0,8433.33,7000.0,28.0,2.0,0.0
Inpatient,3901CQ,26,23,252000.0,9692.31,6000.0,25.0,1.0,0.0
Inpatient,24GUYC,29,25,251090.0,8658.28,7000.0,29.0,0.0,0.0
Inpatient,45066A,19,19,251000.0,13210.53,8000.0,19.0,0.0,0.0
Inpatient,4900AK,27,20,251000.0,9296.3,6000.0,27.0,0.0,0.0
Inpatient,1501JD,25,21,251000.0,10040.0,8000.0,25.0,0.0,0.0
Inpatient,3301NP,17,16,250000.0,14705.88,7000.0,17.0,0.0,0.0
Inpatient,4900UA,26,13,250000.0,9615.38,6000.0,25.0,1.0,0.0
Inpatient,1100AG,31,30,250000.0,8064.52,6000.0,30.0,1.0,0.0
Inpatient,2600AP,20,16,248000.0,12400.0,8000.0,20.0,0.0,0.0
Inpatient,3800TR,28,21,248000.0,8857.14,7500.0,26.0,2.0,0.0
Inpatient,3902UG,35,35,248000.0,7085.71,6000.0,35.0,0.0,0.0
Inpatient,0500YV,24,24,247000.0,10291.67,7000.0,22.0,2.0,0.0
Inpatient,3700BN,19,16,246000.0,12947.37,6000.0,19.0,0.0,0.0
Inpatient,45306M,24,24,245000.0,10208.33,6000.0,23.0,1.0,0.0
Inpatient,0100QB,37,35,244040.0,6595.68,5000.0,37.0,0.0,0.0
Inpatient,0700QQ,31,28,244000.0,7870.97,6000.0,30.0,1.0,0.0
Inpatient,51BUJN,23,19,243000.0,10565.22,7000.0,21.0,2.0,0.0
Inpatient,5213CD,21,15,243000.0,11571.43,8000.0,20.0,1.0,0.0
Inpatient,37T1XB,28,26,243000.0,8678.57,6000.0,27.0,1.0,0.0
Inpatient,22006U,33,28,242700.0,7354.55,5000.0,31.0,2.0,0.0
Inpatient,5001TJ,26,24,241000.0,9269.23,7000.0,26.0,0.0,0.0
Inpatient,4505BH,29,25,240800.0,8303.45,6000.0,28.0,1.0,0.0
Inpatient,5000YH,22,21,240000.0,10909.09,7500.0,21.0,1.0,0.0
Inpatient,0101QQ,21,13,240000.0,11428.57,8000.0,21.0,0.0,0.0
Inpatient,3100HK,20,17,239000.0,11950.0,11500.0,19.0,1.0,0.0
Inpatient,2600SK,33,25,239000.0,7242.42,5000.0,31.0,2.0,0.0
Inpatient,4530WG,26,25,239000.0,9192.31,8000.0,25.0,1.0,0.0
Inpatient,26006N,17,14,238000.0,14000.0,10000.0,17.0,0.0,0.0
Inpatient,1003WD,24,23,237000.0,9875.0,6000.0,23.0,1.0,0.0
Inpatient,4500VK,22,22,237000.0,10772.73,5500.0,20.0,2.0,0.0
Inpatient,1100WH,20,17,237000.0,11850.0,9000.0,20.0,0.0,0.0
Inpatient,1501KG,20,19,236010.0,11800.5,6500.0,20.0,0.0,0.0
Inpatient,2000MC,26,19,236000.0,9076.92,6000.0,25.0,1.0,0.0
Inpatient,2303AA,20,20,236000.0,11800.0,8000.0,20.0,0.0,0.0
Inpatient,0500DQ,25,24,236000.0,9440.0,6000.0,24.0,1.0,0.0
Inpatient,4901PT,25,21,235000.0,9400.0,6000.0,23.0,2.0,0.0
Inpatient,1513CB,19,8,235000.0,12368.42,7000.0,19.0,0.0,0.0
Inpatient,2900TJ,33,33,234000.0,7090.91,6000.0,33.0,0.0,0.0
Inpatient,36T1KH,18,17,233700.0,12983.33,9000.0,15.0,2.0,1.0
Inpatient,44T1TD,18,13,233000.0,12944.44,10500.0,18.0,0.0,0.0
Inpatient,2900PC,24,24,233000.0,9708.33,8000.0,23.0,1.0,0.0
Inpatient,4200XT,22,16,233000.0,10590.91,8000.0,21.0,1.0,0.0
Inpatient,1401HP,29,21,232000.0,8000.0,6000.0,27.0,2.0,0.0
Inpatient,3301NV,20,16,232000.0,11600.0,8500.0,20.0,0.0,0.0
Inpatient,10028H,13,11,232000.0,17846.15,10000.0,12.0,1.0,0.0
Inpatient,1613BQ,21,15,232000.0,11047.62,9000.0,20.0,1.0,0.0
Inpatient,38008N,15,14,232000.0,15466.67,10000.0,15.0,0.0,0.0
Inpatient,4520XQ,32,31,231200.0,7225.0,6000.0,30.0,2.0,0.0
Inpatient,0400GR,28,22,231000.0,8250.0,7500.0,26.0,2.0,0.0
Inpatient,2600DS,29,24,231000.0,7965.52,6000.0,28.0,1.0,0.0
Inpatient,34T06K,15,14,231000.0,15400.0,11000.0,14.0,1.0,0.0
Inpatient,3302ZT,25,16,230800.0,9232.0,7000.0,23.0,2.0,0.0
Inpatient,1400YH,28,28,230000.0,8214.29,5500.0,28.0,0.0,0.0
Inpatient,1800ZB,30,21,230000.0,7666.67,7000.0,30.0,0.0,0.0
Inpatient,3500YK,28,27,230000.0,8214.29,6000.0,28.0,0.0,0.0
Inpatient,4100JN,27,19,230000.0,8518.52,6000.0,25.0,2.0,0.0
Inpatient,2300ZD,18,18,230000.0,12777.78,7000.0,17.0,1.0,0.0
Inpatient,3603KM,28,26,229000.0,8178.57,5500.0,25.0,3.0,0.0
Inpatient,1402CJ,25,22,228200.0,9128.0,6000.0,25.0,0.0,0.0
Inpatient,3100YH,16,16,228000.0,14250.0,7000.0,16.0,0.0,0.0
Inpatient,0100HH,18,17,228000.0,12666.67,8000.0,18.0,0.0,0.0
Inpatient,39T2GA,27,26,228000.0,8444.44,5000.0,24.0,3.0,0.0
Inpatient,46008K,24,22,227000.0,9458.33,7000.0,24.0,0.0,0.0
Inpatient,4901US,26,24,227000.0,8730.77,8500.0,26.0,0.0,0.0
Inpatient,49018N,15,14,227000.0,15133.33,9000.0,15.0,0.0,0.0
Inpatient,0502NQ,16,16,227000.0,14187.5,6500.0,16.0,0.0,0.0
Inpatient,1700WA,15,10,225000.0,15000.0,11000.0,15.0,0.0,0.0
Inpatient,1800DR,10,8,224000.0,22400.0,17000.0,10.0,0.0,0.0
Inpatient,4502RV,17,15,224000.0,13176.47,6000.0,16.0,1.0,0.0
Inpatient,1800UM,16,14,223000.0,13937.5,8500.0,16.0,0.0,0.0
Inpatient,39S0NV,26,25,223000.0,8576.92,7000.0,25.0,1.0,0.0
Inpatient,3900AD,31,30,223000.0,7193.55,5000.0,29.0,2.0,0.0
Inpatient,0505PT,25,24,223000.0,8920.0,7000.0,25.0,0.0,0.0
Inpatient,3600PQ,16,12,223000.0,13937.5,9500.0,16.0,0.0,0.0
Inpatient,3300VU,24,24,222900.0,9287.5,6000.0,24.0,0.0,0.0
Inpatient,1500AB,18,17,222000.0,12333.33,7000.0,16.0,2.0,0.0
Inpatient,4508JJ,18,13,222000.0,12333.33,6500.0,17.0,1.0,0.0
Inpatient,23008Q,19,17,221000.0,11631.58,10000.0,19.0,0.0,0.0
Inpatient,1000XR,23,23,221000.0,9608.7,6000.0,21.0,2.0,0.0
Inpatient,4530PT,26,17,221000.0,8500.0,6000.0,25.0,1.0,0.0
Inpatient,4500MH,23,15,221000.0,9608.7,6000.0,23.0,0.0,0.0
Inpatient,0504BG,19,19,220000.0,11578.95,8000.0,19.0,0.0,0.0
Inpatient,4530UM,20,20,220000.0,11000.0,8000.0,20.0,0.0,0.0
Inpatient,3901QG,27,22,219000.0,8111.11,7000.0,27.0,0.0,0.0
Inpatient,06008K,28,26,219000.0,7821.43,5500.0,27.0,1.0,0.0
Inpatient,22S0UD,16,15,219000.0,13687.5,9000.0,16.0,0.0,0.0
Inpatient,1101BN,16,14,219000.0,13687.5,7000.0,16.0,0.0,0.0
Inpatient,3401RC,20,13,218000.0,10900.0,6500.0,20.0,0.0,0.0
Inpatient,0500JU,18,18,218000.0,12111.11,9500.0,18.0,0.0,0.0
Inpatient,01S0UR,26,23,218000.0,8384.62,8000.0,25.0,1.0,0.0
Inpatient,15T0BC,23,16,218000.0,9478.26,7000.0,22.0,1.0,0.0
Inpatient,2801PP,15,13,218000.0,14533.33,9000.0,15.0,0.0,0.0
Inpatient,1100VG,26,20,217000.0,8346.15,7000.0,24.0,2.0,0.0
Inpatient,2501ZT,28,24,217000.0,7750.0,6500.0,27.0,1.0,0.0
Inpatient,4501WV,14,13,216000.0,15428.57,11000.0,13.0,1.0,0.0
Inpatient,3401RS,21,21,216000.0,10285.71,7000.0,20.0,1.0,0.0
Inpatient,1801UH,15,10,216000.0,14400.0,8000.0,15.0,0.0,0.0
Inpatient,2401JH,14,9,216000.0,15428.57,10000.0,14.0,0.0,0.0
Inpatient,05T4RU,25,24,216000.0,8640.0,5000.0,25.0,0.0,0.0
Inpatient,1500TP,21,19,215000.0,10238.1,7000.0,18.0,3.0,0.0
Inpatient,28S0WH,16,15,215000.0,13437.5,5500.0,15.0,1.0,0.0
Inpatient,34S0KQ,23,20,214900.0,9343.48,6000.0,22.0,1.0,0.0
Inpatient,1900RC,29,29,214000.0,7379.31,6000.0,27.0,2.0,0.0
Inpatient,2601TU,22,20,214000.0,9727.27,7000.0,22.0,0.0,0.0
Inpatient,2601JS,26,21,214000.0,8230.77,7500.0,24.0,2.0,0.0
Inpatient,0300TD,24,24,214000.0,8916.67,7000.0,24.0,0.0,0.0
Inpatient,4901VT,26,16,213000.0,8192.31,6000.0,24.0,2.0,0.0
Inpatient,2800AH,22,18,213000.0,9681.82,7500.0,21.0,1.0,0.0
Inpatient,0200JG,25,12,212000.0,8480.0,6000.0,24.0,1.0,0.0
Inpatient,0503BS,18,17,212000.0,11777.78,5000.0,18.0,0.0,0.0
Inpatient,2401DB,20,14,212000.0,10600.0,9000.0,20.0,0.0,0.0
Inpatient,0503JS,19,19,212000.0,11157.89,8000.0,19.0,0.0,0.0
Inpatient,0130PQ,25,22,212000.0,8480.0,7000.0,25.0,0.0,0.0
Inpatient,0601MJ,27,27,211000.0,7814.81,8000.0,27.0,0.0,0.0
Inpatient,05T3MN,19,19,211000.0,11105.26,9000.0,19.0,0.0,0.0
Inpatient,6700SA,15,13,211000.0,14066.67,11000.0,15.0,0.0,0.0
Inpatient,1501BT,26,24,211000.0,8115.38,6500.0,25.0,1.0,0.0
Inpatient,36T0GA,27,19,210000.0,7777.78,6000.0,27.0,0.0,0.0
Inpatient,3100SH,20,20,210000.0,10500.0,8500.0,20.0,0.0,0.0
Inpatient,3400JN,20,18,210000.0,10500.0,8000.0,19.0,1.0,0.0
Inpatient,45T6YH,12,11,210000.0,17500.0,9500.0,12.0,0.0,0.0
Inpatient,1001WT,18,16,209000.0,11611.11,7000.0,18.0,0.0,0.0
Inpatient,0541QT,26,24,209000.0,8038.46,5000.0,23.0,3.0,0.0
Inpatient,2301RB,29,20,209000.0,7206.9,7000.0,29.0,0.0,0.0
Inpatient,31T16A,18,17,209000.0,11611.11,8000.0,17.0,1.0,0.0
Inpatient,1001XN,23,23,209000.0,9086.96,7000.0,23.0,0.0,0.0
Inpatient,17S1XA,31,24,209000.0,6741.94,5000.0,31.0,0.0,0.0
Inpatient,4504GJ,31,22,209000.0,6741.94,5000.0,31.0,0.0,0.0
Inpatient,33S1VU,16,15,208000.0,13000.0,8500.0,16.0,0.0,0.0
Inpatient,1000JR,21,20,208000.0,9904.76,7000.0,20.0,1.0,0.0
Inpatient,10S2BS,20,20,208000.0,10400.0,7500.0,18.0,2.0,0.0
Inpatient,5100BA,22,21,207000.0,9409.09,5000.0,21.0,1.0,0.0
Inpatient,5200VR,21,20,207000.0,9857.14,8000.0,20.0,1.0,0.0
Inpatient,2300QQ,21,14,207000.0,9857.14,7000.0,20.0,1.0,0.0
Inpatient,5000NR,21,18,206000.0,9809.52,6000.0,20.0,1.0,0.0
Inpatient,39T1KP,23,20,206000.0,8956.52,7000.0,23.0,0.0,0.0
Inpatient,05056M,22,22,206000.0,9363.64,6500.0,20.0,2.0,0.0
Inpatient,3140YC,31,28,206000.0,6645.16,5000.0,30.0,1.0,0.0
Inpatient,3100UR,26,26,206000.0,7923.08,8000.0,25.0,1.0,0.0
Inpatient,1001HB,19,19,206000.0,10842.11,7000.0,18.0,0.0,1.0
Inpatient,33026N,20,19,205300.0,10265.0,7000.0,19.0,1.0,0.0
Inpatient,28XNGX,18,18,205030.0,11390.56,6500.0,17.0,1.0,0.0
Inpatient,1102CG,21,19,205000.0,9761.9,7000.0,20.0,1.0,0.0
Inpatient,3601XC,24,16,205000.0,8541.67,5500.0,24.0,0.0,0.0
Inpatient,2600UD,18,12,204700.0,11372.22,7000.0,17.0,1.0,0.0
Inpatient,0600JM,24,16,204000.0,8500.0,6000.0,23.0,1.0,0.0
Inpatient,1002PG,27,26,204000.0,7555.56,6000.0,26.0,1.0,0.0
Inpatient,1600NH,25,16,204000.0,8160.0,6000.0,25.0,0.0,0.0
Inpatient,0500SV,18,18,204000.0,11333.33,7500.0,18.0,0.0,0.0
Inpatient,3601ZG,20,7,203000.0,10150.0,5500.0,20.0,0.0,0.0
Inpatient,34S1JT,24,24,203000.0,8458.33,7000.0,23.0,1.0,0.0
Inpatient,0500JN,23,22,203000.0,8826.09,6000.0,23.0,0.0,0.0
Inpatient,1000NU,26,16,202600.0,7792.31,7000.0,25.0,1.0,0.0
Inpatient,1900TG,20,18,202000.0,10100.0,7000.0,20.0,0.0,0.0
Inpatient,3902RB,22,22,202000.0,9181.82,6500.0,21.0,1.0,0.0
Inpatient,3901GM,22,18,202000.0,9181.82,6000.0,21.0,1.0,0.0
Inpatient,2302NQ,14,14,202000.0,14428.57,10500.0,14.0,0.0,0.0
Inpatient,4200AR,33,29,201100.0,6093.94,5000.0,30.0,3.0,0.0
Inpatient,0502BM,23,23,201000.0,8739.13,6000.0,22.0,1.0,0.0
Inpatient,3900MR,25,23,201000.0,8040.0,7000.0,23.0,2.0,0.0
Inpatient,2630SC,20,18,201000.0,10050.0,6500.0,19.0,1.0,0.0
Inpatient,5201SV,18,17,201000.0,11166.67,7000.0,18.0,0.0,0.0
Inpatient,4506HJ,16,11,201000.0,12562.5,10000.0,16.0,0.0,0.0
Inpatient,1002KK,29,29,200500.0,6913.79,7000.0,28.0,1.0,0.0
Inpatient,4508BA,22,22,200000.0,9090.91,7000.0,20.0,2.0,0.0
Inpatient,2601BK,23,23,200000.0,8695.65,7000.0,21.0,2.0,0.0
Inpatient,52016B,20,17,199400.0,9970.0,5500.0,20.0,0.0,0.0
Inpatient,18006M,20,13,199000.0,9950.0,8500.0,20.0,0.0,0.0
Inpatient,39T0XU,25,14,199000.0,7960.0,6000.0,25.0,0.0,0.0
Inpatient,1700HG,18,15,199000.0,11055.56,7500.0,18.0,0.0,0.0
Inpatient,0502JT,16,16,198800.0,12425.0,7000.0,16.0,0.0,0.0
Inpatient,5200XT,22,20,198600.0,9027.27,5500.0,21.0,1.0,0.0
Inpatient,25T0KQ,18,18,198000.0,11000.0,6500.0,18.0,0.0,0.0
Inpatient,1140JB,16,13,197000.0,12312.5,9500.0,15.0,1.0,0.0
Inpatient,1501YV,17,11,197000.0,11588.24,9000.0,15.0,2.0,0.0
Inpatient,05T3TU,24,21,196900.0,8204.17,6500.0,24.0,0.0,0.0
Inpatient,4508UU,27,26,196700.0,7285.19,7000.0,25.0,1.0,1.0
Inpatient,0101YC,17,14,196000.0,11529.41,8000.0,17.0,0.0,0.0
Inpatient,1002SB,17,17,196000.0,11529.41,5000.0,16.0,1.0,0.0
Inpatient,34138G,24,15,196000.0,8166.67,7500.0,23.0,1.0,0.0
Inpatient,3700GR,27,25,195900.0,7255.56,7000.0,27.0,0.0,0.0
Inpatient,5200UQ,22,20,195000.0,8863.64,7500.0,22.0,0.0,0.0
Inpatient,1001ZA,20,20,195000.0,9750.0,8500.0,19.0,1.0,0.0
Inpatient,3400MQ,25,21,195000.0,7800.0,5000.0,25.0,0.0,0.0
Inpatient,4513VB,23,15,194930.0,8475.22,7000.0,22.0,0.0,1.0
Inpatient,1400MA,17,11,194000.0,11411.76,8000.0,17.0,0.0,0.0
Inpatient,1700UU,18,14,194000.0,10777.78,8500.0,18.0,0.0,0.0
Inpatient,0500SP,18,18,193400.0,10744.44,6500.0,17.0,1.0,0.0
Inpatient,4400RJ,16,14,193000.0,12062.5,9500.0,16.0,0.0,0.0
Inpatient,1300SU,19,10,193000.0,10157.89,7000.0,19.0,0.0,0.0
Inpatient,4900BM,11,10,193000.0,17545.45,12000.0,11.0,0.0,0.0
Inpatient,29T0WG,22,21,192000.0,8727.27,6000.0,21.0,1.0,0.0
Inpatient,1500BS,23,15,192000.0,8347.83,6000.0,23.0,0.0,0.0
Inpatient,4900XD,22,21,192000.0,8727.27,7500.0,21.0,0.0,1.0
Inpatient,0120KV,14,13,192000.0,13714.29,11000.0,14.0,0.0,0.0
Inpatient,5200TV,22,19,191800.0,8718.18,6500.0,22.0,0.0,0.0
Inpatient,1901ZJ,16,14,191200.0,11950.0,7500.0,16.0,0.0,0.0
Inpatient,3900BG,17,16,191000.0,11235.29,8000.0,17.0,0.0,0.0
Inpatient,0500KV,22,19,191000.0,8681.82,7000.0,21.0,1.0,0.0
Inpatient,4530RV,23,20,191000.0,8304.35,6000.0,23.0,0.0,0.0
Inpatient,4600BC,29,25,190000.0,6551.72,6000.0,25.0,4.0,0.0
Inpatient,1800XQ,19,13,190000.0,10000.0,7000.0,18.0,1.0,0.0
Inpatient,3700WD,18,16,189300.0,10516.67,5000.0,18.0,0.0,0.0
Inpatient,4200KD,18,18,189000.0,10500.0,8000.0,17.0,1.0,0.0
Inpatient,0101JJ,15,15,189000.0,12600.0,7000.0,15.0,0.0,0.0
Inpatient,1000QQ,14,14,189000.0,13500.0,8000.0,14.0,0.0,0.0
Inpatient,3600BR,22,20,189000.0,8590.91,5000.0,20.0,2.0,0.0
Inpatient,3301XM,19,19,188000.0,9894.74,7000.0,18.0,1.0,0.0
Inpatient,1813SQ,18,8,188000.0,10444.44,6500.0,17.0,1.0,0.0
Inpatient,3701WA,15,14,188000.0,12533.33,7000.0,15.0,0.0,0.0
Inpatient,0501PT,17,17,188000.0,11058.82,9000.0,17.0,0.0,0.0
Inpatient,10S0KN,19,19,187000.0,9842.11,6000.0,17.0,2.0,0.0
Inpatient,4521HJ,20,17,187000.0,9350.0,7000.0,20.0,0.0,0.0
Inpatient,4920MC,19,18,186000.0,9789.47,6000.0,19.0,0.0,0.0
Inpatient,0500GJ,24,23,186000.0,7750.0,6500.0,23.0,1.0,0.0
Inpatient,1001BT,18,18,186000.0,10333.33,9000.0,18.0,0.0,0.0
Inpatient,33T18B,20,15,185000.0,9250.0,5500.0,19.0,1.0,0.0
Inpatient,3620NQ,20,19,185000.0,9250.0,7000.0,20.0,0.0,0.0
Inpatient,3200MU,13,10,185000.0,14230.77,7000.0,13.0,0.0,0.0
Inpatient,0401KM,23,23,185000.0,8043.48,5000.0,23.0,0.0,0.0
Inpatient,3920JG,16,16,185000.0,11562.5,7000.0,15.0,1.0,0.0
Inpatient,51006N,15,14,184000.0,12266.67,10000.0,15.0,0.0,0.0
Inpatient,3200WK,28,23,184000.0,6571.43,4500.0,27.0,1.0,0.0
Inpatient,1000HG,28,26,184000.0,6571.43,6500.0,28.0,0.0,0.0
Inpatient,3301TU,21,21,184000.0,8761.9,7000.0,20.0,1.0,0.0
Inpatient,11T2MB,20,16,184000.0,9200.0,6500.0,20.0,0.0,0.0
Inpatient,0501TJ,15,14,183000.0,12200.0,7000.0,14.0,1.0,0.0
Inpatient,5013SR,17,12,183000.0,10764.71,5000.0,17.0,0.0,0.0
Inpatient,34S0XH,15,14,183000.0,12200.0,6000.0,15.0,0.0,0.0
Inpatient,3901UT,22,20,182000.0,8272.73,5500.0,21.0,1.0,0.0
Inpatient,1020GM,15,12,182000.0,12133.33,7000.0,15.0,0.0,0.0
Inpatient,1400XP,22,22,182000.0,8272.73,6500.0,21.0,1.0,0.0
Inpatient,5200QK,27,25,181700.0,6729.63,6000.0,25.0,2.0,0.0
Inpatient,2900TA,18,18,180000.0,10000.0,6000.0,18.0,0.0,0.0
Inpatient,1101ZR,17,11,179300.0,10547.06,9000.0,16.0,1.0,0.0
Inpatient,4501VU,21,19,179000.0,8523.81,6000.0,18.0,3.0,0.0
Inpatient,51RYDX,19,17,179000.0,9421.05,7000.0,19.0,0.0,0.0
Inpatient,0413GB,13,10,179000.0,13769.23,13000.0,12.0,1.0,0.0
Inpatient,1002RR,19,19,178900.0,9415.79,6000.0,17.0,2.0,0.0
Inpatient,0700UU,11,11,178000.0,16181.82,8000.0,11.0,0.0,0.0
Inpatient,4506SU,26,26,178000.0,6846.15,6000.0,26.0,0.0,0.0
Inpatient,0100PH,20,18,178000.0,8900.0,7000.0,19.0,1.0,0.0
Inpatient,3300TS,20,16,177900.0,8895.0,7500.0,18.0,1.0,1.0
Inpatient,1101MJ,21,15,177500.0,8452.38,6000.0,21.0,0.0,0.0
Inpatient,2400QC,18,18,177200.0,9844.44,8000.0,17.0,1.0,0.0
Inpatient,2200YS,16,13,177000.0,11062.5,8500.0,16.0,0.0,0.0
Inpatient,0400QT,22,14,177000.0,8045.45,7500.0,21.0,1.0,0.0
Inpatient,0400NR,22,21,176000.0,8000.0,6000.0,22.0,0.0,0.0
Inpatient,5100XR,24,21,176000.0,7333.33,7000.0,23.0,1.0,0.0
Inpatient,3401ZG,27,20,175600.0,6503.7,4000.0,25.0,2.0,0.0
Inpatient,37016P,16,15,175300.0,10956.25,9000.0,15.0,1.0,0.0
Inpatient,2600DC,22,20,175000.0,7954.55,7500.0,22.0,0.0,0.0
Inpatient,4430YB,17,13,175000.0,10294.12,9000.0,17.0,0.0,0.0
Inpatient,3100PC,15,15,174000.0,11600.0,7000.0,15.0,0.0,0.0
Inpatient,5013RH,13,11,174000.0,13384.62,10000.0,13.0,0.0,0.0
Inpatient,0200HC,16,13,174000.0,10875.0,9000.0,16.0,0.0,0.0
Inpatient,4230DG,21,19,174000.0,8285.71,8000.0,21.0,0.0,0.0
Inpatient,4530QU,12,12,173000.0,14416.67,13500.0,12.0,0.0,0.0
Inpatient,4600UA,17,15,173000.0,10176.47,5000.0,14.0,3.0,0.0
Inpatient,17016H,24,22,173000.0,7208.33,6500.0,24.0,0.0,0.0
Inpatient,3901JQ,16,12,173000.0,10812.5,8500.0,15.0,1.0,0.0
Inpatient,5100GD,15,14,172000.0,11466.67,7000.0,15.0,0.0,0.0
Inpatient,1600HA,13,10,172000.0,13230.77,14000.0,13.0,0.0,0.0
Inpatient,3013JP,21,14,172000.0,8190.48,4000.0,21.0,0.0,0.0
Inpatient,4508RB,19,19,172000.0,9052.63,6000.0,19.0,0.0,0.0
Inpatient,0500MQ,6,6,171000.0,28500.0,24000.0,5.0,1.0,0.0
Inpatient,0301AU,25,23,171000.0,6840.0,6000.0,24.0,1.0,0.0
Inpatient,0300HV,27,25,170000.0,6296.3,5000.0,26.0,1.0,0.0
Inpatient,1513KB,12,8,170000.0,14166.67,11000.0,12.0,0.0,0.0
Inpatient,3413NM,24,20,170000.0,7083.33,5500.0,21.0,3.0,0.0
Inpatient,3301VA,15,13,170000.0,11333.33,7000.0,15.0,0.0,0.0
Inpatient,3600JB,16,15,170000.0,10625.0,10000.0,15.0,1.0,0.0
Inpatient,4530YJ,25,25,170000.0,6800.0,6000.0,24.0,1.0,0.0
Inpatient,4505MS,16,13,170000.0,10625.0,6000.0,15.0,1.0,0.0
Inpatient,0506HN,17,17,169000.0,9941.18,7000.0,17.0,0.0,0.0
Inpatient,42208A,18,17,169000.0,9388.89,9000.0,17.0,1.0,0.0
Inpatient,0501QU,20,20,169000.0,8450.0,6000.0,20.0,0.0,0.0
Inpatient,44016P,18,15,169000.0,9388.89,6000.0,17.0,1.0,0.0
Inpatient,4400JJ,19,9,169000.0,8894.74,7000.0,18.0,1.0,0.0
Inpatient,0520QG,14,14,168000.0,12000.0,8000.0,13.0,1.0,0.0
Inpatient,2501RJ,15,10,168000.0,11200.0,8000.0,14.0,1.0,0.0
Inpatient,10S2XM,20,19,167500.0,8375.0,7500.0,19.0,1.0,0.0
Inpatient,1600UQ,12,8,167030.0,13919.17,9000.0,12.0,0.0,0.0
Inpatient,1200TB,20,18,167000.0,8350.0,5000.0,18.0,2.0,0.0
Inpatient,01006H,9,8,166000.0,18444.44,12000.0,9.0,0.0,0.0
Inpatient,4508HP,12,10,166000.0,13833.33,10500.0,11.0,1.0,0.0
Inpatient,03T0XP,12,12,166000.0,13833.33,12500.0,12.0,0.0,0.0
Inpatient,1413ZC,19,12,165000.0,8684.21,9000.0,19.0,0.0,0.0
Inpatient,0502CD,16,16,165000.0,10312.5,7000.0,12.0,4.0,0.0
Inpatient,2400YU,22,21,164200.0,7463.64,4500.0,20.0,2.0,0.0
Inpatient,2230TM,26,21,164000.0,6307.69,6000.0,23.0,3.0,0.0
Inpatient,4513UQ,11,9,164000.0,14909.09,19000.0,11.0,0.0,0.0
Inpatient,14T1JB,18,12,164000.0,9111.11,7500.0,18.0,0.0,0.0
Inpatient,3900YR,15,15,164000.0,10933.33,9000.0,14.0,1.0,0.0
Inpatient,3300MS,10,10,164000.0,16400.0,10500.0,10.0,0.0,0.0
Inpatient,1101WN,19,16,163900.0,8626.32,4000.0,19.0,0.0,0.0
Inpatient,4240GQ,21,18,163000.0,7761.9,5000.0,21.0,0.0,0.0
Inpatient,0505DJ,15,15,163000.0,10866.67,6000.0,15.0,0.0,0.0
Inpatient,44018H,13,12,163000.0,12538.46,11000.0,13.0,0.0,0.0
Inpatient,1001HK,16,16,163000.0,10187.5,9500.0,15.0,1.0,0.0
Inpatient,2601MN,19,17,163000.0,8578.95,4000.0,19.0,0.0,0.0
Inpatient,4501ZC,12,11,163000.0,13583.33,8000.0,12.0,0.0,0.0
Inpatient,33016Q,18,17,163000.0,9055.56,6500.0,18.0,0.0,0.0
Inpatient,3300PU,21,13,163000.0,7761.9,7000.0,21.0,0.0,0.0
Inpatient,23T1ZR,17,17,162000.0,9529.41,8000.0,15.0,2.0,0.0
Inpatient,2400MP,11,11,162000.0,14727.27,8000.0,11.0,0.0,0.0
Inpatient,3903NT,9,8,162000.0,18000.0,9000.0,8.0,1.0,0.0
Inpatient,47008S,14,10,160080.0,11434.29,8500.0,14.0,0.0,0.0
Inpatient,24T0BB,20,17,160000.0,8000.0,5500.0,20.0,0.0,0.0
Inpatient,2300PV,12,8,160000.0,13333.33,8500.0,11.0,1.0,0.0
Inpatient,3702VR,14,12,159900.0,11421.43,7000.0,14.0,0.0,0.0
Inpatient,4506MP,19,17,159600.0,8400.0,8000.0,19.0,0.0,0.0
Inpatient,52008K,16,13,159000.0,9937.5,8500.0,16.0,0.0,0.0
Inpatient,2400JT,18,18,159000.0,8833.33,8000.0,17.0,1.0,0.0
Inpatient,0400ZA,16,13,159000.0,9937.5,7000.0,15.0,1.0,0.0
Inpatient,1530YA,14,14,158000.0,11285.71,6000.0,13.0,1.0,0.0
Inpatient,2401GC,16,13,158000.0,9875.0,9500.0,16.0,0.0,0.0
Inpatient,2601ZG,12,12,158000.0,13166.67,7500.0,11.0,1.0,0.0
Inpatient,4401GN,13,13,158000.0,12153.85,10000.0,12.0,1.0,0.0
Inpatient,15T1AM,18,11,157000.0,8722.22,8500.0,18.0,0.0,0.0
Inpatient,3900DJ,26,21,157000.0,6038.46,5500.0,26.0,0.0,0.0
Inpatient,1000DT,16,16,157000.0,9812.5,8000.0,15.0,1.0,0.0
Inpatient,44T1MT,13,12,157000.0,12076.92,6000.0,13.0,0.0,0.0
Inpatient,0501US,18,18,157000.0,8722.22,5000.0,18.0,0.0,0.0
Inpatient,3400NR,13,12,156000.0,12000.0,5000.0,13.0,0.0,0.0
Inpatient,2800ZD,21,12,156000.0,7428.57,6000.0,21.0,0.0,0.0
Inpatient,1600PJ,22,19,156000.0,7090.91,5500.0,22.0,0.0,0.0
Inpatient,4530UC,16,15,155000.0,9687.5,10500.0,16.0,0.0,0.0
Inpatient,05S7DQ,13,13,155000.0,11923.08,11000.0,12.0,1.0,0.0
Inpatient,33S1VG,12,10,155000.0,12916.67,10000.0,11.0,1.0,0.0
Inpatient,4500TQ,20,17,154600.0,7730.0,6500.0,20.0,0.0,0.0
Inpatient,2400DP,17,17,154000.0,9058.82,8000.0,16.0,1.0,0.0
Inpatient,4001PH,12,9,154000.0,12833.33,9000.0,11.0,1.0,0.0
Inpatient,4000DJ,18,18,154000.0,8555.56,7500.0,18.0,0.0,0.0
Inpatient,31S0WC,16,16,154000.0,9625.0,8000.0,16.0,0.0,0.0
Inpatient,14T0JH,8,8,152000.0,19000.0,14500.0,8.0,0.0,0.0
Inpatient,3701ZN,17,17,152000.0,8941.18,7000.0,16.0,1.0,0.0
Inpatient,3200CM,5,5,152000.0,30400.0,25000.0,5.0,0.0,0.0
Inpatient,39026G,12,12,152000.0,12666.67,8500.0,11.0,1.0,0.0
Inpatient,0101SK,17,15,152000.0,8941.18,7000.0,15.0,2.0,0.0
Inpatient,3400CG,12,10,151800.0,12650.0,8000.0,12.0,0.0,0.0
Inpatient,3013GK,13,7,151000.0,11615.38,7000.0,13.0,0.0,0.0
Inpatient,2500DS,19,17,151000.0,7947.37,7000.0,18.0,1.0,0.0
Inpatient,05018D,26,25,151000.0,5807.69,4500.0,25.0,1.0,0.0
Inpatient,3400YV,11,9,151000.0,13727.27,10000.0,10.0,1.0,0.0
Inpatient,3700JN,17,16,151000.0,8882.35,7000.0,17.0,0.0,0.0
Inpatient,3140XB,16,16,150000.0,9375.0,6000.0,16.0,0.0,0.0
Inpatient,3100DH,17,17,150000.0,8823.53,8000.0,16.0,1.0,0.0
Inpatient,1901QT,11,10,150000.0,13636.36,9000.0,11.0,0.0,0.0
Inpatient,4500XN,19,15,150000.0,7894.74,5000.0,19.0,0.0,0.0
Inpatient,4502UC,11,10,150000.0,13636.36,8000.0,11.0,0.0,0.0
Inpatient,43WNSB,13,10,150000.0,11538.46,8000.0,12.0,1.0,0.0
Inpatient,23006P,21,18,149700.0,7128.57,6000.0,21.0,0.0,0.0
Inpatient,3303SM,18,14,149400.0,8300.0,7500.0,17.0,1.0,0.0
Inpatient,1513AV,16,5,149000.0,9312.5,7000.0,15.0,1.0,0.0
Inpatient,3902VH,21,21,149000.0,7095.24,5000.0,21.0,0.0,0.0
Inpatient,33T1ZP,14,14,148300.0,10592.86,7500.0,14.0,0.0,0.0
Inpatient,1000SS,15,15,148000.0,9866.67,6000.0,15.0,0.0,0.0
Inpatient,05016C,17,17,148000.0,8705.88,7000.0,16.0,1.0,0.0
Inpatient,44T08G,24,21,148000.0,6166.67,4500.0,22.0,2.0,0.0
Inpatient,2600ZM,13,13,148000.0,11384.62,7000.0,13.0,0.0,0.0
Inpatient,52S0NB,9,7,148000.0,16444.44,11000.0,9.0,0.0,0.0
Inpatient,1901TA,12,11,148000.0,12333.33,11000.0,12.0,0.0,0.0
Inpatient,45T6XG,12,12,147000.0,12250.0,7000.0,11.0,1.0,0.0
Inpatient,4508PV,16,15,147000.0,9187.5,6500.0,15.0,1.0,0.0
Inpatient,1401TM,18,15,147000.0,8166.67,6000.0,18.0,0.0,0.0
Inpatient,1901HK,17,17,147000.0,8647.06,6000.0,17.0,0.0,0.0
Inpatient,1900DN,16,11,147000.0,9187.5,7500.0,15.0,1.0,0.0
Inpatient,4600UQ,14,13,147000.0,10500.0,8000.0,14.0,0.0,0.0
Inpatient,10T0RA,19,18,146900.0,7731.58,7000.0,19.0,0.0,0.0
Inpatient,0300XK,14,13,146000.0,10428.57,7000.0,14.0,0.0,0.0
Inpatient,4201AV,14,13,146000.0,10428.57,7000.0,14.0,0.0,0.0
Inpatient,0502KU,13,13,146000.0,11230.77,7000.0,12.0,1.0,0.0
Inpatient,05T3KM,22,20,145900.0,6631.82,6000.0,22.0,0.0,0.0
Inpatient,19ZYBA,8,7,145000.0,18125.0,10500.0,8.0,0.0,0.0
Inpatient,48QBWD,15,13,145000.0,9666.67,8000.0,15.0,0.0,0.0
Inpatient,0413NB,10,8,145000.0,14500.0,9000.0,10.0,0.0,0.0
Inpatient,3300PD,20,17,144600.0,7230.0,4000.0,20.0,0.0,0.0
Inpatient,2801DC,8,6,144000.0,18000.0,12500.0,7.0,1.0,0.0
Inpatient,2600XR,18,18,144000.0,8000.0,6000.0,18.0,0.0,0.0
Inpatient,0507UQ,12,12,144000.0,12000.0,7500.0,12.0,0.0,0.0
Inpatient,4900XT,10,4,144000.0,14400.0,12000.0,10.0,0.0,0.0
Inpatient,2913GC,16,8,143800.0,8987.5,8000.0,15.0,0.0,1.0
Inpatient,36S0CN,18,16,143400.0,7966.67,6000.0,18.0,0.0,0.0
Inpatient,3700DH,13,10,143000.0,11000.0,7000.0,13.0,0.0,0.0
Inpatient,2601WB,11,10,143000.0,13000.0,7000.0,11.0,0.0,0.0
Inpatient,39S0PA,16,14,143000.0,8937.5,7500.0,16.0,0.0,0.0
Inpatient,28008Q,18,16,143000.0,7944.44,5000.0,18.0,0.0,0.0
Inpatient,0501KV,8,8,143000.0,17875.0,5500.0,8.0,0.0,0.0
Inpatient,4520AD,17,17,143000.0,8411.76,7000.0,16.0,1.0,0.0
Inpatient,1402RA,18,15,143000.0,7944.44,8000.0,18.0,0.0,0.0
Inpatient,4502QU,17,16,143000.0,8411.76,8000.0,17.0,0.0,0.0
Inpatient,3800CH,10,9,143000.0,14300.0,8000.0,10.0,0.0,0.0
Inpatient,4400VG,11,10,143000.0,13000.0,11000.0,11.0,0.0,0.0
Inpatient,3700TQ,13,10,143000.0,11000.0,5000.0,13.0,0.0,0.0
Inpatient,1513PG,11,9,143000.0,13000.0,8000.0,11.0,0.0,0.0
Inpatient,1500GP,17,16,142900.0,8405.88,6000.0,17.0,0.0,0.0
Inpatient,4506QC,10,10,142400.0,14240.0,6500.0,9.0,1.0,0.0
Inpatient,39S2AQ,8,7,142000.0,17750.0,5500.0,7.0,1.0,0.0
Inpatient,4507WT,16,15,142000.0,8875.0,5500.0,16.0,0.0,0.0
Inpatient,0502ZV,20,20,142000.0,7100.0,5000.0,20.0,0.0,0.0
Inpatient,1500DU,12,11,142000.0,11833.33,7500.0,11.0,1.0,0.0
Inpatient,4930XJ,18,17,142000.0,7888.89,7500.0,18.0,0.0,0.0
Inpatient,5200CD,17,13,141000.0,8294.12,7000.0,16.0,1.0,0.0
Inpatient,3100NR,11,9,141000.0,12818.18,11000.0,11.0,0.0,0.0
Inpatient,1300GQ,12,10,141000.0,11750.0,8500.0,12.0,0.0,0.0
Inpatient,0100HV,18,12,141000.0,7833.33,6000.0,18.0,0.0,0.0
Inpatient,05T4VC,14,14,141000.0,10071.43,9500.0,13.0,1.0,0.0
Inpatient,2601GP,16,13,141000.0,8812.5,6500.0,16.0,0.0,0.0
Inpatient,20XZTG,13,12,140200.0,10784.62,7000.0,13.0,0.0,0.0
Inpatient,0300AQ,5,4,140000.0,28000.0,18000.0,5.0,0.0,0.0
Inpatient,1020XJ,11,11,140000.0,12727.27,7000.0,11.0,0.0,0.0
Inpatient,03008A,14,14,140000.0,10000.0,6000.0,14.0,0.0,0.0
Inpatient,1000WJ,9,9,140000.0,15555.56,9000.0,9.0,0.0,0.0
Inpatient,0413KV,10,9,139000.0,13900.0,7500.0,10.0,0.0,0.0
Inpatient,3000PK,12,11,139000.0,11583.33,9500.0,12.0,0.0,0.0
Inpatient,2100AK,10,10,139000.0,13900.0,16500.0,9.0,1.0,0.0
Inpatient,0101RJ,12,12,139000.0,11583.33,9500.0,12.0,0.0,0.0
Inpatient,14006K,14,14,139000.0,9928.57,6500.0,13.0,1.0,0.0
Inpatient,0630GB,11,11,138000.0,12545.45,7000.0,11.0,0.0,0.0
Inpatient,5000AM,19,19,138000.0,7263.16,6000.0,19.0,0.0,0.0
Inpatient,3813VD,15,13,138000.0,9200.0,7000.0,15.0,0.0,0.0
Inpatient,07S0YT,16,16,138000.0,8625.0,6000.0,13.0,3.0,0.0
Inpatient,5000MQ,20,14,137800.0,6890.0,5000.0,17.0,2.0,1.0
Inpatient,0507ZH,11,11,137800.0,12527.27,6000.0,11.0,0.0,0.0
Inpatient,4506GQ,8,8,137000.0,17125.0,10500.0,8.0,0.0,0.0
Inpatient,50008M,8,7,137000.0,17125.0,9500.0,8.0,0.0,0.0
Inpatient,04S0HU,14,11,137000.0,9785.71,8500.0,13.0,1.0,0.0
Inpatient,13T06M,14,11,137000.0,9785.71,8000.0,13.0,1.0,0.0
Inpatient,3913XU,23,19,136000.0,5913.04,5000.0,21.0,2.0,0.0
Inpatient,5100UD,18,15,136000.0,7555.56,7000.0,18.0,0.0,0.0
Inpatient,0500XG,10,10,136000.0,13600.0,9500.0,10.0,0.0,0.0
Inpatient,0413JU,9,8,135000.0,15000.0,10000.0,9.0,0.0,0.0
Inpatient,0100HQ,13,12,135000.0,10384.62,5000.0,13.0,0.0,0.0
Inpatient,04008M,13,11,135000.0,10384.62,7000.0,13.0,0.0,0.0
Inpatient,05T2TU,18,18,135000.0,7500.0,7000.0,18.0,0.0,0.0
Inpatient,1801VJ,13,13,134000.0,10307.69,5000.0,13.0,0.0,0.0
Inpatient,1340TM,13,12,134000.0,10307.69,7000.0,12.0,1.0,0.0
Inpatient,1001SG,18,18,134000.0,7444.44,7000.0,18.0,0.0,0.0
Inpatient,37S0VJ,14,14,134000.0,9571.43,7000.0,14.0,0.0,0.0
Inpatient,2500DK,15,13,134000.0,8933.33,8000.0,13.0,2.0,0.0
Inpatient,2813UC,10,6,134000.0,13400.0,13000.0,10.0,0.0,0.0
Inpatient,2602CN,14,13,133000.0,9500.0,8000.0,14.0,0.0,0.0
Inpatient,4520CQ,19,18,132900.0,6994.74,5000.0,19.0,0.0,0.0
Inpatient,3900VN,13,11,132000.0,10153.85,6000.0,13.0,0.0,0.0
Inpatient,26RVZC,15,15,132000.0,8800.0,9000.0,15.0,0.0,0.0
Inpatient,3401GP,10,10,132000.0,13200.0,9500.0,10.0,0.0,0.0
Inpatient,4501ZS,20,19,132000.0,6600.0,5500.0,19.0,1.0,0.0
Inpatient,2302SU,17,16,131060.0,7709.41,5000.0,16.0,1.0,0.0
Inpatient,0513ZU,9,8,131000.0,14555.56,10000.0,9.0,0.0,0.0
Inpatient,44T1NU,10,10,131000.0,13100.0,9000.0,10.0,0.0,0.0
Inpatient,0501VT,18,16,131000.0,7277.78,5000.0,18.0,0.0,0.0
Inpatient,36006V,20,19,131000.0,6550.0,4000.0,18.0,2.0,0.0
Inpatient,4600SU,15,15,131000.0,8733.33,9000.0,15.0,0.0,0.0
Inpatient,5013HD,18,13,131000.0,7277.78,7000.0,18.0,0.0,0.0
Inpatient,3300QV,7,7,131000.0,18714.29,8000.0,7.0,0.0,0.0
Inpatient,2300NN,12,12,130400.0,10866.67,6000.0,11.0,1.0,0.0
Inpatient,4540UG,15,14,130300.0,8686.67,5000.0,15.0,0.0,0.0
Inpatient,3700TA,19,8,130000.0,6842.11,5000.0,19.0,0.0,0.0
Inpatient,49T06S,19,15,130000.0,6842.11,6000.0,19.0,0.0,0.0
Inpatient,4600CD,10,10,130000.0,13000.0,12500.0,10.0,0.0,0.0
Inpatient,0502CN,12,12,130000.0,10833.33,6500.0,12.0,0.0,0.0
Inpatient,3100XG,11,11,130000.0,11818.18,6000.0,11.0,0.0,0.0
Inpatient,3901KJ,17,17,130000.0,7647.06,7000.0,17.0,0.0,0.0
Inpatient,0505CH,19,18,130000.0,6842.11,5000.0,19.0,0.0,0.0
Inpatient,1800MB,13,13,129200.0,9938.46,9000.0,12.0,1.0,0.0
Inpatient,3602DB,15,14,129000.0,8600.0,6000.0,14.0,1.0,0.0
Inpatient,33S2YH,13,13,129000.0,9923.08,10000.0,13.0,0.0,0.0
Inpatient,3304TH,13,12,129000.0,9923.08,6000.0,13.0,0.0,0.0
Inpatient,4501HN,20,14,129000.0,6450.0,5500.0,19.0,1.0,0.0
Inpatient,0506GM,18,17,129000.0,7166.67,6500.0,17.0,1.0,0.0
Inpatient,5000NB,15,15,128080.0,8538.67,7000.0,15.0,0.0,0.0
Inpatient,4507SP,18,12,128000.0,7111.11,6000.0,17.0,1.0,0.0
Inpatient,1701AA,10,10,128000.0,12800.0,9500.0,10.0,0.0,0.0
Inpatient,0300PQ,8,8,128000.0,16000.0,11000.0,8.0,0.0,0.0
Inpatient,3200AJ,8,6,128000.0,16000.0,9000.0,8.0,0.0,0.0
Inpatient,42S0NU,16,15,128000.0,8000.0,6500.0,16.0,0.0,0.0
Inpatient,3601QJ,12,12,127000.0,10583.33,9000.0,12.0,0.0,0.0
Inpatient,4001BB,14,13,127000.0,9071.43,8000.0,13.0,1.0,0.0
Inpatient,3900CH,11,11,127000.0,11545.45,7000.0,11.0,0.0,0.0
Inpatient,30T0RK,12,11,126500.0,10541.67,7000.0,12.0,0.0,0.0
Inpatient,1002BJ,20,18,126100.0,6305.0,4000.0,19.0,1.0,0.0
Inpatient,2240JG,8,8,126000.0,15750.0,13500.0,8.0,0.0,0.0
Inpatient,3401UV,15,12,126000.0,8400.0,6000.0,14.0,1.0,0.0
Inpatient,1401HG,16,12,126000.0,7875.0,6000.0,14.0,2.0,0.0
Inpatient,38T0WP,17,14,125000.0,7352.94,5000.0,15.0,2.0,0.0
Inpatient,0400XU,18,18,124000.0,6888.89,5500.0,16.0,2.0,0.0
Inpatient,2500XR,13,11,124000.0,9538.46,6000.0,13.0,0.0,0.0
Inpatient,5213CM,17,16,124000.0,7294.12,7000.0,15.0,2.0,0.0
Inpatient,1401AH,14,10,124000.0,8857.14,7500.0,14.0,0.0,0.0
Inpatient,45028N,11,6,124000.0,11272.73,8000.0,10.0,1.0,0.0
Inpatient,05006B,13,13,124000.0,9538.46,9000.0,13.0,0.0,0.0
Inpatient,4300DV,11,11,123800.0,11254.55,5000.0,11.0,0.0,0.0
Inpatient,4401QA,10,9,123700.0,12370.0,9000.0,9.0,1.0,0.0
Inpatient,0400AM,11,9,123000.0,11181.82,9000.0,10.0,1.0,0.0
Inpatient,6730UR,11,11,123000.0,11181.82,10000.0,11.0,0.0,0.0
Inpatient,4505NT,10,8,123000.0,12300.0,8500.0,10.0,0.0,0.0
Inpatient,1200RV,18,16,123000.0,6833.33,5500.0,18.0,0.0,0.0
Inpatient,2200MC,13,13,122090.0,9391.54,5000.0,13.0,0.0,0.0
Inpatient,4521XD,7,7,122000.0,17428.57,13000.0,7.0,0.0,0.0
Inpatient,1813RV,12,8,122000.0,10166.67,6500.0,12.0,0.0,0.0
Inpatient,1200UC,9,9,122000.0,13555.56,9000.0,9.0,0.0,0.0
Inpatient,33S2CP,14,14,122000.0,8714.29,7000.0,14.0,0.0,0.0
Inpatient,2520UG,12,10,122000.0,10166.67,7000.0,12.0,0.0,0.0
Inpatient,34006B,12,7,122000.0,10166.67,7500.0,12.0,0.0,0.0
Inpatient,2401QP,11,11,122000.0,11090.91,8000.0,11.0,0.0,0.0
Inpatient,49S0JQ,17,12,121000.0,7117.65,8000.0,17.0,0.0,0.0
Inpatient,1800AN,13,12,121000.0,9307.69,8000.0,12.0,1.0,0.0
Inpatient,0502UA,18,18,121000.0,6722.22,6500.0,17.0,1.0,0.0
Inpatient,3901NC,15,12,121000.0,8066.67,8000.0,15.0,0.0,0.0
Inpatient,1513MC,11,7,120700.0,10972.73,8000.0,11.0,0.0,0.0
Inpatient,4506CD,9,9,120000.0,13333.33,8000.0,8.0,1.0,0.0
Inpatient,3900TB,9,8,120000.0,13333.33,9000.0,9.0,0.0,0.0
Inpatient,0100NP,6,6,120000.0,20000.0,5500.0,6.0,0.0,0.0
Inpatient,3400PK,9,7,120000.0,13333.33,5000.0,9.0,0.0,0.0
Inpatient,11T0JN,19,15,120000.0,6315.79,4000.0,19.0,0.0,0.0
Inpatient,1120MN,12,12,120000.0,10000.0,7500.0,12.0,0.0,0.0
Inpatient,11008V,11,8,120000.0,10909.09,6000.0,11.0,0.0,0.0
Inpatient,4900UQ,17,17,119500.0,7029.41,6000.0,17.0,0.0,0.0
Inpatient,0505QU,12,12,119000.0,9916.67,9000.0,12.0,0.0,0.0
Inpatient,1002TM,9,9,119000.0,13222.22,10000.0,9.0,0.0,0.0
Inpatient,0504WG,16,16,119000.0,7437.5,6500.0,16.0,0.0,0.0
Inpatient,4200YN,18,17,119000.0,6611.11,5000.0,17.0,1.0,0.0
Inpatient,1601JV,15,12,118200.0,7880.0,6000.0,13.0,2.0,0.0
Inpatient,2301YM,8,8,118000.0,14750.0,12000.0,7.0,1.0,0.0
Inpatient,19016K,11,4,118000.0,10727.27,9000.0,11.0,0.0,0.0
Inpatient,3400KG,11,10,118000.0,10727.27,8000.0,11.0,0.0,0.0
Inpatient,4506XT,15,13,118000.0,7866.67,6000.0,15.0,0.0,0.0
Inpatient,0100SM,16,10,118000.0,7375.0,6000.0,16.0,0.0,0.0
Inpatient,4507XU,16,14,118000.0,7375.0,7500.0,16.0,0.0,0.0
Inpatient,1500WB,12,12,118000.0,9833.33,7500.0,12.0,0.0,0.0
Inpatient,3200RC,12,12,118000.0,9833.33,7500.0,12.0,0.0,0.0
Inpatient,4400SS,12,12,118000.0,9833.33,8500.0,12.0,0.0,0.0
Inpatient,3100BU,11,11,117000.0,10636.36,10000.0,11.0,0.0,0.0
Inpatient,1540JG,13,13,116600.0,8969.23,9000.0,12.0,1.0,0.0
Inpatient,05T0BC,12,12,116000.0,9666.67,10000.0,12.0,0.0,0.0
Inpatient,1701HQ,10,9,116000.0,11600.0,5500.0,10.0,0.0,0.0
Inpatient,1902SH,8,8,116000.0,14500.0,9500.0,8.0,0.0,0.0
Inpatient,3100KV,18,18,116000.0,6444.44,5000.0,17.0,1.0,0.0
Inpatient,1001TH,9,7,116000.0,12888.89,10000.0,9.0,0.0,0.0
Inpatient,0506ZC,14,13,115000.0,8214.29,8000.0,14.0,0.0,0.0
Inpatient,2413QQ,12,9,115000.0,9583.33,6000.0,12.0,0.0,0.0
Inpatient,1700NN,15,13,115000.0,7666.67,7000.0,13.0,2.0,0.0
Inpatient,4000GK,6,6,115000.0,19166.67,10500.0,6.0,0.0,0.0
Inpatient,39S1HK,10,10,115000.0,11500.0,8500.0,10.0,0.0,0.0
Inpatient,31S0TV,17,16,115000.0,6764.71,5000.0,17.0,0.0,0.0
Inpatient,0506RQ,11,11,115000.0,10454.55,5000.0,11.0,0.0,0.0
Inpatient,19S0YG,7,7,115000.0,16428.57,6000.0,7.0,0.0,0.0
Inpatient,0120PC,13,12,114000.0,8769.23,8000.0,12.0,1.0,0.0
Inpatient,4507DH,13,12,114000.0,8769.23,6000.0,13.0,0.0,0.0
Inpatient,05S3VA,7,7,114000.0,16285.71,14000.0,7.0,0.0,0.0
Inpatient,1200WG,6,6,113000.0,18833.33,10000.0,6.0,0.0,0.0
Inpatient,3101NQ,15,15,113000.0,7533.33,5000.0,14.0,1.0,0.0
Inpatient,0600DG,10,10,113000.0,11300.0,6000.0,10.0,0.0,0.0
Inpatient,33S18P,9,9,113000.0,12555.56,9000.0,9.0,0.0,0.0
Inpatient,0500CP,14,12,113000.0,8071.43,4500.0,13.0,1.0,0.0
Inpatient,3602KJ,16,14,113000.0,7062.5,4000.0,16.0,0.0,0.0
Inpatient,2613MR,7,6,113000.0,16142.86,12000.0,7.0,0.0,0.0
Inpatient,0503XM,12,12,112000.0,9333.33,5000.0,12.0,0.0,0.0
Inpatient,4200HA,11,10,112000.0,10181.82,9000.0,11.0,0.0,0.0
Inpatient,3200UH,14,11,112000.0,8000.0,8000.0,13.0,1.0,0.0
Inpatient,0400TQ,12,11,112000.0,9333.33,6000.0,12.0,0.0,0.0
Inpatient,3800JG,14,13,112000.0,8000.0,5000.0,14.0,0.0,0.0
Inpatient,4900QK,11,9,112000.0,10181.82,8000.0,10.0,1.0,0.0
Inpatient,1401UU,9,9,111800.0,12422.22,5000.0,8.0,0.0,1.0
Inpatient,45T0QQ,16,14,111500.0,6968.75,6000.0,16.0,0.0,0.0
Inpatient,1400ZA,12,9,111000.0,9250.0,7000.0,12.0,0.0,0.0
Inpatient,0500YH,11,11,111000.0,10090.91,8000.0,11.0,0.0,0.0
Inpatient,1800DJ,8,5,111000.0,13875.0,11000.0,8.0,0.0,0.0
Inpatient,2501AV,10,9,111000.0,11100.0,10500.0,10.0,0.0,0.0
Inpatient,3100CV,15,12,111000.0,7400.0,6000.0,15.0,0.0,0.0
Inpatient,2220TG,17,17,111000.0,6529.41,5000.0,17.0,0.0,0.0
Inpatient,3302TM,9,8,111000.0,12333.33,5000.0,9.0,0.0,0.0
Inpatient,1701MN,8,8,111000.0,13875.0,8000.0,8.0,0.0,0.0
Inpatient,0500TA,7,7,111000.0,15857.14,7000.0,7.0,0.0,0.0
Inpatient,0300JK,10,10,111000.0,11100.0,7500.0,10.0,0.0,0.0
Inpatient,1120AA,10,6,110000.0,11000.0,11500.0,10.0,0.0,0.0
Inpatient,4900MP,8,6,110000.0,13750.0,13500.0,8.0,0.0,0.0
Inpatient,3800MJ,17,16,110000.0,6470.59,6000.0,17.0,0.0,0.0
Inpatient,5000CP,10,9,110000.0,11000.0,6500.0,10.0,0.0,0.0
Inpatient,1003VC,8,8,109400.0,13675.0,10500.0,8.0,0.0,0.0
Inpatient,3100SV,11,11,109000.0,9909.09,7000.0,11.0,0.0,0.0
Inpatient,3301GP,17,17,109000.0,6411.76,6000.0,16.0,1.0,0.0
Inpatient,22S0ZT,10,10,109000.0,10900.0,10000.0,10.0,0.0,0.0
Inpatient,0100UV,10,9,109000.0,10900.0,6000.0,10.0,0.0,0.0
Inpatient,3701ZD,9,8,109000.0,12111.11,6000.0,9.0,0.0,0.0
Inpatient,4100AC,14,12,109000.0,7785.71,6000.0,14.0,0.0,0.0
Inpatient,3600KC,9,7,109000.0,12111.11,9000.0,9.0,0.0,0.0
Inpatient,3300UM,17,16,109000.0,6411.76,7000.0,16.0,1.0,0.0
Inpatient,5213CT,10,7,109000.0,10900.0,7000.0,9.0,1.0,0.0
Inpatient,0501HM,13,13,109000.0,8384.62,5000.0,12.0,1.0,0.0
Inpatient,4507HK,5,5,109000.0,21800.0,13000.0,5.0,0.0,0.0
Inpatient,2301MD,17,17,108040.0,6355.29,5000.0,16.0,1.0,0.0
Inpatient,0506WV,15,15,108000.0,7200.0,7000.0,12.0,3.0,0.0
Inpatient,50138G,14,7,108000.0,7714.29,5000.0,14.0,0.0,0.0
Inpatient,36T0AC,14,12,108000.0,7714.29,7000.0,14.0,0.0,0.0
Inpatient,3713TD,8,6,108000.0,13500.0,6500.0,8.0,0.0,0.0
Inpatient,3401TG,12,11,107700.0,8975.0,7500.0,12.0,0.0,0.0
Inpatient,2600KB,14,10,107200.0,7657.14,8000.0,14.0,0.0,0.0
Inpatient,14S1TN,6,6,107000.0,17833.33,8000.0,6.0,0.0,0.0
Inpatient,1600YU,14,10,107000.0,7642.86,6000.0,14.0,0.0,0.0
Inpatient,3601QR,9,8,107000.0,11888.89,8000.0,8.0,1.0,0.0
Inpatient,14T0PN,16,15,107000.0,6687.5,5000.0,16.0,0.0,0.0
Inpatient,4503ZC,14,9,107000.0,7642.86,5000.0,14.0,0.0,0.0
Inpatient,3913VS,13,11,107000.0,8230.77,6000.0,12.0,1.0,0.0
Inpatient,49S06D,11,10,107000.0,9727.27,6000.0,11.0,0.0,0.0
Inpatient,5213UH,16,11,107000.0,6687.5,5000.0,15.0,1.0,0.0
Inpatient,1800CH,9,9,106000.0,11777.78,6000.0,9.0,0.0,0.0
Inpatient,45S0QB,9,9,106000.0,11777.78,5000.0,8.0,1.0,0.0
Inpatient,0300YT,6,6,106000.0,17666.67,6500.0,6.0,0.0,0.0
Inpatient,3903HN,11,10,105300.0,9572.73,9000.0,11.0,0.0,0.0
Inpatient,4430ZC,15,15,105000.0,7000.0,6000.0,15.0,0.0,0.0
Inpatient,42S0VH,5,5,105000.0,21000.0,9000.0,5.0,0.0,0.0
Inpatient,1800CQ,9,7,105000.0,11666.67,7000.0,9.0,0.0,0.0
Inpatient,3302WH,14,9,104800.0,7485.71,6500.0,11.0,2.0,1.0
Inpatient,4300XN,13,8,104000.0,8000.0,6000.0,13.0,0.0,0.0
Inpatient,2100PB,12,12,104000.0,8666.67,7500.0,12.0,0.0,0.0
Inpatient,2800WA,5,4,104000.0,20800.0,12000.0,5.0,0.0,0.0
Inpatient,1401VV,12,12,104000.0,8666.67,7000.0,11.0,1.0,0.0
Inpatient,1002UU,8,8,104000.0,13000.0,10000.0,7.0,1.0,0.0
Inpatient,1200VD,13,12,104000.0,8000.0,8000.0,13.0,0.0,0.0
Inpatient,0100BB,14,12,104000.0,7428.57,5000.0,12.0,2.0,0.0
Inpatient,2600HU,12,10,103000.0,8583.33,8000.0,12.0,0.0,0.0
Inpatient,23028S,10,9,103000.0,10300.0,9000.0,10.0,0.0,0.0
Inpatient,1000ZD,8,8,103000.0,12875.0,10000.0,7.0,1.0,0.0
Inpatient,3300RQ,8,8,103000.0,12875.0,12000.0,8.0,0.0,0.0
Inpatient,05058N,11,11,103000.0,9363.64,9000.0,9.0,2.0,0.0
Inpatient,4502HM,11,9,103000.0,9363.64,9000.0,11.0,0.0,0.0
Inpatient,33T08B,9,9,103000.0,11444.44,6000.0,9.0,0.0,0.0
Inpatient,3301SD,13,12,102000.0,7846.15,7000.0,13.0,0.0,0.0
Inpatient,30T0QJ,8,8,102000.0,12750.0,11500.0,8.0,0.0,0.0
Inpatient,49T0BU,14,13,102000.0,7285.71,5500.0,14.0,0.0,0.0
Inpatient,0101RR,9,9,102000.0,11333.33,9000.0,9.0,0.0,0.0
Inpatient,3500VG,13,9,101000.0,7769.23,5000.0,12.0,1.0,0.0
Inpatient,1413DK,11,5,101000.0,9181.82,7000.0,10.0,1.0,0.0
Inpatient,3702KD,10,10,101000.0,10100.0,6000.0,10.0,0.0,0.0
Inpatient,33S3KN,8,8,101000.0,12625.0,9000.0,8.0,0.0,0.0
Inpatient,1001YP,6,6,101000.0,16833.33,7500.0,5.0,1.0,0.0
Inpatient,5100CR,11,9,101000.0,9181.82,7000.0,11.0,0.0,0.0
Inpatient,1930YK,14,10,100800.0,7200.0,6000.0,14.0,0.0,0.0
Inpatient,1700TT,7,7,100000.0,14285.71,8000.0,7.0,0.0,0.0
Inpatient,6700BU,8,8,100000.0,12500.0,8500.0,8.0,0.0,0.0
Inpatient,4513RT,11,9,100000.0,9090.91,10000.0,11.0,0.0,0.0
Inpatient,4402KJ,17,16,99500.0,5852.94,5000.0,16.0,1.0,0.0
Inpatient,3903YB,10,9,99000.0,9900.0,6500.0,9.0,1.0,0.0
Inpatient,6700ZB,17,16,99000.0,5823.53,5000.0,16.0,1.0,0.0
Inpatient,1613CK,12,9,99000.0,8250.0,7500.0,11.0,1.0,0.0
Inpatient,4640AK,9,9,99000.0,11000.0,8000.0,9.0,0.0,0.0
Inpatient,15T0SN,10,10,99000.0,9900.0,8000.0,10.0,0.0,0.0
Inpatient,0100JB,15,14,99000.0,6600.0,6000.0,15.0,0.0,0.0
Inpatient,4508NN,14,8,99000.0,7071.43,6500.0,13.0,1.0,0.0
Inpatient,3600BB,16,10,99000.0,6187.5,6000.0,15.0,1.0,0.0
Inpatient,52008B,9,8,99000.0,11000.0,6000.0,9.0,0.0,0.0
Inpatient,05T3JK,10,10,99000.0,9900.0,7000.0,10.0,0.0,0.0
Inpatient,4501MS,10,9,99000.0,9900.0,8000.0,10.0,0.0,0.0
Inpatient,2300CK,14,12,98000.0,7000.0,5500.0,14.0,0.0,0.0
Inpatient,5213YN,4,4,98000.0,24500.0,17500.0,4.0,0.0,0.0
Inpatient,1930JA,7,7,98000.0,14000.0,8000.0,6.0,1.0,0.0
Inpatient,4506YG,17,11,98000.0,5764.71,5000.0,17.0,0.0,0.0
Inpatient,2401KJ,9,6,97100.0,10788.89,9000.0,8.0,1.0,0.0
Inpatient,05T0MP,9,9,97000.0,10777.78,9000.0,9.0,0.0,0.0
Inpatient,15006H,11,9,97000.0,8818.18,7000.0,11.0,0.0,0.0
Inpatient,05078K,11,11,97000.0,8818.18,7000.0,10.0,1.0,0.0
Inpatient,1300RT,12,8,97000.0,8083.33,6500.0,12.0,0.0,0.0
Inpatient,24008S,14,10,97000.0,6928.57,8000.0,13.0,1.0,0.0
Inpatient,1000SC,11,10,97000.0,8818.18,7000.0,9.0,2.0,0.0
Inpatient,1002WA,8,8,97000.0,12125.0,9500.0,8.0,0.0,0.0
Inpatient,1002JA,9,9,97000.0,10777.78,7000.0,8.0,1.0,0.0
Inpatient,3920BU,11,11,96000.0,8727.27,5000.0,9.0,2.0,0.0
Inpatient,0300ZN,9,9,96000.0,10666.67,12000.0,9.0,0.0,0.0
Inpatient,3902WJ,12,12,96000.0,8000.0,7000.0,10.0,2.0,0.0
Inpatient,0500BD,8,7,96000.0,12000.0,6000.0,8.0,0.0,0.0
Inpatient,0505MB,11,10,96000.0,8727.27,9000.0,11.0,0.0,0.0
Inpatient,1002AP,7,7,96000.0,13714.29,5000.0,7.0,0.0,0.0
Inpatient,1500KT,6,6,96000.0,16000.0,9000.0,6.0,0.0,0.0
Inpatient,1900ZG,7,7,95000.0,13571.43,11000.0,6.0,1.0,0.0
Inpatient,0504CH,8,8,95000.0,11875.0,9500.0,7.0,1.0,0.0
Inpatient,1501HB,10,7,95000.0,9500.0,8000.0,10.0,0.0,0.0
Inpatient,4900TV,5,5,95000.0,19000.0,15000.0,5.0,0.0,0.0
Inpatient,45T4NS,11,10,95000.0,8636.36,5000.0,10.0,1.0,0.0
Inpatient,4513CD,4,4,95000.0,23750.0,16000.0,4.0,0.0,0.0
Inpatient,3301XC,11,11,95000.0,8636.36,6000.0,11.0,0.0,0.0
Inpatient,34UHXW,11,11,95000.0,8636.36,8000.0,11.0,0.0,0.0
Inpatient,2400NQ,11,10,95000.0,8636.36,6000.0,11.0,0.0,0.0
Inpatient,0100YD,13,12,94000.0,7230.77,6000.0,12.0,1.0,0.0
Inpatient,1402DS,15,15,94000.0,6266.67,5000.0,15.0,0.0,0.0
Inpatient,34S1GQ,13,13,94000.0,7230.77,7000.0,13.0,0.0,0.0
Inpatient,18T1KB,12,10,94000.0,7833.33,5000.0,12.0,0.0,0.0
Inpatient,0503AJ,11,11,94000.0,8545.45,6000.0,11.0,0.0,0.0
Inpatient,19008J,11,9,94000.0,8545.45,8000.0,11.0,0.0,0.0
Inpatient,4503BH,11,11,94000.0,8545.45,7000.0,11.0,0.0,0.0
Inpatient,39S1AM,16,16,93000.0,5812.5,5000.0,15.0,1.0,0.0
Inpatient,3700NJ,12,12,93000.0,7750.0,6000.0,10.0,2.0,0.0
Inpatient,1100QH,14,14,93000.0,6642.86,7000.0,14.0,0.0,0.0
Inpatient,3401PQ,8,8,93000.0,11625.0,6500.0,8.0,0.0,0.0
Inpatient,0507KD,14,14,93000.0,6642.86,5000.0,13.0,1.0,0.0
Inpatient,0400KV,9,5,93000.0,10333.33,8000.0,9.0,0.0,0.0
Inpatient,11018T,12,8,92800.0,7733.33,6000.0,12.0,0.0,0.0
Inpatient,3702GV,10,10,92000.0,9200.0,7000.0,10.0,0.0,0.0
Inpatient,1500ZP,10,9,92000.0,9200.0,9500.0,10.0,0.0,0.0
Inpatient,15016B,12,10,92000.0,7666.67,9000.0,12.0,0.0,0.0
Inpatient,3303KC,12,12,92000.0,7666.67,6000.0,12.0,0.0,0.0
Inpatient,4501HD,8,8,92000.0,11500.0,10000.0,8.0,0.0,0.0
Inpatient,4400BA,13,8,92000.0,7076.92,4000.0,12.0,1.0,0.0
Inpatient,3700VC,10,9,92000.0,9200.0,7000.0,8.0,2.0,0.0
Inpatient,34016H,13,12,92000.0,7076.92,6000.0,13.0,0.0,0.0
Inpatient,10T0QV,11,11,92000.0,8363.64,9000.0,11.0,0.0,0.0
Inpatient,0400JN,6,4,92000.0,15333.33,13000.0,6.0,0.0,0.0
Inpatient,0400MA,4,2,92000.0,23000.0,13000.0,4.0,0.0,0.0
Inpatient,1001AC,12,12,92000.0,7666.67,6500.0,12.0,0.0,0.0
Inpatient,52T1BH,6,5,92000.0,15333.33,8000.0,6.0,0.0,0.0
Inpatient,05038R,16,16,92000.0,5750.0,5000.0,16.0,0.0,0.0
Inpatient,49008B,9,8,91000.0,10111.11,9000.0,9.0,0.0,0.0
Inpatient,0502QC,11,11,91000.0,8272.73,5000.0,11.0,0.0,0.0
Inpatient,0505HT,8,8,91000.0,11375.0,4000.0,8.0,0.0,0.0
Inpatient,3400VK,6,6,91000.0,15166.67,8500.0,6.0,0.0,0.0
Inpatient,3000KG,16,15,91000.0,5687.5,6000.0,15.0,1.0,0.0
Inpatient,3300GC,10,10,91000.0,9100.0,9000.0,10.0,0.0,0.0
Inpatient,4507GA,9,9,91000.0,10111.11,9000.0,9.0,0.0,0.0
Inpatient,1102GJ,11,9,91000.0,8272.73,7000.0,11.0,0.0,0.0
Inpatient,53BJTG,11,10,91000.0,8272.73,7000.0,10.0,1.0,0.0
Inpatient,1120PQ,9,9,91000.0,10111.11,4000.0,8.0,1.0,0.0
Inpatient,49T1ZC,9,8,91000.0,10111.11,5000.0,8.0,1.0,0.0
Inpatient,24018G,12,12,91000.0,7583.33,5000.0,12.0,0.0,0.0
Inpatient,1600XT,13,12,90300.0,6946.15,5000.0,13.0,0.0,0.0
Inpatient,3401CT,9,7,90000.0,10000.0,10000.0,8.0,1.0,0.0
Inpatient,4501MK,11,9,90000.0,8181.82,6000.0,11.0,0.0,0.0
Inpatient,2900PS,11,11,90000.0,8181.82,7000.0,11.0,0.0,0.0
Inpatient,0900XD,6,6,90000.0,15000.0,6500.0,6.0,0.0,0.0
Inpatient,3400TA,13,13,90000.0,6923.08,5000.0,11.0,2.0,0.0
Inpatient,2601KT,5,5,90000.0,18000.0,12000.0,5.0,0.0,0.0
Inpatient,4520ZK,7,6,90000.0,12857.14,7000.0,7.0,0.0,0.0
Inpatient,0503RC,6,6,90000.0,15000.0,6500.0,6.0,0.0,0.0
Inpatient,2513QG,4,3,90000.0,22500.0,12500.0,4.0,0.0,0.0
Inpatient,01016G,7,7,90000.0,12857.14,5000.0,7.0,0.0,0.0
Inpatient,2613NS,14,11,90000.0,6428.57,5000.0,13.0,1.0,0.0
Inpatient,4400JA,13,11,90000.0,6923.08,5000.0,13.0,0.0,0.0
Inpatient,0504AD,7,7,90000.0,12857.14,7000.0,7.0,0.0,0.0
Inpatient,1002VG,12,10,90000.0,7500.0,7000.0,12.0,0.0,0.0
Inpatient,2700KR,12,12,89800.0,7483.33,4000.0,11.0,0.0,1.0
Inpatient,0504DR,13,12,89000.0,6846.15,7000.0,13.0,0.0,0.0
Inpatient,01T0KP,13,13,89000.0,6846.15,5000.0,13.0,0.0,0.0
Inpatient,04S0VG,15,11,89000.0,5933.33,4000.0,13.0,2.0,0.0
Inpatient,2400GQ,6,6,89000.0,14833.33,7000.0,6.0,0.0,0.0
Inpatient,26026J,9,9,89000.0,9888.89,5000.0,9.0,0.0,0.0
Inpatient,4930ZM,11,11,89000.0,8090.91,5000.0,11.0,0.0,0.0
Inpatient,4506WS,10,7,89000.0,8900.0,6500.0,10.0,0.0,0.0
Inpatient,4530MB,12,10,89000.0,7416.67,6000.0,12.0,0.0,0.0
Inpatient,18T0HU,12,11,89000.0,7416.67,6000.0,12.0,0.0,0.0
Inpatient,1900NP,7,7,88000.0,12571.43,8000.0,6.0,1.0,0.0
Inpatient,25008V,13,11,88000.0,6769.23,6000.0,11.0,2.0,0.0
Inpatient,3600UV,5,3,88000.0,17600.0,14000.0,5.0,0.0,0.0
Inpatient,4507RN,10,8,88000.0,8800.0,5500.0,10.0,0.0,0.0
Inpatient,0630DA,8,8,88000.0,11000.0,5000.0,8.0,0.0,0.0
Inpatient,1400KV,7,7,88000.0,12571.43,9000.0,7.0,0.0,0.0
Inpatient,0300VQ,12,12,88000.0,7333.33,6000.0,12.0,0.0,0.0
Inpatient,0505DR,11,11,88000.0,8000.0,7000.0,11.0,0.0,0.0
Inpatient,4200VJ,11,11,88000.0,8000.0,4000.0,11.0,0.0,0.0
Inpatient,1513RJ,13,9,88000.0,6769.23,5000.0,11.0,2.0,0.0
Inpatient,0502GH,10,10,87800.0,8780.0,9000.0,9.0,1.0,0.0
Inpatient,2100WM,12,12,87000.0,7250.0,7000.0,12.0,0.0,0.0
Inpatient,1101GR,8,8,87000.0,10875.0,6000.0,8.0,0.0,0.0
Inpatient,04006K,12,9,87000.0,7250.0,6000.0,12.0,0.0,0.0
Inpatient,1013ZD,12,8,87000.0,7250.0,6500.0,12.0,0.0,0.0
Inpatient,3602CJ,7,7,87000.0,12428.57,10000.0,7.0,0.0,0.0
Inpatient,1030VK,11,11,87000.0,7909.09,6000.0,11.0,0.0,0.0
Inpatient,3301NG,5,5,87000.0,17400.0,17000.0,5.0,0.0,0.0
Inpatient,39028Q,12,12,87000.0,7250.0,6500.0,11.0,1.0,0.0
Inpatient,05008M,8,8,87000.0,10875.0,7500.0,8.0,0.0,0.0
Inpatient,3602UT,16,15,87000.0,5437.5,5500.0,14.0,2.0,0.0
Inpatient,11006D,9,7,87000.0,9666.67,8000.0,9.0,0.0,0.0
Inpatient,0501XP,10,10,86200.0,8620.0,4000.0,10.0,0.0,0.0
Inpatient,1430AA,11,11,86000.0,7818.18,6000.0,10.0,1.0,0.0
Inpatient,1713NH,11,7,86000.0,7818.18,6000.0,11.0,0.0,0.0
Inpatient,3601NG,9,8,86000.0,9555.56,10000.0,8.0,1.0,0.0
Inpatient,0501ZR,7,7,86000.0,12285.71,5000.0,7.0,0.0,0.0
Inpatient,3740TN,15,12,86000.0,5733.33,6000.0,14.0,1.0,0.0
Inpatient,2501ND,9,8,86000.0,9555.56,5000.0,9.0,0.0,0.0
Inpatient,4500DV,9,8,86000.0,9555.56,7000.0,9.0,0.0,0.0
Inpatient,3902BJ,6,5,86000.0,14333.33,7000.0,6.0,0.0,0.0
Inpatient,3701AH,5,3,86000.0,17200.0,18000.0,5.0,0.0,0.0
Inpatient,1100MS,9,8,86000.0,9555.56,7000.0,9.0,0.0,0.0
Inpatient,3901CJ,14,11,85700.0,6121.43,7000.0,12.0,1.0,1.0
Inpatient,27T0GK,12,9,85000.0,7083.33,6500.0,12.0,0.0,0.0
Inpatient,1002VV,9,8,85000.0,9444.44,8000.0,9.0,0.0,0.0
Inpatient,3100YQ,7,7,85000.0,12142.86,8000.0,7.0,0.0,0.0
Inpatient,2300HV,6,6,85000.0,14166.67,12500.0,6.0,0.0,0.0
Inpatient,05076A,7,7,85000.0,12142.86,8000.0,7.0,0.0,0.0
Inpatient,1800VN,12,4,85000.0,7083.33,7000.0,10.0,2.0,0.0
Inpatient,33T2UU,8,8,84200.0,10525.0,8000.0,7.0,0.0,1.0
Inpatient,17T1YK,7,5,84000.0,12000.0,9000.0,7.0,0.0,0.0
Inpatient,1720AS,4,4,84000.0,21000.0,17000.0,4.0,0.0,0.0
Inpatient,28WTDZ,7,7,84000.0,12000.0,10000.0,7.0,0.0,0.0
Inpatient,4401DC,6,5,84000.0,14000.0,9000.0,5.0,1.0,0.0
Inpatient,0505ZK,15,15,84000.0,5600.0,6000.0,12.0,3.0,0.0
Inpatient,3902TT,7,6,84000.0,12000.0,5000.0,7.0,0.0,0.0
Inpatient,0502TV,8,8,84000.0,10500.0,6500.0,8.0,0.0,0.0
Inpatient,3000AS,8,8,84000.0,10500.0,7000.0,7.0,1.0,0.0
Inpatient,33016V,10,10,84000.0,8400.0,5500.0,9.0,1.0,0.0
Inpatient,0506DB,7,5,84000.0,12000.0,7000.0,7.0,0.0,0.0
Inpatient,0100AA,7,6,83000.0,11857.14,10000.0,7.0,0.0,0.0
Inpatient,4508JR,6,6,83000.0,13833.33,13000.0,6.0,0.0,0.0
Inpatient,4530VD,8,8,83000.0,10375.0,7500.0,8.0,0.0,0.0
Inpatient,05T7DQ,5,5,83000.0,16600.0,14000.0,5.0,0.0,0.0
Inpatient,33T2GD,8,8,83000.0,10375.0,7500.0,8.0,0.0,0.0
Inpatient,49016C,12,10,83000.0,6916.67,4500.0,10.0,2.0,0.0
Inpatient,1200CQ,9,8,83000.0,9222.22,8000.0,9.0,0.0,0.0
Inpatient,3401BS,8,7,83000.0,10375.0,6000.0,8.0,0.0,0.0
Inpatient,3702TP,9,9,83000.0,9222.22,11000.0,9.0,0.0,0.0
Inpatient,3301TG,10,10,83000.0,8300.0,6000.0,10.0,0.0,0.0
Inpatient,2613AN,10,4,83000.0,8300.0,7000.0,10.0,0.0,0.0
Inpatient,3800KH,10,10,83000.0,8300.0,7000.0,10.0,0.0,0.0
Inpatient,14T2SJ,8,8,83000.0,10375.0,10000.0,8.0,0.0,0.0
Inpatient,6700XV,14,13,82400.0,5885.71,5500.0,13.0,1.0,0.0
Inpatient,4401GD,15,14,82000.0,5466.67,4000.0,13.0,2.0,0.0
Inpatient,1513VP,6,3,82000.0,13666.67,10000.0,6.0,0.0,0.0
Inpatient,1100RA,8,8,82000.0,10250.0,7000.0,8.0,0.0,0.0
Inpatient,4508GD,9,9,82000.0,9111.11,5000.0,9.0,0.0,0.0
Inpatient,36T1JG,7,6,82000.0,11714.29,9000.0,6.0,1.0,0.0
Inpatient,4300QC,8,4,82000.0,10250.0,8000.0,8.0,0.0,0.0
Inpatient,45T2GQ,9,9,82000.0,9111.11,8000.0,9.0,0.0,0.0
Inpatient,0101WA,4,4,82000.0,20500.0,12500.0,3.0,1.0,0.0
Inpatient,3302MM,10,10,82000.0,8200.0,8500.0,9.0,1.0,0.0
Inpatient,45S5VN,10,8,82000.0,8200.0,7500.0,10.0,0.0,0.0
Inpatient,0330BH,11,9,82000.0,7454.55,7000.0,11.0,0.0,0.0
Inpatient,45S5TK,10,9,82000.0,8200.0,6500.0,10.0,0.0,0.0
Inpatient,1900VJ,5,4,81000.0,16200.0,16000.0,5.0,0.0,0.0
Inpatient,0504ZB,7,7,81000.0,11571.43,13000.0,7.0,0.0,0.0
Inpatient,1613WQ,14,10,81000.0,5785.71,4000.0,12.0,2.0,0.0
Inpatient,0503VA,12,11,81000.0,6750.0,5500.0,12.0,0.0,0.0
Inpatient,3800GB,9,5,81000.0,9000.0,6000.0,9.0,0.0,0.0
Inpatient,3100JU,9,9,81000.0,9000.0,8000.0,9.0,0.0,0.0
Inpatient,2601QR,12,7,81000.0,6750.0,6000.0,12.0,0.0,0.0
Inpatient,1700CK,10,9,81000.0,8100.0,6000.0,10.0,0.0,0.0
Inpatient,3800NK,9,9,81000.0,9000.0,6000.0,9.0,0.0,0.0
Inpatient,3700RU,5,5,81000.0,16200.0,6000.0,5.0,0.0,0.0
Inpatient,1402AG,9,8,81000.0,9000.0,6000.0,8.0,1.0,0.0
Inpatient,3600BK,8,7,81000.0,10125.0,8000.0,8.0,0.0,0.0
Inpatient,39016T,6,6,81000.0,13500.0,5000.0,6.0,0.0,0.0
Inpatient,1001RN,13,13,81000.0,6230.77,6000.0,12.0,1.0,0.0
Inpatient,3302PP,9,7,80800.0,8977.78,8000.0,9.0,0.0,0.0
Inpatient,5300RA,14,10,80100.0,5721.43,7000.0,14.0,0.0,0.0
Inpatient,3700BD,11,9,80000.0,7272.73,7000.0,10.0,1.0,0.0
Inpatient,1701KT,11,10,80000.0,7272.73,6000.0,11.0,0.0,0.0
Inpatient,1320SR,6,5,80000.0,13333.33,6000.0,5.0,1.0,0.0
Inpatient,1320UT,3,3,80000.0,26666.67,18000.0,3.0,0.0,0.0
Inpatient,1000MM,8,8,80000.0,10000.0,6500.0,8.0,0.0,0.0
Inpatient,0400YV,9,8,80000.0,8888.89,7000.0,9.0,0.0,0.0
Inpatient,2500WQ,9,9,80000.0,8888.89,7000.0,9.0,0.0,0.0
Inpatient,0300BR,6,6,79000.0,13166.67,9500.0,5.0,1.0,0.0
Inpatient,1100ZM,10,8,79000.0,7900.0,6000.0,10.0,0.0,0.0
Inpatient,35T0KK,9,6,79000.0,8777.78,5000.0,9.0,0.0,0.0
Inpatient,2520YM,6,6,79000.0,13166.67,9000.0,6.0,0.0,0.0
Inpatient,3600QA,10,8,79000.0,7900.0,7000.0,10.0,0.0,0.0
Inpatient,3100WT,13,13,79000.0,6076.92,5000.0,13.0,0.0,0.0
Inpatient,0101BA,12,10,79000.0,6583.33,7000.0,12.0,0.0,0.0
Inpatient,5000DQ,13,11,79000.0,6076.92,5000.0,12.0,1.0,0.0
Inpatient,2100VK,3,3,79000.0,26333.33,17000.0,3.0,0.0,0.0
Inpatient,05008C,8,8,79000.0,9875.0,9000.0,8.0,0.0,0.0
Inpatient,1100XA,7,5,78000.0,11142.86,10000.0,7.0,0.0,0.0
Inpatient,1120KM,10,9,78000.0,7800.0,7500.0,10.0,0.0,0.0
Inpatient,4402NM,5,5,78000.0,15600.0,7000.0,5.0,0.0,0.0
Inpatient,3013PT,3,3,78000.0,26000.0,14000.0,3.0,0.0,0.0
Inpatient,3800DJ,5,5,78000.0,15600.0,6000.0,5.0,0.0,0.0
Inpatient,25006D,11,11,78000.0,7090.91,6000.0,11.0,0.0,0.0
Inpatient,4502BP,4,4,78000.0,19500.0,8000.0,4.0,0.0,0.0
Inpatient,4513SN,4,3,78000.0,19500.0,14500.0,4.0,0.0,0.0
Inpatient,0420VH,9,8,77000.0,8555.56,5000.0,9.0,0.0,0.0
Inpatient,1901XG,9,9,77000.0,8555.56,8000.0,8.0,1.0,0.0
Inpatient,1500DN,7,6,77000.0,11000.0,9000.0,7.0,0.0,0.0
Inpatient,4400BQ,11,7,77000.0,7000.0,5000.0,11.0,0.0,0.0
Inpatient,0400UR,12,7,77000.0,6416.67,5000.0,12.0,0.0,0.0
Inpatient,0502XT,14,14,77000.0,5500.0,5000.0,12.0,1.0,1.0
Inpatient,2400PR,17,16,77000.0,4529.41,3000.0,13.0,4.0,0.0
Inpatient,19S06J,8,7,77000.0,9625.0,6500.0,8.0,0.0,0.0
Inpatient,4001RK,5,3,76000.0,15200.0,14000.0,5.0,0.0,0.0
Inpatient,26T0CK,4,4,76000.0,19000.0,13000.0,4.0,0.0,0.0
Inpatient,0502WS,13,13,76000.0,5846.15,5000.0,11.0,2.0,0.0
Inpatient,0505PD,5,5,76000.0,15200.0,6000.0,4.0,1.0,0.0
Inpatient,24S0TJ,5,5,76000.0,15200.0,8000.0,5.0,0.0,0.0
Inpatient,3613MS,7,6,76000.0,10857.14,8000.0,7.0,0.0,0.0
Inpatient,1920SB,8,7,75000.0,9375.0,9000.0,8.0,0.0,0.0
Inpatient,0507CD,10,10,75000.0,7500.0,6500.0,9.0,1.0,0.0
Inpatient,4200TP,10,10,75000.0,7500.0,5000.0,10.0,0.0,0.0
Inpatient,4600VR,9,9,75000.0,8333.33,6000.0,9.0,0.0,0.0
Inpatient,0505BP,9,9,74000.0,8222.22,6000.0,9.0,0.0,0.0
Inpatient,0600ZH,9,8,74000.0,8222.22,9000.0,8.0,1.0,0.0
Inpatient,05S1QC,5,5,74000.0,14800.0,5000.0,5.0,0.0,0.0
Inpatient,3301YT,10,9,74000.0,7400.0,6000.0,10.0,0.0,0.0
Inpatient,31S0VB,12,12,74000.0,6166.67,4500.0,11.0,1.0,0.0
Inpatient,45T0BJ,9,9,74000.0,8222.22,4000.0,8.0,1.0,0.0
Inpatient,05078B,7,7,74000.0,10571.43,12000.0,6.0,1.0,0.0
Inpatient,1920KB,5,5,74000.0,14800.0,9000.0,5.0,0.0,0.0
Inpatient,3720RJ,11,11,74000.0,6727.27,7000.0,11.0,0.0,0.0
Inpatient,1102AC,10,10,74000.0,7400.0,5000.0,10.0,0.0,0.0
Inpatient,19S0HR,8,7,74000.0,9250.0,6000.0,8.0,0.0,0.0
Inpatient,4900KD,9,9,74000.0,8222.22,7000.0,9.0,0.0,0.0
Inpatient,4401AH,10,10,74000.0,7400.0,5500.0,10.0,0.0,0.0
Inpatient,1701VA,10,9,73300.0,7330.0,7000.0,10.0,0.0,0.0
Inpatient,4300KU,7,5,73000.0,10428.57,6000.0,7.0,0.0,0.0
Inpatient,4100CG,5,5,73000.0,14600.0,12000.0,5.0,0.0,0.0
Inpatient,34T1UR,9,9,73000.0,8111.11,5000.0,9.0,0.0,0.0
Inpatient,3900BP,8,8,73000.0,9125.0,6500.0,8.0,0.0,0.0
Inpatient,3700XU,8,5,73000.0,9125.0,9000.0,8.0,0.0,0.0
Inpatient,0505JV,11,11,73000.0,6636.36,6000.0,11.0,0.0,0.0
Inpatient,50S08C,7,7,73000.0,10428.57,6000.0,7.0,0.0,0.0
Inpatient,2500RA,10,8,72500.0,7250.0,5000.0,8.0,2.0,0.0
Inpatient,4900PR,11,10,72000.0,6545.45,6000.0,11.0,0.0,0.0
Inpatient,2313NU,7,3,72000.0,10285.71,7000.0,7.0,0.0,0.0
Inpatient,3700YV,5,3,72000.0,14400.0,6000.0,5.0,0.0,0.0
Inpatient,2500YK,9,7,72000.0,8000.0,4000.0,9.0,0.0,0.0
Inpatient,2302AK,10,9,72000.0,7200.0,6000.0,10.0,0.0,0.0
Inpatient,1500PJ,9,9,72000.0,8000.0,6000.0,9.0,0.0,0.0
Inpatient,1413KJ,3,3,72000.0,24000.0,9000.0,3.0,0.0,0.0
Inpatient,4400GT,3,2,72000.0,24000.0,10000.0,3.0,0.0,0.0
Inpatient,39T0BD,9,9,71000.0,7888.89,7000.0,9.0,0.0,0.0
Inpatient,1530WU,6,6,71000.0,11833.33,8500.0,6.0,0.0,0.0
Inpatient,4500PB,14,12,71000.0,5071.43,5000.0,13.0,1.0,0.0
Inpatient,0500PK,5,5,71000.0,14200.0,9000.0,5.0,0.0,0.0
Inpatient,2313CS,9,7,71000.0,7888.89,6000.0,9.0,0.0,0.0
Inpatient,0400VS,7,7,71000.0,10142.86,10000.0,7.0,0.0,0.0
Inpatient,1000DM,7,7,71000.0,10142.86,4000.0,6.0,1.0,0.0
Inpatient,4200XM,5,5,71000.0,14200.0,8000.0,5.0,0.0,0.0
Inpatient,49S0PN,8,8,71000.0,8875.0,8000.0,8.0,0.0,0.0
Inpatient,44S1MN,7,7,71000.0,10142.86,8000.0,7.0,0.0,0.0
Inpatient,1920BA,8,8,71000.0,8875.0,8500.0,8.0,0.0,0.0
Inpatient,17018J,12,10,71000.0,5916.67,4000.0,10.0,2.0,0.0
Inpatient,3301RC,5,5,71000.0,14200.0,11000.0,5.0,0.0,0.0
Inpatient,3302JJ,3,3,71000.0,23666.67,10000.0,3.0,0.0,0.0
Inpatient,0507SU,6,6,71000.0,11833.33,8000.0,5.0,1.0,0.0
Inpatient,05T0NQ,4,3,71000.0,17750.0,12500.0,4.0,0.0,0.0
Inpatient,5000TJ,12,6,71000.0,5916.67,5000.0,11.0,1.0,0.0
Inpatient,0600XD,10,10,70000.0,7000.0,5500.0,9.0,1.0,0.0
Inpatient,2600AV,9,8,70000.0,7777.78,5000.0,9.0,0.0,0.0
Inpatient,1100PN,6,4,70000.0,11666.67,7500.0,6.0,0.0,0.0
Inpatient,3800DA,11,10,70000.0,6363.64,4000.0,11.0,0.0,0.0
Inpatient,4420NM,8,7,70000.0,8750.0,6500.0,7.0,1.0,0.0
Inpatient,0800RA,9,9,70000.0,7777.78,7000.0,9.0,0.0,0.0
Inpatient,1113JP,7,2,70000.0,10000.0,9000.0,5.0,2.0,0.0
Inpatient,11T1WN,8,8,70000.0,8750.0,6000.0,7.0,1.0,0.0
Inpatient,37S0XM,9,9,70000.0,7777.78,5000.0,8.0,1.0,0.0
Inpatient,3303WR,4,4,70000.0,17500.0,16000.0,4.0,0.0,0.0
Inpatient,29006K,6,6,70000.0,11666.67,11000.0,5.0,1.0,0.0
Inpatient,0500NR,7,7,70000.0,10000.0,8000.0,6.0,1.0,0.0
Inpatient,1700AH,6,3,70000.0,11666.67,4500.0,6.0,0.0,0.0
Inpatient,0507TV,8,7,70000.0,8750.0,6000.0,8.0,0.0,0.0
Inpatient,3720ND,7,7,70000.0,10000.0,4000.0,7.0,0.0,0.0
Inpatient,0504PT,9,9,70000.0,7777.78,5000.0,9.0,0.0,0.0
Inpatient,4413WV,4,3,70000.0,17500.0,16500.0,4.0,0.0,0.0
Inpatient,6700BG,7,5,69000.0,9857.14,5000.0,5.0,2.0,0.0
Inpatient,34S0YJ,7,7,69000.0,9857.14,8000.0,7.0,0.0,0.0
Inpatient,35S0NC,7,7,69000.0,9857.14,7000.0,7.0,0.0,0.0
Inpatient,45T56C,9,5,69000.0,7666.67,6000.0,9.0,0.0,0.0
Inpatient,4520JP,5,5,69000.0,13800.0,11000.0,5.0,0.0,0.0
Inpatient,34T0ZJ,10,10,69000.0,6900.0,6000.0,10.0,0.0,0.0
Inpatient,20T0XT,6,5,69000.0,11500.0,7000.0,6.0,0.0,0.0
Inpatient,4500GQ,6,5,69000.0,11500.0,8500.0,5.0,1.0,0.0
Inpatient,1400PS,7,5,69000.0,9857.14,5000.0,7.0,0.0,0.0
Inpatient,2601JK,7,7,69000.0,9857.14,10000.0,7.0,0.0,0.0
Inpatient,5000BD,7,4,69000.0,9857.14,11000.0,6.0,1.0,0.0
Inpatient,2300MD,8,8,68900.0,8612.5,7000.0,8.0,0.0,0.0
Inpatient,3302UN,3,3,68000.0,22666.67,8000.0,3.0,0.0,0.0
Inpatient,3300UT,9,9,68000.0,7555.56,7000.0,8.0,1.0,0.0
Inpatient,39306V,8,8,68000.0,8500.0,7000.0,8.0,0.0,0.0
Inpatient,1813DJ,5,4,68000.0,13600.0,14000.0,5.0,0.0,0.0
Inpatient,4500UJ,7,7,68000.0,9714.29,9000.0,7.0,0.0,0.0
Inpatient,52WMAS,8,7,68000.0,8500.0,7500.0,8.0,0.0,0.0
Inpatient,5013YR,4,4,68000.0,17000.0,7000.0,4.0,0.0,0.0
Inpatient,4000ZB,5,5,68000.0,13600.0,13000.0,5.0,0.0,0.0
Inpatient,16136U,12,9,68000.0,5666.67,4000.0,12.0,0.0,0.0
Inpatient,46VHJZ,6,6,68000.0,11333.33,10000.0,6.0,0.0,0.0
Inpatient,1401NU,8,6,67300.0,8412.5,8500.0,8.0,0.0,0.0
Inpatient,2413KS,11,8,67000.0,6090.91,5000.0,10.0,1.0,0.0
Inpatient,4200DG,4,3,67000.0,16750.0,11000.0,4.0,0.0,0.0
Inpatient,3303RK,6,6,67000.0,11166.67,7500.0,6.0,0.0,0.0
Inpatient,3713PV,5,4,67000.0,13400.0,9000.0,5.0,0.0,0.0
Inpatient,4900WS,11,9,67000.0,6090.91,4000.0,10.0,1.0,0.0
Inpatient,0301GC,3,3,67000.0,22333.33,20000.0,3.0,0.0,0.0
Inpatient,11T1BU,9,7,67000.0,7444.44,5000.0,9.0,0.0,0.0
Inpatient,4505DK,6,6,67000.0,11166.67,6500.0,6.0,0.0,0.0
Inpatient,2301JB,6,4,67000.0,11166.67,12000.0,5.0,1.0,0.0
Inpatient,4001SM,5,5,67000.0,13400.0,9000.0,4.0,1.0,0.0
Inpatient,0101KK,10,9,67000.0,6700.0,6000.0,10.0,0.0,0.0
Inpatient,4502ZB,10,9,67000.0,6700.0,5500.0,9.0,1.0,0.0
Inpatient,0301UM,7,7,66000.0,9428.57,11000.0,7.0,0.0,0.0
Inpatient,52S0RG,10,8,66000.0,6600.0,7000.0,10.0,0.0,0.0
Inpatient,0506BH,10,9,66000.0,6600.0,5500.0,10.0,0.0,0.0
Inpatient,18006C,8,7,66000.0,8250.0,6000.0,8.0,0.0,0.0
Inpatient,4506ZH,4,4,66000.0,16500.0,9500.0,4.0,0.0,0.0
Inpatient,5300SB,6,5,66000.0,11000.0,7500.0,6.0,0.0,0.0
Inpatient,1500RM,3,3,66000.0,22000.0,29000.0,3.0,0.0,0.0
Inpatient,0101MM,9,8,66000.0,7333.33,6000.0,9.0,0.0,0.0
Inpatient,0501AD,10,10,66000.0,6600.0,6000.0,10.0,0.0,0.0
Inpatient,12006M,7,7,66000.0,9428.57,9000.0,7.0,0.0,0.0
Inpatient,5213ZV,6,5,66000.0,11000.0,9500.0,6.0,0.0,0.0
Inpatient,1300DP,8,7,65600.0,8200.0,9000.0,8.0,0.0,0.0
Inpatient,2313PH,9,9,65000.0,7222.22,5000.0,9.0,0.0,0.0
Inpatient,45S4MC,13,12,65000.0,5000.0,5000.0,12.0,1.0,0.0
Inpatient,4520RH,11,11,65000.0,5909.09,6000.0,10.0,1.0,0.0
Inpatient,4506BC,7,7,65000.0,9285.71,6000.0,7.0,0.0,0.0
Inpatient,3100WN,8,8,65000.0,8125.0,6000.0,7.0,1.0,0.0
Inpatient,2613UC,3,3,65000.0,21666.67,12000.0,3.0,0.0,0.0
Inpatient,36T0CG,10,10,65000.0,6500.0,5500.0,9.0,1.0,0.0
Inpatient,4401CB,10,5,65000.0,6500.0,5500.0,10.0,0.0,0.0
Inpatient,4600JC,8,8,65000.0,8125.0,8000.0,8.0,0.0,0.0
Inpatient,0100QJ,8,6,65000.0,8125.0,4500.0,7.0,1.0,0.0
Inpatient,1002YK,4,4,65000.0,16250.0,12500.0,4.0,0.0,0.0
Inpatient,3900PD,6,6,65000.0,10833.33,5000.0,6.0,0.0,0.0
Inpatient,1120HH,7,7,65000.0,9285.71,8000.0,7.0,0.0,0.0
Inpatient,16T0US,4,4,65000.0,16250.0,6000.0,4.0,0.0,0.0
Inpatient,1713VB,7,7,65000.0,9285.71,7000.0,7.0,0.0,0.0
Inpatient,05T0PR,5,5,64000.0,12800.0,10000.0,5.0,0.0,0.0
Inpatient,36T1VT,7,6,64000.0,9142.86,7000.0,7.0,0.0,0.0
Inpatient,52T0MR,11,8,64000.0,5818.18,4000.0,10.0,1.0,0.0
Inpatient,1902HS,5,5,64000.0,12800.0,10000.0,5.0,0.0,0.0
Inpatient,4901JG,2,2,64000.0,32000.0,32000.0,2.0,0.0,0.0
Inpatient,0504NS,10,10,64000.0,6400.0,4000.0,10.0,0.0,0.0
Inpatient,5213BC,12,11,64000.0,5333.33,5000.0,12.0,0.0,0.0
Inpatient,1400AT,12,11,64000.0,5333.33,5000.0,12.0,0.0,0.0
Inpatient,1900YD,9,7,64000.0,7111.11,7000.0,9.0,0.0,0.0
Inpatient,39T0CG,11,11,64000.0,5818.18,6000.0,9.0,2.0,0.0
Inpatient,1900TU,7,6,64000.0,9142.86,5000.0,7.0,0.0,0.0
Inpatient,1400YQ,12,11,64000.0,5333.33,4500.0,11.0,1.0,0.0
Inpatient,0506YB,10,10,64000.0,6400.0,6000.0,9.0,1.0,0.0
Inpatient,31016A,6,6,64000.0,10666.67,5000.0,6.0,0.0,0.0
Inpatient,3100ZA,6,5,64000.0,10666.67,12000.0,6.0,0.0,0.0
Inpatient,2300BR,6,6,64000.0,10666.67,8000.0,6.0,0.0,0.0
Inpatient,05136V,6,6,64000.0,10666.67,6500.0,6.0,0.0,0.0
Inpatient,3700YH,11,5,64000.0,5818.18,5000.0,10.0,1.0,0.0
Inpatient,4505KR,10,10,63000.0,6300.0,5500.0,9.0,1.0,0.0
Inpatient,05026J,4,4,63000.0,15750.0,14500.0,4.0,0.0,0.0
Inpatient,1001UR,11,11,63000.0,5727.27,5000.0,10.0,1.0,0.0
Inpatient,46S0TC,3,3,63000.0,21000.0,11000.0,3.0,0.0,0.0
Inpatient,1413JH,4,2,63000.0,15750.0,11000.0,4.0,0.0,0.0
Inpatient,0507RT,10,9,63000.0,6300.0,5500.0,10.0,0.0,0.0
Inpatient,2920US,5,4,63000.0,12600.0,8000.0,5.0,0.0,0.0
Inpatient,1401PP,8,8,63000.0,7875.0,5500.0,8.0,0.0,0.0
Inpatient,2500HU,4,4,63000.0,15750.0,14000.0,4.0,0.0,0.0
Inpatient,0101JA,5,3,63000.0,12600.0,9000.0,5.0,0.0,0.0
Inpatient,4513DG,3,2,63000.0,21000.0,11000.0,3.0,0.0,0.0
Inpatient,1100NM,8,7,63000.0,7875.0,7000.0,8.0,0.0,0.0
Inpatient,3701NU,8,7,63000.0,7875.0,7500.0,7.0,1.0,0.0
Inpatient,45T1QS,7,5,63000.0,9000.0,9000.0,7.0,0.0,0.0
Inpatient,4520UC,7,7,63000.0,9000.0,8000.0,7.0,0.0,0.0
Inpatient,24138A,12,7,63000.0,5250.0,4000.0,11.0,1.0,0.0
Inpatient,3200KD,9,8,63000.0,7000.0,7000.0,8.0,1.0,0.0
Inpatient,5300PU,8,6,63000.0,7875.0,9000.0,8.0,0.0,0.0
Inpatient,0401HH,8,7,62000.0,7750.0,5000.0,8.0,0.0,0.0
Inpatient,3300HD,5,4,62000.0,12400.0,10000.0,5.0,0.0,0.0
Inpatient,4313TJ,5,3,62000.0,12400.0,12000.0,5.0,0.0,0.0
Inpatient,45T6VC,5,5,62000.0,12400.0,14000.0,5.0,0.0,0.0
Inpatient,0503JK,8,8,62000.0,7750.0,5000.0,7.0,1.0,0.0
Inpatient,2600ND,8,8,62000.0,7750.0,3500.0,7.0,1.0,0.0
Inpatient,2400GH,6,5,62000.0,10333.33,9000.0,6.0,0.0,0.0
Inpatient,10018C,6,6,62000.0,10333.33,10500.0,6.0,0.0,0.0
Inpatient,45T1WC,5,5,62000.0,12400.0,6000.0,5.0,0.0,0.0
Inpatient,0505GK,5,5,62000.0,12400.0,9000.0,5.0,0.0,0.0
Inpatient,0506CA,10,10,62000.0,6200.0,5500.0,10.0,0.0,0.0
Inpatient,4600KN,5,5,62000.0,12400.0,6000.0,5.0,0.0,0.0
Inpatient,0413DQ,9,7,62000.0,6888.89,4000.0,9.0,0.0,0.0
Inpatient,35T0MM,3,3,62000.0,20666.67,4000.0,3.0,0.0,0.0
Inpatient,2501XR,8,8,61800.0,7725.0,7500.0,7.0,1.0,0.0
Inpatient,2301SM,9,9,61800.0,6866.67,6000.0,9.0,0.0,0.0
Inpatient,3601DD,9,9,61800.0,6866.67,8000.0,8.0,1.0,0.0
Inpatient,4400RA,8,8,61000.0,7625.0,6500.0,7.0,1.0,0.0
Inpatient,06138K,4,3,61000.0,15250.0,7500.0,4.0,0.0,0.0
Inpatient,4300NA,3,3,61000.0,20333.33,4000.0,2.0,1.0,0.0
Inpatient,0400MQ,6,5,61000.0,10166.67,6000.0,6.0,0.0,0.0
Inpatient,0700KS,3,3,61000.0,20333.33,11000.0,3.0,0.0,0.0
Inpatient,3700VS,8,6,61000.0,7625.0,6500.0,8.0,0.0,0.0
Inpatient,1413CR,9,7,61000.0,6777.78,7000.0,9.0,0.0,0.0
Inpatient,45T0VV,3,2,61000.0,20333.33,4000.0,2.0,1.0,0.0
Inpatient,3200TG,9,9,61000.0,6777.78,4000.0,9.0,0.0,0.0
Inpatient,3100YV,10,10,61000.0,6100.0,5500.0,10.0,0.0,0.0
Inpatient,0100MU,2,2,61000.0,30500.0,30500.0,2.0,0.0,0.0
Inpatient,12KDJU,7,7,61000.0,8714.29,9000.0,7.0,0.0,0.0
Inpatient,24T08J,3,3,61000.0,20333.33,10000.0,3.0,0.0,0.0
Inpatient,5100ZT,5,5,61000.0,12200.0,10000.0,5.0,0.0,0.0
Inpatient,1500YU,7,7,61000.0,8714.29,5000.0,6.0,1.0,0.0
Inpatient,4504MQ,7,7,61000.0,8714.29,5000.0,6.0,1.0,0.0
Inpatient,3401CM,10,9,60000.0,6000.0,5500.0,9.0,1.0,0.0
Inpatient,2713XD,10,5,60000.0,6000.0,5500.0,10.0,0.0,0.0
Inpatient,4900JC,9,9,60000.0,6666.67,6000.0,8.0,1.0,0.0
Inpatient,1400BU,10,10,60000.0,6000.0,6000.0,10.0,0.0,0.0
Inpatient,1300BM,5,5,60000.0,12000.0,11000.0,5.0,0.0,0.0
Inpatient,4413CJ,10,7,60000.0,6000.0,6000.0,7.0,3.0,0.0
Inpatient,2313TD,8,5,60000.0,7500.0,6500.0,8.0,0.0,0.0
Inpatient,01T1VM,6,6,60000.0,10000.0,7500.0,6.0,0.0,0.0
Inpatient,15T0XT,8,7,60000.0,7500.0,7000.0,8.0,0.0,0.0
Inpatient,4520ZS,7,6,59900.0,8557.14,7000.0,7.0,0.0,0.0
Inpatient,4000YA,9,9,59300.0,6588.89,7000.0,9.0,0.0,0.0
Inpatient,0301ZS,7,7,59000.0,8428.57,7000.0,7.0,0.0,0.0
Inpatient,3300YK,11,8,59000.0,5363.64,4000.0,9.0,2.0,0.0
Inpatient,4200CD,8,7,59000.0,7375.0,4500.0,7.0,1.0,0.0
Inpatient,0100ZG,11,11,59000.0,5363.64,5000.0,11.0,0.0,0.0
Inpatient,49138J,5,5,59000.0,11800.0,7000.0,5.0,0.0,0.0
Inpatient,4520BV,7,7,58000.0,8285.71,7000.0,7.0,0.0,0.0
Inpatient,2900XG,3,3,58000.0,19333.33,19000.0,3.0,0.0,0.0
Inpatient,3401TU,2,2,58000.0,29000.0,29000.0,2.0,0.0,0.0
Inpatient,1700RR,5,4,58000.0,11600.0,11000.0,5.0,0.0,0.0
Inpatient,0506KR,8,8,58000.0,7250.0,5000.0,8.0,0.0,0.0
Inpatient,4520WG,8,7,57930.0,7241.25,6000.0,7.0,0.0,1.0
Inpatient,3900NC,5,5,57000.0,11400.0,11000.0,5.0,0.0,0.0
Inpatient,4520KA,2,2,57000.0,28500.0,28500.0,2.0,0.0,0.0
Inpatient,4901ZB,8,8,57000.0,7125.0,5500.0,8.0,0.0,0.0
Inpatient,2000KB,8,8,57000.0,7125.0,6000.0,8.0,0.0,0.0
Inpatient,1313CR,1,1,57000.0,57000.0,57000.0,1.0,0.0,0.0
Inpatient,4503CJ,1,1,57000.0,57000.0,57000.0,1.0,0.0,0.0
Inpatient,03T1UA,1,1,57000.0,57000.0,57000.0,1.0,0.0,0.0
Inpatient,45058P,6,6,57000.0,9500.0,11000.0,6.0,0.0,0.0
Inpatient,33S16N,2,2,57000.0,28500.0,28500.0,2.0,0.0,0.0
Inpatient,1400JU,7,6,57000.0,8142.86,8000.0,7.0,0.0,0.0
Inpatient,3301ST,9,7,56000.0,6222.22,6000.0,8.0,1.0,0.0
Inpatient,3200DN,6,6,56000.0,9333.33,7000.0,6.0,0.0,0.0
Inpatient,07S06V,6,6,56000.0,9333.33,9000.0,6.0,0.0,0.0
Inpatient,4507NJ,8,7,56000.0,7000.0,6000.0,8.0,0.0,0.0
Inpatient,1200XH,10,10,56000.0,5600.0,4000.0,9.0,1.0,0.0
Inpatient,4506JM,8,7,56000.0,7000.0,7000.0,8.0,0.0,0.0
Inpatient,1102UR,6,5,56000.0,9333.33,7500.0,6.0,0.0,0.0
Inpatient,0507DP,9,9,56000.0,6222.22,5000.0,9.0,0.0,0.0
Inpatient,0503AR,6,6,56000.0,9333.33,6000.0,6.0,0.0,0.0
Inpatient,2400BM,3,3,56000.0,18666.67,20000.0,3.0,0.0,0.0
Inpatient,2413JJ,9,4,55000.0,6111.11,6000.0,9.0,0.0,0.0
Inpatient,49018D,5,5,55000.0,11000.0,5000.0,5.0,0.0,0.0
Inpatient,1101CP,7,7,55000.0,7857.14,8000.0,7.0,0.0,0.0
Inpatient,1701GP,5,5,55000.0,11000.0,9000.0,5.0,0.0,0.0
Inpatient,4400UD,3,3,55000.0,18333.33,6000.0,3.0,0.0,0.0
Inpatient,4400RR,9,7,55000.0,6111.11,6000.0,8.0,1.0,0.0
Inpatient,1513JJ,5,4,55000.0,11000.0,10000.0,5.0,0.0,0.0
Inpatient,36T2DK,5,5,55000.0,11000.0,9000.0,5.0,0.0,0.0
Inpatient,0507JM,6,6,54000.0,9000.0,9000.0,6.0,0.0,0.0
Inpatient,1030ZQ,7,5,54000.0,7714.29,8000.0,7.0,0.0,0.0
Inpatient,3620SN,3,3,54000.0,18000.0,24000.0,3.0,0.0,0.0
Inpatient,42008K,9,8,54000.0,6000.0,5000.0,9.0,0.0,0.0
Inpatient,0513TU,4,3,54000.0,13500.0,11500.0,4.0,0.0,0.0
Inpatient,1000GD,4,4,54000.0,13500.0,13000.0,3.0,1.0,0.0
Inpatient,23S0HR,4,4,54000.0,13500.0,13500.0,3.0,1.0,0.0
Inpatient,2000SK,9,8,54000.0,6000.0,5000.0,8.0,1.0,0.0
Inpatient,4400GD,8,7,54000.0,6750.0,6000.0,8.0,0.0,0.0
Inpatient,1613GT,4,4,54000.0,13500.0,12500.0,4.0,0.0,0.0
Inpatient,1413BH,5,5,54000.0,10800.0,4000.0,5.0,0.0,0.0
Inpatient,14008T,7,6,54000.0,7714.29,8000.0,7.0,0.0,0.0
Inpatient,06NYZK,5,5,54000.0,10800.0,10000.0,5.0,0.0,0.0
Inpatient,2013MP,9,7,54000.0,6000.0,5000.0,9.0,0.0,0.0
Inpatient,1813GK,6,3,54000.0,9000.0,7500.0,6.0,0.0,0.0
Inpatient,5013NM,4,3,54000.0,13500.0,11500.0,4.0,0.0,0.0
Inpatient,3902SC,8,8,54000.0,6750.0,6000.0,8.0,0.0,0.0
Inpatient,3620AB,8,8,53800.0,6725.0,6000.0,8.0,0.0,0.0
Inpatient,42008B,8,8,53800.0,6725.0,5500.0,7.0,0.0,1.0
Inpatient,0613JC,4,4,53400.0,13350.0,7500.0,4.0,0.0,0.0
Inpatient,1401GN,9,8,53000.0,5888.89,5000.0,8.0,1.0,0.0
Inpatient,1500HQ,6,6,53000.0,8833.33,7500.0,6.0,0.0,0.0
Inpatient,2330KK,6,6,53000.0,8833.33,10000.0,6.0,0.0,0.0
Inpatient,4500QM,10,9,53000.0,5300.0,4000.0,10.0,0.0,0.0
Inpatient,3602RQ,4,4,53000.0,13250.0,10500.0,3.0,1.0,0.0
Inpatient,3901RH,4,4,53000.0,13250.0,7500.0,4.0,0.0,0.0
Inpatient,1102YV,5,5,53000.0,10600.0,8000.0,5.0,0.0,0.0
Inpatient,1413SB,9,9,53000.0,5888.89,6000.0,8.0,1.0,0.0
Inpatient,4200KN,9,9,53000.0,5888.89,5000.0,9.0,0.0,0.0
Inpatient,3302HG,9,9,52800.0,5866.67,7000.0,9.0,0.0,0.0
Inpatient,4900YG,8,8,52500.0,6562.5,7000.0,8.0,0.0,0.0
Inpatient,10S0RT,7,7,52000.0,7428.57,7000.0,7.0,0.0,0.0
Inpatient,4401JJ,6,6,52000.0,8666.67,8500.0,6.0,0.0,0.0
Inpatient,39T1NR,7,7,52000.0,7428.57,7000.0,7.0,0.0,0.0
Inpatient,0507YU,7,7,52000.0,7428.57,5000.0,7.0,0.0,0.0
Inpatient,3900TS,6,6,52000.0,8666.67,7000.0,6.0,0.0,0.0
Inpatient,0100TN,7,6,52000.0,7428.57,5000.0,7.0,0.0,0.0
Inpatient,1900YN,8,7,52000.0,6500.0,4500.0,8.0,0.0,0.0
Inpatient,32006H,7,7,52000.0,7428.57,9000.0,7.0,0.0,0.0
Inpatient,49T0MA,7,7,52000.0,7428.57,5000.0,6.0,1.0,0.0
Inpatient,4900RT,3,3,52000.0,17333.33,14000.0,3.0,0.0,0.0
Inpatient,1900MN,4,3,52000.0,13000.0,13500.0,4.0,0.0,0.0
Inpatient,4500RD,5,5,52000.0,10400.0,7000.0,5.0,0.0,0.0
Inpatient,18016Q,7,6,52000.0,7428.57,8000.0,6.0,1.0,0.0
Inpatient,4501YB,4,4,51200.0,12800.0,9000.0,4.0,0.0,0.0
Inpatient,1613ZD,5,5,51000.0,10200.0,7000.0,5.0,0.0,0.0
Inpatient,4600WS,8,7,51000.0,6375.0,7000.0,7.0,1.0,0.0
Inpatient,0504TB,5,5,51000.0,10200.0,10000.0,5.0,0.0,0.0
Inpatient,3300MK,6,6,51000.0,8500.0,8000.0,6.0,0.0,0.0
Inpatient,2513DR,5,4,51000.0,10200.0,7000.0,5.0,0.0,0.0
Inpatient,5213QK,7,4,51000.0,7285.71,7000.0,7.0,0.0,0.0
Inpatient,0507UA,5,5,51000.0,10200.0,11000.0,5.0,0.0,0.0
Inpatient,45T2JT,7,7,51000.0,7285.71,5000.0,7.0,0.0,0.0
Inpatient,0501KH,4,4,51000.0,12750.0,13000.0,4.0,0.0,0.0
Inpatient,3300GM,3,3,51000.0,17000.0,4000.0,3.0,0.0,0.0
Inpatient,3100VS,7,7,51000.0,7285.71,6000.0,7.0,0.0,0.0
Inpatient,0101HG,8,8,51000.0,6375.0,4000.0,7.0,1.0,0.0
Inpatient,0503ZG,7,7,50900.0,7271.43,7000.0,6.0,0.0,1.0
Inpatient,3301WB,8,8,50000.0,6250.0,3500.0,8.0,0.0,0.0
Inpatient,67006S,4,4,50000.0,12500.0,11000.0,4.0,0.0,0.0
Inpatient,3900XH,5,5,50000.0,10000.0,10000.0,5.0,0.0,0.0
Inpatient,1413PU,4,4,50000.0,12500.0,9500.0,4.0,0.0,0.0
Inpatient,3800HM,3,3,50000.0,16666.67,10000.0,3.0,0.0,0.0
Inpatient,0507NQ,4,4,50000.0,12500.0,12000.0,3.0,1.0,0.0
Inpatient,1700PP,5,5,49000.0,9800.0,8000.0,5.0,0.0,0.0
Inpatient,0503CM,5,4,49000.0,9800.0,3000.0,3.0,2.0,0.0
Inpatient,33S2WN,3,3,49000.0,16333.33,20000.0,3.0,0.0,0.0
Inpatient,3413SR,8,6,49000.0,6125.0,6000.0,8.0,0.0,0.0
Inpatient,1901UB,7,5,49000.0,7000.0,6000.0,7.0,0.0,0.0
Inpatient,2601NV,3,3,49000.0,16333.33,12000.0,3.0,0.0,0.0
Inpatient,50T0XB,5,5,49000.0,9800.0,9000.0,4.0,1.0,0.0
Inpatient,15T0CT,7,7,49000.0,7000.0,6000.0,7.0,0.0,0.0
Inpatient,0130TU,9,9,49000.0,5444.44,4000.0,9.0,0.0,0.0
Inpatient,2601VA,9,8,49000.0,5444.44,4000.0,9.0,0.0,0.0
Inpatient,1402HN,9,9,49000.0,5444.44,3000.0,8.0,1.0,0.0
Inpatient,4500WM,4,4,49000.0,12250.0,8000.0,4.0,0.0,0.0
Inpatient,3600KM,6,6,49000.0,8166.67,6500.0,6.0,0.0,0.0
Inpatient,18T0PG,9,9,49000.0,5444.44,4000.0,9.0,0.0,0.0
Inpatient,1540TJ,7,7,48900.0,6985.71,8000.0,7.0,0.0,0.0
Inpatient,04T0YM,7,6,48700.0,6957.14,7000.0,7.0,0.0,0.0
Inpatient,1101XG,6,6,48000.0,8000.0,6500.0,6.0,0.0,0.0
Inpatient,1800GS,6,4,48000.0,8000.0,5500.0,6.0,0.0,0.0
Inpatient,1501PK,7,7,48000.0,6857.14,7000.0,7.0,0.0,0.0
Inpatient,3700CP,6,2,48000.0,8000.0,6500.0,5.0,1.0,0.0
Inpatient,2301DT,7,5,48000.0,6857.14,6000.0,7.0,0.0,0.0
Inpatient,1913GQ,6,3,48000.0,8000.0,6000.0,6.0,0.0,0.0
Inpatient,2501CB,8,7,48000.0,6000.0,5000.0,8.0,0.0,0.0
Inpatient,4200QB,4,4,48000.0,12000.0,12000.0,4.0,0.0,0.0
Inpatient,0502SU,8,8,48000.0,6000.0,4000.0,8.0,0.0,0.0
Inpatient,1400AC,9,9,48000.0,5333.33,4000.0,8.0,1.0,0.0
Inpatient,2401MK,8,6,47000.0,5875.0,3000.0,7.0,1.0,0.0
Inpatient,2600WQ,8,6,47000.0,5875.0,4500.0,8.0,0.0,0.0
Inpatient,1400CG,4,4,47000.0,11750.0,9500.0,4.0,0.0,0.0
Inpatient,44T1UG,3,3,47000.0,15666.67,10000.0,3.0,0.0,0.0
Inpatient,0501TB,6,6,47000.0,7833.33,5500.0,6.0,0.0,0.0
Inpatient,3401WB,6,4,47000.0,7833.33,6500.0,6.0,0.0,0.0
Inpatient,05S6KQ,7,7,47000.0,6714.29,7000.0,6.0,1.0,0.0
Inpatient,0504RV,4,4,47000.0,11750.0,8000.0,4.0,0.0,0.0
Inpatient,0502BC,8,8,47000.0,5875.0,6500.0,7.0,1.0,0.0
Inpatient,0113WN,4,4,47000.0,11750.0,9000.0,3.0,1.0,0.0
Inpatient,3600JK,4,3,47000.0,11750.0,10500.0,4.0,0.0,0.0
Inpatient,3300VN,9,8,47000.0,5222.22,6000.0,8.0,1.0,0.0
Inpatient,1902VC,4,4,46000.0,11500.0,11500.0,4.0,0.0,0.0
Inpatient,4507JD,5,4,46000.0,9200.0,5000.0,5.0,0.0,0.0
Inpatient,10T2QS,6,6,46000.0,7666.67,6500.0,6.0,0.0,0.0
Inpatient,10136G,8,7,46000.0,5750.0,4000.0,7.0,1.0,0.0
Inpatient,1600RM,5,5,46000.0,9200.0,7000.0,5.0,0.0,0.0
Inpatient,1130HA,4,4,46000.0,11500.0,9500.0,4.0,0.0,0.0
Inpatient,2200JR,3,3,46000.0,15333.33,16000.0,3.0,0.0,0.0
Inpatient,2400TV,6,6,46000.0,7666.67,8000.0,6.0,0.0,0.0
Inpatient,1413QP,6,4,46000.0,7666.67,5000.0,6.0,0.0,0.0
Inpatient,4600NQ,4,4,46000.0,11500.0,10000.0,4.0,0.0,0.0
Inpatient,0520ZS,4,4,46000.0,11500.0,9500.0,4.0,0.0,0.0
Inpatient,0502AB,3,3,46000.0,15333.33,6000.0,3.0,0.0,0.0
Inpatient,50T0DM,6,5,45300.0,7550.0,5500.0,6.0,0.0,0.0
Inpatient,28018H,4,4,45000.0,11250.0,11500.0,4.0,0.0,0.0
Inpatient,4413GM,3,2,45000.0,15000.0,15000.0,3.0,0.0,0.0
Inpatient,42S0RB,7,6,45000.0,6428.57,7000.0,6.0,1.0,0.0
Inpatient,33S3QS,3,3,45000.0,15000.0,11000.0,3.0,0.0,0.0
Inpatient,1920WH,9,9,45000.0,5000.0,4000.0,9.0,0.0,0.0
Inpatient,10026G,4,4,45000.0,11250.0,12000.0,4.0,0.0,0.0
Inpatient,45T1RT,4,4,45000.0,11250.0,11500.0,4.0,0.0,0.0
Inpatient,5013WV,2,2,45000.0,22500.0,22500.0,2.0,0.0,0.0
Inpatient,27CTMQ,7,7,45000.0,6428.57,3000.0,6.0,1.0,0.0
Inpatient,1813TB,1,1,45000.0,45000.0,45000.0,1.0,0.0,0.0
Inpatient,05S1JT,7,7,45000.0,6428.57,6000.0,7.0,0.0,0.0
Inpatient,1713WC,7,7,45000.0,6428.57,4000.0,7.0,0.0,0.0
Inpatient,4900GH,6,6,44200.0,7366.67,8500.0,6.0,0.0,0.0
Inpatient,4500MV,4,4,44000.0,11000.0,10500.0,4.0,0.0,0.0
Inpatient,3013HM,2,2,44000.0,22000.0,22000.0,2.0,0.0,0.0
Inpatient,4507UR,4,4,44000.0,11000.0,12000.0,4.0,0.0,0.0
Inpatient,07008H,6,6,44000.0,7333.33,4500.0,6.0,0.0,0.0
Inpatient,0420UG,8,8,44000.0,5500.0,5000.0,8.0,0.0,0.0
Inpatient,4505PU,4,1,44000.0,11000.0,7000.0,4.0,0.0,0.0
Inpatient,45026M,5,4,44000.0,8800.0,8000.0,5.0,0.0,0.0
Inpatient,11008G,4,4,44000.0,11000.0,10000.0,4.0,0.0,0.0
Inpatient,4508DC,3,2,44000.0,14666.67,16000.0,3.0,0.0,0.0
Inpatient,0507MP,2,2,44000.0,22000.0,22000.0,2.0,0.0,0.0
Inpatient,3700KP,6,6,44000.0,7333.33,6000.0,6.0,0.0,0.0
Inpatient,2300JR,8,7,44000.0,5500.0,6000.0,7.0,1.0,0.0
Inpatient,3600GU,6,5,44000.0,7333.33,5000.0,6.0,0.0,0.0
Inpatient,0503PQ,3,3,44000.0,14666.67,11000.0,3.0,0.0,0.0
Inpatient,30S0SV,9,8,44000.0,4888.89,5000.0,6.0,3.0,0.0
Inpatient,04006B,8,7,44000.0,5500.0,5500.0,8.0,0.0,0.0
Inpatient,3401XC,5,5,43200.0,8640.0,11000.0,5.0,0.0,0.0
Inpatient,2320QR,7,7,43000.0,6142.86,4000.0,6.0,1.0,0.0
Inpatient,1800HM,5,3,43000.0,8600.0,8000.0,5.0,0.0,0.0
Inpatient,1002HG,3,3,43000.0,14333.33,9000.0,3.0,0.0,0.0
Inpatient,0600VR,6,6,43000.0,7166.67,5000.0,6.0,0.0,0.0
Inpatient,37006K,4,4,43000.0,10750.0,9500.0,4.0,0.0,0.0
Inpatient,2813QU,5,4,43000.0,8600.0,7000.0,5.0,0.0,0.0
Inpatient,2301UG,5,3,43000.0,8600.0,9000.0,5.0,0.0,0.0
Inpatient,4506WC,3,3,43000.0,14333.33,11000.0,3.0,0.0,0.0
Inpatient,4521VB,6,4,43000.0,7166.67,7000.0,6.0,0.0,0.0
Inpatient,0600KD,3,1,43000.0,14333.33,10000.0,3.0,0.0,0.0
Inpatient,3900RQ,4,4,43000.0,10750.0,11000.0,4.0,0.0,0.0
Inpatient,2900NB,5,5,43000.0,8600.0,9000.0,5.0,0.0,0.0
Inpatient,0505WG,6,6,42000.0,7000.0,6500.0,6.0,0.0,0.0
Inpatient,3400XG,3,3,42000.0,14000.0,8000.0,3.0,0.0,0.0
Inpatient,45T2HR,4,4,42000.0,10500.0,10000.0,4.0,0.0,0.0
Inpatient,3713QJ,6,6,42000.0,7000.0,6500.0,6.0,0.0,0.0
Inpatient,3300JH,3,3,42000.0,14000.0,7000.0,3.0,0.0,0.0
Inpatient,3301AR,7,7,42000.0,6000.0,3000.0,5.0,2.0,0.0
Inpatient,4520SJ,7,5,42000.0,6000.0,6000.0,7.0,0.0,0.0
Inpatient,4901KQ,5,5,42000.0,8400.0,4000.0,5.0,0.0,0.0
Inpatient,52136H,8,7,42000.0,5250.0,5500.0,8.0,0.0,0.0
Inpatient,37S06Q,3,3,42000.0,14000.0,12000.0,3.0,0.0,0.0
Inpatient,2313BJ,2,2,42000.0,21000.0,21000.0,2.0,0.0,0.0
Inpatient,4501DK,5,4,42000.0,8400.0,6000.0,5.0,0.0,0.0
Inpatient,4313XG,2,2,42000.0,21000.0,21000.0,2.0,0.0,0.0
Inpatient,4520TS,4,4,41200.0,10300.0,11500.0,4.0,0.0,0.0
Inpatient,0500TQ,7,7,41000.0,5857.14,5000.0,6.0,1.0,0.0
Inpatient,1800ZS,3,2,41000.0,13666.67,11000.0,3.0,0.0,0.0
Inpatient,52S0ZR,6,4,41000.0,6833.33,6500.0,6.0,0.0,0.0
Inpatient,39T0NJ,7,7,41000.0,5857.14,6000.0,7.0,0.0,0.0
Inpatient,4401CK,6,6,41000.0,6833.33,4500.0,5.0,1.0,0.0
Inpatient,0100WR,3,3,41000.0,13666.67,16000.0,3.0,0.0,0.0
Inpatient,2800XB,7,5,41000.0,5857.14,4000.0,7.0,0.0,0.0
Inpatient,45T06G,6,6,41000.0,6833.33,5000.0,6.0,0.0,0.0
Inpatient,1500VJ,7,7,41000.0,5857.14,6000.0,7.0,0.0,0.0
Inpatient,40008D,2,2,41000.0,20500.0,20500.0,2.0,0.0,0.0
Inpatient,33S2DQ,5,5,41000.0,8200.0,8000.0,5.0,0.0,0.0
Inpatient,1101NB,5,5,41000.0,8200.0,5000.0,5.0,0.0,0.0
Inpatient,4506KN,8,8,41000.0,5125.0,4500.0,8.0,0.0,0.0
Inpatient,05S0PQ,4,4,41000.0,10250.0,8500.0,4.0,0.0,0.0
Inpatient,1413WH,5,4,41000.0,8200.0,6000.0,5.0,0.0,0.0
Inpatient,22008H,5,5,41000.0,8200.0,7000.0,5.0,0.0,0.0
Inpatient,4501SR,3,3,41000.0,13666.67,11000.0,3.0,0.0,0.0
Inpatient,0500KG,5,5,41000.0,8200.0,6000.0,5.0,0.0,0.0
Inpatient,42T0RB,5,5,41000.0,8200.0,5000.0,5.0,0.0,0.0
Inpatient,3702DU,7,7,41000.0,5857.14,6000.0,7.0,0.0,0.0
Inpatient,4508AQ,5,4,41000.0,8200.0,11000.0,4.0,1.0,0.0
Inpatient,14T1MD,5,4,41000.0,8200.0,7000.0,5.0,0.0,0.0
Inpatient,0506BV,4,4,41000.0,10250.0,9500.0,4.0,0.0,0.0
Inpatient,4900PB,5,5,41000.0,8200.0,7000.0,5.0,0.0,0.0
Inpatient,0505VD,4,4,41000.0,10250.0,9000.0,4.0,0.0,0.0
Inpatient,3300SB,4,4,40000.0,10000.0,7500.0,4.0,0.0,0.0
Inpatient,4600AB,8,8,40000.0,5000.0,4000.0,7.0,1.0,0.0
Inpatient,4508YC,4,4,40000.0,10000.0,7500.0,4.0,0.0,0.0
Inpatient,1800TB,6,6,40000.0,6666.67,5500.0,6.0,0.0,0.0
Inpatient,5000PC,9,8,40000.0,4444.44,5000.0,8.0,1.0,0.0
Inpatient,3702AB,2,2,40000.0,20000.0,20000.0,2.0,0.0,0.0
Inpatient,4920PG,4,4,40000.0,10000.0,10500.0,4.0,0.0,0.0
Inpatient,2400UA,7,7,40000.0,5714.29,5000.0,6.0,1.0,0.0
Inpatient,1501XU,5,5,40000.0,8000.0,6000.0,5.0,0.0,0.0
Inpatient,45066J,6,6,40000.0,6666.67,5000.0,6.0,0.0,0.0
Inpatient,4507TQ,4,4,40000.0,10000.0,10000.0,4.0,0.0,0.0
Inpatient,4508BR,7,7,40000.0,5714.29,7000.0,6.0,1.0,0.0
Inpatient,0501JG,4,4,40000.0,10000.0,11500.0,4.0,0.0,0.0
Inpatient,10S2UH,5,5,40000.0,8000.0,5000.0,5.0,0.0,0.0
Inpatient,0502DG,5,5,39000.0,7800.0,8000.0,5.0,0.0,0.0
Inpatient,3200BS,6,6,39000.0,6500.0,5000.0,6.0,0.0,0.0
Inpatient,1113QU,6,6,39000.0,6500.0,6000.0,6.0,0.0,0.0
Inpatient,05T58B,4,4,39000.0,9750.0,10000.0,4.0,0.0,0.0
Inpatient,05028K,5,5,39000.0,7800.0,5000.0,5.0,0.0,0.0
Inpatient,2413TN,6,5,39000.0,6500.0,7000.0,6.0,0.0,0.0
Inpatient,1613SK,6,4,39000.0,6500.0,5000.0,6.0,0.0,0.0
Inpatient,45S3VV,4,4,39000.0,9750.0,10500.0,4.0,0.0,0.0
Inpatient,1500CD,7,7,39000.0,5571.43,5000.0,7.0,0.0,0.0
Inpatient,5013UT,7,6,39000.0,5571.43,4000.0,7.0,0.0,0.0
Inpatient,3313GQ,4,3,39000.0,9750.0,7000.0,4.0,0.0,0.0
Inpatient,5200RT,5,5,38000.0,7600.0,9000.0,4.0,1.0,0.0
Inpatient,23S08S,5,5,38000.0,7600.0,7000.0,5.0,0.0,0.0
Inpatient,0413PC,7,6,38000.0,5428.57,5000.0,7.0,0.0,0.0
Inpatient,0500WD,5,5,38000.0,7600.0,4000.0,5.0,0.0,0.0
Inpatient,26T1ZK,4,4,38000.0,9500.0,9500.0,4.0,0.0,0.0
Inpatient,32VJUD,5,5,38000.0,7600.0,9000.0,5.0,0.0,0.0
Inpatient,4600GH,1,1,38000.0,38000.0,38000.0,1.0,0.0,0.0
Inpatient,3903AG,4,4,38000.0,9500.0,3000.0,3.0,1.0,0.0
Inpatient,5201QT,3,3,38000.0,12666.67,7000.0,3.0,0.0,0.0
Inpatient,4504UB,7,7,38000.0,5428.57,4000.0,7.0,0.0,0.0
Inpatient,1930SB,6,6,38000.0,6333.33,7000.0,5.0,1.0,0.0
Inpatient,4506VB,9,9,38000.0,4222.22,5000.0,8.0,1.0,0.0
Inpatient,33S3JM,3,3,38000.0,12666.67,13000.0,3.0,0.0,0.0
Inpatient,45T6ZJ,5,5,37000.0,7400.0,9000.0,5.0,0.0,0.0
Inpatient,3700CG,7,5,37000.0,5285.71,5000.0,7.0,0.0,0.0
Inpatient,10006U,6,6,37000.0,6166.67,5500.0,5.0,1.0,0.0
Inpatient,4501GC,6,6,37000.0,6166.67,4500.0,4.0,2.0,0.0
Inpatient,3800RP,2,2,37000.0,18500.0,18500.0,2.0,0.0,0.0
Inpatient,15T16K,3,3,37000.0,12333.33,7000.0,3.0,0.0,0.0
Inpatient,22S0GT,3,3,37000.0,12333.33,13000.0,3.0,0.0,0.0
Inpatient,1913TH,3,3,37000.0,12333.33,10000.0,3.0,0.0,0.0
Inpatient,1313CB,2,2,37000.0,18500.0,18500.0,2.0,0.0,0.0
Inpatient,4220KC,5,5,37000.0,7400.0,7000.0,5.0,0.0,0.0
Inpatient,4520PD,2,2,37000.0,18500.0,18500.0,2.0,0.0,0.0
Inpatient,1002XJ,4,4,37000.0,9250.0,7500.0,3.0,1.0,0.0
Inpatient,3303BR,5,5,37000.0,7400.0,8000.0,5.0,0.0,0.0
Inpatient,17138S,4,4,37000.0,9250.0,10000.0,4.0,0.0,0.0
Inpatient,1401PG,4,4,37000.0,9250.0,6500.0,4.0,0.0,0.0
Inpatient,1200QU,3,3,36000.0,12000.0,12000.0,3.0,0.0,0.0
Inpatient,4900QS,3,3,36000.0,12000.0,4000.0,3.0,0.0,0.0
Inpatient,45S1JR,4,4,36000.0,9000.0,9500.0,4.0,0.0,0.0
Inpatient,1500TG,4,4,36000.0,9000.0,8500.0,4.0,0.0,0.0
Inpatient,1200AN,4,4,36000.0,9000.0,7500.0,4.0,0.0,0.0
Inpatient,1601RH,8,5,36000.0,4500.0,2500.0,6.0,2.0,0.0
Inpatient,1401NN,3,3,36000.0,12000.0,15000.0,3.0,0.0,0.0
Inpatient,4500GA,2,2,36000.0,18000.0,18000.0,2.0,0.0,0.0
Inpatient,4600MP,4,4,36000.0,9000.0,10000.0,4.0,0.0,0.0
Inpatient,4500JD,4,4,36000.0,9000.0,8500.0,4.0,0.0,0.0
Inpatient,3713VH,3,3,36000.0,12000.0,7000.0,3.0,0.0,0.0
Inpatient,10T2RT,7,7,36000.0,5142.86,4000.0,7.0,0.0,0.0
Inpatient,0130QR,4,4,35000.0,8750.0,7500.0,4.0,0.0,0.0
Inpatient,2313RB,2,2,35000.0,17500.0,17500.0,2.0,0.0,0.0
Inpatient,3613CJ,5,5,35000.0,7000.0,6000.0,5.0,0.0,0.0
Inpatient,3302QH,2,2,35000.0,17500.0,17500.0,2.0,0.0,0.0
Inpatient,4401XK,4,4,35000.0,8750.0,8500.0,4.0,0.0,0.0
Inpatient,3800ZB,4,4,35000.0,8750.0,8000.0,4.0,0.0,0.0
Inpatient,27008P,4,2,35000.0,8750.0,9000.0,4.0,0.0,0.0
Inpatient,4513YG,3,3,35000.0,11666.67,9000.0,3.0,0.0,0.0
Inpatient,1413MK,2,2,35000.0,17500.0,17500.0,2.0,0.0,0.0
Inpatient,45T0KK,4,4,35000.0,8750.0,8000.0,4.0,0.0,0.0
Inpatient,2413MT,1,1,35000.0,35000.0,35000.0,1.0,0.0,0.0
Inpatient,2413RR,5,5,35000.0,7000.0,9000.0,5.0,0.0,0.0
Inpatient,2013PR,7,5,35000.0,5000.0,4000.0,7.0,0.0,0.0
Inpatient,33S2UK,2,2,35000.0,17500.0,17500.0,2.0,0.0,0.0
Inpatient,3913NJ,6,6,35000.0,5833.33,4500.0,6.0,0.0,0.0
Inpatient,0504CQ,5,5,35000.0,7000.0,5000.0,5.0,0.0,0.0
Inpatient,1513XR,6,5,35000.0,5833.33,4500.0,6.0,0.0,0.0
Inpatient,0700GD,5,5,35000.0,7000.0,8000.0,4.0,1.0,0.0
Inpatient,4507AS,4,4,34300.0,8575.0,6500.0,4.0,0.0,0.0
Inpatient,5213JC,5,5,34000.0,6800.0,9000.0,5.0,0.0,0.0
Inpatient,1820AJ,3,3,34000.0,11333.33,7000.0,3.0,0.0,0.0
Inpatient,1000QJ,5,4,34000.0,6800.0,6000.0,5.0,0.0,0.0
Inpatient,23026J,4,4,34000.0,8500.0,8000.0,4.0,0.0,0.0
Inpatient,1801PA,6,6,34000.0,5666.67,4000.0,5.0,1.0,0.0
Inpatient,0200NK,5,5,34000.0,6800.0,6000.0,5.0,0.0,0.0
Inpatient,1001KU,3,3,34000.0,11333.33,8000.0,2.0,1.0,0.0
Inpatient,1613HN,5,5,34000.0,6800.0,4000.0,5.0,0.0,0.0
Inpatient,38S0MK,6,5,34000.0,5666.67,5000.0,5.0,1.0,0.0
Inpatient,1002BA,2,2,34000.0,17000.0,17000.0,2.0,0.0,0.0
Inpatient,3100WD,5,5,34000.0,6800.0,6000.0,4.0,1.0,0.0
Inpatient,1420YU,4,4,34000.0,8500.0,7000.0,4.0,0.0,0.0
Inpatient,4900MG,7,7,34000.0,4857.14,4000.0,6.0,1.0,0.0
Inpatient,1701UV,5,4,34000.0,6800.0,5000.0,5.0,0.0,0.0
Inpatient,1101PC,7,5,34000.0,4857.14,5000.0,7.0,0.0,0.0
Inpatient,3301BK,4,4,33900.0,8475.0,10000.0,4.0,0.0,0.0
Inpatient,3302XR,5,5,33000.0,6600.0,6000.0,5.0,0.0,0.0
Inpatient,26T0QA,2,2,33000.0,16500.0,16500.0,2.0,0.0,0.0
Inpatient,0613TP,3,2,33000.0,11000.0,12000.0,3.0,0.0,0.0
Inpatient,1002UD,4,4,33000.0,8250.0,7500.0,4.0,0.0,0.0
Inpatient,3701UG,5,5,33000.0,6600.0,6000.0,5.0,0.0,0.0
Inpatient,33T0RM,4,4,33000.0,8250.0,8500.0,4.0,0.0,0.0
Inpatient,0500WT,2,2,33000.0,16500.0,16500.0,2.0,0.0,0.0
Inpatient,0506PN,3,3,33000.0,11000.0,4000.0,3.0,0.0,0.0
Inpatient,3100AC,2,2,33000.0,16500.0,16500.0,2.0,0.0,0.0
Inpatient,1920VG,3,3,33000.0,11000.0,8000.0,3.0,0.0,0.0
Inpatient,4507MH,6,6,33000.0,5500.0,5000.0,6.0,0.0,0.0
Inpatient,4401MT,5,5,33000.0,6600.0,6000.0,5.0,0.0,0.0
Inpatient,26138U,5,4,33000.0,6600.0,6000.0,5.0,0.0,0.0
Inpatient,37S0MU,2,2,33000.0,16500.0,16500.0,2.0,0.0,0.0
Inpatient,1800RH,3,2,33000.0,11000.0,8000.0,3.0,0.0,0.0
Inpatient,1100HU,4,4,33000.0,8250.0,8500.0,3.0,1.0,0.0
Inpatient,2501WQ,3,2,33000.0,11000.0,7000.0,3.0,0.0,0.0
Inpatient,45T1UA,5,5,33000.0,6600.0,6000.0,5.0,0.0,0.0
Inpatient,16S0CR,6,6,33000.0,5500.0,6000.0,6.0,0.0,0.0
Inpatient,2413YM,5,4,32300.0,6460.0,7000.0,5.0,0.0,0.0
Inpatient,0400HS,3,3,32000.0,10666.67,11000.0,3.0,0.0,0.0
Inpatient,3700HS,4,4,32000.0,8000.0,7500.0,4.0,0.0,0.0
Inpatient,26T1JV,2,2,32000.0,16000.0,16000.0,2.0,0.0,0.0
Inpatient,4501BV,7,7,32000.0,4571.43,5000.0,7.0,0.0,0.0
Inpatient,4401NU,2,2,32000.0,16000.0,16000.0,2.0,0.0,0.0
Inpatient,0505CQ,2,2,32000.0,16000.0,16000.0,2.0,0.0,0.0
Inpatient,1701DN,4,4,32000.0,8000.0,6500.0,4.0,0.0,0.0
Inpatient,33T0HA,7,6,32000.0,4571.43,5000.0,6.0,1.0,0.0
Inpatient,21BVKQ,4,4,32000.0,8000.0,8500.0,4.0,0.0,0.0
Inpatient,10T2UA,4,3,32000.0,8000.0,7000.0,4.0,0.0,0.0
Inpatient,0500VC,3,3,32000.0,10666.67,11000.0,3.0,0.0,0.0
Inpatient,0600NQ,6,5,32000.0,5333.33,5000.0,5.0,1.0,0.0
Inpatient,1902VM,2,2,32000.0,16000.0,16000.0,2.0,0.0,0.0
Inpatient,31S0NH,6,6,32000.0,5333.33,4500.0,6.0,0.0,0.0
Inpatient,1500PA,5,5,32000.0,6400.0,6000.0,5.0,0.0,0.0
Inpatient,1313DC,3,2,32000.0,10666.67,12000.0,3.0,0.0,0.0
Inpatient,3700WT,5,5,32000.0,6400.0,6000.0,5.0,0.0,0.0
Inpatient,2313PV,5,5,32000.0,6400.0,6000.0,5.0,0.0,0.0
Inpatient,1000MD,1,1,31000.0,31000.0,31000.0,1.0,0.0,0.0
Inpatient,3302DS,4,4,31000.0,7750.0,6500.0,4.0,0.0,0.0
Inpatient,0501SA,2,2,31000.0,15500.0,15500.0,2.0,0.0,0.0
Inpatient,0100GP,4,3,31000.0,7750.0,8000.0,4.0,0.0,0.0
Inpatient,0600NH,4,4,31000.0,7750.0,8000.0,4.0,0.0,0.0
Inpatient,49T1YB,4,4,31000.0,7750.0,6500.0,4.0,0.0,0.0
Inpatient,07S0VA,4,4,31000.0,7750.0,7500.0,4.0,0.0,0.0
Inpatient,26406Q,5,5,31000.0,6200.0,6000.0,5.0,0.0,0.0
Inpatient,1002ZM,5,5,31000.0,6200.0,7000.0,5.0,0.0,0.0
Inpatient,0500HS,3,3,31000.0,10333.33,10000.0,3.0,0.0,0.0
Inpatient,39S0QB,5,5,31000.0,6200.0,5000.0,5.0,0.0,0.0
Inpatient,03T0TJ,2,2,31000.0,15500.0,15500.0,2.0,0.0,0.0
Inpatient,0501TR,5,5,31000.0,6200.0,6000.0,5.0,0.0,0.0
Inpatient,0507TP,4,4,31000.0,7750.0,7500.0,4.0,0.0,0.0
Inpatient,2602HR,3,3,31000.0,10333.33,13000.0,3.0,0.0,0.0
Inpatient,24S0GR,5,5,30600.0,6120.0,7000.0,5.0,0.0,0.0
Inpatient,1100YB,8,7,30300.0,3787.5,3500.0,8.0,0.0,0.0
Inpatient,33S2YQ,5,5,30000.0,6000.0,5000.0,5.0,0.0,0.0
Inpatient,0700PV,2,2,30000.0,15000.0,15000.0,2.0,0.0,0.0
Inpatient,0501QN,2,2,30000.0,15000.0,15000.0,2.0,0.0,0.0
Inpatient,52136Q,2,2,30000.0,15000.0,15000.0,2.0,0.0,0.0
Inpatient,2303CC,4,4,30000.0,7500.0,8000.0,4.0,0.0,0.0
Inpatient,0600YG,5,5,30000.0,6000.0,5000.0,5.0,0.0,0.0
Inpatient,2400PB,4,3,30000.0,7500.0,5500.0,4.0,0.0,0.0
Inpatient,1002XB,3,3,30000.0,10000.0,5000.0,3.0,0.0,0.0
Inpatient,4600TP,4,2,30000.0,7500.0,6500.0,4.0,0.0,0.0
Inpatient,0506UT,5,5,30000.0,6000.0,5000.0,5.0,0.0,0.0
Inpatient,4508UG,5,5,29000.0,5800.0,6000.0,5.0,0.0,0.0
Inpatient,17138C,5,3,29000.0,5800.0,5000.0,5.0,0.0,0.0
Inpatient,2000QH,2,2,29000.0,14500.0,14500.0,2.0,0.0,0.0
Inpatient,05S7BN,3,3,29000.0,9666.67,9000.0,3.0,0.0,0.0
Inpatient,1513YS,3,2,29000.0,9666.67,9000.0,3.0,0.0,0.0
Inpatient,5113DP,3,3,29000.0,9666.67,11000.0,3.0,0.0,0.0
Inpatient,5213KT,4,4,29000.0,7250.0,6500.0,4.0,0.0,0.0
Inpatient,0301SJ,3,3,29000.0,9666.67,10000.0,3.0,0.0,0.0
Inpatient,1600JC,2,2,29000.0,14500.0,14500.0,2.0,0.0,0.0
Inpatient,50008T,3,3,29000.0,9666.67,10000.0,3.0,0.0,0.0
Inpatient,26S18N,3,3,28000.0,9333.33,9000.0,3.0,0.0,0.0
Inpatient,26016H,6,6,28000.0,4666.67,4000.0,5.0,1.0,0.0
Inpatient,22S0TC,2,2,28000.0,14000.0,14000.0,2.0,0.0,0.0
Inpatient,5000RG,3,3,28000.0,9333.33,11000.0,3.0,0.0,0.0
Inpatient,3620MP,4,4,28000.0,7000.0,7500.0,4.0,0.0,0.0
Inpatient,0100VA,2,2,28000.0,14000.0,14000.0,2.0,0.0,0.0
Inpatient,0513ST,3,3,28000.0,9333.33,5000.0,3.0,0.0,0.0
Inpatient,1613QA,3,3,28000.0,9333.33,8000.0,3.0,0.0,0.0
Inpatient,05T26H,4,4,28000.0,7000.0,5500.0,4.0,0.0,0.0
Inpatient,4503NT,6,6,28000.0,4666.67,5000.0,4.0,2.0,0.0
Inpatient,36T06B,3,3,28000.0,9333.33,5000.0,3.0,0.0,0.0
Inpatient,0330CJ,2,2,28000.0,14000.0,14000.0,2.0,0.0,0.0
Inpatient,3900UM,3,3,28000.0,9333.33,10000.0,3.0,0.0,0.0
Inpatient,2613QG,3,3,28000.0,9333.33,8000.0,3.0,0.0,0.0
Inpatient,33S2ZJ,1,1,28000.0,28000.0,28000.0,1.0,0.0,0.0
Inpatient,0400WD,3,3,28000.0,9333.33,3000.0,2.0,1.0,0.0
Inpatient,0501RP,2,2,28000.0,14000.0,14000.0,2.0,0.0,0.0
Inpatient,33T2ZD,2,2,28000.0,14000.0,14000.0,2.0,0.0,0.0
Inpatient,0100ZU,3,2,28000.0,9333.33,5000.0,3.0,0.0,0.0
Inpatient,1513QH,4,4,28000.0,7000.0,3500.0,4.0,0.0,0.0
Inpatient,1601HT,3,3,28000.0,9333.33,7000.0,3.0,0.0,0.0
Inpatient,01208T,1,1,28000.0,28000.0,28000.0,1.0,0.0,0.0
Inpatient,1901GR,3,3,28000.0,9333.33,5000.0,3.0,0.0,0.0
Inpatient,0120MA,4,4,27600.0,6900.0,6000.0,4.0,0.0,0.0
Inpatient,2100SU,2,2,27000.0,13500.0,13500.0,2.0,0.0,0.0
Inpatient,2500RJ,3,3,27000.0,9000.0,10000.0,3.0,0.0,0.0
Inpatient,4504AC,3,3,27000.0,9000.0,10000.0,3.0,0.0,0.0
Inpatient,3101JM,2,2,27000.0,13500.0,13500.0,2.0,0.0,0.0
Inpatient,1800VD,5,4,27000.0,5400.0,3000.0,4.0,1.0,0.0
Inpatient,4507GJ,3,3,27000.0,9000.0,8000.0,3.0,0.0,0.0
Inpatient,03006V,2,2,27000.0,13500.0,13500.0,2.0,0.0,0.0
Inpatient,0301YR,3,3,27000.0,9000.0,9000.0,3.0,0.0,0.0
Inpatient,1401WQ,5,5,27000.0,5400.0,4000.0,4.0,1.0,0.0
Inpatient,11S0KQ,3,3,27000.0,9000.0,9000.0,3.0,0.0,0.0
Inpatient,3720SK,3,3,27000.0,9000.0,10000.0,3.0,0.0,0.0
Inpatient,1902AM,3,3,27000.0,9000.0,11000.0,3.0,0.0,0.0
Inpatient,0500GA,4,4,27000.0,6750.0,5000.0,4.0,0.0,0.0
Inpatient,1000BJ,4,3,27000.0,6750.0,6500.0,4.0,0.0,0.0
Inpatient,3813QU,5,5,27000.0,5400.0,4000.0,5.0,0.0,0.0
Inpatient,2013NQ,3,3,27000.0,9000.0,9000.0,3.0,0.0,0.0
Inpatient,33S16D,6,6,27000.0,4500.0,5000.0,4.0,2.0,0.0
Inpatient,1300XD,5,5,27000.0,5400.0,4000.0,5.0,0.0,0.0
Inpatient,5300AP,5,5,27000.0,5400.0,4000.0,5.0,0.0,0.0
Inpatient,0503QR,4,4,27000.0,6750.0,6000.0,4.0,0.0,0.0
Inpatient,05T1YT,5,5,26800.0,5360.0,5000.0,5.0,0.0,0.0
Inpatient,4500UA,8,5,26100.0,3262.5,4000.0,6.0,2.0,0.0
Inpatient,4413DK,5,4,26000.0,5200.0,5000.0,5.0,0.0,0.0
Inpatient,3302QV,4,4,26000.0,6500.0,6500.0,4.0,0.0,0.0
Inpatient,0320ZM,3,3,26000.0,8666.67,9000.0,3.0,0.0,0.0
Inpatient,4600PR,2,2,26000.0,13000.0,13000.0,2.0,0.0,0.0
Inpatient,4900JT,3,2,26000.0,8666.67,8000.0,3.0,0.0,0.0
Inpatient,1920VP,2,2,26000.0,13000.0,13000.0,2.0,0.0,0.0
Inpatient,1402PU,4,4,26000.0,6500.0,4500.0,4.0,0.0,0.0
Inpatient,2313ZN,2,2,26000.0,13000.0,13000.0,2.0,0.0,0.0
Inpatient,04T0WJ,3,3,26000.0,8666.67,6000.0,3.0,0.0,0.0
Inpatient,4000DA,2,2,26000.0,13000.0,13000.0,2.0,0.0,0.0
Inpatient,0413HS,5,2,26000.0,5200.0,6000.0,4.0,1.0,0.0
Inpatient,33T1GV,3,3,26000.0,8666.67,9000.0,3.0,0.0,0.0
Inpatient,5213PA,3,3,26000.0,8666.67,9000.0,3.0,0.0,0.0
Inpatient,19206N,3,3,26000.0,8666.67,8000.0,3.0,0.0,0.0
Inpatient,5213UQ,2,2,26000.0,13000.0,13000.0,2.0,0.0,0.0
Inpatient,24006A,4,4,25900.0,6475.0,5000.0,4.0,0.0,0.0
Inpatient,3700KG,4,4,25000.0,6250.0,5000.0,4.0,0.0,0.0
Inpatient,0330HN,6,6,25000.0,4166.67,3500.0,5.0,1.0,0.0
Inpatient,2013HJ,3,3,25000.0,8333.33,6000.0,3.0,0.0,0.0
Inpatient,2630RB,3,3,25000.0,8333.33,5000.0,3.0,0.0,0.0
Inpatient,4506AB,3,3,25000.0,8333.33,7000.0,2.0,1.0,0.0
Inpatient,4505YB,3,3,25000.0,8333.33,8000.0,3.0,0.0,0.0
Inpatient,3302TT,4,4,25000.0,6250.0,7000.0,3.0,1.0,0.0
Inpatient,2920SQ,1,1,25000.0,25000.0,25000.0,1.0,0.0,0.0
Inpatient,0513RS,3,3,25000.0,8333.33,9000.0,3.0,0.0,0.0
Inpatient,1200ZK,4,4,25000.0,6250.0,5000.0,3.0,1.0,0.0
Inpatient,2301KC,5,5,25000.0,5000.0,4000.0,5.0,0.0,0.0
Inpatient,15T0ZV,5,5,25000.0,5000.0,3000.0,4.0,1.0,0.0
Inpatient,1400CP,3,3,25000.0,8333.33,6000.0,3.0,0.0,0.0
Inpatient,1001NJ,1,1,25000.0,25000.0,25000.0,1.0,0.0,0.0
Inpatient,0507SN,6,6,25000.0,4166.67,4500.0,5.0,1.0,0.0
Inpatient,0100VQ,3,3,25000.0,8333.33,8000.0,3.0,0.0,0.0
Inpatient,0500HK,5,5,25000.0,5000.0,6000.0,4.0,1.0,0.0
Inpatient,4503QV,3,3,24000.0,8000.0,9000.0,3.0,0.0,0.0
Inpatient,1613MC,3,3,24000.0,8000.0,9000.0,3.0,0.0,0.0
Inpatient,2501DC,2,2,24000.0,12000.0,12000.0,2.0,0.0,0.0
Inpatient,0500BN,3,3,24000.0,8000.0,9000.0,3.0,0.0,0.0
Inpatient,1700KK,4,4,24000.0,6000.0,5000.0,4.0,0.0,0.0
Inpatient,49408R,4,4,24000.0,6000.0,5000.0,3.0,1.0,0.0
Inpatient,0513UP,3,3,24000.0,8000.0,9000.0,3.0,0.0,0.0
Inpatient,1900XM,5,5,24000.0,4800.0,5000.0,4.0,1.0,0.0
Inpatient,2000UN,5,5,24000.0,4800.0,2000.0,4.0,1.0,0.0
Inpatient,4505JQ,4,2,24000.0,6000.0,5000.0,4.0,0.0,0.0
Inpatient,0101SS,3,3,24000.0,8000.0,7000.0,3.0,0.0,0.0
Inpatient,0200DA,4,3,24000.0,6000.0,5000.0,4.0,0.0,0.0
Inpatient,0300NP,3,3,24000.0,8000.0,8000.0,3.0,0.0,0.0
Inpatient,1613PU,2,2,24000.0,12000.0,12000.0,2.0,0.0,0.0
Inpatient,33T1VJ,4,4,24000.0,6000.0,6000.0,4.0,0.0,0.0
Inpatient,1901NR,3,3,24000.0,8000.0,5000.0,3.0,0.0,0.0
Inpatient,53MBUJ,5,4,24000.0,4800.0,3000.0,5.0,0.0,0.0
Inpatient,1513ND,3,2,24000.0,8000.0,6000.0,3.0,0.0,0.0
Inpatient,0400WT,3,3,24000.0,8000.0,4000.0,3.0,0.0,0.0
Inpatient,44S1RS,4,4,23000.0,5750.0,5000.0,4.0,0.0,0.0
Inpatient,1900MU,2,2,23000.0,11500.0,11500.0,2.0,0.0,0.0
Inpatient,44T0NM,4,4,23000.0,5750.0,6000.0,4.0,0.0,0.0
Inpatient,52138B,2,2,23000.0,11500.0,11500.0,2.0,0.0,0.0
Inpatient,4200NQ,3,2,23000.0,7666.67,10000.0,3.0,0.0,0.0
Inpatient,19T0QT,4,3,23000.0,5750.0,6000.0,4.0,0.0,0.0
Inpatient,1513QQ,3,3,23000.0,7666.67,8000.0,3.0,0.0,0.0
Inpatient,4001TN,1,1,23000.0,23000.0,23000.0,1.0,0.0,0.0
Inpatient,0501UC,4,4,23000.0,5750.0,5500.0,4.0,0.0,0.0
Inpatient,0413WN,4,2,23000.0,5750.0,6000.0,4.0,0.0,0.0
Inpatient,50S0QM,1,1,23000.0,23000.0,23000.0,1.0,0.0,0.0
Inpatient,3100RN,5,5,23000.0,4600.0,4000.0,5.0,0.0,0.0
Inpatient,14S2GG,2,2,23000.0,11500.0,11500.0,2.0,0.0,0.0
Inpatient,1913BM,5,2,23000.0,4600.0,5000.0,5.0,0.0,0.0
Inpatient,1102XU,5,5,23000.0,4600.0,5000.0,5.0,0.0,0.0
Inpatient,0502VB,2,2,23000.0,11500.0,11500.0,2.0,0.0,0.0
Inpatient,14T1GU,3,3,23000.0,7666.67,7000.0,3.0,0.0,0.0
Inpatient,3400GA,1,1,23000.0,23000.0,23000.0,1.0,0.0,0.0
Inpatient,07T0KG,5,5,23000.0,4600.0,4000.0,5.0,0.0,0.0
Inpatient,3601DT,2,2,23000.0,11500.0,11500.0,2.0,0.0,0.0
Inpatient,1500HA,4,3,22000.0,5500.0,5500.0,4.0,0.0,0.0
Inpatient,0400UB,3,3,22000.0,7333.33,7000.0,3.0,0.0,0.0
Inpatient,14T0HD,4,4,22000.0,5500.0,4500.0,4.0,0.0,0.0
Inpatient,0507RM,5,5,22000.0,4400.0,3000.0,5.0,0.0,0.0
Inpatient,3303CS,2,2,22000.0,11000.0,11000.0,2.0,0.0,0.0
Inpatient,04T0CS,1,1,22000.0,22000.0,22000.0,1.0,0.0,0.0
Inpatient,33S2KV,2,2,22000.0,11000.0,11000.0,1.0,1.0,0.0
Inpatient,1920ND,3,3,22000.0,7333.33,4000.0,3.0,0.0,0.0
Inpatient,1100GM,2,2,22000.0,11000.0,11000.0,2.0,0.0,0.0
Inpatient,4401CS,3,3,22000.0,7333.33,8000.0,3.0,0.0,0.0
Inpatient,1002CB,3,3,22000.0,7333.33,6000.0,3.0,0.0,0.0
Inpatient,2813SJ,4,3,22000.0,5500.0,5000.0,4.0,0.0,0.0
Inpatient,1401QQ,3,3,22000.0,7333.33,6000.0,3.0,0.0,0.0
Inpatient,0513WB,2,2,22000.0,11000.0,11000.0,2.0,0.0,0.0
Inpatient,26S0KK,1,1,22000.0,22000.0,22000.0,1.0,0.0,0.0
Inpatient,4213UC,4,4,22000.0,5500.0,3500.0,4.0,0.0,0.0
Inpatient,0505TB,2,2,22000.0,11000.0,11000.0,2.0,0.0,0.0
Inpatient,0413VM,6,6,22000.0,3666.67,3500.0,5.0,1.0,0.0
Inpatient,2900ZJ,4,4,22000.0,5500.0,4000.0,4.0,0.0,0.0
Inpatient,1813XV,3,2,22000.0,7333.33,6000.0,3.0,0.0,0.0
Inpatient,4901JP,5,3,22000.0,4400.0,4000.0,5.0,0.0,0.0
Inpatient,1002SS,2,2,22000.0,11000.0,11000.0,2.0,0.0,0.0
Inpatient,0300UP,1,1,22000.0,22000.0,22000.0,1.0,0.0,0.0
Inpatient,17T0QK,4,2,22000.0,5500.0,6000.0,4.0,0.0,0.0
Inpatient,1413PN,5,5,21100.0,4220.0,5000.0,4.0,1.0,0.0
Inpatient,1801KT,4,2,21000.0,5250.0,5500.0,4.0,0.0,0.0
Inpatient,33018R,3,3,21000.0,7000.0,4000.0,3.0,0.0,0.0
Inpatient,18008N,3,3,21000.0,7000.0,7000.0,3.0,0.0,0.0
Inpatient,33S2TJ,3,3,21000.0,7000.0,6000.0,3.0,0.0,0.0
Inpatient,2700AG,1,1,21000.0,21000.0,21000.0,1.0,0.0,0.0
Inpatient,2401HD,3,3,21000.0,7000.0,8000.0,2.0,1.0,0.0
Inpatient,2413HV,4,4,21000.0,5250.0,5000.0,4.0,0.0,0.0
Inpatient,1500RC,2,2,21000.0,10500.0,10500.0,2.0,0.0,0.0
Inpatient,2813TB,2,2,21000.0,10500.0,10500.0,2.0,0.0,0.0
Inpatient,1300YG,3,3,21000.0,7000.0,8000.0,3.0,0.0,0.0
Inpatient,3401JS,5,5,21000.0,4200.0,4000.0,5.0,0.0,0.0
Inpatient,51136J,2,2,21000.0,10500.0,10500.0,2.0,0.0,0.0
Inpatient,1101KV,3,3,21000.0,7000.0,6000.0,3.0,0.0,0.0
Inpatient,0501KQ,2,2,21000.0,10500.0,10500.0,2.0,0.0,0.0
Inpatient,45T3XA,2,2,21000.0,10500.0,10500.0,2.0,0.0,0.0
Inpatient,45T3BH,3,3,21000.0,7000.0,8000.0,3.0,0.0,0.0
Inpatient,0507CN,3,3,21000.0,7000.0,9000.0,3.0,0.0,0.0
Inpatient,0501YQ,3,3,20000.0,6666.67,7000.0,3.0,0.0,0.0
Inpatient,1101ZJ,3,2,20000.0,6666.67,6000.0,3.0,0.0,0.0
Inpatient,1002XR,4,4,20000.0,5000.0,4000.0,4.0,0.0,0.0
Inpatient,0700CK,3,3,20000.0,6666.67,5000.0,3.0,0.0,0.0
Inpatient,0100MN,3,3,20000.0,6666.67,7000.0,3.0,0.0,0.0
Inpatient,2200RJ,2,2,20000.0,10000.0,10000.0,2.0,0.0,0.0
Inpatient,1613UN,4,4,20000.0,5000.0,4500.0,4.0,0.0,0.0
Inpatient,0507KN,1,1,20000.0,20000.0,20000.0,1.0,0.0,0.0
Inpatient,02MHVJ,1,1,20000.0,20000.0,20000.0,1.0,0.0,0.0
Inpatient,1902CP,6,6,20000.0,3333.33,4000.0,4.0,2.0,0.0
Inpatient,52T16D,3,3,20000.0,6666.67,9000.0,3.0,0.0,0.0
Inpatient,1003TA,3,3,20000.0,6666.67,5000.0,2.0,1.0,0.0
Inpatient,18138N,2,2,19000.0,9500.0,9500.0,2.0,0.0,0.0
Inpatient,0507MG,3,3,19000.0,6333.33,5000.0,3.0,0.0,0.0
Inpatient,4508CB,2,2,19000.0,9500.0,9500.0,2.0,0.0,0.0
Inpatient,1413GT,1,1,19000.0,19000.0,19000.0,1.0,0.0,0.0
Inpatient,1920GT,2,2,19000.0,9500.0,9500.0,2.0,0.0,0.0
Inpatient,4520AU,3,3,19000.0,6333.33,8000.0,2.0,1.0,0.0
Inpatient,3513AV,3,2,19000.0,6333.33,4000.0,3.0,0.0,0.0
Inpatient,0101DC,2,2,19000.0,9500.0,9500.0,2.0,0.0,0.0
Inpatient,4506XD,3,3,19000.0,6333.33,4000.0,3.0,0.0,0.0
Inpatient,2013RT,3,3,19000.0,6333.33,6000.0,3.0,0.0,0.0
Inpatient,52138K,2,2,19000.0,9500.0,9500.0,2.0,0.0,0.0
Inpatient,33T1AR,1,1,19000.0,19000.0,19000.0,1.0,0.0,0.0
Inpatient,0400BN,5,4,19000.0,3800.0,4000.0,5.0,0.0,0.0
Inpatient,4505SB,3,3,19000.0,6333.33,7000.0,3.0,0.0,0.0
Inpatient,0507QK,2,2,19000.0,9500.0,9500.0,1.0,1.0,0.0
Inpatient,3313JT,1,1,19000.0,19000.0,19000.0,1.0,0.0,0.0
Inpatient,2713XN,2,2,19000.0,9500.0,9500.0,2.0,0.0,0.0
Inpatient,0507XD,5,5,19000.0,3800.0,3000.0,5.0,0.0,0.0
Inpatient,39T0MQ,3,3,18900.0,6300.0,3000.0,3.0,0.0,0.0
Inpatient,0503DN,4,4,18080.0,4520.0,4500.0,4.0,0.0,0.0
Inpatient,3300PN,4,4,18000.0,4500.0,4000.0,4.0,0.0,0.0
Inpatient,45T0RR,2,2,18000.0,9000.0,9000.0,2.0,0.0,0.0
Inpatient,2013BC,3,3,18000.0,6000.0,3000.0,3.0,0.0,0.0
Inpatient,4501DB,3,2,18000.0,6000.0,6000.0,3.0,0.0,0.0
Inpatient,38136C,3,3,18000.0,6000.0,6000.0,3.0,0.0,0.0
Inpatient,0601GB,2,2,18000.0,9000.0,9000.0,2.0,0.0,0.0
Inpatient,5200WC,1,1,18000.0,18000.0,18000.0,1.0,0.0,0.0
Inpatient,3700HK,2,2,18000.0,9000.0,9000.0,2.0,0.0,0.0
Inpatient,3601CS,2,2,18000.0,9000.0,9000.0,2.0,0.0,0.0
Inpatient,3301HH,2,2,18000.0,9000.0,9000.0,2.0,0.0,0.0
Inpatient,4402QP,2,2,18000.0,9000.0,9000.0,1.0,1.0,0.0
Inpatient,1902RG,4,4,18000.0,4500.0,5000.0,4.0,0.0,0.0
Inpatient,0503ZP,2,2,18000.0,9000.0,9000.0,2.0,0.0,0.0
Inpatient,33T2QQ,3,3,18000.0,6000.0,5000.0,3.0,0.0,0.0
Inpatient,1501NJ,3,3,18000.0,6000.0,7000.0,3.0,0.0,0.0
Inpatient,26018J,4,3,18000.0,4500.0,4500.0,4.0,0.0,0.0
Inpatient,2602XD,3,3,18000.0,6000.0,6000.0,3.0,0.0,0.0
Inpatient,0513HH,3,3,18000.0,6000.0,6000.0,3.0,0.0,0.0
Inpatient,33T0CT,3,3,18000.0,6000.0,4000.0,3.0,0.0,0.0
Inpatient,23S16R,3,3,18000.0,6000.0,6000.0,3.0,0.0,0.0
Inpatient,11T1CV,2,2,18000.0,9000.0,9000.0,2.0,0.0,0.0
Inpatient,2601PA,3,2,18000.0,6000.0,6000.0,3.0,0.0,0.0
Inpatient,0501DA,4,4,18000.0,4500.0,6000.0,3.0,1.0,0.0
Inpatient,25T0PT,4,4,17100.0,4275.0,5500.0,4.0,0.0,0.0
Inpatient,4501AU,3,3,17000.0,5666.67,3000.0,3.0,0.0,0.0
Inpatient,29T0SA,2,2,17000.0,8500.0,8500.0,2.0,0.0,0.0
Inpatient,33T1MG,1,1,17000.0,17000.0,17000.0,1.0,0.0,0.0
Inpatient,1700DM,2,2,17000.0,8500.0,8500.0,2.0,0.0,0.0
Inpatient,2200CK,2,2,17000.0,8500.0,8500.0,2.0,0.0,0.0
Inpatient,2413HP,1,1,17000.0,17000.0,17000.0,1.0,0.0,0.0
Inpatient,0501SQ,3,3,17000.0,5666.67,6000.0,3.0,0.0,0.0
Inpatient,1300WC,3,3,17000.0,5666.67,8000.0,2.0,1.0,0.0
Inpatient,1901DH,2,2,17000.0,8500.0,8500.0,2.0,0.0,0.0
Inpatient,4900DG,3,1,17000.0,5666.67,6000.0,3.0,0.0,0.0
Inpatient,2600JA,5,5,17000.0,3400.0,4000.0,4.0,1.0,0.0
Inpatient,3300KJ,2,2,17000.0,8500.0,8500.0,2.0,0.0,0.0
Inpatient,3200JS,3,3,17000.0,5666.67,6000.0,3.0,0.0,0.0
Inpatient,2520QA,2,2,17000.0,8500.0,8500.0,2.0,0.0,0.0
Inpatient,33T1BS,2,2,17000.0,8500.0,8500.0,2.0,0.0,0.0
Inpatient,0700NN,2,2,17000.0,8500.0,8500.0,2.0,0.0,0.0
Inpatient,3720YS,4,4,17000.0,4250.0,4000.0,3.0,1.0,0.0
Inpatient,05S2QB,2,2,17000.0,8500.0,8500.0,2.0,0.0,0.0
Inpatient,4900VR,4,4,16300.0,4075.0,4500.0,4.0,0.0,0.0
Inpatient,3302KB,4,4,16000.0,4000.0,4000.0,4.0,0.0,0.0
Inpatient,5300VG,1,1,16000.0,16000.0,16000.0,1.0,0.0,0.0
Inpatient,1900ST,3,3,16000.0,5333.33,6000.0,3.0,0.0,0.0
Inpatient,3302VP,2,2,16000.0,8000.0,8000.0,2.0,0.0,0.0
Inpatient,0900QS,2,2,16000.0,8000.0,8000.0,2.0,0.0,0.0
Inpatient,3702WS,1,1,16000.0,16000.0,16000.0,1.0,0.0,0.0
Inpatient,1830JM,2,2,16000.0,8000.0,8000.0,2.0,0.0,0.0
Inpatient,4913CC,2,2,16000.0,8000.0,8000.0,2.0,0.0,0.0
Inpatient,2500ZC,2,2,16000.0,8000.0,8000.0,2.0,0.0,0.0
Inpatient,0501PM,3,3,16000.0,5333.33,5000.0,3.0,0.0,0.0
Inpatient,49006J,2,2,16000.0,8000.0,8000.0,2.0,0.0,0.0
Inpatient,03T0CV,2,2,16000.0,8000.0,8000.0,2.0,0.0,0.0
Inpatient,4401RR,2,2,16000.0,8000.0,8000.0,2.0,0.0,0.0
Inpatient,12ZMQK,5,4,15300.0,3060.0,3000.0,4.0,1.0,0.0
Inpatient,1900CM,4,3,15200.0,3800.0,4500.0,4.0,0.0,0.0
Inpatient,5000WD,3,3,15000.0,5000.0,7000.0,3.0,0.0,0.0
Inpatient,1501DV,3,3,15000.0,5000.0,3000.0,3.0,0.0,0.0
Inpatient,4520DR,2,2,15000.0,7500.0,7500.0,2.0,0.0,0.0
Inpatient,3713DT,3,3,15000.0,5000.0,4000.0,3.0,0.0,0.0
Inpatient,4200KT,1,1,15000.0,15000.0,15000.0,1.0,0.0,0.0
Inpatient,5213XM,2,2,15000.0,7500.0,7500.0,2.0,0.0,0.0
Inpatient,3602ZC,2,2,15000.0,7500.0,7500.0,2.0,0.0,0.0
Inpatient,2501VP,2,2,15000.0,7500.0,7500.0,2.0,0.0,0.0
Inpatient,07T0JD,2,2,15000.0,7500.0,7500.0,2.0,0.0,0.0
Inpatient,4520SA,1,1,15000.0,15000.0,15000.0,1.0,0.0,0.0
Inpatient,67006M,2,2,15000.0,7500.0,7500.0,2.0,0.0,0.0
Inpatient,0507HJ,3,3,15000.0,5000.0,5000.0,3.0,0.0,0.0
Inpatient,3613DS,3,3,15000.0,5000.0,4000.0,3.0,0.0,0.0
Inpatient,4001HV,3,3,15000.0,5000.0,5000.0,3.0,0.0,0.0
Inpatient,1900JK,3,3,15000.0,5000.0,5000.0,3.0,0.0,0.0
Inpatient,1402YB,2,2,15000.0,7500.0,7500.0,2.0,0.0,0.0
Inpatient,0700ZD,1,1,15000.0,15000.0,15000.0,1.0,0.0,0.0
Inpatient,2400SU,1,1,15000.0,15000.0,15000.0,1.0,0.0,0.0
Inpatient,1001PK,4,4,14400.0,3600.0,3000.0,4.0,0.0,0.0
Inpatient,6700XP,2,2,14000.0,7000.0,7000.0,2.0,0.0,0.0
Inpatient,4401YM,2,2,14000.0,7000.0,7000.0,2.0,0.0,0.0
Inpatient,05T5NH,1,1,14000.0,14000.0,14000.0,1.0,0.0,0.0
Inpatient,05T7CP,3,3,14000.0,4666.67,1000.0,2.0,1.0,0.0
Inpatient,45078C,3,3,14000.0,4666.67,4000.0,3.0,0.0,0.0
Inpatient,2913UM,3,3,14000.0,4666.67,5000.0,3.0,0.0,0.0
Inpatient,1501QM,3,3,14000.0,4666.67,5000.0,3.0,0.0,0.0
Inpatient,23T1VM,2,2,14000.0,7000.0,7000.0,2.0,0.0,0.0
Inpatient,4506MV,2,2,14000.0,7000.0,7000.0,2.0,0.0,0.0
Inpatient,37T0YC,2,2,14000.0,7000.0,7000.0,2.0,0.0,0.0
Inpatient,2200BJ,2,2,14000.0,7000.0,7000.0,2.0,0.0,0.0
Inpatient,3400JD,2,2,14000.0,7000.0,7000.0,2.0,0.0,0.0
Inpatient,4000KH,1,1,14000.0,14000.0,14000.0,1.0,0.0,0.0
Inpatient,1001CU,1,1,14000.0,14000.0,14000.0,1.0,0.0,0.0
Inpatient,1813AD,1,1,14000.0,14000.0,14000.0,1.0,0.0,0.0
Inpatient,4508KK,1,1,14000.0,14000.0,14000.0,1.0,0.0,0.0
Inpatient,06138B,2,2,14000.0,7000.0,7000.0,2.0,0.0,0.0
Inpatient,33S3RT,2,2,14000.0,7000.0,7000.0,2.0,0.0,0.0
Inpatient,38006C,3,3,14000.0,4666.67,6000.0,2.0,1.0,0.0
Inpatient,3513TM,3,1,14000.0,4666.67,5000.0,3.0,0.0,0.0
Inpatient,4503MS,2,2,14000.0,7000.0,7000.0,2.0,0.0,0.0
Inpatient,1613YC,3,2,14000.0,4666.67,7000.0,2.0,1.0,0.0
Inpatient,31008M,2,2,14000.0,7000.0,7000.0,2.0,0.0,0.0
Inpatient,1801WK,4,4,13300.0,3325.0,4000.0,4.0,0.0,0.0
Inpatient,2613DJ,1,1,13000.0,13000.0,13000.0,1.0,0.0,0.0
Inpatient,4200MG,3,3,13000.0,4333.33,4000.0,3.0,0.0,0.0
Inpatient,1513GD,1,1,13000.0,13000.0,13000.0,1.0,0.0,0.0
Inpatient,3300BH,1,1,13000.0,13000.0,13000.0,1.0,0.0,0.0
Inpatient,0420XK,3,2,13000.0,4333.33,5000.0,3.0,0.0,0.0
Inpatient,07S0TU,1,1,13000.0,13000.0,13000.0,1.0,0.0,0.0
Inpatient,3120DK,2,2,13000.0,6500.0,6500.0,2.0,0.0,0.0
Inpatient,3601HV,2,2,13000.0,6500.0,6500.0,2.0,0.0,0.0
Inpatient,3303HV,1,1,13000.0,13000.0,13000.0,1.0,0.0,0.0
Inpatient,4213WG,1,1,13000.0,13000.0,13000.0,1.0,0.0,0.0
Inpatient,3302CB,2,2,13000.0,6500.0,6500.0,2.0,0.0,0.0
Inpatient,52S0XP,2,2,13000.0,6500.0,6500.0,2.0,0.0,0.0
Inpatient,37T0QA,3,3,13000.0,4333.33,3000.0,2.0,1.0,0.0
Inpatient,16T0TR,2,2,13000.0,6500.0,6500.0,2.0,0.0,0.0
Inpatient,3400QM,2,2,13000.0,6500.0,6500.0,2.0,0.0,0.0
Inpatient,1002HU,1,1,12000.0,12000.0,12000.0,1.0,0.0,0.0
Inpatient,52M3NV,1,1,12000.0,12000.0,12000.0,1.0,0.0,0.0
Inpatient,4200AB,3,3,12000.0,4000.0,5000.0,2.0,1.0,0.0
Inpatient,03016T,1,1,12000.0,12000.0,12000.0,1.0,0.0,0.0
Inpatient,2201SC,2,2,12000.0,6000.0,6000.0,2.0,0.0,0.0
Inpatient,0501BU,1,1,12000.0,12000.0,12000.0,1.0,0.0,0.0
Inpatient,0420WJ,3,3,12000.0,4000.0,4000.0,3.0,0.0,0.0
Inpatient,11T1TJ,2,1,12000.0,6000.0,6000.0,2.0,0.0,0.0
Inpatient,15S0PR,2,2,12000.0,6000.0,6000.0,2.0,0.0,0.0
Inpatient,2200QH,2,2,12000.0,6000.0,6000.0,2.0,0.0,0.0
Inpatient,14S2AA,4,4,11800.0,2950.0,3000.0,3.0,0.0,1.0
Inpatient,1000GN,1,1,11000.0,11000.0,11000.0,1.0,0.0,0.0
Inpatient,2913BV,1,1,11000.0,11000.0,11000.0,1.0,0.0,0.0
Inpatient,4508RR,1,1,11000.0,11000.0,11000.0,1.0,0.0,0.0
Inpatient,31T0HC,1,1,11000.0,11000.0,11000.0,1.0,0.0,0.0
Inpatient,05T0AB,2,2,11000.0,5500.0,5500.0,2.0,0.0,0.0
Inpatient,03T0VM,2,2,11000.0,5500.0,5500.0,2.0,0.0,0.0
Inpatient,4400UU,2,2,11000.0,5500.0,5500.0,2.0,0.0,0.0
Inpatient,0502HJ,1,1,11000.0,11000.0,11000.0,1.0,0.0,0.0
Inpatient,1900GP,1,1,11000.0,11000.0,11000.0,1.0,0.0,0.0
Inpatient,0501RG,2,2,11000.0,5500.0,5500.0,1.0,1.0,0.0
Inpatient,0505KA,2,2,11000.0,5500.0,5500.0,1.0,1.0,0.0
Inpatient,1920PG,2,2,11000.0,5500.0,5500.0,2.0,0.0,0.0
Inpatient,0700HP,2,2,11000.0,5500.0,5500.0,2.0,0.0,0.0
Inpatient,3933RR,2,2,11000.0,5500.0,5500.0,2.0,0.0,0.0
Inpatient,05T6UC,2,2,11000.0,5500.0,5500.0,2.0,0.0,0.0
Inpatient,19T1AG,1,1,11000.0,11000.0,11000.0,1.0,0.0,0.0
Inpatient,2600TM,2,2,11000.0,5500.0,5500.0,2.0,0.0,0.0
Inpatient,4400AP,2,2,11000.0,5500.0,5500.0,2.0,0.0,0.0
Inpatient,1513DC,2,2,11000.0,5500.0,5500.0,2.0,0.0,0.0
Inpatient,3413VU,2,2,11000.0,5500.0,5500.0,2.0,0.0,0.0
Inpatient,4300UJ,1,1,11000.0,11000.0,11000.0,1.0,0.0,0.0
Inpatient,5100WH,2,2,11000.0,5500.0,5500.0,2.0,0.0,0.0
Inpatient,0700XB,1,1,11000.0,11000.0,11000.0,1.0,0.0,0.0
Inpatient,1920UN,2,2,10000.0,5000.0,5000.0,2.0,0.0,0.0
Inpatient,0500UB,2,2,10000.0,5000.0,5000.0,2.0,0.0,0.0
Inpatient,19T0BD,1,1,10000.0,10000.0,10000.0,1.0,0.0,0.0
Inpatient,3300QP,2,1,10000.0,5000.0,5000.0,2.0,0.0,0.0
Inpatient,03S0TP,1,1,10000.0,10000.0,10000.0,1.0,0.0,0.0
Inpatient,1313HU,1,1,10000.0,10000.0,10000.0,1.0,0.0,0.0
Inpatient,38138N,2,1,10000.0,5000.0,5000.0,2.0,0.0,0.0
Inpatient,1120DD,1,1,10000.0,10000.0,10000.0,1.0,0.0,0.0
Inpatient,3100ZJ,1,1,10000.0,10000.0,10000.0,1.0,0.0,0.0
Inpatient,33T1KD,2,2,10000.0,5000.0,5000.0,2.0,0.0,0.0
Inpatient,1613CR,2,2,10000.0,5000.0,5000.0,2.0,0.0,0.0
Inpatient,4401RB,1,1,10000.0,10000.0,10000.0,1.0,0.0,0.0
Inpatient,4506KU,1,1,10000.0,10000.0,10000.0,1.0,0.0,0.0
Inpatient,33T0NH,1,1,10000.0,10000.0,10000.0,1.0,0.0,0.0
Inpatient,1400SV,2,2,10000.0,5000.0,5000.0,2.0,0.0,0.0
Inpatient,05S7CP,2,2,10000.0,5000.0,5000.0,2.0,0.0,0.0
Inpatient,42S0WJ,3,3,10000.0,3333.33,3000.0,3.0,0.0,0.0
Inpatient,0520SJ,2,2,10000.0,5000.0,5000.0,2.0,0.0,0.0
Inpatient,1713AS,1,1,10000.0,10000.0,10000.0,1.0,0.0,0.0
Inpatient,3301DD,2,2,10000.0,5000.0,5000.0,2.0,0.0,0.0
Inpatient,3603AA,1,1,10000.0,10000.0,10000.0,1.0,0.0,0.0
Inpatient,2601YD,2,2,10000.0,5000.0,5000.0,1.0,1.0,0.0
Inpatient,0504SA,2,2,10000.0,5000.0,5000.0,2.0,0.0,0.0
Inpatient,5213ZG,1,1,10000.0,10000.0,10000.0,1.0,0.0,0.0
Inpatient,33T1XM,1,1,10000.0,10000.0,10000.0,1.0,0.0,0.0
Inpatient,15T06Q,3,3,9000.0,3000.0,4000.0,2.0,1.0,0.0
Inpatient,4520TK,1,1,9000.0,9000.0,9000.0,1.0,0.0,0.0
Inpatient,4506RD,2,2,9000.0,4500.0,4500.0,2.0,0.0,0.0
Inpatient,1613SS,1,1,9000.0,9000.0,9000.0,1.0,0.0,0.0
Inpatient,53138T,2,1,9000.0,4500.0,4500.0,2.0,0.0,0.0
Inpatient,4600PJ,2,2,9000.0,4500.0,4500.0,2.0,0.0,0.0
Inpatient,4001ZU,1,1,9000.0,9000.0,9000.0,1.0,0.0,0.0
Inpatient,3702NH,1,1,9000.0,9000.0,9000.0,1.0,0.0,0.0
Inpatient,3713GU,2,1,9000.0,4500.0,4500.0,2.0,0.0,0.0
Inpatient,31S0UA,3,3,9000.0,3000.0,3000.0,3.0,0.0,0.0
Inpatient,65VNYU,1,1,9000.0,9000.0,9000.0,1.0,0.0,0.0
Inpatient,4502ZK,2,2,9000.0,4500.0,4500.0,2.0,0.0,0.0
Inpatient,4533ZM,1,1,9000.0,9000.0,9000.0,1.0,0.0,0.0
Inpatient,33T2KK,2,2,9000.0,4500.0,4500.0,2.0,0.0,0.0
Inpatient,1513NN,2,2,8000.0,4000.0,4000.0,2.0,0.0,0.0
Inpatient,33S1WV,1,1,8000.0,8000.0,8000.0,1.0,0.0,0.0
Inpatient,35S0MB,2,2,8000.0,4000.0,4000.0,2.0,0.0,0.0
Inpatient,0507PJ,2,2,8000.0,4000.0,4000.0,2.0,0.0,0.0
Inpatient,4220JB,2,2,8000.0,4000.0,4000.0,1.0,1.0,0.0
Inpatient,4600TV,1,1,8000.0,8000.0,8000.0,1.0,0.0,0.0
Inpatient,1801ZP,2,2,8000.0,4000.0,4000.0,2.0,0.0,0.0
Inpatient,09MQPA,1,1,8000.0,8000.0,8000.0,1.0,0.0,0.0
Inpatient,0501HC,2,2,8000.0,4000.0,4000.0,2.0,0.0,0.0
Inpatient,0100XC,2,2,8000.0,4000.0,4000.0,2.0,0.0,0.0
Inpatient,1920SK,1,1,8000.0,8000.0,8000.0,1.0,0.0,0.0
Inpatient,1500SD,1,1,8000.0,8000.0,8000.0,1.0,0.0,0.0
Inpatient,3513SK,2,2,8000.0,4000.0,4000.0,2.0,0.0,0.0
Inpatient,4506TV,2,2,8000.0,4000.0,4000.0,2.0,0.0,0.0
Inpatient,3413GC,2,2,8000.0,4000.0,4000.0,2.0,0.0,0.0
Inpatient,4901NK,3,3,8000.0,2666.67,3000.0,2.0,1.0,0.0
Inpatient,3901VN,2,2,8000.0,4000.0,4000.0,2.0,0.0,0.0
Inpatient,05T5MG,3,3,8000.0,2666.67,4000.0,2.0,1.0,0.0
Inpatient,3013NS,2,2,8000.0,4000.0,4000.0,2.0,0.0,0.0
Inpatient,1001JT,2,2,8000.0,4000.0,4000.0,2.0,0.0,0.0
Inpatient,1001MV,2,2,8000.0,4000.0,4000.0,2.0,0.0,0.0
Inpatient,50T0AH,1,1,8000.0,8000.0,8000.0,1.0,0.0,0.0
Inpatient,0501PC,2,2,7000.0,3500.0,3500.0,2.0,0.0,0.0
Inpatient,2000AV,1,1,7000.0,7000.0,7000.0,1.0,0.0,0.0
Inpatient,3302RJ,1,1,7000.0,7000.0,7000.0,1.0,0.0,0.0
Inpatient,1901PS,1,1,7000.0,7000.0,7000.0,1.0,0.0,0.0
Inpatient,0101XB,3,3,7000.0,2333.33,3000.0,2.0,1.0,0.0
Inpatient,31018K,2,2,7000.0,3500.0,3500.0,2.0,0.0,0.0
Inpatient,31JQYB,1,1,7000.0,7000.0,7000.0,1.0,0.0,0.0
Inpatient,6700TB,1,1,7000.0,7000.0,7000.0,1.0,0.0,0.0
Inpatient,33016H,1,1,7000.0,7000.0,7000.0,1.0,0.0,0.0
Inpatient,1902DQ,1,1,7000.0,7000.0,7000.0,1.0,0.0,0.0
Inpatient,4401QQ,1,1,7000.0,7000.0,7000.0,1.0,0.0,0.0
Inpatient,0507VB,2,2,7000.0,3500.0,3500.0,2.0,0.0,0.0
Inpatient,3713BR,1,1,7000.0,7000.0,7000.0,1.0,0.0,0.0
Inpatient,0200MJ,1,1,7000.0,7000.0,7000.0,1.0,0.0,0.0
Inpatient,4600RM,1,1,7000.0,7000.0,7000.0,1.0,0.0,0.0
Inpatient,4503TC,2,2,7000.0,3500.0,3500.0,2.0,0.0,0.0
Inpatient,0100BR,3,3,7000.0,2333.33,2000.0,2.0,1.0,0.0
Inpatient,1413HD,1,1,7000.0,7000.0,7000.0,1.0,0.0,0.0
Inpatient,17006G,1,1,7000.0,7000.0,7000.0,1.0,0.0,0.0
Inpatient,4513GV,1,1,7000.0,7000.0,7000.0,1.0,0.0,0.0
Inpatient,1402MS,1,1,7000.0,7000.0,7000.0,1.0,0.0,0.0
Inpatient,18008U,1,1,7000.0,7000.0,7000.0,1.0,0.0,0.0
Inpatient,1200DR,1,1,7000.0,7000.0,7000.0,1.0,0.0,0.0
Inpatient,1901JN,1,1,7000.0,7000.0,7000.0,1.0,0.0,0.0
Inpatient,1001DV,1,1,7000.0,7000.0,7000.0,1.0,0.0,0.0
Inpatient,3813PT,1,1,7000.0,7000.0,7000.0,1.0,0.0,0.0
Inpatient,1100RJ,2,2,7000.0,3500.0,3500.0,2.0,0.0,0.0
Inpatient,1401KS,1,1,6000.0,6000.0,6000.0,1.0,0.0,0.0
Inpatient,14S0GM,1,1,6000.0,6000.0,6000.0,1.0,0.0,0.0
Inpatient,1030NA,2,2,6000.0,3000.0,3000.0,2.0,0.0,0.0
Inpatient,3513UN,1,1,6000.0,6000.0,6000.0,1.0,0.0,0.0
Inpatient,3602XA,1,1,6000.0,6000.0,6000.0,1.0,0.0,0.0
Inpatient,22RUVP,1,1,6000.0,6000.0,6000.0,1.0,0.0,0.0
Inpatient,05046M,1,1,6000.0,6000.0,6000.0,1.0,0.0,0.0
Inpatient,1100JH,1,1,6000.0,6000.0,6000.0,1.0,0.0,0.0
Inpatient,2813ZB,1,1,6000.0,6000.0,6000.0,1.0,0.0,0.0
Inpatient,1900GG,3,2,6000.0,2000.0,2000.0,2.0,1.0,0.0
Inpatient,5013KJ,1,1,6000.0,6000.0,6000.0,1.0,0.0,0.0
Inpatient,2613TB,1,1,6000.0,6000.0,6000.0,1.0,0.0,0.0
Inpatient,4200DU,1,1,6000.0,6000.0,6000.0,1.0,0.0,0.0
Inpatient,4201DC,1,1,6000.0,6000.0,6000.0,1.0,0.0,0.0
Inpatient,24006J,1,1,6000.0,6000.0,6000.0,1.0,0.0,0.0
Inpatient,3902AH,1,1,6000.0,6000.0,6000.0,1.0,0.0,0.0
Inpatient,0506AU,2,2,6000.0,3000.0,3000.0,1.0,1.0,0.0
Inpatient,0506NM,2,2,6000.0,3000.0,3000.0,2.0,0.0,0.0
Inpatient,3301TN,1,1,6000.0,6000.0,6000.0,1.0,0.0,0.0
Inpatient,5300UD,1,1,6000.0,6000.0,6000.0,1.0,0.0,0.0
Inpatient,2600JJ,2,2,6000.0,3000.0,3000.0,2.0,0.0,0.0
Inpatient,45T6SV,1,1,6000.0,6000.0,6000.0,1.0,0.0,0.0
Inpatient,0502RT,2,2,6000.0,3000.0,3000.0,2.0,0.0,0.0
Inpatient,2920RP,1,1,6000.0,6000.0,6000.0,1.0,0.0,0.0
Inpatient,40008N,1,1,6000.0,6000.0,6000.0,1.0,0.0,0.0
Inpatient,5213RC,1,1,6000.0,6000.0,6000.0,1.0,0.0,0.0
Inpatient,1713JD,1,1,6000.0,6000.0,6000.0,1.0,0.0,0.0
Inpatient,1002UN,1,1,6000.0,6000.0,6000.0,1.0,0.0,0.0
Inpatient,37008M,2,2,6000.0,3000.0,3000.0,1.0,1.0,0.0
Inpatient,45T6DQ,1,1,5000.0,5000.0,5000.0,1.0,0.0,0.0
Inpatient,4520RV,1,1,5000.0,5000.0,5000.0,1.0,0.0,0.0
Inpatient,3413WV,1,1,5000.0,5000.0,5000.0,1.0,0.0,0.0
Inpatient,1713GV,1,1,5000.0,5000.0,5000.0,1.0,0.0,0.0
Inpatient,3300NT,1,1,5000.0,5000.0,5000.0,1.0,0.0,0.0
Inpatient,3400NJ,2,2,5000.0,2500.0,2500.0,1.0,1.0,0.0
Inpatient,2601CM,1,1,5000.0,5000.0,5000.0,1.0,0.0,0.0
Inpatient,2713WC,2,2,5000.0,2500.0,2500.0,2.0,0.0,0.0
Inpatient,1400NB,1,1,5000.0,5000.0,5000.0,1.0,0.0,0.0
Inpatient,3200KT,1,1,5000.0,5000.0,5000.0,1.0,0.0,0.0
Inpatient,10T2SU,1,1,5000.0,5000.0,5000.0,1.0,0.0,0.0
Inpatient,4508TD,2,2,5000.0,2500.0,2500.0,1.0,1.0,0.0
Inpatient,3500XJ,2,2,5000.0,2500.0,2500.0,2.0,0.0,0.0
Inpatient,2913DB,1,1,5000.0,5000.0,5000.0,1.0,0.0,0.0
Inpatient,0213HK,1,1,5000.0,5000.0,5000.0,1.0,0.0,0.0
Inpatient,33S0KB,1,1,5000.0,5000.0,5000.0,1.0,0.0,0.0
Inpatient,3620QK,1,1,5000.0,5000.0,5000.0,1.0,0.0,0.0
Inpatient,0507WC,1,1,5000.0,5000.0,5000.0,1.0,0.0,0.0
Inpatient,11T0DH,1,1,5000.0,5000.0,5000.0,1.0,0.0,0.0
Inpatient,2413SS,1,1,5000.0,5000.0,5000.0,1.0,0.0,0.0
Inpatient,1713CU,1,1,5000.0,5000.0,5000.0,1.0,0.0,0.0
Inpatient,0506JQ,1,1,5000.0,5000.0,5000.0,1.0,0.0,0.0
Inpatient,4040ZT,1,1,5000.0,5000.0,5000.0,1.0,0.0,0.0
Inpatient,05T1RK,1,1,5000.0,5000.0,5000.0,1.0,0.0,0.0
Inpatient,14S0RA,1,1,5000.0,5000.0,5000.0,1.0,0.0,0.0
Inpatient,0200KH,1,1,5000.0,5000.0,5000.0,1.0,0.0,0.0
Inpatient,2100HB,1,1,5000.0,5000.0,5000.0,1.0,0.0,0.0
Inpatient,0100BK,1,1,5000.0,5000.0,5000.0,1.0,0.0,0.0
Inpatient,2713KN,2,2,5000.0,2500.0,2500.0,1.0,1.0,0.0
Inpatient,29136T,1,1,4000.0,4000.0,4000.0,1.0,0.0,0.0
Inpatient,11T1VM,1,1,4000.0,4000.0,4000.0,1.0,0.0,0.0
Inpatient,3401PA,1,1,4000.0,4000.0,4000.0,1.0,0.0,0.0
Inpatient,5013VU,1,1,4000.0,4000.0,4000.0,1.0,0.0,0.0
Inpatient,17018R,1,1,4000.0,4000.0,4000.0,1.0,0.0,0.0
Inpatient,33T3GA,1,1,4000.0,4000.0,4000.0,1.0,0.0,0.0
Inpatient,1400XG,1,1,4000.0,4000.0,4000.0,1.0,0.0,0.0
Inpatient,0100AQ,1,1,4000.0,4000.0,4000.0,1.0,0.0,0.0
Inpatient,36T0TQ,1,1,4000.0,4000.0,4000.0,1.0,0.0,0.0
Inpatient,2301TN,2,2,4000.0,2000.0,2000.0,1.0,1.0,0.0
Inpatient,1800YJ,1,1,4000.0,4000.0,4000.0,1.0,0.0,0.0
Inpatient,16T1DK,1,1,4000.0,4000.0,4000.0,1.0,0.0,0.0
Inpatient,05S2WK,1,1,4000.0,4000.0,4000.0,1.0,0.0,0.0
Inpatient,3613QV,1,1,4000.0,4000.0,4000.0,1.0,0.0,0.0
Inpatient,14136D,1,1,4000.0,4000.0,4000.0,1.0,0.0,0.0
Inpatient,4401AQ,1,1,4000.0,4000.0,4000.0,1.0,0.0,0.0
Inpatient,04138T,1,1,4000.0,4000.0,4000.0,1.0,0.0,0.0
Inpatient,33T2TT,1,1,4000.0,4000.0,4000.0,1.0,0.0,0.0
Inpatient,0501NB,1,1,4000.0,4000.0,4000.0,1.0,0.0,0.0
Inpatient,0501GB,1,1,4000.0,4000.0,4000.0,1.0,0.0,0.0
Inpatient,3400HB,1,1,4000.0,4000.0,4000.0,1.0,0.0,0.0
Inpatient,2613JP,1,1,4000.0,4000.0,4000.0,1.0,0.0,0.0
Inpatient,1413MS,1,1,4000.0,4000.0,4000.0,1.0,0.0,0.0
Inpatient,5113QS,3,3,4000.0,1333.33,0.0,1.0,2.0,0.0
Inpatient,3413CA,1,1,4000.0,4000.0,4000.0,1.0,0.0,0.0
Inpatient,1713GQ,1,1,4000.0,4000.0,4000.0,1.0,0.0,0.0
Inpatient,3713TN,1,1,4000.0,4000.0,4000.0,1.0,0.0,0.0
Inpatient,3000RN,1,1,4000.0,4000.0,4000.0,1.0,0.0,0.0
Inpatient,0513YT,1,1,4000.0,4000.0,4000.0,1.0,0.0,0.0
Inpatient,3301JK,1,1,4000.0,4000.0,4000.0,1.0,0.0,0.0
Inpatient,3401MU,1,1,3000.0,3000.0,3000.0,1.0,0.0,0.0
Inpatient,2813VD,1,1,3000.0,3000.0,3000.0,1.0,0.0,0.0
Inpatient,3702MG,1,1,3000.0,3000.0,3000.0,1.0,0.0,0.0
Inpatient,4901TR,1,1,3000.0,3000.0,3000.0,1.0,0.0,0.0
Inpatient,0300MD,1,1,3000.0,3000.0,3000.0,1.0,0.0,0.0
Inpatient,49S0NM,2,2,3000.0,1500.0,1500.0,1.0,1.0,0.0
Inpatient,33006T,1,1,3000.0,3000.0,3000.0,1.0,0.0,0.0
Inpatient,4001XS,1,1,3000.0,3000.0,3000.0,1.0,0.0,0.0
Inpatient,05136H,1,1,3000.0,3000.0,3000.0,1.0,0.0,0.0
Inpatient,1901KP,1,1,3000.0,3000.0,3000.0,1.0,0.0,0.0
Inpatient,45138S,1,1,3000.0,3000.0,3000.0,1.0,0.0,0.0
Inpatient,1401TT,1,1,3000.0,3000.0,3000.0,1.0,0.0,0.0
Inpatient,0513UV,1,1,3000.0,3000.0,3000.0,1.0,0.0,0.0
Inpatient,15018C,1,1,3000.0,3000.0,3000.0,1.0,0.0,0.0
Inpatient,4513ZP,1,1,3000.0,3000.0,3000.0,1.0,0.0,0.0
Inpatient,4401WJ,1,1,3000.0,3000.0,3000.0,1.0,0.0,0.0
Inpatient,0100CC,1,1,3000.0,3000.0,3000.0,1.0,0.0,0.0
Inpatient,4507CU,1,1,3000.0,3000.0,3000.0,1.0,0.0,0.0
Inpatient,1400NR,1,1,3000.0,3000.0,3000.0,1.0,0.0,0.0
Inpatient,1313UN,1,1,3000.0,3000.0,3000.0,1.0,0.0,0.0
Inpatient,0700RR,1,1,3000.0,3000.0,3000.0,1.0,0.0,0.0
Inpatient,1101PM,1,1,3000.0,3000.0,3000.0,1.0,0.0,0.0
Inpatient,1800YA,1,1,2000.0,2000.0,2000.0,1.0,0.0,0.0
Inpatient,0506KJ,1,1,2000.0,2000.0,2000.0,1.0,0.0,0.0
Inpatient,5300ZM,1,1,2000.0,2000.0,2000.0,1.0,0.0,0.0
Inpatient,1813QN,1,1,2000.0,2000.0,2000.0,1.0,0.0,0.0
Inpatient,2000GD,1,1,2000.0,2000.0,2000.0,1.0,0.0,0.0
Inpatient,0213JN,1,1,1000.0,1000.0,1000.0,1.0,0.0,0.0
Inpatient,4520CA,1,1,800.0,800.0,800.0,1.0,0.0,0.0
Inpatient,05T2XC,1,1,600.0,600.0,600.0,1.0,0.0,0.0
Inpatient,05T7BN,1,1,0.0,0.0,0.0,0.0,1.0,0.0
Inpatient,1901SV,1,1,0.0,0.0,0.0,0.0,1.0,0.0
Inpatient,1920MC,1,1,0.0,0.0,0.0,0.0,1.0,0.0
Inpatient,5213DU,1,1,0.0,0.0,0.0,0.0,1.0,0.0
Inpatient,0400CG,1,1,-100.0,-100.0,-100.0,0.0,0.0,1.0
Inpatient,0501AT,1,1,-800.0,-800.0,-800.0,0.0,0.0,1.0
Outpatient,0502NA,9906,1907,2892110.0,291.96,80.0,9502.0,376.0,28.0
Outpatient,2201DT,6084,1486,1774980.0,291.75,80.0,5840.0,226.0,18.0
Outpatient,0505TK,5755,1313,1741690.0,302.64,80.0,5500.0,234.0,21.0
Outpatient,2301GU,4421,1267,1269740.0,287.21,80.0,4250.0,163.0,8.0
Outpatient,3300KJ,3951,1087,1175830.0,297.6,80.0,3802.0,140.0,9.0
Outpatient,3400ZQ,3870,2365,1157150.0,299.01,80.0,3721.0,131.0,18.0
Outpatient,4500NJ,3783,2334,1117830.0,295.49,80.0,3622.0,143.0,18.0
Outpatient,10018S,3582,670,1001380.0,279.56,80.0,3424.0,152.0,6.0
Outpatient,1700JJ,3632,853,996660.0,274.41,70.0,3484.0,135.0,13.0
Outpatient,3600WB,3502,482,922140.0,263.32,80.0,3367.0,128.0,7.0
Outpatient,3302QH,2942,745,895720.0,304.46,80.0,2843.0,87.0,12.0
Outpatient,4600BC,2528,627,880960.0,348.48,80.0,2430.0,91.0,7.0
Outpatient,3902NU,3466,858,874080.0,252.19,70.0,3325.0,132.0,9.0
Outpatient,1000VH,3394,1470,849460.0,250.28,70.0,3242.0,142.0,10.0
Outpatient,0500RN,2551,742,847960.0,332.4,80.0,2450.0,91.0,10.0
Outpatient,1402JQ,2711,1296,823720.0,303.84,80.0,2587.0,111.0,13.0
Outpatient,0500DH,2816,763,794980.0,282.31,80.0,2706.0,103.0,7.0
Outpatient,1000GD,2753,944,766790.0,278.53,70.0,2645.0,99.0,9.0
Outpatient,1100TC,2099,529,763480.0,363.74,80.0,2023.0,72.0,4.0
Outpatient,1000KS,2367,755,732330.0,309.39,80.0,2274.0,90.0,3.0
Outpatient,5000CG,2778,1122,729920.0,262.75,80.0,2648.0,125.0,5.0
Outpatient,4500DP,2593,583,726610.0,280.22,80.0,2478.0,102.0,13.0
Outpatient,1401XB,2480,1059,700510.0,282.46,70.0,2374.0,98.0,8.0
Outpatient,3600QA,2434,531,690290.0,283.6,80.0,2327.0,91.0,16.0
Outpatient,3303NG,2468,453,679780.0,275.44,70.0,2383.0,78.0,7.0
Outpatient,05036H,2480,585,667880.0,269.31,80.0,2394.0,79.0,7.0
Outpatient,3100XU,2330,823,652650.0,280.11,80.0,2246.0,78.0,6.0
Outpatient,3301UP,2191,1154,632080.0,288.49,70.0,2105.0,81.0,5.0
Outpatient,2900PS,2047,485,610110.0,298.05,80.0,1965.0,73.0,9.0
Outpatient,0501WN,1972,678,608080.0,308.36,80.0,1889.0,78.0,5.0
Outpatient,06006A,2154,442,608000.0,282.27,80.0,2068.0,80.0,6.0
Outpatient,3100JN,2086,752,604810.0,289.94,70.0,1989.0,91.0,6.0
Outpatient,3200GV,2142,568,603430.0,281.71,80.0,2067.0,70.0,5.0
Outpatient,4503XA,2151,1009,595770.0,276.97,70.0,2066.0,78.0,7.0
Outpatient,4900CD,2002,394,579760.0,289.59,80.0,1919.0,78.0,5.0
Outpatient,3301DD,1989,451,577310.0,290.25,70.0,1904.0,78.0,7.0
Outpatient,0700JJ,2257,475,576120.0,255.26,70.0,2165.0,88.0,4.0
Outpatient,0505QG,2114,634,572450.0,270.79,70.0,2017.0,91.0,6.0
Outpatient,4504KP,2140,575,559810.0,261.59,70.0,2041.0,91.0,8.0
Outpatient,1401ZT,1722,826,553960.0,321.7,80.0,1626.0,89.0,7.0
Outpatient,2400YU,1953,581,547020.0,280.09,80.0,1877.0,69.0,7.0
Outpatient,3100ZR,1995,665,544200.0,272.78,80.0,1918.0,73.0,4.0
Outpatient,3101KN,1753,602,543310.0,309.93,80.0,1675.0,73.0,5.0
Outpatient,3900MK,1777,556,529600.0,298.03,80.0,1709.0,65.0,3.0
Outpatient,3902GN,1637,508,527270.0,322.1,80.0,1577.0,53.0,7.0
Outpatient,1600GH,1569,355,525310.0,334.81,80.0,1505.0,59.0,5.0
Outpatient,2400JM,1837,714,520620.0,283.41,80.0,1753.0,76.0,8.0
Outpatient,39006M,1698,579,509660.0,300.15,80.0,1640.0,56.0,2.0
Outpatient,3901NT,1654,620,509430.0,308.0,80.0,1584.0,67.0,3.0
Outpatient,2300RB,1678,441,501260.0,298.72,80.0,1616.0,55.0,7.0
Outpatient,30XPHC,1490,462,499940.0,335.53,80.0,1443.0,46.0,1.0
Outpatient,3600NG,1793,649,495850.0,276.55,80.0,1729.0,62.0,2.0
Outpatient,4900XD,1420,429,494500.0,348.24,80.0,1374.0,42.0,4.0
Outpatient,2601BK,1927,554,492190.0,255.42,80.0,1840.0,79.0,8.0
Outpatient,1000WA,1827,534,487460.0,266.81,70.0,1752.0,72.0,3.0
Outpatient,4400MM,1699,439,480740.0,282.95,80.0,1629.0,65.0,5.0
Outpatient,0400AC,1805,468,473560.0,262.36,80.0,1737.0,61.0,7.0
Outpatient,22008H,1503,264,471670.0,313.82,80.0,1441.0,54.0,8.0
Outpatient,1100SK,1877,536,470780.0,250.82,70.0,1798.0,71.0,8.0
Outpatient,4400XJ,1534,445,469330.0,305.95,80.0,1472.0,54.0,8.0
Outpatient,1500BK,1106,202,466320.0,421.63,90.0,1056.0,47.0,3.0
Outpatient,1000AH,1788,1413,466010.0,260.63,70.0,1713.0,71.0,4.0
Outpatient,2400DG,1724,1182,464780.0,269.59,70.0,1635.0,82.0,7.0
Outpatient,4200QK,1230,411,459980.0,373.97,80.0,1181.0,45.0,4.0
Outpatient,21006R,1476,670,458850.0,310.87,70.0,1421.0,47.0,8.0
Outpatient,0505YJ,1583,1154,445310.0,281.31,80.0,1521.0,55.0,7.0
Outpatient,3301CM,1610,1142,444530.0,276.11,70.0,1547.0,59.0,4.0
Outpatient,3100PS,1787,512,442270.0,247.49,70.0,1716.0,65.0,6.0
Outpatient,4400YC,1606,683,442070.0,275.26,80.0,1530.0,70.0,6.0
Outpatient,1000SS,1418,262,440490.0,310.64,80.0,1354.0,59.0,5.0
Outpatient,2200XR,1518,879,440130.0,289.94,80.0,1461.0,54.0,3.0
Outpatient,1900JS,1348,245,430100.0,319.07,70.0,1297.0,42.0,9.0
Outpatient,4200QS,1286,553,422270.0,328.36,80.0,1238.0,47.0,1.0
Outpatient,2600BA,1271,426,420540.0,330.87,80.0,1229.0,38.0,4.0
Outpatient,3602RQ,1494,382,412160.0,275.88,80.0,1434.0,54.0,6.0
Outpatient,1500WS,1189,343,408460.0,343.53,80.0,1144.0,42.0,3.0
Outpatient,4500CN,1405,521,408090.0,290.46,80.0,1347.0,55.0,3.0
Outpatient,4500HR,1225,412,404340.0,330.07,80.0,1172.0,48.0,5.0
Outpatient,4900NA,1519,582,401260.0,264.16,70.0,1446.0,67.0,6.0
Outpatient,3600VQ,1423,458,393750.0,276.7,70.0,1347.0,72.0,4.0
Outpatient,4501JQ,1499,723,392620.0,261.92,80.0,1430.0,60.0,9.0
Outpatient,0101JA,862,137,391590.0,454.28,90.0,821.0,38.0,3.0
Outpatient,2600QH,1650,362,391590.0,237.33,70.0,1582.0,65.0,3.0
Outpatient,1401ZD,1222,714,387260.0,316.91,80.0,1177.0,40.0,5.0
Outpatient,1001WM,1381,524,386740.0,280.04,80.0,1319.0,59.0,3.0
Outpatient,1001ZQ,1246,1010,377560.0,303.02,80.0,1190.0,50.0,6.0
Outpatient,4500CU,1349,711,377200.0,279.61,70.0,1306.0,42.0,1.0
Outpatient,0503VA,1288,696,375290.0,291.37,80.0,1233.0,47.0,8.0
Outpatient,1900AJ,1228,302,372340.0,303.21,80.0,1177.0,50.0,1.0
Outpatient,0900SU,1402,642,364770.0,260.18,70.0,1348.0,50.0,4.0
Outpatient,2100UA,1292,717,363620.0,281.44,80.0,1238.0,48.0,6.0
Outpatient,3601TU,1169,204,362350.0,309.97,80.0,1125.0,39.0,5.0
Outpatient,1001QC,1382,614,361380.0,261.49,70.0,1324.0,55.0,3.0
Outpatient,5000WD,1099,225,356310.0,324.21,80.0,1041.0,55.0,3.0
Outpatient,2800HP,1102,247,354880.0,322.03,70.0,1041.0,56.0,5.0
Outpatient,3902CK,1423,394,353200.0,248.21,70.0,1356.0,62.0,5.0
Outpatient,4900CN,1331,854,351510.0,264.09,70.0,1280.0,44.0,7.0
Outpatient,3901XH,962,274,346080.0,359.75,90.0,925.0,34.0,3.0
Outpatient,1401JR,1347,322,345440.0,256.45,80.0,1298.0,45.0,4.0
Outpatient,3130ZG,1246,617,342160.0,274.61,70.0,1190.0,51.0,5.0
Outpatient,2200VV,1393,382,339620.0,243.8,70.0,1344.0,45.0,4.0
Outpatient,2100DP,1007,603,339170.0,336.81,80.0,973.0,33.0,1.0
Outpatient,5000VC,1239,655,337410.0,272.32,80.0,1177.0,57.0,5.0
Outpatient,01008J,1341,380,336580.0,250.99,70.0,1278.0,58.0,5.0
Outpatient,50006K,769,105,335720.0,436.57,80.0,740.0,27.0,2.0
Outpatient,4200ZV,1295,822,334780.0,258.52,70.0,1242.0,49.0,4.0
Outpatient,10016B,1318,601,334710.0,253.95,80.0,1267.0,49.0,2.0
Outpatient,1102BD,1146,341,333660.0,291.15,70.0,1088.0,52.0,6.0
Outpatient,2300AQ,1177,554,329430.0,279.89,70.0,1124.0,46.0,7.0
Outpatient,4900ZV,771,149,327800.0,425.16,90.0,738.0,30.0,3.0
Outpatient,1501HK,825,137,324570.0,393.42,80.0,789.0,35.0,1.0
Outpatient,4501GM,1023,334,322700.0,315.44,70.0,982.0,39.0,2.0
Outpatient,4900SN,1089,382,319450.0,293.34,80.0,1048.0,39.0,2.0
Outpatient,1000YC,961,288,319170.0,332.12,80.0,934.0,25.0,2.0
Outpatient,3700GR,964,261,310840.0,322.45,70.0,918.0,43.0,3.0
Outpatient,0800RA,1044,384,309040.0,296.02,80.0,998.0,41.0,5.0
Outpatient,3100NR,928,412,307120.0,330.95,80.0,890.0,37.0,1.0
Outpatient,1402SB,935,570,305990.0,327.26,70.0,898.0,35.0,2.0
Outpatient,3700ZA,968,327,304630.0,314.7,80.0,925.0,42.0,1.0
Outpatient,5001YQ,1103,556,304430.0,276.0,80.0,1068.0,35.0,0.0
Outpatient,0600VR,935,292,303670.0,324.78,80.0,903.0,30.0,2.0
Outpatient,2300BJ,1309,383,303250.0,231.67,70.0,1258.0,48.0,3.0
Outpatient,2100TH,1201,365,301860.0,251.34,70.0,1160.0,39.0,2.0
Outpatient,1000PV,937,822,300210.0,320.39,80.0,902.0,32.0,3.0
Outpatient,3100QT,938,506,299620.0,319.42,70.0,896.0,38.0,4.0
Outpatient,2300TT,915,255,297850.0,325.52,80.0,874.0,40.0,1.0
Outpatient,3000NJ,1023,281,296140.0,289.48,80.0,984.0,36.0,3.0
Outpatient,4201CB,1204,336,295400.0,245.35,80.0,1158.0,43.0,3.0
Outpatient,3100TJ,1082,382,295320.0,272.94,70.0,1038.0,38.0,6.0
Outpatient,3000KG,1156,368,290880.0,251.63,70.0,1111.0,41.0,4.0
Outpatient,4200NV,1026,558,289800.0,282.46,80.0,972.0,48.0,6.0
Outpatient,1600BC,798,167,289020.0,362.18,80.0,758.0,36.0,4.0
Outpatient,3901GS,974,371,287600.0,295.28,80.0,936.0,36.0,2.0
Outpatient,0503WB,1115,351,283960.0,254.67,70.0,1068.0,45.0,2.0
Outpatient,37016P,1045,347,282300.0,270.14,80.0,1004.0,40.0,1.0
Outpatient,3401CM,896,135,280630.0,313.2,80.0,852.0,39.0,5.0
Outpatient,5000YH,1070,651,279660.0,261.36,80.0,1025.0,40.0,5.0
Outpatient,6700RG,1014,300,279020.0,275.17,80.0,964.0,48.0,2.0
Outpatient,3800GK,984,380,272650.0,277.08,80.0,945.0,34.0,5.0
Outpatient,4500BM,950,282,272300.0,286.63,80.0,915.0,34.0,1.0
Outpatient,2302WC,786,233,271270.0,345.13,80.0,758.0,28.0,0.0
Outpatient,3100KV,981,457,269460.0,274.68,80.0,943.0,35.0,3.0
Outpatient,1100SB,1092,170,266530.0,244.08,70.0,1041.0,48.0,3.0
Outpatient,1001CG,1044,842,266410.0,255.18,70.0,1002.0,39.0,3.0
Outpatient,1101DQ,870,292,265190.0,304.82,70.0,839.0,29.0,2.0
Outpatient,3601KC,1011,845,264280.0,261.4,80.0,970.0,38.0,3.0
Outpatient,3901KA,850,497,263230.0,309.68,80.0,813.0,33.0,4.0
Outpatient,15016R,790,175,262270.0,331.99,70.0,763.0,24.0,3.0
Outpatient,1402NT,922,447,260550.0,282.59,80.0,878.0,40.0,4.0
Outpatient,1002RJ,955,821,259790.0,272.03,80.0,917.0,32.0,6.0
Outpatient,4508JR,971,352,259670.0,267.43,80.0,937.0,34.0,0.0
Outpatient,03138D,852,409,259390.0,304.45,80.0,823.0,26.0,3.0
Outpatient,3400BT,839,531,257120.0,306.46,80.0,811.0,26.0,2.0
Outpatient,3303KC,847,407,256550.0,302.89,80.0,811.0,32.0,4.0
Outpatient,44016G,687,228,255490.0,371.89,80.0,658.0,27.0,2.0
Outpatient,0300NP,737,413,254810.0,345.74,80.0,710.0,25.0,2.0
Outpatient,2301MD,852,442,252040.0,295.82,80.0,808.0,38.0,6.0
Outpatient,1600ZV,844,444,250480.0,296.78,80.0,808.0,34.0,2.0
Outpatient,2000XR,1063,316,247900.0,233.21,70.0,1021.0,38.0,4.0
Outpatient,1402YK,766,197,246020.0,321.17,80.0,729.0,35.0,2.0
Outpatient,3100UB,1109,225,245920.0,221.75,70.0,1075.0,31.0,3.0
Outpatient,1500KD,780,287,243910.0,312.71,80.0,745.0,31.0,4.0
Outpatient,3100YQ,658,229,243910.0,370.68,80.0,634.0,22.0,2.0
Outpatient,1402HU,893,170,242430.0,271.48,80.0,863.0,28.0,2.0
Outpatient,0800QV,699,330,241870.0,346.02,80.0,675.0,22.0,2.0
Outpatient,3600UG,866,237,241070.0,278.37,80.0,834.0,28.0,4.0
Outpatient,3601DT,720,235,240300.0,333.75,80.0,690.0,28.0,2.0
Outpatient,0700NU,897,411,239960.0,267.51,70.0,860.0,37.0,0.0
Outpatient,3901BV,878,353,239300.0,272.55,70.0,844.0,32.0,2.0
Outpatient,0501BG,991,228,237930.0,240.09,70.0,954.0,31.0,6.0
Outpatient,1101HS,677,327,236780.0,349.75,80.0,650.0,25.0,2.0
Outpatient,3601NP,647,141,236400.0,365.38,80.0,622.0,23.0,2.0
Outpatient,3600JB,919,240,234010.0,254.64,70.0,877.0,37.0,5.0
Outpatient,4500PK,813,377,233290.0,286.95,80.0,779.0,28.0,6.0
Outpatient,2601DN,980,319,233250.0,238.01,70.0,938.0,40.0,2.0
Outpatient,3702SN,680,278,232700.0,342.21,80.0,645.0,35.0,0.0
Outpatient,1401BA,849,197,231990.0,273.25,80.0,812.0,32.0,5.0
Outpatient,0720MA,887,284,231580.0,261.08,80.0,859.0,28.0,0.0
Outpatient,3900AD,736,249,231270.0,314.23,80.0,716.0,18.0,2.0
Outpatient,2100NA,897,303,231240.0,257.79,80.0,858.0,36.0,3.0
Outpatient,1000JB,825,594,229820.0,278.57,80.0,776.0,45.0,4.0
Outpatient,5000BN,859,327,228610.0,266.14,70.0,830.0,26.0,3.0
Outpatient,4200DG,446,128,228570.0,512.49,100.0,434.0,11.0,1.0
Outpatient,3413QP,605,241,227450.0,375.95,80.0,588.0,16.0,1.0
Outpatient,3900XQ,879,408,227230.0,258.51,70.0,851.0,25.0,3.0
Outpatient,3303GU,708,409,225810.0,318.94,80.0,687.0,21.0,0.0
Outpatient,0700VV,716,580,225290.0,314.65,80.0,688.0,24.0,4.0
Outpatient,3902UU,785,228,225090.0,286.74,80.0,758.0,23.0,4.0
Outpatient,2201HV,888,722,224830.0,253.19,70.0,854.0,33.0,1.0
Outpatient,2100BT,589,352,222860.0,378.37,80.0,560.0,28.0,1.0
Outpatient,2401PN,970,344,222800.0,229.69,70.0,929.0,39.0,2.0
Outpatient,1501MQ,768,284,222560.0,289.79,80.0,735.0,29.0,4.0
Outpatient,34006B,726,362,221830.0,305.55,80.0,698.0,26.0,2.0
Outpatient,2300ZD,623,145,217800.0,349.6,80.0,599.0,24.0,0.0
Outpatient,1000UU,825,702,217270.0,263.36,70.0,785.0,38.0,2.0
Outpatient,3600RB,616,152,215000.0,349.03,80.0,580.0,32.0,4.0
Outpatient,1001BD,813,493,213720.0,262.88,70.0,778.0,31.0,4.0
Outpatient,28006G,774,211,213090.0,275.31,70.0,738.0,33.0,3.0
Outpatient,2100MP,681,319,212930.0,312.67,80.0,656.0,23.0,2.0
Outpatient,33T2MM,816,473,210690.0,258.2,80.0,784.0,27.0,5.0
Outpatient,3633MH,727,305,210110.0,289.01,80.0,694.0,31.0,2.0
Outpatient,3318HQ,799,310,208210.0,260.59,70.0,768.0,28.0,3.0
Outpatient,4400SB,586,245,207730.0,354.49,90.0,562.0,22.0,2.0
Outpatient,21008S,582,358,205440.0,352.99,90.0,558.0,23.0,1.0
Outpatient,1500CD,612,243,205340.0,335.52,80.0,593.0,18.0,1.0
Outpatient,2301BR,715,419,204460.0,285.96,80.0,688.0,24.0,3.0
Outpatient,4507BD,760,349,202460.0,266.39,70.0,715.0,41.0,4.0
Outpatient,4200CT,689,232,201030.0,291.77,70.0,665.0,23.0,1.0
Outpatient,4402SR,606,197,200880.0,331.49,80.0,580.0,22.0,4.0
Outpatient,4507AC,631,289,200370.0,317.54,80.0,599.0,26.0,6.0
Outpatient,1400RG,699,483,200160.0,286.35,90.0,669.0,28.0,2.0
Outpatient,3602MK,735,220,199730.0,271.74,70.0,695.0,37.0,3.0
Outpatient,3600TD,742,279,199110.0,268.34,80.0,709.0,32.0,1.0
Outpatient,2302RT,807,283,199080.0,246.69,70.0,780.0,25.0,2.0
Outpatient,1400KP,568,193,199030.0,350.4,70.0,546.0,20.0,2.0
Outpatient,2100AS,612,358,198970.0,325.11,80.0,581.0,30.0,1.0
Outpatient,1401AV,741,203,198300.0,267.61,80.0,707.0,29.0,5.0
Outpatient,1402XA,661,278,198270.0,299.95,80.0,619.0,38.0,4.0
Outpatient,3900UM,677,121,197460.0,291.67,80.0,648.0,27.0,2.0
Outpatient,0313RP,663,401,196460.0,296.32,70.0,636.0,26.0,1.0
Outpatient,1402ZM,719,364,195490.0,271.89,70.0,688.0,30.0,1.0
Outpatient,15008B,652,250,194850.0,298.85,80.0,622.0,28.0,2.0
Outpatient,4506JT,559,262,193630.0,346.39,90.0,533.0,21.0,5.0
Outpatient,3302ND,788,674,193180.0,245.15,70.0,750.0,33.0,5.0
Outpatient,1000AV,548,492,192700.0,351.64,80.0,527.0,20.0,1.0
Outpatient,3400UB,736,245,192700.0,261.82,70.0,699.0,34.0,3.0
Outpatient,0501NB,736,119,191280.0,259.89,70.0,699.0,35.0,2.0
Outpatient,2300CS,645,402,191070.0,296.23,80.0,626.0,19.0,0.0
Outpatient,3600PQ,454,91,190070.0,418.66,90.0,438.0,13.0,3.0
Outpatient,4400VV,741,235,189990.0,256.4,80.0,696.0,43.0,2.0
Outpatient,3600YM,440,138,189160.0,429.91,90.0,426.0,13.0,1.0
Outpatient,1501PS,461,198,188080.0,407.98,80.0,447.0,14.0,0.0
Outpatient,1400QD,603,446,188000.0,311.77,80.0,575.0,24.0,4.0
Outpatient,1701AJ,723,194,187220.0,258.95,80.0,695.0,23.0,5.0
Outpatient,1002JA,779,313,187050.0,240.12,80.0,749.0,30.0,0.0
Outpatient,3301RC,717,175,186660.0,260.33,80.0,684.0,32.0,1.0
Outpatient,2302TV,693,479,185760.0,268.05,80.0,656.0,33.0,4.0
Outpatient,41008M,899,251,185680.0,206.54,70.0,859.0,35.0,5.0
Outpatient,5001TJ,572,145,185420.0,324.16,90.0,545.0,21.0,6.0
Outpatient,5100UN,593,167,185260.0,312.41,80.0,564.0,26.0,3.0
Outpatient,3900UC,596,275,184960.0,310.34,80.0,569.0,24.0,3.0
Outpatient,0100DN,618,392,184060.0,297.83,70.0,592.0,22.0,4.0
Outpatient,2200JA,688,598,182910.0,265.86,80.0,660.0,26.0,2.0
Outpatient,4700HR,661,225,182670.0,276.35,70.0,630.0,27.0,4.0
Outpatient,11006N,749,200,181880.0,242.83,70.0,719.0,29.0,1.0
Outpatient,1501KG,594,143,180180.0,303.33,70.0,566.0,28.0,0.0
Outpatient,42006A,542,328,179890.0,331.9,80.0,518.0,22.0,2.0
Outpatient,1000GU,693,562,179210.0,258.6,80.0,664.0,24.0,5.0
Outpatient,2100CN,621,94,179010.0,288.26,80.0,600.0,20.0,1.0
Outpatient,4900BC,689,192,178990.0,259.78,80.0,652.0,33.0,4.0
Outpatient,0300TN,497,350,178970.0,360.1,80.0,479.0,18.0,0.0
Outpatient,2200PG,680,597,178890.0,263.07,70.0,644.0,33.0,3.0
Outpatient,3300DK,546,317,177020.0,324.21,80.0,531.0,15.0,0.0
Outpatient,3401XC,522,164,176670.0,338.45,70.0,497.0,24.0,1.0
Outpatient,3601NG,446,135,175960.0,394.53,80.0,427.0,18.0,1.0
Outpatient,1900QR,691,120,174500.0,252.53,70.0,660.0,31.0,0.0
Outpatient,4500VK,557,308,174330.0,312.98,80.0,529.0,23.0,5.0
Outpatient,5000HS,529,309,173060.0,327.15,80.0,509.0,16.0,4.0
Outpatient,4505GM,391,88,171500.0,438.62,90.0,376.0,15.0,0.0
Outpatient,5001WN,633,428,171430.0,270.82,70.0,598.0,33.0,2.0
Outpatient,39008U,502,185,171190.0,341.02,80.0,485.0,17.0,0.0
Outpatient,0400XG,682,358,169920.0,249.15,70.0,655.0,25.0,2.0
Outpatient,0600PR,522,283,168880.0,323.52,75.0,490.0,30.0,2.0
Outpatient,16006A,701,168,168880.0,240.91,80.0,665.0,33.0,3.0
Outpatient,0300QJ,616,479,167920.0,272.6,80.0,589.0,27.0,0.0
Outpatient,1500WB,540,121,167760.0,310.67,70.0,519.0,18.0,3.0
Outpatient,3901MK,501,211,167570.0,334.47,80.0,484.0,17.0,0.0
Outpatient,3400XN,589,441,167560.0,284.48,80.0,569.0,19.0,1.0
Outpatient,34ZJRQ,644,255,167090.0,259.46,70.0,613.0,30.0,1.0
Outpatient,1400GR,606,440,166910.0,275.43,80.0,588.0,17.0,1.0
Outpatient,1500MU,555,258,166490.0,299.98,70.0,539.0,16.0,0.0
Outpatient,4100ZA,711,246,165560.0,232.86,80.0,687.0,24.0,0.0
Outpatient,3601RS,818,198,165160.0,201.91,70.0,784.0,31.0,3.0
Outpatient,2400XD,587,419,165090.0,281.24,80.0,562.0,22.0,3.0
Outpatient,4900VR,572,195,164740.0,288.01,80.0,551.0,19.0,2.0
Outpatient,4901PM,700,182,164070.0,234.39,70.0,675.0,24.0,1.0
Outpatient,1801RC,675,180,163360.0,242.01,70.0,642.0,33.0,0.0
Outpatient,0503RC,634,305,162510.0,256.32,80.0,611.0,18.0,5.0
Outpatient,0138DB,357,154,162220.0,454.4,90.0,349.0,8.0,0.0
Outpatient,01016G,458,130,161760.0,353.19,80.0,430.0,27.0,1.0
Outpatient,1900RS,513,106,161510.0,314.83,80.0,492.0,20.0,1.0
Outpatient,1100HD,610,148,161390.0,264.57,80.0,584.0,25.0,1.0
Outpatient,1401DM,362,112,161070.0,444.94,80.0,343.0,17.0,2.0
Outpatient,2300MT,679,162,160790.0,236.8,70.0,654.0,24.0,1.0
Outpatient,0507TP,391,148,159840.0,408.8,80.0,373.0,16.0,2.0
Outpatient,3302BQ,543,428,159690.0,294.09,80.0,519.0,20.0,4.0
Outpatient,1000AQ,618,552,159150.0,257.52,70.0,595.0,20.0,3.0
Outpatient,03018G,496,414,159060.0,320.69,80.0,476.0,18.0,2.0
Outpatient,2501YS,465,155,159060.0,342.06,80.0,444.0,21.0,0.0
Outpatient,14026D,544,189,158520.0,291.4,70.0,521.0,22.0,1.0
Outpatient,0401KM,548,210,158310.0,288.89,80.0,521.0,25.0,2.0
Outpatient,6700JP,542,356,157780.0,291.11,70.0,526.0,16.0,0.0
Outpatient,3601GU,618,224,157520.0,254.89,80.0,597.0,20.0,1.0
Outpatient,35006N,593,127,157090.0,264.91,80.0,580.0,12.0,1.0
Outpatient,0513HH,555,241,156760.0,282.45,70.0,535.0,20.0,0.0
Outpatient,1100YK,516,378,156610.0,303.51,70.0,499.0,15.0,2.0
Outpatient,1001MH,530,456,156350.0,295.0,70.0,513.0,16.0,1.0
Outpatient,10008Q,546,354,156300.0,286.26,75.0,527.0,16.0,3.0
Outpatient,2400DP,485,283,155990.0,321.63,80.0,467.0,17.0,1.0
Outpatient,4506MP,598,245,155830.0,260.59,80.0,566.0,31.0,1.0
Outpatient,1100DS,599,156,155690.0,259.92,70.0,568.0,29.0,2.0
Outpatient,5200XT,518,385,155580.0,300.35,80.0,497.0,19.0,2.0
Outpatient,2013KN,628,273,155340.0,247.36,80.0,591.0,32.0,5.0
Outpatient,1600CD,603,139,155010.0,257.06,70.0,574.0,27.0,2.0
Outpatient,5518YJ,515,321,154970.0,300.91,80.0,499.0,14.0,2.0
Outpatient,0502NQ,548,427,154730.0,282.35,80.0,528.0,17.0,3.0
Outpatient,2100SU,490,283,153800.0,313.88,80.0,467.0,20.0,3.0
Outpatient,4901RP,571,238,153200.0,268.3,70.0,541.0,27.0,3.0
Outpatient,2600AP,546,401,153120.0,280.44,80.0,524.0,20.0,2.0
Outpatient,3800JG,532,148,152320.0,286.32,70.0,504.0,24.0,4.0
Outpatient,3901RQ,500,278,152020.0,304.04,90.0,473.0,23.0,4.0
Outpatient,3900BP,600,154,151690.0,252.82,70.0,560.0,34.0,6.0
Outpatient,0300RK,717,181,151600.0,211.44,70.0,688.0,29.0,0.0
Outpatient,5200YU,528,354,151110.0,286.19,70.0,515.0,13.0,0.0
Outpatient,4502QU,308,84,150980.0,490.19,80.0,296.0,12.0,0.0
Outpatient,5201UB,622,256,150940.0,242.67,70.0,602.0,18.0,2.0
Outpatient,3700JD,573,243,150860.0,263.28,80.0,546.0,27.0,0.0
Outpatient,3902HP,692,196,150820.0,217.95,80.0,653.0,39.0,0.0
Outpatient,3900UT,641,308,150810.0,235.27,70.0,612.0,29.0,0.0
Outpatient,4901AD,529,229,150490.0,284.48,80.0,507.0,20.0,2.0
Outpatient,3901KR,676,223,150330.0,222.38,70.0,650.0,23.0,3.0
Outpatient,4300BT,678,180,149640.0,220.71,70.0,656.0,21.0,1.0
Outpatient,3930SM,576,183,149210.0,259.05,80.0,554.0,21.0,1.0
Outpatient,0504VD,538,446,148700.0,276.39,80.0,528.0,9.0,1.0
Outpatient,1430BB,464,381,148660.0,320.39,80.0,440.0,22.0,2.0
Outpatient,1402GM,504,383,148610.0,294.86,80.0,490.0,14.0,0.0
Outpatient,3400YP,514,311,148330.0,288.58,70.0,494.0,18.0,2.0
Outpatient,03008J,527,337,147510.0,279.91,80.0,503.0,23.0,1.0
Outpatient,1400HS,580,110,147280.0,253.93,80.0,551.0,29.0,0.0
Outpatient,4900NH,514,134,146870.0,285.74,70.0,489.0,23.0,2.0
Outpatient,2200YC,522,458,146070.0,279.83,70.0,495.0,24.0,3.0
Outpatient,2400NA,634,194,146060.0,230.38,70.0,601.0,31.0,2.0
Outpatient,4400CB,348,96,145980.0,419.48,85.0,335.0,13.0,0.0
Outpatient,52008K,575,308,145260.0,252.63,70.0,558.0,17.0,0.0
Outpatient,1401RR,443,350,144150.0,325.4,80.0,424.0,17.0,2.0
Outpatient,4400WH,456,205,144130.0,316.07,80.0,437.0,16.0,3.0
Outpatient,0100PH,509,145,143500.0,281.93,80.0,483.0,24.0,2.0
Outpatient,3901AU,501,327,142960.0,285.35,80.0,478.0,22.0,1.0
Outpatient,1400AC,237,43,141950.0,598.95,200.0,228.0,8.0,1.0
Outpatient,3301WK,521,165,141770.0,272.11,70.0,506.0,15.0,0.0
Outpatient,1401GN,560,121,141330.0,252.38,80.0,530.0,29.0,1.0
Outpatient,3000BT,563,441,141020.0,250.48,70.0,541.0,20.0,2.0
Outpatient,49008S,345,82,140090.0,406.06,90.0,331.0,11.0,3.0
Outpatient,2302YG,491,76,139250.0,283.6,70.0,473.0,17.0,1.0
Outpatient,1801XM,458,244,138450.0,302.29,80.0,437.0,20.0,1.0
Outpatient,0300GG,402,230,137790.0,342.76,70.0,388.0,12.0,2.0
Outpatient,10006P,465,347,137760.0,296.26,80.0,442.0,22.0,1.0
Outpatient,2500QV,251,50,137070.0,546.1,90.0,245.0,3.0,3.0
Outpatient,3301MU,443,365,136650.0,308.47,90.0,428.0,14.0,1.0
Outpatient,0518VN,518,113,136290.0,263.11,70.0,498.0,17.0,3.0
Outpatient,10028V,543,465,135180.0,248.95,70.0,515.0,22.0,6.0
Outpatient,4506QS,502,339,135080.0,269.08,80.0,478.0,21.0,3.0
Outpatient,1102HK,524,223,135060.0,257.75,70.0,503.0,21.0,0.0
Outpatient,1401YS,429,186,134770.0,314.15,80.0,409.0,18.0,2.0
Outpatient,2601QB,507,178,133460.0,263.23,70.0,489.0,17.0,1.0
Outpatient,2302QS,477,297,133170.0,279.18,80.0,455.0,20.0,2.0
Outpatient,0138RQ,364,133,132980.0,365.33,80.0,351.0,12.0,1.0
Outpatient,2500BH,517,132,132810.0,256.89,80.0,499.0,16.0,2.0
Outpatient,2800GN,369,147,132240.0,358.37,80.0,354.0,13.0,2.0
Outpatient,4935BG,419,80,131300.0,313.37,80.0,403.0,14.0,2.0
Outpatient,18206H,434,218,129360.0,298.06,80.0,410.0,22.0,2.0
Outpatient,3901YJ,472,243,128510.0,272.27,70.0,457.0,13.0,2.0
Outpatient,5001MA,593,133,128170.0,216.14,70.0,572.0,19.0,2.0
Outpatient,4200GH,344,112,127680.0,371.16,80.0,330.0,14.0,0.0
Outpatient,4401MM,434,155,127610.0,294.03,70.0,418.0,15.0,1.0
Outpatient,2900UB,470,174,127490.0,271.26,70.0,452.0,18.0,0.0
Outpatient,3602CA,349,136,127340.0,364.87,80.0,336.0,13.0,0.0
Outpatient,5100YK,410,118,127160.0,310.15,80.0,397.0,10.0,3.0
Outpatient,2600ZT,399,339,126440.0,316.89,80.0,390.0,9.0,0.0
Outpatient,5200ZV,428,130,126170.0,294.79,80.0,416.0,10.0,2.0
Outpatient,3401MN,424,386,125950.0,297.05,75.0,403.0,19.0,2.0
Outpatient,3600JR,456,104,125790.0,275.86,70.0,432.0,20.0,4.0
Outpatient,1100PN,332,72,125740.0,378.73,80.0,317.0,13.0,2.0
Outpatient,3413NM,415,143,125700.0,302.89,70.0,394.0,20.0,1.0
Outpatient,38008D,528,274,125370.0,237.44,70.0,492.0,35.0,1.0
Outpatient,3400GA,367,249,125230.0,341.23,70.0,352.0,15.0,0.0
Outpatient,1400HK,442,169,124940.0,282.67,80.0,420.0,19.0,3.0
Outpatient,2500UN,412,129,124870.0,303.08,80.0,394.0,18.0,0.0
Outpatient,3413PN,417,263,123090.0,295.18,70.0,400.0,14.0,3.0
Outpatient,3600AA,305,57,123080.0,403.54,80.0,288.0,14.0,3.0
Outpatient,0506MK,435,383,122990.0,282.74,80.0,420.0,15.0,0.0
Outpatient,4900GQ,523,164,122690.0,234.59,70.0,497.0,25.0,1.0
Outpatient,3302TM,605,113,122370.0,202.26,60.0,570.0,34.0,1.0
Outpatient,0500ZJ,492,276,122240.0,248.46,70.0,468.0,22.0,2.0
Outpatient,4713CJ,300,109,122140.0,407.13,80.0,288.0,11.0,1.0
Outpatient,0100UV,498,168,121880.0,244.74,70.0,477.0,21.0,0.0
Outpatient,3901WV,295,109,121650.0,412.37,80.0,285.0,8.0,2.0
Outpatient,3400KP,526,297,121080.0,230.19,70.0,501.0,21.0,4.0
Outpatient,5000GR,484,125,120910.0,249.81,75.0,464.0,18.0,2.0
Outpatient,0513ST,415,70,120740.0,290.94,80.0,399.0,13.0,3.0
Outpatient,4501BH,234,44,120400.0,514.53,90.0,225.0,8.0,1.0
Outpatient,3300VU,440,383,120170.0,273.11,70.0,425.0,14.0,1.0
Outpatient,3913VS,289,39,120060.0,415.43,100.0,282.0,6.0,1.0
Outpatient,45088A,372,78,120040.0,322.69,80.0,353.0,18.0,1.0
Outpatient,3302SB,421,136,119990.0,285.01,70.0,410.0,10.0,1.0
Outpatient,2600VP,571,108,119920.0,210.02,70.0,545.0,25.0,1.0
Outpatient,0504RV,507,300,119610.0,235.92,70.0,487.0,19.0,1.0
Outpatient,42008K,360,70,119550.0,332.08,90.0,352.0,8.0,0.0
Outpatient,3013TB,480,136,119160.0,248.25,70.0,452.0,27.0,1.0
Outpatient,3800CV,424,179,118740.0,280.05,80.0,410.0,14.0,0.0
Outpatient,4400HU,486,148,118370.0,243.56,75.0,469.0,16.0,1.0
Outpatient,3900VN,423,197,118280.0,279.62,70.0,409.0,14.0,0.0
Outpatient,5519BR,501,131,118000.0,235.53,80.0,467.0,32.0,2.0
Outpatient,2600BQ,415,288,117330.0,282.72,70.0,394.0,18.0,3.0
Outpatient,1100AG,456,299,117230.0,257.08,70.0,441.0,14.0,1.0
Outpatient,4502XH,316,76,116730.0,369.4,100.0,305.0,8.0,3.0
Outpatient,3600JK,430,119,116720.0,271.44,70.0,410.0,19.0,1.0
Outpatient,3300TS,480,184,116410.0,242.52,80.0,457.0,19.0,4.0
Outpatient,4200AR,366,202,115890.0,316.64,70.0,348.0,15.0,3.0
Outpatient,33036V,328,199,115400.0,351.83,70.0,317.0,9.0,2.0
Outpatient,3900KA,482,109,114880.0,238.34,70.0,466.0,15.0,1.0
Outpatient,3600AQ,291,195,114870.0,394.74,80.0,277.0,13.0,1.0
Outpatient,1500BC,324,71,114560.0,353.58,80.0,308.0,16.0,0.0
Outpatient,4502DJ,164,29,114520.0,698.29,100.0,158.0,6.0,0.0
Outpatient,0700QA,463,224,113710.0,245.59,70.0,448.0,14.0,1.0
Outpatient,1400JN,340,282,113230.0,333.03,80.0,325.0,15.0,0.0
Outpatient,4600VB,493,126,113100.0,229.41,70.0,477.0,15.0,1.0
Outpatient,2700NT,401,284,113030.0,281.87,80.0,388.0,13.0,0.0
Outpatient,1800KA,365,240,112980.0,309.53,70.0,351.0,13.0,1.0
Outpatient,14016U,393,298,112910.0,287.3,80.0,380.0,11.0,2.0
Outpatient,2801NN,325,108,112900.0,347.38,70.0,305.0,20.0,0.0
Outpatient,2913GC,241,77,112430.0,466.51,100.0,232.0,9.0,0.0
Outpatient,3901DK,447,110,112150.0,250.89,70.0,431.0,13.0,3.0
Outpatient,4200HJ,365,192,111940.0,306.68,70.0,347.0,16.0,2.0
Outpatient,1120ST,389,255,111360.0,286.27,80.0,373.0,15.0,1.0
Outpatient,2302MV,365,239,111140.0,304.49,80.0,350.0,15.0,0.0
Outpatient,4503SB,444,160,111120.0,250.27,80.0,423.0,17.0,4.0
Outpatient,3601ST,407,141,110810.0,272.26,80.0,394.0,11.0,2.0
Outpatient,1101MA,287,98,109850.0,382.75,90.0,275.0,12.0,0.0
Outpatient,2200TM,389,358,109410.0,281.26,80.0,373.0,16.0,0.0
Outpatient,3301ZP,359,114,109030.0,303.7,80.0,338.0,20.0,1.0
Outpatient,3400VS,509,136,108670.0,213.5,70.0,492.0,14.0,3.0
Outpatient,4500HB,468,128,108530.0,231.9,70.0,447.0,19.0,2.0
Outpatient,2513CA,289,86,108390.0,375.05,90.0,282.0,5.0,2.0
Outpatient,1501GA,330,187,108310.0,328.21,80.0,319.0,11.0,0.0
Outpatient,3813RV,403,122,108260.0,268.64,80.0,391.0,12.0,0.0
Outpatient,1002CK,377,287,107930.0,286.29,70.0,361.0,15.0,1.0
Outpatient,3901MS,244,27,107930.0,442.34,100.0,230.0,12.0,2.0
Outpatient,2100GQ,393,96,107880.0,274.5,70.0,372.0,17.0,4.0
Outpatient,0101XR,414,238,107860.0,260.53,80.0,397.0,17.0,0.0
Outpatient,15006H,380,87,107520.0,282.95,70.0,371.0,9.0,0.0
Outpatient,3625WK,432,155,107390.0,248.59,70.0,414.0,17.0,1.0
Outpatient,1100WV,421,320,107010.0,254.18,70.0,397.0,22.0,2.0
Outpatient,33038A,290,216,106620.0,367.66,80.0,272.0,18.0,0.0
Outpatient,3400SP,320,272,106360.0,332.38,80.0,307.0,13.0,0.0
Outpatient,3500WH,403,85,106230.0,263.6,80.0,387.0,14.0,2.0
Outpatient,2100YG,426,192,106170.0,249.23,70.0,411.0,13.0,2.0
Outpatient,0401GG,351,205,106060.0,302.17,80.0,332.0,18.0,1.0
Outpatient,1601DR,430,86,106030.0,246.58,70.0,408.0,21.0,1.0
Outpatient,4504DH,480,95,105510.0,219.81,60.0,459.0,20.0,1.0
Outpatient,1800TK,407,262,105250.0,258.6,70.0,387.0,18.0,2.0
Outpatient,3400WD,291,251,104640.0,359.59,80.0,273.0,18.0,0.0
Outpatient,1000RB,329,285,104430.0,317.42,90.0,320.0,9.0,0.0
Outpatient,3601RK,273,71,104310.0,382.09,80.0,261.0,11.0,1.0
Outpatient,0100UP,418,204,104240.0,249.38,80.0,397.0,20.0,1.0
Outpatient,2100JT,360,225,104030.0,288.97,80.0,347.0,12.0,1.0
Outpatient,3900TK,360,74,103690.0,288.03,80.0,347.0,11.0,2.0
Outpatient,23006G,313,279,103140.0,329.52,70.0,304.0,9.0,0.0
Outpatient,2602CN,396,93,103120.0,260.4,70.0,376.0,18.0,2.0
Outpatient,5213SN,327,76,103060.0,315.17,70.0,319.0,8.0,0.0
Outpatient,1500XC,461,115,103040.0,223.51,70.0,446.0,14.0,1.0
Outpatient,1500VR,341,200,102930.0,301.85,80.0,326.0,14.0,1.0
Outpatient,3400XU,220,62,102550.0,466.14,80.0,211.0,7.0,2.0
Outpatient,3401VA,353,282,102330.0,289.89,80.0,341.0,9.0,3.0
Outpatient,1002PP,372,317,102260.0,274.89,80.0,360.0,12.0,0.0
Outpatient,4506UA,390,271,102240.0,262.15,80.0,373.0,15.0,2.0
Outpatient,4501KR,379,92,102210.0,269.68,80.0,365.0,13.0,1.0
Outpatient,3313JT,432,120,101690.0,235.39,80.0,414.0,15.0,3.0
Outpatient,1100DK,215,79,101640.0,472.74,90.0,207.0,7.0,1.0
Outpatient,4700JT,462,404,101430.0,219.55,80.0,446.0,16.0,0.0
Outpatient,5000KV,442,276,101310.0,229.21,75.0,421.0,18.0,3.0
Outpatient,3413YB,272,206,101250.0,372.24,90.0,264.0,7.0,1.0
Outpatient,3600XS,402,163,100780.0,250.7,75.0,386.0,16.0,0.0
Outpatient,30008C,330,296,100760.0,305.33,80.0,319.0,10.0,1.0
Outpatient,3601DD,403,131,100730.0,249.95,70.0,381.0,22.0,0.0
Outpatient,3400HK,363,282,100470.0,276.78,80.0,352.0,11.0,0.0
Outpatient,2602XD,347,177,100420.0,289.39,70.0,332.0,14.0,1.0
Outpatient,4900GV,315,247,99730.0,316.6,80.0,305.0,9.0,1.0
Outpatient,1413ZC,377,88,99530.0,264.01,80.0,357.0,19.0,1.0
Outpatient,3600MD,365,227,99160.0,271.67,70.0,349.0,15.0,1.0
Outpatient,2201YM,364,333,98910.0,271.73,80.0,349.0,12.0,3.0
Outpatient,4504RU,465,313,98470.0,211.76,70.0,449.0,15.0,1.0
Outpatient,0500CP,340,287,98400.0,289.41,70.0,320.0,19.0,1.0
Outpatient,3901PD,351,252,98370.0,280.26,70.0,337.0,11.0,3.0
Outpatient,2913UM,366,240,98310.0,268.61,70.0,345.0,20.0,1.0
Outpatient,4901TR,268,54,98010.0,365.71,80.0,258.0,9.0,1.0
Outpatient,2200MM,316,291,97890.0,309.78,85.0,306.0,10.0,0.0
Outpatient,1402CR,318,120,97530.0,306.7,80.0,302.0,16.0,0.0
Outpatient,0413AM,151,33,97530.0,645.89,100.0,144.0,7.0,0.0
Outpatient,5201NR,388,330,97380.0,250.98,70.0,374.0,13.0,1.0
Outpatient,3900SR,358,193,96770.0,270.31,70.0,338.0,18.0,2.0
Outpatient,1000HV,290,186,96520.0,332.83,70.0,279.0,11.0,0.0
Outpatient,4400SS,332,101,96440.0,290.48,75.0,314.0,17.0,1.0
Outpatient,1101GR,345,152,96060.0,278.43,70.0,338.0,7.0,0.0
Outpatient,4400RR,403,108,95950.0,238.09,70.0,387.0,16.0,0.0
Outpatient,2300YC,323,140,95680.0,296.22,80.0,311.0,11.0,1.0
Outpatient,3600NP,320,229,95580.0,298.69,80.0,309.0,11.0,0.0
Outpatient,2000SK,256,180,95450.0,372.85,80.0,247.0,8.0,1.0
Outpatient,1513WQ,329,59,95230.0,289.45,80.0,316.0,13.0,0.0
Outpatient,0101AV,278,167,95210.0,342.48,80.0,270.0,7.0,1.0
Outpatient,1825PG,291,146,95150.0,326.98,90.0,287.0,4.0,0.0
Outpatient,2501MC,283,131,95130.0,336.15,70.0,272.0,11.0,0.0
Outpatient,1501AS,305,150,94860.0,311.02,80.0,290.0,14.0,1.0
Outpatient,2800KS,368,212,94860.0,257.77,70.0,356.0,11.0,1.0
Outpatient,2601TU,343,179,94100.0,274.34,80.0,330.0,11.0,2.0
Outpatient,3425HM,257,94,94030.0,365.88,80.0,246.0,9.0,2.0
Outpatient,3903GM,227,69,93750.0,413.0,80.0,222.0,5.0,0.0
Outpatient,2618GJ,282,63,93670.0,332.16,70.0,272.0,10.0,0.0
Outpatient,4900NQ,394,136,93400.0,237.06,70.0,377.0,16.0,1.0
Outpatient,3013MR,392,125,93270.0,237.93,80.0,372.0,20.0,0.0
Outpatient,1001SP,325,268,93190.0,286.74,80.0,311.0,14.0,0.0
Outpatient,3800AD,430,157,92600.0,215.35,80.0,413.0,16.0,1.0
Outpatient,2500PG,384,177,92590.0,241.12,70.0,369.0,15.0,0.0
Outpatient,45018G,328,162,92430.0,281.8,70.0,316.0,11.0,1.0
Outpatient,17008Q,318,230,92390.0,290.53,80.0,312.0,6.0,0.0
Outpatient,1200YJ,335,288,92120.0,274.99,70.0,327.0,6.0,2.0
Outpatient,0503DN,336,285,92110.0,274.14,80.0,322.0,10.0,4.0
Outpatient,1401QA,286,133,92050.0,321.85,70.0,275.0,9.0,2.0
Outpatient,1002MC,297,269,92020.0,309.83,80.0,284.0,13.0,0.0
Outpatient,05068P,383,221,91570.0,239.09,80.0,367.0,16.0,0.0
Outpatient,3901ZC,395,82,91370.0,231.32,60.0,380.0,12.0,3.0
Outpatient,1839ZB,482,98,90990.0,188.78,70.0,464.0,16.0,2.0
Outpatient,6700SQ,209,52,90760.0,434.26,90.0,198.0,11.0,0.0
Outpatient,0613XT,355,70,90700.0,255.49,70.0,339.0,16.0,0.0
Outpatient,1402XJ,295,254,90520.0,306.85,70.0,287.0,7.0,1.0
Outpatient,4900MP,366,116,90480.0,247.21,70.0,346.0,20.0,0.0
Outpatient,3400RU,319,264,90410.0,283.42,80.0,303.0,15.0,1.0
Outpatient,4200SD,339,173,90400.0,266.67,70.0,321.0,17.0,1.0
Outpatient,3300SB,245,141,90260.0,368.41,80.0,238.0,7.0,0.0
Outpatient,3701XB,373,98,90260.0,241.98,60.0,355.0,15.0,3.0
Outpatient,0500GJ,279,256,90240.0,323.44,80.0,271.0,7.0,1.0
Outpatient,0506TS,377,226,90210.0,239.28,70.0,365.0,9.0,3.0
Outpatient,1901AC,277,79,90210.0,325.67,80.0,269.0,7.0,1.0
Outpatient,3426VH,262,96,90010.0,343.55,85.0,256.0,6.0,0.0
Outpatient,4200MP,147,29,89950.0,611.9,90.0,141.0,6.0,0.0
Outpatient,17016H,310,143,89920.0,290.06,90.0,297.0,12.0,1.0
Outpatient,3702KD,336,170,89560.0,266.55,80.0,324.0,10.0,2.0
Outpatient,5000MQ,314,266,89380.0,284.65,80.0,299.0,14.0,1.0
Outpatient,5213PJ,363,223,89110.0,245.48,80.0,352.0,10.0,1.0
Outpatient,2301VH,325,150,88700.0,272.92,70.0,317.0,8.0,0.0
Outpatient,1613ZD,272,42,88370.0,324.89,80.0,265.0,7.0,0.0
Outpatient,4200MU,338,275,88280.0,261.18,70.0,324.0,12.0,2.0
Outpatient,3300CA,348,284,88250.0,253.59,70.0,331.0,15.0,2.0
Outpatient,1113YJ,119,19,88180.0,741.01,200.0,115.0,4.0,0.0
Outpatient,4901NK,297,127,88130.0,296.73,70.0,280.0,16.0,1.0
Outpatient,4506BM,328,102,88060.0,268.48,80.0,316.0,12.0,0.0
Outpatient,4500QM,345,258,88000.0,255.07,80.0,331.0,13.0,1.0
Outpatient,2300SC,262,172,87570.0,334.24,70.0,251.0,11.0,0.0
Outpatient,4506DP,267,186,87440.0,327.49,80.0,254.0,11.0,2.0
Outpatient,16008K,436,108,87290.0,200.21,70.0,416.0,18.0,2.0
Outpatient,5213DU,304,192,87260.0,287.04,80.0,296.0,8.0,0.0
Outpatient,34138G,311,176,87170.0,280.29,80.0,297.0,12.0,2.0
Outpatient,30138N,359,155,86680.0,241.45,80.0,340.0,16.0,3.0
Outpatient,0506GM,261,204,86340.0,330.8,80.0,249.0,10.0,2.0
Outpatient,5000HK,357,102,86210.0,241.48,80.0,339.0,15.0,3.0
Outpatient,3302YS,315,232,86210.0,273.68,70.0,298.0,16.0,1.0
Outpatient,3900SA,244,153,86200.0,353.28,90.0,239.0,4.0,1.0
Outpatient,4100AC,338,172,86160.0,254.91,70.0,327.0,9.0,2.0
Outpatient,4713HN,298,106,86150.0,289.09,70.0,281.0,15.0,2.0
Outpatient,4200NQ,185,54,86120.0,465.51,100.0,177.0,8.0,0.0
Outpatient,5113TV,248,91,85880.0,346.29,70.0,238.0,9.0,1.0
Outpatient,1130HA,335,94,85880.0,256.36,70.0,322.0,12.0,1.0
Outpatient,1401VP,292,252,85680.0,293.42,70.0,282.0,10.0,0.0
Outpatient,0504BG,251,190,85550.0,340.84,80.0,236.0,15.0,0.0
Outpatient,1900UH,258,77,85460.0,331.24,90.0,253.0,5.0,0.0
Outpatient,1600KD,321,81,85460.0,266.23,80.0,305.0,13.0,3.0
Outpatient,3903AG,242,176,85440.0,353.06,80.0,230.0,11.0,1.0
Outpatient,1002ND,228,218,85160.0,373.51,80.0,219.0,9.0,0.0
Outpatient,3401WK,301,258,85080.0,282.66,70.0,287.0,14.0,0.0
Outpatient,5519WJ,275,223,85080.0,309.38,80.0,261.0,14.0,0.0
Outpatient,2800CK,208,63,84940.0,408.37,100.0,199.0,9.0,0.0
Outpatient,2501PG,331,86,84720.0,255.95,70.0,321.0,9.0,1.0
Outpatient,3302BA,268,225,84700.0,316.04,80.0,254.0,13.0,1.0
Outpatient,2000CB,268,199,84530.0,315.41,90.0,260.0,8.0,0.0
Outpatient,1000JR,296,222,84400.0,285.14,70.0,291.0,5.0,0.0
Outpatient,3901CA,301,266,84120.0,279.47,80.0,289.0,12.0,0.0
Outpatient,46008K,308,200,83810.0,272.11,70.0,296.0,10.0,2.0
Outpatient,1401RJ,280,96,83770.0,299.18,80.0,273.0,7.0,0.0
Outpatient,3400GJ,355,250,83670.0,235.69,70.0,339.0,14.0,2.0
Outpatient,2301YM,350,157,83550.0,238.71,80.0,344.0,6.0,0.0
Outpatient,5013GC,138,30,83190.0,602.83,100.0,135.0,3.0,0.0
Outpatient,0518YA,253,109,83170.0,328.74,80.0,250.0,3.0,0.0
Outpatient,1001GJ,335,283,82780.0,247.1,80.0,319.0,16.0,0.0
Outpatient,5213VR,215,59,82510.0,383.77,80.0,207.0,8.0,0.0
Outpatient,2320KM,324,88,82410.0,254.35,70.0,312.0,10.0,2.0
Outpatient,0100NV,355,115,82310.0,231.86,70.0,340.0,14.0,1.0
Outpatient,3602WV,274,205,82310.0,300.4,80.0,256.0,17.0,1.0
Outpatient,3701ZN,267,134,82300.0,308.24,80.0,259.0,7.0,1.0
Outpatient,0513ZU,277,205,82050.0,296.21,80.0,266.0,9.0,2.0
Outpatient,2040JA,352,101,82000.0,232.95,70.0,333.0,19.0,0.0
Outpatient,5200YG,395,179,81970.0,207.52,70.0,377.0,16.0,2.0
Outpatient,2413NU,369,67,81900.0,221.95,70.0,348.0,21.0,0.0
Outpatient,33008G,252,175,81870.0,324.88,90.0,240.0,11.0,1.0
Outpatient,1800XH,352,105,81830.0,232.47,70.0,338.0,14.0,0.0
Outpatient,2013BC,245,185,81740.0,333.63,90.0,232.0,13.0,0.0
Outpatient,2100BM,266,215,81670.0,307.03,75.0,256.0,8.0,2.0
Outpatient,2501ND,333,75,81640.0,245.17,70.0,321.0,12.0,0.0
Outpatient,3200YN,244,66,81610.0,334.47,70.0,233.0,10.0,1.0
Outpatient,1000UG,226,208,81600.0,361.06,80.0,213.0,13.0,0.0
Outpatient,2639HJ,217,39,80930.0,372.95,60.0,208.0,9.0,0.0
Outpatient,1000RK,273,155,80870.0,296.23,80.0,257.0,15.0,1.0
Outpatient,1413GM,125,27,80860.0,646.88,100.0,120.0,5.0,0.0
Outpatient,4503BH,277,92,80840.0,291.84,80.0,266.0,10.0,1.0
Outpatient,1800BG,433,110,80800.0,186.61,60.0,410.0,22.0,1.0
Outpatient,2220YN,226,184,80680.0,356.99,80.0,216.0,10.0,0.0
Outpatient,0101HG,329,208,80320.0,244.13,70.0,317.0,10.0,2.0
Outpatient,4200SN,331,115,80110.0,242.02,70.0,318.0,11.0,2.0
Outpatient,34008C,274,242,80070.0,292.23,90.0,265.0,8.0,1.0
Outpatient,1834CR,372,80,79930.0,214.87,70.0,356.0,14.0,2.0
Outpatient,44018Q,342,57,79640.0,232.87,80.0,332.0,10.0,0.0
Outpatient,2401MK,257,63,79430.0,309.07,80.0,246.0,11.0,0.0
Outpatient,3813VD,363,124,79240.0,218.29,70.0,353.0,9.0,1.0
Outpatient,1002TC,290,260,78720.0,271.45,75.0,282.0,8.0,0.0
Outpatient,4400TT,287,79,78710.0,274.25,80.0,274.0,12.0,1.0
Outpatient,1100UT,265,154,78430.0,295.96,80.0,256.0,9.0,0.0
Outpatient,4600YU,301,229,78300.0,260.13,70.0,289.0,9.0,3.0
Outpatient,0101KK,288,154,78290.0,271.84,70.0,279.0,7.0,2.0
Outpatient,3425UT,244,50,77630.0,318.16,70.0,233.0,11.0,0.0
Outpatient,4413XA,240,60,77610.0,323.38,80.0,231.0,6.0,3.0
Outpatient,1313QH,207,55,77510.0,374.44,70.0,196.0,11.0,0.0
Outpatient,3326XM,274,128,77440.0,282.63,80.0,266.0,8.0,0.0
Outpatient,3900HM,261,171,77390.0,296.51,70.0,253.0,8.0,0.0
Outpatient,25136M,293,59,77300.0,263.82,80.0,274.0,17.0,2.0
Outpatient,4200PA,213,104,77280.0,362.82,80.0,207.0,6.0,0.0
Outpatient,3400AS,189,69,77250.0,408.73,100.0,185.0,4.0,0.0
Outpatient,1000VV,262,242,77170.0,294.54,80.0,245.0,16.0,1.0
Outpatient,1100KJ,326,228,77020.0,236.26,70.0,313.0,13.0,0.0
Outpatient,0600GH,206,150,76750.0,372.57,80.0,191.0,13.0,2.0
Outpatient,3700UB,285,74,76710.0,269.16,80.0,273.0,11.0,1.0
Outpatient,45068S,257,212,76680.0,298.37,80.0,246.0,11.0,0.0
Outpatient,3013SA,371,97,76570.0,206.39,70.0,360.0,10.0,1.0
Outpatient,10008H,293,265,76430.0,260.85,70.0,282.0,9.0,2.0
Outpatient,1002BA,351,59,76430.0,217.75,70.0,336.0,11.0,4.0
Outpatient,2313NU,271,53,76320.0,281.62,60.0,257.0,14.0,0.0
Outpatient,4300XN,166,40,76290.0,459.58,80.0,160.0,5.0,1.0
Outpatient,2600DC,244,186,76200.0,312.3,80.0,232.0,11.0,1.0
Outpatient,2225PN,233,143,75860.0,325.58,80.0,225.0,8.0,0.0
Outpatient,2600HG,221,142,75690.0,342.49,80.0,205.0,14.0,2.0
Outpatient,3600GU,257,108,75640.0,294.32,80.0,250.0,7.0,0.0
Outpatient,0504UC,310,201,75450.0,243.39,70.0,297.0,12.0,1.0
Outpatient,2301KC,295,113,75450.0,255.76,80.0,288.0,7.0,0.0
Outpatient,0300YT,314,259,75350.0,239.97,90.0,305.0,8.0,1.0
Outpatient,0500AM,251,174,75350.0,300.2,80.0,235.0,15.0,1.0
Outpatient,3400ZA,231,189,75070.0,324.98,80.0,218.0,13.0,0.0
Outpatient,1002SK,216,141,75070.0,347.55,80.0,209.0,6.0,1.0
Outpatient,0503VJ,224,207,75030.0,334.96,80.0,218.0,6.0,0.0
Outpatient,01006P,263,195,74800.0,284.41,80.0,253.0,7.0,3.0
Outpatient,3600WR,164,41,74780.0,455.98,95.0,160.0,4.0,0.0
Outpatient,33026N,207,155,74700.0,360.87,80.0,199.0,8.0,0.0
Outpatient,3338WQ,311,101,74540.0,239.68,60.0,298.0,13.0,0.0
Outpatient,19016B,242,158,74520.0,307.93,80.0,230.0,10.0,2.0
Outpatient,1901WD,291,85,74380.0,255.6,60.0,280.0,10.0,1.0
Outpatient,4503PU,235,53,74150.0,315.53,70.0,224.0,9.0,2.0
Outpatient,4508CK,269,154,74130.0,275.58,70.0,257.0,12.0,0.0
Outpatient,3601SM,296,174,73920.0,249.73,65.0,278.0,16.0,2.0
Outpatient,3601QJ,258,206,73860.0,286.28,70.0,244.0,13.0,1.0
Outpatient,3601PH,196,96,73470.0,374.85,90.0,190.0,6.0,0.0
Outpatient,4504BD,207,143,73300.0,354.11,80.0,194.0,12.0,1.0
Outpatient,3900KJ,253,98,73270.0,289.6,70.0,250.0,2.0,1.0
Outpatient,1026PS,285,131,73120.0,256.56,70.0,269.0,14.0,2.0
Outpatient,2301DT,266,95,73080.0,274.74,80.0,251.0,14.0,1.0
Outpatient,4502AN,256,118,72940.0,284.92,70.0,243.0,12.0,1.0
Outpatient,4713GM,285,96,72900.0,255.79,80.0,275.0,7.0,3.0
Outpatient,1401BJ,265,77,72840.0,274.87,70.0,251.0,14.0,0.0
Outpatient,1538TJ,168,38,72720.0,432.86,70.0,163.0,3.0,2.0
Outpatient,4508RB,260,164,72670.0,279.5,70.0,247.0,11.0,2.0
Outpatient,1100RJ,266,63,72520.0,272.63,85.0,255.0,10.0,1.0
Outpatient,4500KG,162,51,72240.0,445.93,80.0,151.0,11.0,0.0
Outpatient,1800GS,261,94,72140.0,276.4,90.0,240.0,19.0,2.0
Outpatient,04018J,301,187,72070.0,239.44,70.0,288.0,12.0,1.0
Outpatient,2200QQ,212,183,72020.0,339.72,90.0,210.0,2.0,0.0
Outpatient,3304RD,245,145,71910.0,293.51,60.0,235.0,9.0,1.0
Outpatient,0504ZK,242,226,71800.0,296.69,80.0,228.0,13.0,1.0
Outpatient,1901SV,206,78,71790.0,348.5,80.0,196.0,9.0,1.0
Outpatient,4501PN,273,127,71780.0,262.93,80.0,265.0,7.0,1.0
Outpatient,44008V,294,94,71720.0,243.95,70.0,283.0,10.0,1.0
Outpatient,0101SS,249,119,71450.0,286.95,80.0,237.0,11.0,1.0
Outpatient,1900RC,216,179,71420.0,330.65,80.0,209.0,7.0,0.0
Outpatient,3401CT,191,133,71250.0,373.04,80.0,182.0,9.0,0.0
Outpatient,2400PR,333,157,70860.0,212.79,70.0,312.0,19.0,2.0
Outpatient,3800KH,314,124,70760.0,225.35,75.0,299.0,14.0,1.0
Outpatient,1100MK,240,209,70560.0,294.0,80.0,230.0,10.0,0.0
Outpatient,1002GD,232,211,70330.0,303.15,70.0,221.0,9.0,2.0
Outpatient,4900TP,188,68,70250.0,373.67,80.0,179.0,9.0,0.0
Outpatient,2200VP,191,175,70180.0,367.43,90.0,184.0,7.0,0.0
Outpatient,3801JK,271,116,70030.0,258.41,70.0,261.0,8.0,2.0
Outpatient,5100CR,339,68,70020.0,206.55,60.0,324.0,13.0,2.0
Outpatient,1500ZG,238,208,69990.0,294.08,80.0,228.0,10.0,0.0
Outpatient,1100GT,260,92,69980.0,269.15,70.0,246.0,13.0,1.0
Outpatient,1401UU,314,99,69950.0,222.77,60.0,299.0,14.0,1.0
Outpatient,5200GH,206,176,69950.0,339.56,80.0,196.0,10.0,0.0
Outpatient,4200BS,285,163,69850.0,245.09,80.0,271.0,13.0,1.0
Outpatient,0723AC,243,136,69840.0,287.41,70.0,232.0,11.0,0.0
Outpatient,01386T,150,55,69840.0,465.6,85.0,147.0,3.0,0.0
Outpatient,0100DT,214,134,69790.0,326.12,80.0,207.0,7.0,0.0
Outpatient,4400ZM,234,92,69780.0,298.21,70.0,220.0,12.0,2.0
Outpatient,2313XK,271,49,69700.0,257.2,80.0,262.0,9.0,0.0
Outpatient,0300VH,229,198,69680.0,304.28,70.0,220.0,8.0,1.0
Outpatient,2213YB,273,240,69610.0,254.98,80.0,262.0,10.0,1.0
Outpatient,2213WV,308,142,69200.0,224.68,70.0,292.0,15.0,1.0
Outpatient,3401KT,281,215,69160.0,246.12,90.0,273.0,8.0,0.0
Outpatient,48QBWD,133,38,69020.0,518.95,90.0,131.0,2.0,0.0
Outpatient,1000KK,235,201,69020.0,293.7,70.0,226.0,8.0,1.0
Outpatient,1500PJ,298,109,68880.0,231.14,75.0,287.0,11.0,0.0
Outpatient,1000PP,239,223,68850.0,288.08,80.0,228.0,10.0,1.0
Outpatient,1113JP,118,20,68810.0,583.14,100.0,115.0,2.0,1.0
Outpatient,3800WU,261,68,68750.0,263.41,80.0,249.0,12.0,0.0
Outpatient,3401ZG,307,74,68720.0,223.84,70.0,298.0,9.0,0.0
Outpatient,4419UJ,190,104,68670.0,361.42,70.0,183.0,7.0,0.0
Outpatient,0300HV,265,241,68660.0,259.09,90.0,263.0,2.0,0.0
Outpatient,1001HR,167,116,68620.0,410.9,90.0,159.0,7.0,1.0
Outpatient,5201DH,309,268,68610.0,222.04,80.0,299.0,9.0,1.0
Outpatient,4500XN,200,82,68260.0,341.3,80.0,196.0,4.0,0.0
Outpatient,3200UH,358,107,68090.0,190.2,60.0,343.0,15.0,0.0
Outpatient,3401GV,276,229,68050.0,246.56,70.0,267.0,9.0,0.0
Outpatient,0100GU,215,155,68040.0,316.47,80.0,207.0,7.0,1.0
Outpatient,3601ZG,248,78,67820.0,273.47,85.0,241.0,7.0,0.0
Outpatient,0601YA,295,191,67760.0,229.69,80.0,283.0,11.0,1.0
Outpatient,4508YM,229,143,67720.0,295.72,80.0,219.0,10.0,0.0
Outpatient,4413GM,222,94,67610.0,304.55,90.0,216.0,5.0,1.0
Outpatient,1002YS,270,261,67430.0,249.74,75.0,263.0,6.0,1.0
Outpatient,3800RP,220,92,67270.0,305.77,65.0,210.0,9.0,1.0
Outpatient,3439KB,181,38,67240.0,371.49,90.0,175.0,6.0,0.0
Outpatient,26018R,290,111,67040.0,231.17,70.0,275.0,14.0,1.0
Outpatient,1800MR,224,111,66890.0,298.62,70.0,218.0,5.0,1.0
Outpatient,2301CS,278,88,66890.0,240.61,70.0,269.0,8.0,1.0
Outpatient,4413YB,127,44,66710.0,525.28,80.0,122.0,5.0,0.0
Outpatient,17008H,189,103,66640.0,352.59,80.0,178.0,9.0,2.0
Outpatient,4200VJ,248,224,66460.0,267.98,80.0,236.0,11.0,1.0
Outpatient,3413VU,194,118,66390.0,342.22,90.0,186.0,7.0,1.0
Outpatient,4300WM,132,32,66250.0,501.89,100.0,129.0,3.0,0.0
Outpatient,3901VU,239,107,66200.0,276.99,80.0,222.0,15.0,2.0
Outpatient,2600RA,211,67,65990.0,312.75,70.0,204.0,7.0,0.0
Outpatient,2300BR,241,132,65980.0,273.78,80.0,234.0,6.0,1.0
Outpatient,3401PQ,195,174,65970.0,338.31,70.0,190.0,5.0,0.0
Outpatient,0900TV,184,154,65560.0,356.3,90.0,177.0,6.0,1.0
Outpatient,5213MP,224,58,65450.0,292.19,70.0,214.0,10.0,0.0
Outpatient,3313KU,243,158,65240.0,268.48,70.0,232.0,11.0,0.0
Outpatient,5001PC,142,97,65180.0,459.01,90.0,138.0,3.0,1.0
Outpatient,4900HA,232,106,65080.0,280.52,75.0,221.0,10.0,1.0
Outpatient,0301GC,185,86,65080.0,351.78,80.0,176.0,8.0,1.0
Outpatient,3425QN,238,101,64920.0,272.77,80.0,228.0,10.0,0.0
Outpatient,3901TS,280,244,64890.0,231.75,80.0,270.0,10.0,0.0
Outpatient,3301SM,237,210,64850.0,273.63,70.0,227.0,10.0,0.0
Outpatient,1825VQ,251,134,64840.0,258.33,80.0,242.0,8.0,1.0
Outpatient,2600DS,238,78,64800.0,272.27,85.0,227.0,10.0,1.0
Outpatient,1701JS,223,106,64580.0,289.6,80.0,212.0,11.0,0.0
Outpatient,4500JD,245,57,64570.0,263.55,70.0,234.0,9.0,2.0
Outpatient,4508BJ,267,97,64410.0,241.24,70.0,254.0,12.0,1.0
Outpatient,1613ZT,138,40,64330.0,466.16,90.0,129.0,9.0,0.0
Outpatient,3500HU,239,99,64210.0,268.66,80.0,230.0,8.0,1.0
Outpatient,2601MU,212,150,64190.0,302.78,80.0,204.0,8.0,0.0
Outpatient,5213YN,209,78,64030.0,306.36,70.0,196.0,12.0,1.0
Outpatient,4401DC,118,79,64010.0,542.46,100.0,116.0,2.0,0.0
Outpatient,1400YH,258,216,63950.0,247.87,70.0,241.0,17.0,0.0
Outpatient,1800SA,251,202,63940.0,254.74,80.0,242.0,9.0,0.0
Outpatient,4505KR,135,36,63890.0,473.26,90.0,131.0,4.0,0.0
Outpatient,1102XU,270,70,63780.0,236.22,70.0,258.0,12.0,0.0
Outpatient,3800SQ,216,123,63530.0,294.12,80.0,208.0,5.0,3.0
Outpatient,33016V,242,186,63430.0,262.11,70.0,230.0,8.0,4.0
Outpatient,3800HC,254,202,63320.0,249.29,70.0,240.0,14.0,0.0
Outpatient,5200MP,267,204,63270.0,236.97,70.0,255.0,12.0,0.0
Outpatient,5100AP,257,84,63250.0,246.11,80.0,244.0,11.0,2.0
Outpatient,3301WB,271,158,63130.0,232.95,70.0,260.0,10.0,1.0
Outpatient,2100WC,253,228,63110.0,249.45,70.0,247.0,6.0,0.0
Outpatient,2401DB,290,63,63090.0,217.55,70.0,278.0,10.0,2.0
Outpatient,01008A,201,174,63060.0,313.73,80.0,194.0,5.0,2.0
Outpatient,0138PN,148,57,63030.0,425.88,70.0,140.0,8.0,0.0
Outpatient,2000UN,153,136,63000.0,411.76,90.0,147.0,6.0,0.0
Outpatient,4501NM,218,130,63000.0,288.99,80.0,213.0,4.0,1.0
Outpatient,0100QB,225,166,62940.0,279.73,80.0,218.0,7.0,0.0
Outpatient,1001XN,205,193,62860.0,306.63,80.0,196.0,9.0,0.0
Outpatient,1101GB,238,101,62830.0,263.99,70.0,227.0,10.0,1.0
Outpatient,3400CU,296,76,62750.0,211.99,75.0,286.0,5.0,5.0
Outpatient,5000MA,177,127,62740.0,354.46,90.0,168.0,7.0,2.0
Outpatient,3400NR,242,53,62660.0,258.93,70.0,236.0,6.0,0.0
Outpatient,3302RR,275,112,62570.0,227.53,70.0,257.0,17.0,1.0
Outpatient,2000GD,241,230,62460.0,259.17,80.0,234.0,7.0,0.0
Outpatient,38006S,257,81,62450.0,243.0,70.0,243.0,13.0,1.0
Outpatient,55198J,224,101,62450.0,278.79,70.0,208.0,15.0,1.0
Outpatient,4100GJ,219,206,62430.0,285.07,80.0,210.0,9.0,0.0
Outpatient,1100AP,215,84,62400.0,290.23,90.0,210.0,5.0,0.0
Outpatient,3100CG,223,172,62310.0,279.42,90.0,214.0,8.0,1.0
Outpatient,1401CK,248,64,62240.0,250.97,70.0,240.0,7.0,1.0
Outpatient,4500QC,307,82,62130.0,202.38,70.0,297.0,10.0,0.0
Outpatient,4700GQ,240,133,62090.0,258.71,70.0,230.0,10.0,0.0
Outpatient,1000CB,172,163,62060.0,360.81,80.0,162.0,10.0,0.0
Outpatient,3400WT,214,185,61990.0,289.67,80.0,200.0,14.0,0.0
Outpatient,4505AG,272,53,61960.0,227.79,80.0,260.0,11.0,1.0
Outpatient,2300KS,221,179,61880.0,280.0,90.0,217.0,3.0,1.0
Outpatient,1225HG,216,115,61840.0,286.3,80.0,208.0,8.0,0.0
Outpatient,1900HQ,155,102,61600.0,397.42,80.0,147.0,8.0,0.0
Outpatient,0526YC,191,102,61570.0,322.36,80.0,184.0,5.0,2.0
Outpatient,1613JQ,167,50,61560.0,368.62,80.0,162.0,5.0,0.0
Outpatient,1701BK,172,89,61540.0,357.79,75.0,167.0,5.0,0.0
Outpatient,5213MU,166,29,61530.0,370.66,80.0,159.0,7.0,0.0
Outpatient,2600YS,171,64,61380.0,358.95,70.0,157.0,14.0,0.0
Outpatient,1900ZG,240,83,61330.0,255.54,70.0,228.0,12.0,0.0
Outpatient,0501AD,199,159,61140.0,307.24,90.0,195.0,4.0,0.0
Outpatient,49008K,166,129,60820.0,366.39,70.0,161.0,5.0,0.0
Outpatient,1000NG,257,222,60790.0,236.54,60.0,251.0,6.0,0.0
Outpatient,2500TM,264,98,60600.0,229.55,70.0,256.0,7.0,1.0
Outpatient,0100ZU,182,47,60590.0,332.91,85.0,177.0,5.0,0.0
Outpatient,5213NH,240,93,60500.0,252.08,70.0,226.0,14.0,0.0
Outpatient,5200WC,233,124,60410.0,259.27,70.0,223.0,9.0,1.0
Outpatient,2700YB,212,166,60340.0,284.62,65.0,203.0,7.0,2.0
Outpatient,0300JB,105,30,60210.0,573.43,100.0,105.0,0.0,0.0
Outpatient,4400VG,297,81,60200.0,202.69,70.0,283.0,12.0,2.0
Outpatient,06256B,132,46,60110.0,455.38,90.0,125.0,7.0,0.0
Outpatient,0503CM,244,106,60100.0,246.31,80.0,238.0,5.0,1.0
Outpatient,0600AB,216,167,60050.0,278.01,60.0,212.0,4.0,0.0
Outpatient,0502ZV,273,239,60000.0,219.78,60.0,258.0,12.0,3.0
Outpatient,0613SN,170,73,59850.0,352.06,85.0,165.0,5.0,0.0
Outpatient,1200CQ,204,132,59740.0,292.84,90.0,192.0,11.0,1.0
Outpatient,4508XB,176,147,59610.0,338.69,80.0,172.0,4.0,0.0
Outpatient,1500NH,257,164,59570.0,231.79,70.0,248.0,6.0,3.0
Outpatient,3100HK,172,110,59480.0,345.81,80.0,167.0,5.0,0.0
Outpatient,4901XV,186,43,59410.0,319.41,70.0,176.0,9.0,1.0
Outpatient,3613ZM,202,61,59390.0,294.01,80.0,196.0,5.0,1.0
Outpatient,29136T,176,90,59330.0,337.1,70.0,164.0,10.0,2.0
Outpatient,2602YG,222,51,59220.0,266.76,90.0,211.0,9.0,2.0
Outpatient,3413WV,232,82,59190.0,255.13,70.0,223.0,8.0,1.0
Outpatient,23188P,186,66,59190.0,318.23,90.0,179.0,6.0,1.0
Outpatient,1300ZH,223,162,59090.0,264.98,80.0,213.0,10.0,0.0
Outpatient,6700HC,210,148,59040.0,281.14,80.0,199.0,11.0,0.0
Outpatient,3700BN,294,73,58950.0,200.51,70.0,279.0,14.0,1.0
Outpatient,1900ST,158,30,58940.0,373.04,80.0,150.0,8.0,0.0
Outpatient,3302ZM,183,163,58930.0,322.02,80.0,176.0,6.0,1.0
Outpatient,1101XP,206,153,58890.0,285.87,70.0,202.0,3.0,1.0
Outpatient,3400QM,283,108,58810.0,207.81,70.0,273.0,10.0,0.0
Outpatient,3813AD,148,57,58810.0,397.36,80.0,143.0,4.0,1.0
Outpatient,3601XC,216,69,58790.0,272.18,65.0,208.0,8.0,0.0
Outpatient,1000DT,202,179,58780.0,290.99,80.0,197.0,3.0,2.0
Outpatient,2300NN,246,222,58700.0,238.62,60.0,240.0,6.0,0.0
Outpatient,3302ZT,232,49,58700.0,253.02,70.0,228.0,4.0,0.0
Outpatient,0511ZS,164,81,58680.0,357.8,90.0,157.0,7.0,0.0
Outpatient,3300XJ,206,148,58570.0,284.32,90.0,194.0,11.0,1.0
Outpatient,18006C,201,151,58520.0,291.14,80.0,191.0,10.0,0.0
Outpatient,0300TD,155,146,58440.0,377.03,90.0,151.0,4.0,0.0
Outpatient,4400DS,268,55,58420.0,217.99,70.0,254.0,13.0,1.0
Outpatient,3302NN,168,154,58210.0,346.49,70.0,161.0,6.0,1.0
Outpatient,3325JQ,266,158,58040.0,218.2,70.0,249.0,16.0,1.0
Outpatient,4526DR,191,95,58040.0,303.87,90.0,187.0,4.0,0.0
Outpatient,1100UD,223,166,57980.0,260.0,70.0,216.0,7.0,0.0
Outpatient,2313VH,244,70,57850.0,237.09,80.0,238.0,6.0,0.0
Outpatient,1000SM,241,223,57760.0,239.67,60.0,230.0,11.0,0.0
Outpatient,0300DD,246,199,57680.0,234.47,80.0,235.0,11.0,0.0
Outpatient,11006D,247,141,57670.0,233.48,70.0,237.0,10.0,0.0
Outpatient,4600NH,186,120,57610.0,309.73,70.0,176.0,10.0,0.0
Outpatient,4200KT,238,120,57560.0,241.85,70.0,231.0,6.0,1.0
Outpatient,1801HQ,208,148,57550.0,276.68,80.0,200.0,8.0,0.0
Outpatient,3401PA,217,104,57490.0,264.93,90.0,212.0,5.0,0.0
Outpatient,15018M,139,118,57480.0,413.53,80.0,136.0,3.0,0.0
Outpatient,3418TH,244,71,57450.0,235.45,70.0,235.0,9.0,0.0
Outpatient,5225CC,254,64,57400.0,225.98,70.0,243.0,11.0,0.0
Outpatient,2913YR,189,100,57340.0,303.39,80.0,180.0,8.0,1.0
Outpatient,1028MU,172,104,57330.0,333.31,80.0,166.0,6.0,0.0
Outpatient,3039BP,236,53,57230.0,242.5,70.0,225.0,11.0,0.0
Outpatient,1500SD,202,45,57230.0,283.32,80.0,195.0,6.0,1.0
Outpatient,4507GA,222,108,57220.0,257.75,70.0,208.0,14.0,0.0
Outpatient,2402KM,161,117,57110.0,354.72,80.0,152.0,9.0,0.0
Outpatient,2200PP,214,190,57090.0,266.78,70.0,204.0,9.0,1.0
Outpatient,3000CU,169,153,57010.0,337.34,80.0,162.0,7.0,0.0
Outpatient,3300AU,255,190,56940.0,223.29,80.0,241.0,11.0,3.0
Outpatient,2300QQ,240,73,56910.0,237.13,70.0,231.0,9.0,0.0
Outpatient,3700SP,201,52,56900.0,283.08,100.0,195.0,6.0,0.0
Outpatient,3401ZP,237,169,56890.0,240.04,70.0,229.0,8.0,0.0
Outpatient,2813AD,136,30,56850.0,418.01,85.0,133.0,3.0,0.0
Outpatient,05008C,173,158,56770.0,328.15,80.0,167.0,4.0,2.0
Outpatient,5200PJ,156,90,56740.0,363.72,75.0,149.0,6.0,1.0
Outpatient,4508ZN,242,79,56740.0,234.46,70.0,233.0,8.0,1.0
Outpatient,1420YU,185,164,56700.0,306.49,70.0,180.0,5.0,0.0
Outpatient,1501JN,126,33,56640.0,449.52,90.0,120.0,6.0,0.0
Outpatient,1100NT,262,73,56630.0,216.15,60.0,254.0,8.0,0.0
Outpatient,1801TG,235,147,56500.0,240.43,70.0,227.0,6.0,2.0
Outpatient,22RUVP,180,157,56450.0,313.61,80.0,174.0,5.0,1.0
Outpatient,4923XG,165,39,56440.0,342.06,90.0,156.0,8.0,1.0
Outpatient,0300PQ,242,204,56310.0,232.69,70.0,232.0,9.0,1.0
Outpatient,3800XP,262,54,56210.0,214.54,70.0,253.0,8.0,1.0
Outpatient,1213CG,269,41,56200.0,208.92,70.0,256.0,13.0,0.0
Outpatient,3600DD,167,28,56190.0,336.47,90.0,162.0,5.0,0.0
Outpatient,0501NK,197,171,56130.0,284.92,80.0,190.0,7.0,0.0
Outpatient,4600QS,157,106,56090.0,357.26,80.0,151.0,6.0,0.0
Outpatient,2000YS,193,183,56030.0,290.31,80.0,185.0,8.0,0.0
Outpatient,2100WM,183,157,55850.0,305.19,80.0,181.0,2.0,0.0
Outpatient,1413NM,220,66,55830.0,253.77,80.0,208.0,12.0,0.0
Outpatient,5013PD,266,81,55820.0,209.85,70.0,252.0,13.0,1.0
Outpatient,3313MV,186,75,55740.0,299.68,80.0,178.0,8.0,0.0
Outpatient,3100HS,226,205,55680.0,246.37,80.0,221.0,4.0,1.0
Outpatient,1001RN,159,129,55390.0,348.36,80.0,148.0,10.0,1.0
Outpatient,2313WJ,237,91,55300.0,233.33,70.0,227.0,9.0,1.0
Outpatient,4400JJ,162,63,55280.0,341.23,70.0,148.0,13.0,1.0
Outpatient,3301TU,197,180,55210.0,280.25,80.0,188.0,7.0,2.0
Outpatient,0100RC,203,173,55210.0,271.97,70.0,194.0,9.0,0.0
Outpatient,4901US,180,142,55130.0,306.28,70.0,173.0,7.0,0.0
Outpatient,3300RA,219,115,55070.0,251.46,70.0,201.0,17.0,1.0
Outpatient,22018A,231,212,55000.0,238.1,80.0,222.0,8.0,1.0
Outpatient,2201WJ,205,173,55000.0,268.29,80.0,197.0,6.0,2.0
Outpatient,3401MU,154,83,54920.0,356.62,85.0,150.0,4.0,0.0
Outpatient,18008U,224,80,54920.0,245.18,70.0,212.0,11.0,1.0
Outpatient,1001SG,172,157,54890.0,319.13,70.0,167.0,5.0,0.0
Outpatient,1613NN,250,60,54860.0,219.44,80.0,240.0,9.0,1.0
Outpatient,1113DJ,148,51,54850.0,370.61,80.0,143.0,5.0,0.0
Outpatient,0400VC,197,118,54820.0,278.27,80.0,191.0,5.0,1.0
Outpatient,0301SJ,172,167,54750.0,318.31,90.0,169.0,3.0,0.0
Outpatient,1401GD,216,108,54660.0,253.06,80.0,204.0,11.0,1.0
Outpatient,5100BQ,221,84,54590.0,247.01,70.0,209.0,11.0,1.0
Outpatient,0101YC,252,195,54560.0,216.51,70.0,244.0,7.0,1.0
Outpatient,2302XD,196,172,54550.0,278.32,70.0,188.0,7.0,1.0
Outpatient,1102TQ,240,113,54520.0,227.17,70.0,233.0,7.0,0.0
Outpatient,18136C,160,62,54490.0,340.56,80.0,154.0,5.0,1.0
Outpatient,05008T,200,174,54460.0,272.3,70.0,192.0,8.0,0.0
Outpatient,4713DK,177,79,54240.0,306.44,60.0,169.0,8.0,0.0
Outpatient,2801HG,191,99,54190.0,283.72,70.0,182.0,8.0,1.0
Outpatient,16018U,158,75,54130.0,342.59,90.0,151.0,7.0,0.0
Outpatient,8000ZC,142,51,54050.0,380.63,70.0,136.0,6.0,0.0
Outpatient,3800HM,170,57,54050.0,317.94,70.0,161.0,8.0,1.0
Outpatient,1225GD,213,112,54040.0,253.71,80.0,204.0,9.0,0.0
Outpatient,2301UP,260,220,53960.0,207.54,70.0,247.0,12.0,1.0
Outpatient,2700HN,191,57,53950.0,282.46,70.0,184.0,7.0,0.0
Outpatient,0502UA,184,162,53850.0,292.66,80.0,179.0,5.0,0.0
Outpatient,11388R,111,32,53790.0,484.59,80.0,107.0,3.0,1.0
Outpatient,0401JK,228,144,53730.0,235.66,80.0,223.0,5.0,0.0
Outpatient,5013YB,85,4,53700.0,631.76,100.0,81.0,4.0,0.0
Outpatient,3425VN,183,84,53560.0,292.68,80.0,177.0,6.0,0.0
Outpatient,3418NQ,128,49,53550.0,418.36,80.0,126.0,1.0,1.0
Outpatient,4401JJ,257,58,53520.0,208.25,60.0,238.0,19.0,0.0
Outpatient,3300ZS,171,136,53400.0,312.28,70.0,166.0,4.0,1.0
Outpatient,3939PG,165,67,53270.0,322.85,80.0,159.0,5.0,1.0
Outpatient,1800WP,246,185,53230.0,216.38,80.0,237.0,9.0,0.0
Outpatient,0100MD,212,151,53170.0,250.8,70.0,205.0,7.0,0.0
Outpatient,2300VH,247,106,53140.0,215.14,70.0,240.0,7.0,0.0
Outpatient,3100BU,173,129,53040.0,306.59,80.0,167.0,5.0,1.0
Outpatient,3401ST,201,183,52970.0,263.53,70.0,195.0,6.0,0.0
Outpatient,4913HH,73,40,52950.0,725.34,200.0,72.0,1.0,0.0
Outpatient,0300KM,196,154,52940.0,270.1,80.0,192.0,4.0,0.0
Outpatient,4502GS,193,95,52890.0,274.04,70.0,186.0,7.0,0.0
Outpatient,13KMZN,207,75,52880.0,255.46,70.0,200.0,7.0,0.0
Outpatient,0700NN,147,113,52880.0,359.73,80.0,142.0,5.0,0.0
Outpatient,0400TA,187,67,52840.0,282.57,90.0,182.0,4.0,1.0
Outpatient,3918DC,206,86,52740.0,256.02,90.0,197.0,8.0,1.0
Outpatient,4401BJ,166,72,52520.0,316.39,80.0,157.0,9.0,0.0
Outpatient,1900PA,211,192,52470.0,248.67,70.0,204.0,7.0,0.0
Outpatient,4401UG,194,135,52440.0,270.31,80.0,184.0,10.0,0.0
Outpatient,4505XA,137,54,52420.0,382.63,80.0,134.0,3.0,0.0
Outpatient,2313NG,81,18,52410.0,647.04,100.0,77.0,4.0,0.0
Outpatient,4506HR,234,63,52280.0,223.42,65.0,223.0,10.0,1.0
Outpatient,2000HG,136,127,52240.0,384.12,90.0,132.0,4.0,0.0
Outpatient,4900PJ,223,178,52130.0,233.77,60.0,214.0,8.0,1.0
Outpatient,1413BH,226,75,52020.0,230.18,80.0,219.0,6.0,1.0
Outpatient,1101VM,244,157,51950.0,212.91,75.0,235.0,8.0,1.0
Outpatient,3701ZD,178,83,51890.0,291.52,70.0,169.0,9.0,0.0
Outpatient,1701WB,168,103,51860.0,308.69,80.0,166.0,2.0,0.0
Outpatient,3302UN,193,180,51690.0,267.82,80.0,182.0,11.0,0.0
Outpatient,1813VD,188,50,51680.0,274.89,60.0,177.0,10.0,1.0
Outpatient,3302UD,164,72,51590.0,314.57,65.0,157.0,6.0,1.0
Outpatient,3301HQ,162,141,51500.0,317.9,80.0,159.0,2.0,1.0
Outpatient,5200SN,191,153,51410.0,269.16,90.0,180.0,10.0,1.0
Outpatient,3013RV,211,119,51410.0,243.65,70.0,201.0,10.0,0.0
Outpatient,45016T,191,95,51410.0,269.16,70.0,183.0,7.0,1.0
Outpatient,1813UC,172,65,51400.0,298.84,100.0,170.0,2.0,0.0
Outpatient,2313DM,196,63,51380.0,262.14,70.0,190.0,6.0,0.0
Outpatient,1001GA,159,75,51330.0,322.83,80.0,154.0,5.0,0.0
Outpatient,3700KP,212,61,51290.0,241.93,70.0,203.0,9.0,0.0
Outpatient,06256K,118,41,51280.0,434.58,70.0,114.0,3.0,1.0
Outpatient,1413SB,183,55,51240.0,280.0,70.0,172.0,10.0,1.0
Outpatient,10028H,135,122,51130.0,378.74,100.0,131.0,4.0,0.0
Outpatient,4401GD,156,118,51050.0,327.24,90.0,150.0,6.0,0.0
Outpatient,0300MD,153,135,51020.0,333.46,80.0,150.0,3.0,0.0
Outpatient,3913TQ,203,33,51000.0,251.23,80.0,193.0,9.0,1.0
Outpatient,3401TG,182,135,50990.0,280.16,80.0,171.0,11.0,0.0
Outpatient,1000SC,217,172,50980.0,234.93,70.0,210.0,7.0,0.0
Outpatient,0401MN,212,97,50850.0,239.86,70.0,205.0,7.0,0.0
Outpatient,3902VH,183,165,50840.0,277.81,70.0,176.0,6.0,1.0
Outpatient,38008N,213,114,50740.0,238.22,70.0,208.0,5.0,0.0
Outpatient,1100TS,177,152,50720.0,286.55,90.0,172.0,5.0,0.0
Outpatient,2400VB,201,102,50690.0,252.19,70.0,193.0,8.0,0.0
Outpatient,3413RQ,206,62,50660.0,245.92,80.0,197.0,7.0,2.0
Outpatient,0500JU,165,150,50630.0,306.85,80.0,162.0,3.0,0.0
Outpatient,4900KD,211,72,50510.0,239.38,70.0,202.0,9.0,0.0
Outpatient,2085AA,180,89,50270.0,279.28,80.0,169.0,11.0,0.0
Outpatient,33008P,207,159,50220.0,242.61,70.0,195.0,11.0,1.0
Outpatient,3303XS,209,186,50170.0,240.05,70.0,196.0,12.0,1.0
Outpatient,4513UQ,188,57,50150.0,266.76,80.0,182.0,6.0,0.0
Outpatient,3800YQ,220,103,50090.0,227.68,70.0,210.0,10.0,0.0
Outpatient,3700CG,219,42,50050.0,228.54,70.0,213.0,6.0,0.0
Outpatient,1102AC,142,94,49940.0,351.69,70.0,139.0,2.0,1.0
Outpatient,4530UM,188,155,49920.0,265.53,70.0,178.0,9.0,1.0
Outpatient,4900BM,279,61,49850.0,178.67,70.0,264.0,14.0,1.0
Outpatient,2500XJ,187,130,49790.0,266.26,80.0,179.0,7.0,1.0
Outpatient,5000XG,146,118,49610.0,339.79,70.0,143.0,3.0,0.0
Outpatient,5213ZP,193,71,49490.0,256.42,70.0,184.0,9.0,0.0
Outpatient,17138K,64,10,49470.0,772.97,90.0,61.0,3.0,0.0
Outpatient,3000GA,196,130,49470.0,252.4,70.0,185.0,11.0,0.0
Outpatient,1300DP,193,123,49440.0,256.17,60.0,185.0,7.0,1.0
Outpatient,5200WS,123,86,49410.0,401.71,80.0,120.0,3.0,0.0
Outpatient,1000JJ,210,185,49410.0,235.29,70.0,206.0,3.0,1.0
Outpatient,2000ZT,190,153,49380.0,259.89,70.0,184.0,6.0,0.0
Outpatient,5100RJ,149,51,49300.0,330.87,80.0,141.0,8.0,0.0
Outpatient,0100HH,133,88,49270.0,370.45,80.0,126.0,6.0,1.0
Outpatient,3325CR,215,130,49220.0,228.93,70.0,209.0,6.0,0.0
Outpatient,5201ZA,191,112,49080.0,256.96,60.0,182.0,8.0,1.0
Outpatient,4600CD,198,54,49030.0,247.63,80.0,190.0,8.0,0.0
Outpatient,3400PK,130,96,49030.0,377.15,80.0,124.0,6.0,0.0
Outpatient,1801SD,219,142,48960.0,223.56,60.0,212.0,7.0,0.0
Outpatient,0700WA,187,134,48930.0,261.66,60.0,175.0,12.0,0.0
Outpatient,4500SG,220,180,48930.0,222.41,70.0,205.0,15.0,0.0
Outpatient,3713JB,89,22,48830.0,548.65,90.0,85.0,4.0,0.0
Outpatient,01016U,182,116,48680.0,267.47,80.0,169.0,11.0,2.0
Outpatient,1000ZD,194,162,48660.0,250.82,70.0,187.0,7.0,0.0
Outpatient,2300AH,187,148,48640.0,260.11,70.0,175.0,12.0,0.0
Outpatient,2301VQ,168,122,48580.0,289.17,70.0,157.0,10.0,1.0
Outpatient,3225BU,130,101,48500.0,373.08,85.0,126.0,4.0,0.0
Outpatient,1100HU,121,62,48490.0,400.74,80.0,114.0,6.0,1.0
Outpatient,3600PV,159,120,48430.0,304.59,70.0,147.0,11.0,1.0
Outpatient,3100GR,185,181,48370.0,261.46,70.0,178.0,5.0,2.0
Outpatient,3426YK,194,91,48360.0,249.28,90.0,188.0,6.0,0.0
Outpatient,2300VV,152,137,48360.0,318.16,80.0,147.0,5.0,0.0
Outpatient,1913HR,191,53,48290.0,252.83,60.0,180.0,11.0,0.0
Outpatient,34UHKP,129,53,48210.0,373.72,90.0,126.0,3.0,0.0
Outpatient,1413KB,186,40,48190.0,259.09,80.0,183.0,3.0,0.0
Outpatient,4506CN,167,113,48170.0,288.44,80.0,157.0,10.0,0.0
Outpatient,0501GK,173,161,48030.0,277.63,80.0,166.0,7.0,0.0
Outpatient,1100HN,212,167,48020.0,226.51,80.0,202.0,8.0,2.0
Outpatient,1500PA,163,118,48000.0,294.48,90.0,157.0,6.0,0.0
Outpatient,0600QS,156,125,47970.0,307.5,70.0,149.0,5.0,2.0
Outpatient,23136G,179,72,47940.0,267.82,80.0,172.0,6.0,1.0
Outpatient,4900GH,136,90,47760.0,351.18,90.0,133.0,2.0,1.0
Outpatient,2400ZH,152,72,47640.0,313.42,80.0,147.0,4.0,1.0
Outpatient,4400PP,205,146,47540.0,231.9,80.0,196.0,8.0,1.0
Outpatient,2700KR,153,109,47460.0,310.2,90.0,146.0,5.0,2.0
Outpatient,15008R,169,91,47440.0,280.71,60.0,160.0,8.0,1.0
Outpatient,05136H,139,86,47390.0,340.94,100.0,129.0,10.0,0.0
Outpatient,4507VS,137,121,47220.0,344.67,70.0,132.0,4.0,1.0
Outpatient,0503XM,124,117,47200.0,380.65,70.0,117.0,4.0,3.0
Outpatient,0500XG,128,124,47130.0,368.2,85.0,125.0,3.0,0.0
Outpatient,3413DB,167,60,47060.0,281.8,80.0,160.0,6.0,1.0
Outpatient,0100KT,135,99,46960.0,347.85,100.0,128.0,7.0,0.0
Outpatient,4528MT,175,93,46930.0,268.17,80.0,167.0,8.0,0.0
Outpatient,15136U,188,58,46890.0,249.41,80.0,180.0,8.0,0.0
Outpatient,0585DU,209,91,46880.0,224.31,60.0,203.0,6.0,0.0
Outpatient,1018SC,179,130,46850.0,261.73,80.0,173.0,6.0,0.0
Outpatient,2600MM,185,136,46850.0,253.24,80.0,179.0,6.0,0.0
Outpatient,18016Q,177,84,46750.0,264.12,90.0,172.0,4.0,1.0
Outpatient,2400AK,157,102,46700.0,297.45,70.0,155.0,2.0,0.0
Outpatient,3300VN,226,176,46630.0,206.33,60.0,216.0,10.0,0.0
Outpatient,4528QQ,133,50,46590.0,350.3,70.0,132.0,1.0,0.0
Outpatient,1800BP,159,87,46450.0,292.14,80.0,153.0,5.0,1.0
Outpatient,5125WG,205,45,46400.0,226.34,70.0,196.0,7.0,2.0
Outpatient,1813TR,116,35,46400.0,400.0,90.0,109.0,5.0,2.0
Outpatient,2300MM,159,147,46340.0,291.45,80.0,147.0,10.0,2.0
Outpatient,3200KD,175,51,46220.0,264.11,70.0,167.0,8.0,0.0
Outpatient,5300QV,200,76,46120.0,230.6,80.0,193.0,5.0,2.0
Outpatient,3313GQ,153,95,46110.0,301.37,70.0,150.0,3.0,0.0
Outpatient,2700AG,152,58,45980.0,302.5,90.0,149.0,3.0,0.0
Outpatient,2601XC,220,32,45960.0,208.91,70.0,214.0,5.0,1.0
Outpatient,05028K,110,102,45820.0,416.55,90.0,108.0,2.0,0.0
Outpatient,1501DH,149,40,45560.0,305.77,70.0,138.0,11.0,0.0
Outpatient,4508QA,152,114,45510.0,299.41,75.0,145.0,7.0,0.0
Outpatient,1400XG,187,173,45480.0,243.21,70.0,181.0,5.0,1.0
Outpatient,5538UM,86,44,45480.0,528.84,95.0,81.0,5.0,0.0
Outpatient,0506SR,156,118,45470.0,291.47,70.0,151.0,4.0,1.0
Outpatient,1413ZM,152,62,45470.0,299.14,70.0,148.0,4.0,0.0
Outpatient,2000RJ,94,68,45350.0,482.45,100.0,90.0,4.0,0.0
Outpatient,2401GC,201,71,45140.0,224.58,70.0,188.0,12.0,1.0
Outpatient,0600NH,170,110,45040.0,264.94,70.0,162.0,8.0,0.0
Outpatient,2000MC,148,136,45040.0,304.32,75.0,144.0,3.0,1.0
Outpatient,4900KU,161,123,45010.0,279.57,70.0,150.0,11.0,0.0
Outpatient,45028N,89,19,45000.0,505.62,100.0,84.0,5.0,0.0
Outpatient,3613HN,223,70,44960.0,201.61,70.0,214.0,9.0,0.0
Outpatient,1001HK,171,145,44950.0,262.87,70.0,167.0,4.0,0.0
Outpatient,4500WC,190,160,44920.0,236.42,70.0,182.0,7.0,1.0
Outpatient,0434JG,168,32,44880.0,267.14,70.0,158.0,9.0,1.0
Outpatient,45398G,154,48,44820.0,291.04,80.0,144.0,10.0,0.0
Outpatient,3401XM,154,94,44730.0,290.45,60.0,147.0,7.0,0.0
Outpatient,0539VH,134,72,44720.0,333.73,85.0,128.0,6.0,0.0
Outpatient,2600PG,159,127,44400.0,279.25,60.0,151.0,8.0,0.0
Outpatient,3301PH,114,102,44330.0,388.86,70.0,105.0,9.0,0.0
Outpatient,1413WH,181,55,44290.0,244.7,80.0,171.0,9.0,1.0
Outpatient,1400RU,141,91,44250.0,313.83,80.0,133.0,8.0,0.0
Outpatient,3602BV,151,48,44240.0,292.98,80.0,147.0,4.0,0.0
Outpatient,4918MU,95,12,44220.0,465.47,70.0,89.0,6.0,0.0
Outpatient,1402QV,155,136,44170.0,284.97,80.0,148.0,7.0,0.0
Outpatient,3601YD,226,55,44150.0,195.35,70.0,218.0,6.0,2.0
Outpatient,2500XR,211,78,44050.0,208.77,70.0,201.0,6.0,4.0
Outpatient,1800QG,141,81,44040.0,312.34,60.0,136.0,5.0,0.0
Outpatient,3901JV,186,54,44040.0,236.77,70.0,179.0,5.0,2.0
Outpatient,1902RG,96,33,44000.0,458.33,80.0,94.0,2.0,0.0
Outpatient,4300QC,157,24,43990.0,280.19,80.0,150.0,6.0,1.0
Outpatient,0513MN,174,53,43920.0,252.41,80.0,165.0,7.0,2.0
Outpatient,0100PQ,155,98,43920.0,283.35,80.0,153.0,2.0,0.0
Outpatient,3301YD,170,132,43870.0,258.06,70.0,166.0,3.0,1.0
Outpatient,2500GT,219,82,43850.0,200.23,70.0,208.0,9.0,2.0
Outpatient,4900YG,131,110,43750.0,333.97,90.0,127.0,4.0,0.0
Outpatient,2402QR,199,123,43720.0,219.7,70.0,191.0,7.0,1.0
Outpatient,3400TA,196,152,43720.0,223.06,80.0,190.0,6.0,0.0
Outpatient,3500VG,129,87,43720.0,338.91,80.0,124.0,4.0,1.0
Outpatient,2000AV,111,102,43620.0,392.97,80.0,109.0,2.0,0.0
Outpatient,1902RU,177,63,43620.0,246.44,70.0,168.0,8.0,1.0
Outpatient,34346G,183,92,43610.0,238.31,80.0,170.0,10.0,3.0
Outpatient,3300DB,161,134,43600.0,270.81,70.0,155.0,6.0,0.0
Outpatient,3800BG,125,58,43530.0,348.24,90.0,119.0,6.0,0.0
Outpatient,2302KU,168,133,43460.0,258.69,70.0,157.0,10.0,1.0
Outpatient,34006R,186,91,43430.0,233.49,70.0,177.0,8.0,1.0
Outpatient,3000DV,176,166,43430.0,246.76,70.0,168.0,6.0,2.0
Outpatient,3301TG,129,104,43360.0,336.12,90.0,124.0,4.0,1.0
Outpatient,16856A,195,45,43360.0,222.36,70.0,190.0,5.0,0.0
Outpatient,4505ZC,160,53,43280.0,270.5,75.0,154.0,6.0,0.0
Outpatient,42008B,138,101,43260.0,313.48,90.0,134.0,4.0,0.0
Outpatient,3301NV,165,158,43200.0,261.82,70.0,155.0,9.0,1.0
Outpatient,4526XV,133,85,43150.0,324.44,90.0,129.0,2.0,2.0
Outpatient,2602DP,142,121,43130.0,303.73,80.0,136.0,5.0,1.0
Outpatient,52006A,183,65,43080.0,235.41,70.0,177.0,6.0,0.0
Outpatient,1013AH,182,46,43060.0,236.59,60.0,172.0,10.0,0.0
Outpatient,1813SQ,135,36,43000.0,318.52,100.0,130.0,4.0,1.0
Outpatient,4400HG,170,75,42930.0,252.53,70.0,165.0,5.0,0.0
Outpatient,3613XA,200,45,42910.0,214.55,70.0,193.0,6.0,1.0
Outpatient,31006B,118,113,42880.0,363.39,90.0,117.0,1.0,0.0
Outpatient,4502ZK,174,61,42880.0,246.44,65.0,165.0,8.0,1.0
Outpatient,4400UN,131,120,42850.0,327.1,60.0,128.0,1.0,2.0
Outpatient,1002PG,186,169,42830.0,230.27,70.0,179.0,7.0,0.0
Outpatient,3902YC,180,169,42830.0,237.94,80.0,166.0,14.0,0.0
Outpatient,2200MT,202,184,42800.0,211.88,70.0,196.0,5.0,1.0
Outpatient,1100KR,149,116,42750.0,286.91,90.0,143.0,6.0,0.0
Outpatient,4200NH,157,74,42700.0,271.97,80.0,149.0,6.0,2.0
Outpatient,31006S,146,131,42690.0,292.4,70.0,135.0,9.0,2.0
Outpatient,3303TN,138,133,42680.0,309.28,85.0,131.0,6.0,1.0
Outpatient,3301GP,162,122,42660.0,263.33,80.0,154.0,8.0,0.0
Outpatient,3601VQ,204,142,42620.0,208.92,75.0,198.0,6.0,0.0
Outpatient,15138V,214,61,42610.0,199.11,70.0,201.0,11.0,2.0
Outpatient,4200BC,147,75,42580.0,289.66,70.0,136.0,11.0,0.0
Outpatient,5200JM,140,106,42510.0,303.64,80.0,137.0,3.0,0.0
Outpatient,1801AR,120,33,42490.0,354.08,70.0,113.0,6.0,1.0
Outpatient,3101AB,151,141,42470.0,281.26,80.0,142.0,9.0,0.0
Outpatient,2300PV,139,120,42440.0,305.32,60.0,135.0,4.0,0.0
Outpatient,4508BA,161,128,42410.0,263.42,70.0,152.0,7.0,2.0
Outpatient,1400ZR,140,53,42260.0,301.86,80.0,136.0,4.0,0.0
Outpatient,37026A,175,116,42240.0,241.37,70.0,161.0,10.0,4.0
Outpatient,1113KQ,88,27,42210.0,479.66,90.0,84.0,3.0,1.0
Outpatient,3400RD,162,150,42200.0,260.49,65.0,157.0,4.0,1.0
Outpatient,34S0PT,124,97,42160.0,340.0,90.0,116.0,8.0,0.0
Outpatient,14138G,75,33,42110.0,561.47,90.0,75.0,0.0,0.0
Outpatient,0507SN,132,125,42090.0,318.86,80.0,126.0,6.0,0.0
Outpatient,2400QS,162,133,42040.0,259.51,80.0,156.0,6.0,0.0
Outpatient,0501TJ,229,93,42030.0,183.54,70.0,220.0,8.0,1.0
Outpatient,2813XQ,182,19,41950.0,230.49,80.0,172.0,7.0,3.0
Outpatient,4502CH,186,143,41930.0,225.43,75.0,183.0,3.0,0.0
Outpatient,4700KU,138,129,41920.0,303.77,80.0,131.0,7.0,0.0
Outpatient,3401SD,111,102,41910.0,377.57,80.0,111.0,0.0,0.0
Outpatient,3465CJ,139,97,41870.0,301.22,70.0,129.0,10.0,0.0
Outpatient,3602CJ,161,81,41850.0,259.94,80.0,157.0,4.0,0.0
Outpatient,3325DK,128,55,41800.0,326.56,70.0,125.0,3.0,0.0
Outpatient,3313HR,112,81,41770.0,372.95,80.0,105.0,7.0,0.0
Outpatient,4900UA,136,69,41750.0,306.99,80.0,133.0,2.0,1.0
Outpatient,3303SM,143,116,41650.0,291.26,70.0,140.0,3.0,0.0
Outpatient,1501SP,132,63,41570.0,314.92,80.0,125.0,5.0,2.0
Outpatient,3900PT,134,124,41560.0,310.15,60.0,127.0,6.0,1.0
Outpatient,2313AQ,147,55,41540.0,282.59,60.0,139.0,8.0,0.0
Outpatient,4238PT,97,30,41540.0,428.25,90.0,93.0,3.0,1.0
Outpatient,4501DB,128,25,41510.0,324.3,70.0,125.0,3.0,0.0
Outpatient,1100CJ,133,109,41490.0,311.95,80.0,129.0,4.0,0.0
Outpatient,1000GN,158,125,41450.0,262.34,80.0,154.0,3.0,1.0
Outpatient,3301QB,135,133,41440.0,306.96,90.0,131.0,4.0,0.0
Outpatient,2585MN,135,38,41440.0,306.96,80.0,128.0,6.0,1.0
Outpatient,2625YR,200,138,41360.0,206.8,60.0,189.0,11.0,0.0
Outpatient,2639PA,130,60,41270.0,317.46,80.0,125.0,3.0,2.0
Outpatient,4200CD,130,119,41270.0,317.46,80.0,124.0,5.0,1.0
Outpatient,4506SG,127,49,41260.0,324.88,70.0,122.0,5.0,0.0
Outpatient,0527KV,143,139,41200.0,288.11,70.0,136.0,6.0,1.0
Outpatient,2118TG,161,49,41170.0,255.71,80.0,154.0,5.0,2.0
Outpatient,18006M,140,88,41170.0,294.07,75.0,130.0,9.0,1.0
Outpatient,0434RP,23,3,41160.0,1789.57,2200.0,23.0,0.0,0.0
Outpatient,3800US,144,29,41150.0,285.76,80.0,141.0,3.0,0.0
Outpatient,2600CB,151,52,41070.0,271.99,70.0,150.0,1.0,0.0
Outpatient,32136D,196,102,41050.0,209.44,65.0,191.0,4.0,1.0
Outpatient,0700HG,140,116,41040.0,293.14,65.0,133.0,7.0,0.0
Outpatient,1500AB,122,61,40990.0,335.98,80.0,115.0,6.0,1.0
Outpatient,3301SD,104,100,40950.0,393.75,75.0,96.0,8.0,0.0
Outpatient,4213VD,113,28,40940.0,362.3,90.0,110.0,2.0,1.0
Outpatient,0502QS,158,146,40930.0,259.05,60.0,151.0,6.0,1.0
Outpatient,1713PB,157,35,40840.0,260.13,70.0,149.0,6.0,2.0
Outpatient,3813CH,154,81,40830.0,265.13,100.0,147.0,6.0,1.0
Outpatient,1101BU,178,146,40820.0,229.33,70.0,171.0,7.0,0.0
Outpatient,2501QH,149,120,40800.0,273.83,80.0,146.0,3.0,0.0
Outpatient,0200QN,148,75,40760.0,275.41,80.0,145.0,3.0,0.0
Outpatient,14018H,120,110,40760.0,339.67,70.0,115.0,5.0,0.0
Outpatient,2838BH,89,38,40690.0,457.19,80.0,85.0,3.0,1.0
Outpatient,1525SR,111,43,40690.0,366.58,100.0,108.0,3.0,0.0
Outpatient,5200HJ,144,80,40680.0,282.5,90.0,137.0,6.0,1.0
Outpatient,3813SA,140,71,40650.0,290.36,80.0,135.0,4.0,1.0
Outpatient,2400KU,126,105,40600.0,322.22,90.0,123.0,2.0,1.0
Outpatient,1800PD,195,74,40540.0,207.9,70.0,182.0,12.0,1.0
Outpatient,5213KD,167,47,40540.0,242.75,80.0,160.0,7.0,0.0
Outpatient,3601MD,159,36,40520.0,254.84,80.0,151.0,7.0,1.0
Outpatient,3300QP,170,115,40490.0,238.18,80.0,162.0,6.0,2.0
Outpatient,1100ND,133,107,40440.0,304.06,80.0,127.0,6.0,0.0
Outpatient,0600YG,184,68,40420.0,219.67,70.0,179.0,5.0,0.0
Outpatient,0700DM,165,158,40400.0,244.85,80.0,157.0,8.0,0.0
Outpatient,3701TD,162,34,40300.0,248.77,90.0,155.0,7.0,0.0
Outpatient,5100KB,122,88,40180.0,329.34,80.0,116.0,5.0,1.0
Outpatient,4501QP,133,87,40120.0,301.65,80.0,127.0,6.0,0.0
Outpatient,3302MC,190,83,40100.0,211.05,60.0,177.0,12.0,1.0
Outpatient,1501YP,111,36,39980.0,360.18,90.0,106.0,5.0,0.0
Outpatient,2400HJ,127,119,39890.0,314.09,70.0,122.0,4.0,1.0
Outpatient,1900XM,193,51,39880.0,206.63,60.0,186.0,7.0,0.0
Outpatient,0513RS,168,126,39870.0,237.32,75.0,156.0,12.0,0.0
Outpatient,4100CG,141,129,39830.0,282.48,90.0,135.0,6.0,0.0
Outpatient,1000ZT,189,163,39800.0,210.58,70.0,178.0,10.0,1.0
Outpatient,1413AP,173,61,39780.0,229.94,70.0,168.0,3.0,2.0
Outpatient,3302WH,168,105,39710.0,236.37,60.0,162.0,5.0,1.0
Outpatient,1800AD,217,142,39660.0,182.76,70.0,204.0,12.0,1.0
Outpatient,1002UU,96,86,39560.0,412.08,70.0,91.0,5.0,0.0
Outpatient,2800DM,159,67,39530.0,248.62,60.0,151.0,7.0,1.0
Outpatient,0400DQ,110,82,39520.0,359.27,90.0,109.0,1.0,0.0
Outpatient,0506PN,124,104,39510.0,318.63,80.0,123.0,1.0,0.0
Outpatient,2200KB,83,82,39490.0,475.78,90.0,81.0,2.0,0.0
Outpatient,0101WQ,130,77,39480.0,303.69,80.0,126.0,4.0,0.0
Outpatient,19258N,118,59,39430.0,334.15,80.0,115.0,3.0,0.0
Outpatient,1513TM,143,49,39340.0,275.1,90.0,138.0,5.0,0.0
Outpatient,2601KM,103,72,39340.0,381.94,70.0,98.0,5.0,0.0
Outpatient,0600SN,141,83,39300.0,278.72,80.0,133.0,5.0,3.0
Outpatient,0601MJ,112,93,39240.0,350.36,80.0,108.0,4.0,0.0
Outpatient,4501YB,111,57,39190.0,353.06,70.0,109.0,2.0,0.0
Outpatient,1002SB,141,135,39140.0,277.59,70.0,135.0,5.0,1.0
Outpatient,05038R,106,97,39110.0,368.96,80.0,104.0,2.0,0.0
Outpatient,1102VS,150,134,39080.0,260.53,90.0,148.0,2.0,0.0
Outpatient,1002CR,143,136,39070.0,273.22,70.0,140.0,3.0,0.0
Outpatient,3300XA,101,51,38970.0,385.84,90.0,96.0,5.0,0.0
Outpatient,2313GU,83,22,38950.0,469.28,80.0,80.0,3.0,0.0
Outpatient,0526PP,115,65,38830.0,337.65,90.0,112.0,3.0,0.0
Outpatient,4700DP,172,142,38800.0,225.58,60.0,163.0,8.0,1.0
Outpatient,3100CP,141,114,38750.0,274.82,90.0,137.0,3.0,1.0
Outpatient,3100SP,128,124,38730.0,302.58,70.0,115.0,12.0,1.0
Outpatient,05006K,143,122,38720.0,270.77,80.0,136.0,6.0,1.0
Outpatient,1902VC,83,60,38710.0,466.39,100.0,79.0,3.0,1.0
Outpatient,3302GD,152,133,38670.0,254.41,70.0,151.0,1.0,0.0
Outpatient,5000UB,132,113,38640.0,292.73,100.0,128.0,4.0,0.0
Outpatient,0301AU,141,130,38610.0,273.83,90.0,137.0,3.0,1.0
Outpatient,1000MM,150,140,38600.0,257.33,90.0,144.0,6.0,0.0
Outpatient,0507JM,140,110,38520.0,275.14,80.0,138.0,2.0,0.0
Outpatient,0113YQ,91,32,38510.0,423.19,90.0,87.0,4.0,0.0
Outpatient,3939ND,133,39,38400.0,288.72,60.0,126.0,7.0,0.0
Outpatient,3900JH,123,88,38340.0,311.71,90.0,121.0,2.0,0.0
Outpatient,52018M,182,115,38300.0,210.44,70.0,176.0,6.0,0.0
Outpatient,1200WG,99,95,38220.0,386.06,70.0,95.0,3.0,1.0
Outpatient,2500VG,91,46,38220.0,420.0,70.0,87.0,4.0,0.0
Outpatient,0600JC,115,71,37990.0,330.35,80.0,112.0,3.0,0.0
Outpatient,0600TV,161,131,37960.0,235.78,80.0,154.0,7.0,0.0
Outpatient,1701GG,74,23,37930.0,512.57,95.0,70.0,4.0,0.0
Outpatient,3100GJ,144,132,37930.0,263.4,70.0,137.0,6.0,1.0
Outpatient,4508ZD,153,124,37930.0,247.91,60.0,143.0,10.0,0.0
Outpatient,4401GN,156,99,37900.0,242.95,70.0,152.0,3.0,1.0
Outpatient,1902ZJ,186,74,37870.0,203.6,75.0,176.0,9.0,1.0
Outpatient,1025JV,116,102,37860.0,326.38,90.0,109.0,7.0,0.0
Outpatient,1734GK,84,51,37850.0,450.6,95.0,82.0,2.0,0.0
Outpatient,04VXKQ,176,78,37800.0,214.77,70.0,165.0,10.0,1.0
Outpatient,0601WU,142,24,37730.0,265.7,80.0,140.0,2.0,0.0
Outpatient,1100QV,121,76,37680.0,311.4,60.0,113.0,7.0,1.0
Outpatient,4900ZH,99,90,37660.0,380.4,80.0,95.0,4.0,0.0
Outpatient,11018T,119,76,37590.0,315.88,80.0,114.0,5.0,0.0
Outpatient,5550PB,143,107,37590.0,262.87,80.0,140.0,3.0,0.0
Outpatient,3902VV,146,140,37540.0,257.12,80.0,138.0,7.0,1.0
Outpatient,3426RR,142,81,37510.0,264.15,70.0,133.0,9.0,0.0
Outpatient,2501UN,103,70,37510.0,364.17,90.0,96.0,7.0,0.0
Outpatient,4400AV,179,24,37470.0,209.33,70.0,173.0,4.0,2.0
Outpatient,2301QA,143,113,37420.0,261.68,70.0,139.0,4.0,0.0
Outpatient,4900HR,166,43,37410.0,225.36,70.0,150.0,15.0,1.0
Outpatient,01008R,136,91,37380.0,274.85,65.0,130.0,5.0,1.0
Outpatient,2201XK,147,136,37380.0,254.29,80.0,146.0,1.0,0.0
Outpatient,3426GD,129,74,37340.0,289.46,70.0,124.0,5.0,0.0
Outpatient,3300KR,116,99,37270.0,321.29,80.0,112.0,3.0,1.0
Outpatient,4400WQ,142,81,37270.0,262.46,75.0,137.0,5.0,0.0
Outpatient,2500SB,88,59,37250.0,423.3,85.0,85.0,3.0,0.0
Outpatient,4000KQ,162,42,37250.0,229.94,70.0,149.0,13.0,0.0
Outpatient,4913GG,89,27,37250.0,418.54,70.0,86.0,3.0,0.0
Outpatient,5100GT,108,28,37220.0,344.63,80.0,104.0,4.0,0.0
Outpatient,5200UQ,149,111,37220.0,249.8,80.0,144.0,5.0,0.0
Outpatient,3701VH,128,50,37220.0,290.78,90.0,124.0,4.0,0.0
Outpatient,1000TT,155,132,37200.0,240.0,60.0,155.0,0.0,0.0
Outpatient,1000QA,117,111,37180.0,317.78,80.0,114.0,3.0,0.0
Outpatient,4400ND,162,43,37130.0,229.2,70.0,155.0,6.0,1.0
Outpatient,0503TU,140,131,37130.0,265.21,70.0,134.0,6.0,0.0
Outpatient,0100JS,54,36,37110.0,687.22,100.0,53.0,1.0,0.0
Outpatient,1813DJ,55,16,36900.0,670.91,90.0,52.0,3.0,0.0
Outpatient,2300XB,152,140,36870.0,242.57,90.0,145.0,5.0,2.0
Outpatient,1400MA,174,64,36860.0,211.84,80.0,169.0,4.0,1.0
Outpatient,1118RK,140,43,36850.0,263.21,80.0,134.0,6.0,0.0
Outpatient,1101CP,166,144,36830.0,221.87,70.0,161.0,5.0,0.0
Outpatient,4401AH,107,73,36770.0,343.64,90.0,102.0,5.0,0.0
Outpatient,2900JU,154,125,36710.0,238.38,80.0,149.0,5.0,0.0
Outpatient,1900XC,95,51,36710.0,386.42,90.0,91.0,2.0,2.0
Outpatient,4201DC,104,59,36680.0,352.69,80.0,102.0,2.0,0.0
Outpatient,1501UR,92,76,36560.0,397.39,100.0,85.0,6.0,1.0
Outpatient,1401QH,145,76,36560.0,252.14,80.0,139.0,6.0,0.0
Outpatient,2600JA,78,35,36500.0,467.95,90.0,72.0,6.0,0.0
Outpatient,2013QS,130,41,36500.0,280.77,70.0,122.0,8.0,0.0
Outpatient,0600ZV,114,102,36490.0,320.09,70.0,104.0,10.0,0.0
Outpatient,1101QN,128,26,36480.0,285.0,90.0,125.0,3.0,0.0
Outpatient,33028V,162,128,36430.0,224.88,80.0,155.0,7.0,0.0
Outpatient,3902MT,101,95,36390.0,360.3,80.0,91.0,10.0,0.0
Outpatient,3401QB,132,92,36360.0,275.45,70.0,126.0,6.0,0.0
Outpatient,3302VG,151,110,36330.0,240.6,90.0,145.0,6.0,0.0
Outpatient,2939KV,50,11,36320.0,726.4,100.0,48.0,2.0,0.0
Outpatient,1613KK,28,5,36310.0,1296.79,1700.0,28.0,0.0,0.0
Outpatient,10CTUQ,164,90,36300.0,221.34,70.0,158.0,5.0,1.0
Outpatient,0100JB,104,75,36230.0,348.37,90.0,101.0,3.0,0.0
Outpatient,4508HG,158,97,36230.0,229.3,60.0,152.0,4.0,2.0
Outpatient,1801KT,142,67,36190.0,254.86,70.0,137.0,4.0,1.0
Outpatient,5313CP,98,34,36180.0,369.18,70.0,95.0,3.0,0.0
Outpatient,0118MV,147,65,36150.0,245.92,80.0,141.0,6.0,0.0
Outpatient,1400NB,92,28,36140.0,392.83,100.0,87.0,4.0,1.0
Outpatient,2225KB,101,82,36140.0,357.82,90.0,96.0,5.0,0.0
Outpatient,23016P,153,144,36130.0,236.14,70.0,146.0,7.0,0.0
Outpatient,2600GD,108,75,36090.0,334.17,100.0,105.0,3.0,0.0
Outpatient,2800JR,124,70,36060.0,290.81,80.0,118.0,6.0,0.0
Outpatient,2638PR,64,18,36010.0,562.66,100.0,63.0,1.0,0.0
Outpatient,2313JB,118,48,35990.0,305.0,90.0,115.0,3.0,0.0
Outpatient,4505QV,143,103,35930.0,251.26,70.0,139.0,4.0,0.0
Outpatient,2513JV,152,37,35880.0,236.05,80.0,144.0,8.0,0.0
Outpatient,1701XC,169,50,35870.0,212.25,80.0,160.0,9.0,0.0
Outpatient,3400KG,129,108,35850.0,277.91,60.0,117.0,11.0,1.0
Outpatient,3301KT,151,143,35840.0,237.35,70.0,148.0,3.0,0.0
Outpatient,2300YM,85,79,35830.0,421.53,80.0,82.0,3.0,0.0
Outpatient,1901HK,139,109,35830.0,257.77,70.0,129.0,10.0,0.0
Outpatient,2500TC,125,35,35810.0,286.48,80.0,120.0,4.0,1.0
Outpatient,4900JC,97,58,35710.0,368.14,60.0,94.0,3.0,0.0
Outpatient,0501SQ,124,108,35690.0,287.82,70.0,121.0,2.0,1.0
Outpatient,1800CH,120,100,35670.0,297.25,90.0,116.0,3.0,1.0
Outpatient,3313NA,108,28,35670.0,330.28,75.0,102.0,6.0,0.0
Outpatient,0413GR,176,58,35610.0,202.33,80.0,169.0,7.0,0.0
Outpatient,1400MQ,130,118,35580.0,273.69,70.0,123.0,7.0,0.0
Outpatient,5001XP,157,138,35570.0,226.56,60.0,149.0,7.0,1.0
Outpatient,3413TS,170,63,35540.0,209.06,70.0,164.0,4.0,2.0
Outpatient,4900DP,92,88,35530.0,386.2,100.0,88.0,4.0,0.0
Outpatient,0501QD,118,100,35520.0,301.02,95.0,112.0,6.0,0.0
Outpatient,4501MS,158,94,35500.0,224.68,70.0,154.0,4.0,0.0
Outpatient,4503GM,151,135,35460.0,234.83,70.0,144.0,6.0,1.0
Outpatient,33006D,81,69,35430.0,437.41,90.0,79.0,2.0,0.0
Outpatient,3425QU,97,30,35360.0,364.54,80.0,88.0,9.0,0.0
Outpatient,5213SD,160,66,35350.0,220.94,75.0,155.0,5.0,0.0
Outpatient,0600HJ,85,41,35330.0,415.65,90.0,82.0,3.0,0.0
Outpatient,4439KH,141,71,35320.0,250.5,80.0,132.0,8.0,1.0
Outpatient,3000AS,111,99,35300.0,318.02,90.0,107.0,4.0,0.0
Outpatient,1925XH,102,71,35280.0,345.88,80.0,100.0,2.0,0.0
Outpatient,2500AG,147,115,35190.0,239.39,70.0,141.0,5.0,1.0
Outpatient,3902SC,154,99,35190.0,228.51,70.0,148.0,5.0,1.0
Outpatient,34018R,122,89,35180.0,288.36,70.0,119.0,3.0,0.0
Outpatient,1800VN,85,41,35170.0,413.76,90.0,79.0,5.0,1.0
Outpatient,1525XA,109,62,35170.0,322.66,100.0,105.0,4.0,0.0
Outpatient,3901SR,86,56,35120.0,408.37,80.0,83.0,3.0,0.0
Outpatient,2100SG,109,94,35050.0,321.56,80.0,108.0,1.0,0.0
Outpatient,1600MG,124,91,35040.0,282.58,75.0,119.0,5.0,0.0
Outpatient,6700SA,114,80,35030.0,307.28,80.0,108.0,6.0,0.0
Outpatient,29008T,117,50,35030.0,299.4,80.0,112.0,5.0,0.0
Outpatient,1034CD,139,30,35020.0,251.94,80.0,132.0,7.0,0.0
Outpatient,5200NQ,138,87,34990.0,253.55,70.0,132.0,6.0,0.0
Outpatient,2201KC,83,78,34900.0,420.48,100.0,79.0,3.0,1.0
Outpatient,0503PA,173,152,34870.0,201.56,60.0,167.0,6.0,0.0
Outpatient,17138S,113,28,34850.0,308.41,90.0,109.0,4.0,0.0
Outpatient,49006J,89,68,34750.0,390.45,80.0,86.0,3.0,0.0
Outpatient,2386KQ,139,22,34610.0,248.99,70.0,129.0,7.0,3.0
Outpatient,4900AB,90,63,34600.0,384.44,95.0,87.0,3.0,0.0
Outpatient,3602QP,110,87,34540.0,314.0,60.0,105.0,5.0,0.0
Outpatient,4526HD,168,50,34490.0,205.3,60.0,158.0,10.0,0.0
Outpatient,3200DU,77,69,34450.0,447.4,70.0,76.0,1.0,0.0
Outpatient,3335JA,132,66,34440.0,260.91,70.0,126.0,6.0,0.0
Outpatient,5013KA,134,59,34390.0,256.64,80.0,131.0,3.0,0.0
Outpatient,3701JR,52,20,34380.0,661.15,100.0,47.0,5.0,0.0
Outpatient,1313DC,101,52,34340.0,340.0,90.0,96.0,5.0,0.0
Outpatient,3902XB,83,79,34330.0,413.61,90.0,80.0,3.0,0.0
Outpatient,1026WM,83,78,34330.0,413.61,100.0,82.0,1.0,0.0
Outpatient,1000DC,160,157,34320.0,214.5,70.0,155.0,5.0,0.0
Outpatient,3613WV,150,37,34320.0,228.8,80.0,147.0,3.0,0.0
Outpatient,3400JN,78,58,34240.0,438.97,75.0,78.0,0.0,0.0
Outpatient,3613PU,145,88,34240.0,236.14,70.0,137.0,6.0,2.0
Outpatient,1813KQ,82,38,34200.0,417.07,95.0,81.0,1.0,0.0
Outpatient,0100YT,107,65,34200.0,319.63,80.0,104.0,3.0,0.0
Outpatient,3600DN,109,88,34170.0,313.49,70.0,108.0,1.0,0.0
Outpatient,3400YV,128,82,34160.0,266.88,70.0,124.0,4.0,0.0
Outpatient,2700CJ,102,71,33990.0,333.24,70.0,97.0,5.0,0.0
Outpatient,1525RH,117,32,33880.0,289.57,80.0,115.0,2.0,0.0
Outpatient,4400QH,88,54,33850.0,384.66,95.0,88.0,0.0,0.0
Outpatient,2501XR,66,51,33820.0,512.42,100.0,65.0,1.0,0.0
Outpatient,2600HU,114,48,33820.0,296.67,80.0,114.0,0.0,0.0
Outpatient,3439DK,129,36,33810.0,262.09,70.0,127.0,2.0,0.0
Outpatient,5200VB,116,70,33810.0,291.47,80.0,113.0,3.0,0.0
Outpatient,1001VS,136,45,33780.0,248.38,70.0,133.0,3.0,0.0
Outpatient,4925MU,42,13,33710.0,802.62,400.0,41.0,1.0,0.0
Outpatient,1401NU,108,31,33650.0,311.57,60.0,101.0,7.0,0.0
Outpatient,3302PG,154,127,33610.0,218.25,70.0,144.0,10.0,0.0
Outpatient,1000PH,133,110,33600.0,252.63,80.0,125.0,8.0,0.0
Outpatient,4528YM,105,36,33550.0,319.52,80.0,99.0,5.0,1.0
Outpatient,5000UK,122,99,33540.0,274.92,80.0,119.0,3.0,0.0
Outpatient,4900MV,102,63,33540.0,328.82,70.0,96.0,5.0,1.0
Outpatient,2400AB,94,59,33530.0,356.7,90.0,91.0,2.0,1.0
Outpatient,5100VG,166,73,33510.0,201.87,70.0,159.0,5.0,2.0
Outpatient,04006B,91,34,33480.0,367.91,80.0,87.0,3.0,1.0
Outpatient,20858J,103,47,33450.0,324.76,90.0,102.0,1.0,0.0
Outpatient,3100BN,95,93,33390.0,351.47,80.0,93.0,1.0,1.0
Outpatient,0500BD,133,129,33390.0,251.05,80.0,127.0,6.0,0.0
Outpatient,6725WN,105,84,33380.0,317.9,80.0,100.0,5.0,0.0
Outpatient,1002RR,76,60,33350.0,438.82,90.0,76.0,0.0,0.0
Outpatient,0501GB,110,62,33350.0,303.18,85.0,106.0,4.0,0.0
Outpatient,4000PM,145,69,33330.0,229.86,80.0,134.0,10.0,1.0
Outpatient,1002BJ,98,92,33260.0,339.39,90.0,94.0,3.0,1.0
Outpatient,0500YH,117,105,33250.0,284.19,80.0,107.0,8.0,2.0
Outpatient,1025MR,155,127,33250.0,214.52,70.0,146.0,8.0,1.0
Outpatient,5213JM,147,61,33130.0,225.37,60.0,138.0,8.0,1.0
Outpatient,0400AM,137,41,33080.0,241.46,80.0,130.0,7.0,0.0
Outpatient,1413MC,115,42,33070.0,287.57,80.0,113.0,2.0,0.0
Outpatient,0413AT,146,68,33020.0,226.16,60.0,142.0,3.0,1.0
Outpatient,3302WQ,80,78,33000.0,412.5,80.0,74.0,6.0,0.0
Outpatient,4401TT,112,89,32980.0,294.46,80.0,107.0,5.0,0.0
Outpatient,3601WB,89,74,32980.0,370.56,80.0,86.0,3.0,0.0
Outpatient,07008H,117,109,32980.0,281.88,90.0,113.0,4.0,0.0
Outpatient,2413YM,86,29,32970.0,383.37,80.0,83.0,2.0,1.0
Outpatient,5201CG,106,79,32920.0,310.57,60.0,97.0,9.0,0.0
Outpatient,1300GQ,128,94,32910.0,257.11,60.0,121.0,6.0,1.0
Outpatient,1401HP,101,34,32900.0,325.74,100.0,98.0,2.0,1.0
Outpatient,2013RT,110,100,32870.0,298.82,70.0,107.0,2.0,1.0
Outpatient,36006P,95,69,32870.0,346.0,80.0,91.0,4.0,0.0
Outpatient,3401YN,86,68,32820.0,381.63,90.0,83.0,3.0,0.0
Outpatient,3701XK,111,84,32760.0,295.14,60.0,105.0,5.0,1.0
Outpatient,2300NG,93,58,32700.0,351.61,80.0,89.0,4.0,0.0
Outpatient,2501DC,124,39,32670.0,263.47,60.0,117.0,7.0,0.0
Outpatient,4500RD,105,87,32640.0,310.86,90.0,99.0,6.0,0.0
Outpatient,1089NQ,129,47,32600.0,252.71,80.0,120.0,9.0,0.0
Outpatient,3701WA,121,47,32570.0,269.17,70.0,116.0,5.0,0.0
Outpatient,5013MB,80,24,32540.0,406.75,80.0,75.0,5.0,0.0
Outpatient,4413DK,109,48,32490.0,298.07,100.0,102.0,6.0,1.0
Outpatient,23136P,115,24,32490.0,282.52,80.0,109.0,6.0,0.0
Outpatient,0613MG,38,10,32480.0,854.74,100.0,37.0,1.0,0.0
Outpatient,1513RR,107,37,32480.0,303.55,100.0,104.0,3.0,0.0
Outpatient,3301XM,117,84,32470.0,277.52,70.0,111.0,5.0,1.0
Outpatient,2100NQ,122,102,32470.0,266.15,80.0,120.0,2.0,0.0
Outpatient,3301BB,114,108,32430.0,284.47,60.0,108.0,6.0,0.0
Outpatient,2000ND,168,115,32380.0,192.74,60.0,158.0,10.0,0.0
Outpatient,0413MA,88,32,32360.0,367.73,90.0,84.0,3.0,1.0
Outpatient,5200VR,128,77,32320.0,252.5,70.0,122.0,6.0,0.0
Outpatient,3230NG,89,27,32260.0,362.47,60.0,85.0,4.0,0.0
Outpatient,49386K,155,40,32230.0,207.94,80.0,152.0,3.0,0.0
Outpatient,1525RQ,86,42,32190.0,374.3,90.0,84.0,2.0,0.0
Outpatient,3900CQ,107,44,32140.0,300.37,80.0,101.0,6.0,0.0
Outpatient,3300JQ,124,120,32080.0,258.71,60.0,120.0,4.0,0.0
Outpatient,0700HP,125,97,32070.0,256.56,80.0,121.0,4.0,0.0
Outpatient,4200TG,144,67,32040.0,222.5,70.0,136.0,8.0,0.0
Outpatient,1501BT,85,56,32010.0,376.59,90.0,80.0,5.0,0.0
Outpatient,4508DT,162,122,31950.0,197.22,60.0,152.0,8.0,2.0
Outpatient,3313PB,114,75,31930.0,280.09,60.0,108.0,5.0,1.0
Outpatient,2100XN,131,119,31920.0,243.66,60.0,124.0,7.0,0.0
Outpatient,3400PS,146,101,31910.0,218.56,60.0,136.0,8.0,2.0
Outpatient,2200GD,83,75,31860.0,383.86,80.0,80.0,3.0,0.0
Outpatient,5000PS,76,72,31840.0,418.95,85.0,72.0,4.0,0.0
Outpatient,4100JN,143,135,31820.0,222.52,70.0,140.0,3.0,0.0
Outpatient,1800ZS,115,47,31720.0,275.83,80.0,109.0,6.0,0.0
Outpatient,3400MH,130,75,31720.0,244.0,90.0,122.0,8.0,0.0
Outpatient,3602XA,80,66,31690.0,396.13,90.0,78.0,2.0,0.0
Outpatient,45066A,100,72,31660.0,316.6,85.0,98.0,1.0,1.0
Outpatient,3426YS,140,42,31640.0,226.0,80.0,134.0,5.0,1.0
Outpatient,0765KD,137,102,31580.0,230.51,70.0,133.0,4.0,0.0
Outpatient,1000XK,126,118,31570.0,250.56,70.0,122.0,3.0,1.0
Outpatient,1300RT,89,55,31560.0,354.61,70.0,87.0,2.0,0.0
Outpatient,5201TA,120,105,31540.0,262.83,70.0,117.0,3.0,0.0
Outpatient,5300RA,116,16,31540.0,271.9,80.0,115.0,1.0,0.0
Outpatient,2513TK,152,48,31480.0,207.11,70.0,147.0,5.0,0.0
Outpatient,05188N,98,33,31400.0,320.41,80.0,95.0,2.0,1.0
Outpatient,4508GD,130,103,31370.0,241.31,60.0,120.0,9.0,1.0
Outpatient,1101PM,119,67,31360.0,263.53,80.0,115.0,4.0,0.0
Outpatient,1001HB,97,96,31340.0,323.09,100.0,94.0,3.0,0.0
Outpatient,0585MG,92,89,31280.0,340.0,95.0,90.0,2.0,0.0
Outpatient,1002QH,102,93,31240.0,306.27,85.0,102.0,0.0,0.0
Outpatient,3302YK,117,76,31230.0,266.92,60.0,110.0,7.0,0.0
Outpatient,3401NP,102,75,31230.0,306.18,80.0,99.0,3.0,0.0
Outpatient,5313DQ,106,18,31190.0,294.25,75.0,103.0,2.0,1.0
Outpatient,1100QP,95,75,31190.0,328.32,80.0,90.0,5.0,0.0
Outpatient,1501HB,102,26,31150.0,305.39,70.0,96.0,6.0,0.0
Outpatient,45026C,117,67,31130.0,266.07,80.0,110.0,7.0,0.0
Outpatient,0400TQ,116,95,31120.0,268.28,70.0,110.0,5.0,1.0
Outpatient,4508QQ,136,70,31110.0,228.75,70.0,126.0,9.0,1.0
Outpatient,0506BH,115,82,31110.0,270.52,90.0,113.0,2.0,0.0
Outpatient,4530TB,111,99,31110.0,280.27,80.0,107.0,4.0,0.0
Outpatient,1027HB,75,40,31100.0,414.67,80.0,75.0,0.0,0.0
Outpatient,1002KK,135,134,31090.0,230.3,70.0,130.0,4.0,1.0
Outpatient,4220HV,119,78,31080.0,261.18,80.0,111.0,6.0,2.0
Outpatient,4913AA,127,33,31010.0,244.17,80.0,117.0,10.0,0.0
Outpatient,0506UT,92,88,30970.0,336.63,80.0,88.0,3.0,1.0
Outpatient,5213WS,175,95,30950.0,176.86,60.0,163.0,10.0,2.0
Outpatient,10136G,120,40,30920.0,257.67,75.0,114.0,6.0,0.0
Outpatient,4526NC,114,92,30900.0,271.05,90.0,112.0,1.0,1.0
Outpatient,2600PP,116,27,30900.0,266.38,80.0,110.0,4.0,2.0
Outpatient,4506YG,131,72,30890.0,235.8,80.0,128.0,3.0,0.0
Outpatient,2302SU,108,98,30870.0,285.83,80.0,103.0,5.0,0.0
Outpatient,5200RT,120,39,30830.0,256.92,70.0,118.0,2.0,0.0
Outpatient,24008S,97,50,30820.0,317.73,70.0,92.0,4.0,1.0
Outpatient,1613MT,70,13,30810.0,440.14,85.0,69.0,1.0,0.0
Outpatient,1113WG,108,77,30720.0,284.44,70.0,100.0,8.0,0.0
Outpatient,3300YR,135,117,30690.0,227.33,80.0,128.0,7.0,0.0
Outpatient,2500WQ,110,76,30660.0,278.73,70.0,107.0,3.0,0.0
Outpatient,0501WU,113,98,30650.0,271.24,90.0,110.0,3.0,0.0
Outpatient,2319BA,73,39,30590.0,419.04,100.0,70.0,3.0,0.0
Outpatient,3301AR,114,80,30570.0,268.16,70.0,107.0,7.0,0.0
Outpatient,33266H,113,34,30550.0,270.35,90.0,111.0,2.0,0.0
Outpatient,5001VM,63,43,30540.0,484.76,70.0,60.0,3.0,0.0
Outpatient,1818PH,147,34,30490.0,207.41,80.0,142.0,5.0,0.0
Outpatient,4900YU,103,37,30490.0,296.02,80.0,101.0,1.0,1.0
Outpatient,3601TN,102,97,30400.0,298.04,90.0,97.0,4.0,1.0
Outpatient,1900DN,152,59,30380.0,199.87,60.0,146.0,6.0,0.0
Outpatient,3913WT,123,39,30300.0,246.34,80.0,121.0,2.0,0.0
Outpatient,0507AB,160,134,30290.0,189.31,60.0,155.0,5.0,0.0
Outpatient,0700JR,83,82,30280.0,364.82,100.0,83.0,0.0,0.0
Outpatient,2013AB,136,40,30260.0,222.5,70.0,130.0,6.0,0.0
Outpatient,4900WS,110,98,30250.0,275.0,80.0,105.0,5.0,0.0
Outpatient,3400QT,120,79,30250.0,252.08,70.0,116.0,4.0,0.0
Outpatient,1913BT,95,44,30220.0,318.11,80.0,91.0,4.0,0.0
Outpatient,1500JC,86,57,30220.0,351.4,80.0,83.0,3.0,0.0
Outpatient,4513DG,112,42,30180.0,269.46,70.0,106.0,5.0,1.0
Outpatient,1413RQ,46,17,30130.0,655.0,75.0,45.0,1.0,0.0
Outpatient,1101ZJ,125,43,30120.0,240.96,70.0,116.0,9.0,0.0
Outpatient,2313CS,93,67,30110.0,323.76,70.0,92.0,1.0,0.0
Outpatient,1800NC,136,80,30100.0,221.32,70.0,127.0,9.0,0.0
Outpatient,2200MC,86,80,30070.0,349.65,100.0,86.0,0.0,0.0
Outpatient,4313ZR,57,17,30070.0,527.54,80.0,55.0,2.0,0.0
Outpatient,3301ZU,85,65,30050.0,353.53,90.0,84.0,1.0,0.0
Outpatient,3301WR,79,55,29990.0,379.62,100.0,76.0,3.0,0.0
Outpatient,3602SR,96,54,29950.0,311.98,70.0,93.0,3.0,0.0
Outpatient,2500JA,71,48,29950.0,421.83,80.0,67.0,4.0,0.0
Outpatient,0613BC,115,56,29920.0,260.17,70.0,111.0,4.0,0.0
Outpatient,26016H,127,102,29920.0,235.59,70.0,122.0,5.0,0.0
Outpatient,3702XT,92,74,29900.0,325.0,80.0,90.0,1.0,1.0
Outpatient,52136A,144,30,29890.0,207.57,65.0,138.0,5.0,1.0
Outpatient,3900XH,121,98,29890.0,247.02,90.0,121.0,0.0,0.0
Outpatient,3302TC,110,93,29880.0,271.64,70.0,104.0,4.0,2.0
Outpatient,3301JS,115,107,29880.0,259.83,80.0,113.0,2.0,0.0
Outpatient,2813BG,86,43,29880.0,347.44,80.0,82.0,4.0,0.0
Outpatient,1100RQ,102,79,29850.0,292.65,80.0,98.0,4.0,0.0
Outpatient,2100QC,126,58,29840.0,236.83,70.0,119.0,7.0,0.0
Outpatient,0700SS,69,66,29830.0,432.32,60.0,63.0,5.0,1.0
Outpatient,1002VV,105,89,29820.0,284.0,70.0,102.0,3.0,0.0
Outpatient,4900JM,74,47,29800.0,402.7,90.0,70.0,4.0,0.0
Outpatient,26006U,122,82,29790.0,244.18,80.0,117.0,5.0,0.0
Outpatient,49006A,66,56,29760.0,450.91,70.0,64.0,2.0,0.0
Outpatient,1002DS,85,81,29720.0,349.65,80.0,83.0,2.0,0.0
Outpatient,5000QD,96,89,29710.0,309.48,80.0,91.0,4.0,1.0
Outpatient,2201VH,102,96,29700.0,291.18,60.0,101.0,1.0,0.0
Outpatient,3300RH,150,135,29690.0,197.93,65.0,145.0,4.0,1.0
Outpatient,2302BM,136,53,29680.0,218.24,60.0,130.0,5.0,1.0
Outpatient,1101KH,113,58,29650.0,262.39,80.0,110.0,2.0,1.0
Outpatient,4513KT,117,23,29610.0,253.08,70.0,113.0,4.0,0.0
Outpatient,3400MQ,116,87,29610.0,255.26,80.0,113.0,3.0,0.0
Outpatient,0325NC,106,89,29600.0,279.25,70.0,102.0,4.0,0.0
Outpatient,1701DN,153,47,29590.0,193.4,60.0,137.0,16.0,0.0
Outpatient,3303VQ,83,79,29570.0,356.27,60.0,75.0,7.0,1.0
Outpatient,0501MA,104,95,29560.0,284.23,65.0,100.0,4.0,0.0
Outpatient,05056M,110,96,29550.0,268.64,100.0,110.0,0.0,0.0
Outpatient,2413UG,119,36,29520.0,248.07,80.0,114.0,5.0,0.0
Outpatient,2223DJ,92,37,29520.0,320.87,80.0,90.0,2.0,0.0
Outpatient,0301KJ,99,69,29490.0,297.88,80.0,96.0,3.0,0.0
Outpatient,05016S,90,83,29470.0,327.44,95.0,86.0,3.0,1.0
Outpatient,1113BP,110,36,29460.0,267.82,70.0,107.0,2.0,1.0
Outpatient,4901NS,161,113,29450.0,182.92,70.0,155.0,6.0,0.0
Outpatient,5200KD,131,76,29410.0,224.5,90.0,125.0,6.0,0.0
Outpatient,0400JU,99,71,29410.0,297.07,70.0,92.0,7.0,0.0
Outpatient,0725YT,97,79,29390.0,302.99,90.0,94.0,3.0,0.0
Outpatient,5200TV,129,108,29390.0,227.83,60.0,126.0,3.0,0.0
Outpatient,1300XD,108,30,29390.0,272.13,80.0,103.0,5.0,0.0
Outpatient,3425BV,121,42,29360.0,242.64,70.0,118.0,3.0,0.0
Outpatient,4502VD,121,34,29340.0,242.48,60.0,115.0,6.0,0.0
Outpatient,1613QV,106,25,29320.0,276.6,70.0,99.0,7.0,0.0
Outpatient,16236N,112,55,29300.0,261.61,80.0,108.0,3.0,1.0
Outpatient,3100XG,109,100,29280.0,268.62,60.0,108.0,0.0,1.0
Outpatient,12006M,130,91,29240.0,224.92,70.0,125.0,4.0,1.0
Outpatient,06008K,106,94,29180.0,275.28,60.0,99.0,6.0,1.0
Outpatient,1000YM,119,108,29160.0,245.04,60.0,116.0,3.0,0.0
Outpatient,1001MV,115,78,29160.0,253.57,70.0,110.0,4.0,1.0
Outpatient,2513YJ,78,32,29160.0,373.85,90.0,76.0,2.0,0.0
Outpatient,4530SA,71,39,29150.0,410.56,60.0,67.0,4.0,0.0
Outpatient,5201BD,106,88,29080.0,274.34,80.0,105.0,1.0,0.0
Outpatient,0501JP,119,107,29060.0,244.2,70.0,112.0,7.0,0.0
Outpatient,3901MB,106,104,29020.0,273.77,70.0,102.0,4.0,0.0
Outpatient,4439CV,105,48,28990.0,276.1,90.0,99.0,6.0,0.0
Outpatient,2213ZC,85,78,28970.0,340.82,70.0,79.0,6.0,0.0
Outpatient,1501RN,109,84,28970.0,265.78,80.0,104.0,5.0,0.0
Outpatient,3301UH,100,96,28950.0,289.5,70.0,92.0,6.0,2.0
Outpatient,0501US,112,90,28940.0,258.39,80.0,104.0,8.0,0.0
Outpatient,0413NB,69,41,28910.0,418.99,80.0,64.0,4.0,1.0
Outpatient,1101HC,108,99,28900.0,267.59,80.0,106.0,2.0,0.0
Outpatient,3425PN,120,75,28900.0,240.83,60.0,115.0,4.0,1.0
Outpatient,3200HA,94,32,28890.0,307.34,90.0,91.0,3.0,0.0
Outpatient,1100SR,94,79,28840.0,306.81,85.0,92.0,2.0,0.0
Outpatient,2500HN,151,32,28790.0,190.66,80.0,142.0,7.0,2.0
Outpatient,34016H,85,36,28790.0,338.71,80.0,78.0,7.0,0.0
Outpatient,3401AJ,98,88,28770.0,293.57,100.0,94.0,4.0,0.0
Outpatient,0501XV,127,115,28760.0,226.46,80.0,121.0,6.0,0.0
Outpatient,1001RD,99,75,28750.0,290.4,90.0,97.0,1.0,1.0
Outpatient,3901CQ,102,92,28720.0,281.57,70.0,96.0,6.0,0.0
Outpatient,2800BJ,78,66,28710.0,368.08,70.0,74.0,3.0,1.0
Outpatient,1513AV,91,17,28690.0,315.27,60.0,88.0,3.0,0.0
Outpatient,2225CJ,121,80,28680.0,237.02,70.0,114.0,6.0,1.0
Outpatient,4200KD,147,124,28650.0,194.9,70.0,141.0,4.0,2.0
Outpatient,4926HV,163,61,28650.0,175.77,70.0,157.0,6.0,0.0
Outpatient,3301CC,102,101,28620.0,280.59,75.0,99.0,3.0,0.0
Outpatient,0200HC,67,24,28570.0,426.42,70.0,64.0,3.0,0.0
Outpatient,0513TN,77,71,28550.0,370.78,100.0,73.0,4.0,0.0
Outpatient,1402TC,140,55,28540.0,203.86,60.0,135.0,5.0,0.0
Outpatient,1002WA,94,81,28500.0,303.19,90.0,93.0,1.0,0.0
Outpatient,3800AT,124,42,28490.0,229.76,80.0,119.0,5.0,0.0
Outpatient,0300JK,114,91,28490.0,249.91,85.0,110.0,3.0,1.0
Outpatient,2302AK,117,103,28490.0,243.5,80.0,116.0,1.0,0.0
Outpatient,28138G,100,37,28490.0,284.9,80.0,92.0,8.0,0.0
Outpatient,1001VK,75,75,28460.0,379.47,70.0,72.0,3.0,0.0
Outpatient,3600BR,54,41,28450.0,526.85,90.0,52.0,0.0,2.0
Outpatient,5125YJ,118,34,28400.0,240.68,60.0,111.0,7.0,0.0
Outpatient,3939BQ,88,36,28400.0,322.73,60.0,84.0,4.0,0.0
Outpatient,0413JU,121,51,28390.0,234.63,60.0,113.0,7.0,1.0
Outpatient,2300GU,140,53,28390.0,202.79,75.0,134.0,4.0,2.0
Outpatient,0500VC,106,101,28330.0,267.26,70.0,99.0,7.0,0.0
Outpatient,1313GD,121,37,28240.0,233.39,70.0,120.0,1.0,0.0
Outpatient,3323PB,102,55,28210.0,276.57,80.0,97.0,4.0,1.0
Outpatient,3700TA,66,39,28200.0,427.27,90.0,66.0,0.0,0.0
Outpatient,0585PJ,49,16,28190.0,575.31,100.0,49.0,0.0,0.0
Outpatient,2300WA,92,76,28150.0,305.98,75.0,85.0,5.0,2.0
Outpatient,05018N,123,116,28120.0,228.62,80.0,118.0,5.0,0.0
Outpatient,23026J,87,79,28080.0,322.76,70.0,83.0,4.0,0.0
Outpatient,2801RR,120,29,28060.0,233.83,75.0,113.0,5.0,2.0
Outpatient,2513CQ,65,17,28040.0,431.38,80.0,62.0,3.0,0.0
Outpatient,3301XC,131,124,28030.0,213.97,80.0,127.0,4.0,0.0
Outpatient,05136V,119,94,28010.0,235.38,90.0,116.0,3.0,0.0
Outpatient,0101SK,102,73,28010.0,274.61,80.0,98.0,4.0,0.0
Outpatient,0900UA,105,96,27990.0,266.57,80.0,101.0,4.0,0.0
Outpatient,0400WT,124,23,27980.0,225.65,60.0,119.0,5.0,0.0
Outpatient,3418AK,92,36,27970.0,304.02,95.0,91.0,0.0,1.0
Outpatient,4313MA,43,8,27970.0,650.47,100.0,41.0,2.0,0.0
Outpatient,14136D,87,43,27970.0,321.49,60.0,85.0,2.0,0.0
Outpatient,4501JH,96,38,27950.0,291.15,75.0,93.0,3.0,0.0
Outpatient,2501TM,82,47,27920.0,340.49,90.0,78.0,4.0,0.0
Outpatient,1402CJ,95,77,27910.0,293.79,90.0,90.0,4.0,1.0
Outpatient,1530YA,77,54,27890.0,362.21,80.0,77.0,0.0,0.0
Outpatient,1800MB,101,70,27880.0,276.04,70.0,97.0,4.0,0.0
Outpatient,2413TN,93,22,27880.0,299.78,80.0,88.0,5.0,0.0
Outpatient,3413JH,99,54,27870.0,281.52,60.0,98.0,1.0,0.0
Outpatient,2638NA,73,21,27790.0,380.68,90.0,70.0,3.0,0.0
Outpatient,5100TC,116,68,27780.0,239.48,60.0,109.0,7.0,0.0
Outpatient,1413VU,136,71,27730.0,203.9,70.0,129.0,7.0,0.0
Outpatient,3400TH,102,49,27720.0,271.76,85.0,96.0,6.0,0.0
Outpatient,2601MN,126,117,27650.0,219.44,80.0,119.0,6.0,1.0
Outpatient,1738KH,123,44,27630.0,224.63,70.0,118.0,4.0,1.0
Outpatient,2501AV,66,31,27620.0,418.48,80.0,64.0,2.0,0.0
Outpatient,5300SB,78,50,27620.0,354.1,70.0,77.0,1.0,0.0
Outpatient,0400ZA,70,59,27620.0,394.57,90.0,70.0,0.0,0.0
Outpatient,4600UA,120,96,27580.0,229.83,60.0,114.0,6.0,0.0
Outpatient,1001KG,117,88,27570.0,235.64,80.0,115.0,2.0,0.0
Outpatient,34016Q,119,95,27550.0,231.51,80.0,114.0,5.0,0.0
Outpatient,4513AB,115,36,27530.0,239.39,70.0,113.0,2.0,0.0
Outpatient,1800HM,136,27,27500.0,202.21,70.0,133.0,3.0,0.0
Outpatient,4901KQ,65,44,27500.0,423.08,100.0,61.0,3.0,1.0
Outpatient,35008V,29,13,27460.0,946.9,100.0,29.0,0.0,0.0
Outpatient,4508RR,125,103,27440.0,219.52,60.0,121.0,4.0,0.0
Outpatient,1101ZR,80,40,27440.0,343.0,80.0,78.0,2.0,0.0
Outpatient,1501AC,97,57,27380.0,282.27,70.0,94.0,2.0,1.0
Outpatient,3900QP,68,58,27370.0,402.5,100.0,67.0,1.0,0.0
Outpatient,3013PT,70,67,27360.0,390.86,80.0,67.0,3.0,0.0
Outpatient,0501UC,77,74,27340.0,355.06,90.0,74.0,3.0,0.0
Outpatient,4501GC,85,44,27330.0,321.53,90.0,82.0,3.0,0.0
Outpatient,3926KT,88,68,27290.0,310.11,100.0,86.0,2.0,0.0
Outpatient,3901ZK,91,50,27270.0,299.67,80.0,87.0,4.0,0.0
Outpatient,3813WU,101,22,27270.0,270.0,60.0,97.0,3.0,1.0
Outpatient,4200UQ,73,70,27180.0,372.33,90.0,67.0,6.0,0.0
Outpatient,2534HH,108,25,27140.0,251.3,60.0,99.0,8.0,1.0
Outpatient,4500BT,82,62,27050.0,329.88,90.0,77.0,4.0,1.0
Outpatient,5100ND,69,52,27030.0,391.74,80.0,67.0,2.0,0.0
Outpatient,2300SS,103,92,27010.0,262.23,80.0,102.0,1.0,0.0
Outpatient,11016S,84,27,26940.0,320.71,80.0,78.0,5.0,1.0
Outpatient,28008Q,73,70,26930.0,368.9,90.0,70.0,3.0,0.0
Outpatient,0501TR,79,75,26930.0,340.89,100.0,77.0,2.0,0.0
Outpatient,5001RG,118,66,26920.0,228.14,90.0,113.0,5.0,0.0
Outpatient,0725NG,58,47,26900.0,463.79,100.0,58.0,0.0,0.0
Outpatient,1801WK,55,37,26870.0,488.55,100.0,55.0,0.0,0.0
Outpatient,3500AP,98,72,26860.0,274.08,75.0,93.0,4.0,1.0
Outpatient,1100RA,92,48,26850.0,291.85,90.0,91.0,1.0,0.0
Outpatient,0634KA,89,21,26850.0,301.69,70.0,88.0,1.0,0.0
Outpatient,1002AV,70,62,26820.0,383.14,85.0,70.0,0.0,0.0
Outpatient,1934ZA,92,42,26810.0,291.41,60.0,89.0,2.0,1.0
Outpatient,1789RT,60,22,26760.0,446.0,85.0,56.0,4.0,0.0
Outpatient,1119SV,96,38,26750.0,278.65,80.0,92.0,3.0,1.0
Outpatient,4530YJ,120,88,26740.0,222.83,70.0,115.0,3.0,2.0
Outpatient,3200AJ,87,15,26740.0,307.36,80.0,84.0,3.0,0.0
Outpatient,5000JN,79,67,26740.0,338.48,80.0,75.0,4.0,0.0
Outpatient,0400JN,92,58,26700.0,290.22,85.0,86.0,6.0,0.0
Outpatient,4413KR,87,39,26670.0,306.55,70.0,84.0,3.0,0.0
Outpatient,0601HC,83,72,26660.0,321.2,70.0,79.0,4.0,0.0
Outpatient,5213CT,85,62,26650.0,313.53,90.0,85.0,0.0,0.0
Outpatient,2200DC,69,59,26630.0,385.94,80.0,67.0,2.0,0.0
Outpatient,0528DH,90,57,26620.0,295.78,80.0,89.0,1.0,0.0
Outpatient,3813QU,107,37,26600.0,248.6,70.0,106.0,1.0,0.0
Outpatient,1100WH,62,42,26590.0,428.87,80.0,59.0,2.0,1.0
Outpatient,4300HR,102,74,26590.0,260.69,80.0,99.0,3.0,0.0
Outpatient,0101GD,67,56,26560.0,396.42,90.0,65.0,1.0,1.0
Outpatient,04008M,106,66,26550.0,250.47,70.0,101.0,4.0,1.0
Outpatient,0503YN,82,79,26550.0,323.78,80.0,80.0,2.0,0.0
Outpatient,3813KQ,91,32,26530.0,291.54,60.0,88.0,3.0,0.0
Outpatient,1700CK,143,65,26530.0,185.52,60.0,136.0,6.0,1.0
Outpatient,1800HT,155,108,26520.0,171.1,70.0,153.0,1.0,1.0
Outpatient,4400JA,112,37,26510.0,236.7,70.0,109.0,3.0,0.0
Outpatient,5200DG,113,108,26490.0,234.42,70.0,104.0,8.0,1.0
Outpatient,4508CB,90,44,26480.0,294.22,90.0,85.0,5.0,0.0
Outpatient,2300JJ,89,52,26450.0,297.19,70.0,85.0,3.0,1.0
Outpatient,10S1QT,48,34,26420.0,550.42,85.0,45.0,3.0,0.0
Outpatient,2385GG,55,18,26420.0,480.36,80.0,55.0,0.0,0.0
Outpatient,2302DP,74,66,26410.0,356.89,85.0,70.0,4.0,0.0
Outpatient,4501TS,127,104,26400.0,207.87,60.0,118.0,8.0,1.0
Outpatient,4502NS,81,68,26350.0,325.31,80.0,80.0,1.0,0.0
Outpatient,10026U,114,83,26350.0,231.14,70.0,111.0,3.0,0.0
Outpatient,0300BB,113,84,26350.0,233.19,80.0,106.0,5.0,2.0
Outpatient,0725JB,70,53,26340.0,376.29,85.0,69.0,1.0,0.0
Outpatient,2013NQ,110,35,26340.0,239.45,80.0,105.0,4.0,1.0
Outpatient,3302HG,59,45,26300.0,445.76,70.0,58.0,1.0,0.0
Outpatient,0500AC,97,94,26290.0,271.03,80.0,92.0,3.0,2.0
Outpatient,4513WS,81,27,26290.0,324.57,70.0,77.0,4.0,0.0
Outpatient,5125YR,72,36,26190.0,363.75,80.0,68.0,4.0,0.0
Outpatient,3301PQ,75,75,26180.0,349.07,70.0,71.0,3.0,1.0
Outpatient,2585ZP,73,29,26170.0,358.49,90.0,70.0,2.0,1.0
Outpatient,4500ZQ,74,63,26130.0,353.11,90.0,72.0,2.0,0.0
Outpatient,1002WH,108,104,26120.0,241.85,65.0,106.0,2.0,0.0
Outpatient,2500MC,73,41,26120.0,357.81,90.0,69.0,4.0,0.0
Outpatient,1025XV,90,66,26100.0,290.0,80.0,88.0,2.0,0.0
Outpatient,26258N,77,66,26070.0,338.57,70.0,72.0,5.0,0.0
Outpatient,1101BN,97,80,26040.0,268.45,80.0,94.0,2.0,1.0
Outpatient,5525UH,78,64,26030.0,333.72,70.0,74.0,4.0,0.0
Outpatient,2400CN,84,72,26030.0,309.88,80.0,81.0,2.0,1.0
Outpatient,2613KQ,118,58,26020.0,220.51,80.0,114.0,4.0,0.0
Outpatient,4400CR,57,44,26020.0,456.49,80.0,54.0,3.0,0.0
Outpatient,1300CN,109,83,25990.0,238.44,80.0,103.0,6.0,0.0
Outpatient,2900QD,94,83,25990.0,276.49,80.0,90.0,3.0,1.0
Outpatient,0400NR,127,101,25990.0,204.65,60.0,121.0,4.0,2.0
Outpatient,44016P,120,81,25940.0,216.17,70.0,113.0,7.0,0.0
Outpatient,0503AR,97,80,25920.0,267.22,70.0,93.0,4.0,0.0
Outpatient,0200DA,41,36,25900.0,631.71,200.0,40.0,1.0,0.0
Outpatient,2500YK,90,47,25890.0,287.67,90.0,88.0,1.0,1.0
Outpatient,2230XR,91,70,25880.0,284.4,60.0,87.0,4.0,0.0
Outpatient,0300YM,85,82,25880.0,304.47,70.0,73.0,12.0,0.0
Outpatient,1902MA,113,66,25860.0,228.85,70.0,107.0,5.0,1.0
Outpatient,2913CA,23,5,25780.0,1120.87,900.0,23.0,0.0,0.0
Outpatient,1419CA,56,20,25760.0,460.0,100.0,56.0,0.0,0.0
Outpatient,1813YA,89,48,25760.0,289.44,90.0,86.0,3.0,0.0
Outpatient,2313BR,94,33,25760.0,274.04,80.0,92.0,2.0,0.0
Outpatient,3713MD,89,23,25750.0,289.33,80.0,87.0,2.0,0.0
Outpatient,2413TT,154,36,25750.0,167.21,60.0,147.0,5.0,2.0
Outpatient,2300QA,98,81,25650.0,261.73,70.0,94.0,4.0,0.0
Outpatient,5202NV,101,74,25650.0,253.96,60.0,93.0,7.0,1.0
Outpatient,0700YC,88,83,25640.0,291.36,80.0,86.0,2.0,0.0
Outpatient,3700NR,119,49,25640.0,215.46,70.0,112.0,7.0,0.0
Outpatient,2601ST,71,55,25630.0,360.99,70.0,67.0,4.0,0.0
Outpatient,4525VH,64,36,25610.0,400.16,75.0,61.0,3.0,0.0
Outpatient,0505TB,105,70,25610.0,243.9,80.0,102.0,2.0,1.0
Outpatient,31008T,68,64,25590.0,376.32,95.0,67.0,1.0,0.0
Outpatient,2220TG,71,66,25590.0,360.42,90.0,70.0,1.0,0.0
Outpatient,4400BA,105,26,25590.0,243.71,60.0,92.0,12.0,1.0
Outpatient,2330MM,114,103,25550.0,224.12,60.0,109.0,4.0,1.0
Outpatient,2301ZN,101,94,25520.0,252.67,70.0,93.0,7.0,1.0
Outpatient,5013ZC,101,43,25500.0,252.48,80.0,97.0,4.0,0.0
Outpatient,4400TC,98,72,25500.0,260.2,60.0,97.0,1.0,0.0
Outpatient,0100KM,110,76,25480.0,231.64,70.0,105.0,5.0,0.0
Outpatient,3401GP,64,57,25460.0,397.81,80.0,62.0,2.0,0.0
Outpatient,01006V,94,82,25450.0,270.74,70.0,91.0,3.0,0.0
Outpatient,0300HH,51,26,25450.0,499.02,90.0,48.0,3.0,0.0
Outpatient,0501ZR,81,79,25430.0,313.95,80.0,74.0,7.0,0.0
Outpatient,1001WT,121,73,25400.0,209.92,70.0,115.0,4.0,2.0
Outpatient,4501DK,92,22,25370.0,275.76,70.0,89.0,3.0,0.0
Outpatient,0503QR,89,74,25350.0,284.83,80.0,81.0,6.0,2.0
Outpatient,45006R,42,28,25350.0,603.57,100.0,41.0,1.0,0.0
Outpatient,3913RN,67,10,25320.0,377.91,100.0,65.0,2.0,0.0
Outpatient,4508PV,72,61,25290.0,351.25,80.0,69.0,3.0,0.0
Outpatient,0502SU,96,91,25290.0,263.44,80.0,92.0,4.0,0.0
Outpatient,3713TD,68,29,25230.0,371.03,100.0,65.0,3.0,0.0
Outpatient,3300MK,104,88,25210.0,242.4,80.0,104.0,0.0,0.0
Outpatient,5000AM,112,88,25200.0,225.0,75.0,106.0,6.0,0.0
Outpatient,4425JV,72,62,25190.0,349.86,75.0,70.0,2.0,0.0
Outpatient,3601HV,98,21,25190.0,257.04,80.0,98.0,0.0,0.0
Outpatient,4513KU,60,17,25140.0,419.0,90.0,58.0,2.0,0.0
Outpatient,3200AR,91,52,25120.0,276.04,90.0,89.0,1.0,1.0
Outpatient,0518WU,65,43,25120.0,386.46,90.0,62.0,3.0,0.0
Outpatient,47008S,83,65,25110.0,302.53,90.0,82.0,1.0,0.0
Outpatient,3702GV,84,59,25100.0,298.81,70.0,80.0,4.0,0.0
Outpatient,0100WB,78,38,25070.0,321.41,75.0,73.0,4.0,1.0
Outpatient,4500ZH,95,80,25070.0,263.89,70.0,88.0,6.0,1.0
Outpatient,10016R,104,101,25060.0,240.96,80.0,99.0,5.0,0.0
Outpatient,4900JT,123,68,24990.0,203.17,70.0,117.0,6.0,0.0
Outpatient,5113UA,77,33,24990.0,324.55,70.0,74.0,2.0,1.0
Outpatient,1400SH,92,39,24960.0,271.3,80.0,89.0,3.0,0.0
Outpatient,1000NN,117,110,24960.0,213.33,80.0,116.0,1.0,0.0
Outpatient,5213XT,112,48,24950.0,222.77,80.0,107.0,5.0,0.0
Outpatient,1400NR,111,30,24950.0,224.77,80.0,106.0,5.0,0.0
Outpatient,0100JK,128,68,24950.0,194.92,60.0,125.0,3.0,0.0
Outpatient,4505MS,99,65,24940.0,251.92,70.0,92.0,6.0,1.0
Outpatient,1002SS,79,79,24920.0,315.44,100.0,77.0,1.0,1.0
Outpatient,4001AQ,72,39,24910.0,345.97,75.0,71.0,1.0,0.0
Outpatient,1613SC,57,19,24910.0,437.02,100.0,55.0,2.0,0.0
Outpatient,52016B,88,60,24910.0,283.07,65.0,84.0,4.0,0.0
Outpatient,2300CK,77,68,24900.0,323.38,70.0,77.0,0.0,0.0
Outpatient,5201SV,72,61,24900.0,345.83,80.0,69.0,3.0,0.0
Outpatient,5000NR,77,42,24880.0,323.12,80.0,75.0,1.0,1.0
Outpatient,6725QU,40,19,24870.0,621.75,100.0,38.0,2.0,0.0
Outpatient,2513MB,64,37,24800.0,387.5,70.0,63.0,1.0,0.0
Outpatient,0101UU,95,73,24740.0,260.42,80.0,92.0,3.0,0.0
Outpatient,2000VP,96,84,24740.0,257.71,60.0,94.0,2.0,0.0
Outpatient,5000BD,104,28,24740.0,237.88,65.0,101.0,3.0,0.0
Outpatient,1002AH,73,69,24700.0,338.36,100.0,71.0,2.0,0.0
Outpatient,2713VB,69,29,24700.0,357.97,80.0,65.0,4.0,0.0
Outpatient,4100KP,105,102,24680.0,235.05,70.0,99.0,5.0,1.0
Outpatient,2300ZN,92,75,24670.0,268.15,70.0,90.0,2.0,0.0
Outpatient,0413CP,93,54,24670.0,265.27,60.0,85.0,8.0,0.0
Outpatient,3625NH,91,68,24660.0,270.99,80.0,84.0,7.0,0.0
Outpatient,4401AQ,104,37,24640.0,236.92,80.0,100.0,4.0,0.0
Outpatient,05016C,61,45,24590.0,403.11,70.0,58.0,3.0,0.0
Outpatient,4401XK,81,20,24590.0,303.58,80.0,78.0,3.0,0.0
Outpatient,0506KJ,78,75,24560.0,314.87,80.0,77.0,1.0,0.0
Outpatient,37006K,74,63,24550.0,331.76,80.0,70.0,4.0,0.0
Outpatient,2700PU,82,73,24550.0,299.39,70.0,82.0,0.0,0.0
Outpatient,5013XA,99,57,24520.0,247.68,80.0,94.0,5.0,0.0
Outpatient,1000BA,94,91,24490.0,260.53,80.0,91.0,3.0,0.0
Outpatient,2600ZM,65,54,24480.0,376.62,70.0,62.0,1.0,2.0
Outpatient,1400DQ,71,63,24460.0,344.51,100.0,66.0,5.0,0.0
Outpatient,1100CR,54,42,24450.0,452.78,100.0,53.0,1.0,0.0
Outpatient,1613ND,95,50,24450.0,257.37,80.0,90.0,5.0,0.0
Outpatient,3513TM,77,24,24430.0,317.27,80.0,74.0,3.0,0.0
Outpatient,27006D,85,67,24420.0,287.29,70.0,80.0,5.0,0.0
Outpatient,0300ZU,77,70,24410.0,317.01,80.0,73.0,4.0,0.0
Outpatient,1102ZA,77,47,24400.0,316.88,80.0,74.0,3.0,0.0
Outpatient,1100XJ,117,106,24370.0,208.29,80.0,113.0,4.0,0.0
Outpatient,4528SC,78,69,24360.0,312.31,80.0,77.0,1.0,0.0
Outpatient,3626MJ,98,54,24360.0,248.57,75.0,93.0,4.0,1.0
Outpatient,3100AT,57,55,24350.0,427.19,90.0,57.0,0.0,0.0
Outpatient,3426ND,106,68,24340.0,229.62,70.0,100.0,6.0,0.0
Outpatient,1901YV,66,52,24330.0,368.64,100.0,64.0,2.0,0.0
Outpatient,0700MT,102,92,24310.0,238.33,70.0,95.0,7.0,0.0
Outpatient,3200ZP,129,37,24250.0,187.98,70.0,123.0,5.0,1.0
Outpatient,2313HP,76,34,24250.0,319.08,70.0,73.0,3.0,0.0
Outpatient,1865MQ,94,20,24230.0,257.77,75.0,90.0,3.0,1.0
Outpatient,2900DQ,74,73,24220.0,327.3,70.0,73.0,1.0,0.0
Outpatient,3301QJ,92,88,24220.0,263.26,70.0,85.0,6.0,1.0
Outpatient,5201AC,81,69,24200.0,298.77,70.0,80.0,1.0,0.0
Outpatient,0400DH,93,70,24200.0,260.22,60.0,84.0,9.0,0.0
Outpatient,4000YA,99,79,24160.0,244.04,70.0,93.0,6.0,0.0
Outpatient,4200JM,121,34,24140.0,199.5,70.0,115.0,6.0,0.0
Outpatient,0505QU,61,58,24130.0,395.57,60.0,59.0,1.0,1.0
Outpatient,2613QG,80,19,24090.0,301.13,70.0,76.0,4.0,0.0
Outpatient,3401AR,106,83,24080.0,227.17,70.0,102.0,3.0,1.0
Outpatient,4501ZS,73,67,24050.0,329.45,100.0,69.0,3.0,1.0
Outpatient,2301WR,72,62,24030.0,333.75,90.0,68.0,3.0,1.0
Outpatient,5200DU,95,79,24030.0,252.95,80.0,92.0,3.0,0.0
Outpatient,2200TT,68,45,24030.0,353.38,70.0,65.0,3.0,0.0
Outpatient,2013JM,84,57,24020.0,285.95,85.0,79.0,5.0,0.0
Outpatient,0100TU,83,77,23990.0,289.04,70.0,78.0,5.0,0.0
Outpatient,2600XR,74,45,23990.0,324.19,80.0,68.0,6.0,0.0
Outpatient,4200JS,96,66,23990.0,249.9,70.0,92.0,3.0,1.0
Outpatient,1500ZV,92,71,23980.0,260.65,70.0,85.0,6.0,1.0
Outpatient,3902BJ,83,53,23960.0,288.67,80.0,80.0,3.0,0.0
Outpatient,4600GH,84,38,23960.0,285.24,70.0,82.0,2.0,0.0
Outpatient,4401JR,98,59,23940.0,244.29,80.0,94.0,3.0,1.0
Outpatient,0700PP,83,81,23930.0,288.31,60.0,79.0,2.0,2.0
Outpatient,1400JU,120,56,23930.0,199.42,70.0,113.0,7.0,0.0
Outpatient,3100YV,93,89,23910.0,257.1,60.0,88.0,4.0,1.0
Outpatient,1600WS,93,66,23910.0,257.1,70.0,88.0,5.0,0.0
Outpatient,2313TD,128,42,23890.0,186.64,80.0,121.0,6.0,1.0
Outpatient,1113CH,88,40,23850.0,271.02,75.0,86.0,2.0,0.0
Outpatient,1500WK,89,79,23830.0,267.75,70.0,88.0,1.0,0.0
Outpatient,0523HH,97,59,23810.0,245.46,70.0,97.0,0.0,0.0
Outpatient,5213GV,43,14,23760.0,552.56,200.0,42.0,1.0,0.0
Outpatient,5213BC,113,83,23740.0,210.09,70.0,106.0,7.0,0.0
Outpatient,3425AU,106,70,23710.0,223.68,65.0,102.0,4.0,0.0
Outpatient,1800QU,77,64,23700.0,307.79,60.0,72.0,4.0,1.0
Outpatient,1902UB,68,65,23700.0,348.53,65.0,62.0,6.0,0.0
Outpatient,0506AU,62,47,23680.0,381.94,75.0,60.0,2.0,0.0
Outpatient,1225AV,76,61,23670.0,311.45,80.0,72.0,3.0,1.0
Outpatient,0825HH,105,73,23660.0,225.33,70.0,100.0,4.0,1.0
Outpatient,2800ZD,58,34,23650.0,407.76,100.0,57.0,1.0,0.0
Outpatient,3600SM,97,79,23630.0,243.61,60.0,93.0,4.0,0.0
Outpatient,2813PD,66,8,23620.0,357.88,100.0,64.0,2.0,0.0
Outpatient,18256P,85,71,23600.0,277.65,70.0,78.0,6.0,1.0
Outpatient,2813CA,56,16,23600.0,421.43,80.0,56.0,0.0,0.0
Outpatient,1001YP,49,41,23580.0,481.22,70.0,49.0,0.0,0.0
Outpatient,5113GQ,59,25,23560.0,399.32,70.0,58.0,1.0,0.0
Outpatient,0501KQ,65,62,23560.0,362.46,100.0,64.0,1.0,0.0
Outpatient,1765ND,65,32,23550.0,362.31,100.0,64.0,1.0,0.0
Outpatient,1002UN,72,72,23540.0,326.94,90.0,66.0,5.0,1.0
Outpatient,4401NN,122,111,23510.0,192.7,60.0,121.0,1.0,0.0
Outpatient,1100VG,151,33,23480.0,155.5,60.0,147.0,4.0,0.0
Outpatient,3135VM,92,73,23460.0,255.0,80.0,91.0,1.0,0.0
Outpatient,1401YC,79,75,23450.0,296.84,90.0,76.0,3.0,0.0
Outpatient,2200CK,65,63,23400.0,360.0,90.0,64.0,1.0,0.0
Outpatient,4508AH,94,81,23380.0,248.72,90.0,86.0,6.0,2.0
Outpatient,05026A,92,81,23330.0,253.59,70.0,91.0,1.0,0.0
Outpatient,1000BJ,55,27,23330.0,424.18,80.0,54.0,1.0,0.0
Outpatient,2513QG,81,28,23330.0,288.02,80.0,78.0,2.0,1.0
Outpatient,1101DA,69,59,23310.0,337.83,90.0,67.0,2.0,0.0
Outpatient,5200NH,83,78,23300.0,280.72,70.0,80.0,3.0,0.0
Outpatient,1001JD,58,49,23300.0,401.72,85.0,53.0,4.0,1.0
Outpatient,2500PU,105,15,23280.0,221.71,80.0,102.0,3.0,0.0
Outpatient,4507RN,96,47,23270.0,242.4,70.0,90.0,6.0,0.0
Outpatient,33018R,73,69,23270.0,318.77,80.0,72.0,1.0,0.0
Outpatient,5213UQ,71,35,23270.0,327.75,60.0,69.0,2.0,0.0
Outpatient,1725JT,58,20,23260.0,401.03,100.0,56.0,2.0,0.0
Outpatient,5213QB,97,60,23250.0,239.69,70.0,94.0,3.0,0.0
Outpatient,1701TU,78,54,23240.0,297.95,100.0,76.0,2.0,0.0
Outpatient,4900QK,97,33,23240.0,239.59,70.0,92.0,5.0,0.0
Outpatient,0825CC,109,41,23240.0,213.21,60.0,106.0,3.0,0.0
Outpatient,43136S,77,24,23210.0,301.43,70.0,73.0,4.0,0.0
Outpatient,26138U,125,24,23200.0,185.6,70.0,122.0,3.0,0.0
Outpatient,0600CD,94,83,23190.0,246.7,80.0,92.0,2.0,0.0
Outpatient,1600TP,71,66,23150.0,326.06,90.0,70.0,1.0,0.0
Outpatient,3100WT,102,100,23150.0,226.96,80.0,95.0,5.0,2.0
Outpatient,3600KM,78,46,23130.0,296.54,80.0,77.0,1.0,0.0
Outpatient,2713CU,85,48,23120.0,272.0,60.0,82.0,3.0,0.0
Outpatient,1634NU,91,13,23090.0,253.74,70.0,87.0,4.0,0.0
Outpatient,5113CN,83,37,23090.0,278.19,80.0,79.0,3.0,1.0
Outpatient,5213PA,93,49,23090.0,248.28,70.0,87.0,5.0,1.0
Outpatient,34008M,87,77,23090.0,265.4,90.0,83.0,4.0,0.0
Outpatient,3302GT,26,14,23090.0,888.08,500.0,26.0,0.0,0.0
Outpatient,3400UJ,96,66,23080.0,240.42,70.0,94.0,2.0,0.0
Outpatient,3420KJ,73,67,23070.0,316.03,80.0,68.0,5.0,0.0
Outpatient,3425KA,109,63,23070.0,211.65,60.0,103.0,6.0,0.0
Outpatient,1813XV,125,38,23050.0,184.4,70.0,121.0,4.0,0.0
Outpatient,4918HJ,92,29,23030.0,250.33,80.0,85.0,6.0,1.0
Outpatient,4401HP,92,83,23000.0,250.0,70.0,90.0,2.0,0.0
Outpatient,3913PK,120,25,23000.0,191.67,60.0,114.0,6.0,0.0
Outpatient,3300GM,98,93,23000.0,234.69,65.0,93.0,3.0,2.0
Outpatient,05006B,78,77,23000.0,294.87,75.0,75.0,3.0,0.0
Outpatient,0300AQ,68,34,22980.0,337.94,80.0,66.0,2.0,0.0
Outpatient,0400WD,128,73,22920.0,179.06,60.0,116.0,12.0,0.0
Outpatient,1001UR,76,74,22900.0,301.32,80.0,68.0,8.0,0.0
Outpatient,1713YU,104,29,22850.0,219.71,70.0,95.0,8.0,1.0
Outpatient,3901YB,86,77,22810.0,265.23,65.0,82.0,4.0,0.0
Outpatient,2200HG,98,79,22780.0,232.45,60.0,96.0,1.0,1.0
Outpatient,0502QC,80,71,22780.0,284.75,80.0,77.0,3.0,0.0
Outpatient,3400WM,119,103,22770.0,191.34,60.0,111.0,7.0,1.0
Outpatient,0300AA,81,26,22770.0,281.11,80.0,79.0,2.0,0.0
Outpatient,4713KR,96,85,22760.0,237.08,60.0,90.0,6.0,0.0
Outpatient,2201UG,63,59,22750.0,361.11,70.0,61.0,1.0,1.0
Outpatient,4502PT,82,74,22750.0,277.44,80.0,82.0,0.0,0.0
Outpatient,3400DH,70,57,22740.0,324.86,70.0,65.0,5.0,0.0
Outpatient,3702VR,78,58,22730.0,291.41,65.0,74.0,4.0,0.0
Outpatient,4425XV,77,26,22700.0,294.81,80.0,75.0,2.0,0.0
Outpatient,0510GP,76,49,22690.0,298.55,90.0,76.0,0.0,0.0
Outpatient,3901DR,88,87,22690.0,257.84,80.0,85.0,2.0,1.0
Outpatient,0503TG,56,50,22670.0,404.82,90.0,53.0,3.0,0.0
Outpatient,2200YS,112,109,22670.0,202.41,80.0,107.0,4.0,1.0
Outpatient,1623CR,55,29,22650.0,411.82,90.0,53.0,2.0,0.0
Outpatient,3426YM,49,33,22640.0,462.04,80.0,47.0,1.0,1.0
Outpatient,1600NH,73,36,22640.0,310.14,80.0,66.0,7.0,0.0
Outpatient,2201JB,91,87,22600.0,248.35,90.0,90.0,1.0,0.0
Outpatient,4401DM,114,98,22590.0,198.16,80.0,109.0,4.0,1.0
Outpatient,3000RN,62,59,22580.0,364.19,85.0,58.0,4.0,0.0
Outpatient,0700DC,74,69,22560.0,304.86,90.0,71.0,3.0,0.0
Outpatient,3600TN,69,65,22560.0,326.96,80.0,67.0,2.0,0.0
Outpatient,1925BP,66,19,22520.0,341.21,100.0,64.0,2.0,0.0
Outpatient,3304NA,84,38,22500.0,267.86,70.0,79.0,5.0,0.0
Outpatient,1027PK,51,35,22490.0,440.98,90.0,50.0,0.0,1.0
Outpatient,1438DV,52,10,22460.0,431.92,95.0,49.0,3.0,0.0
Outpatient,3326NH,96,74,22420.0,233.54,90.0,94.0,2.0,0.0
Outpatient,4506WS,72,40,22390.0,310.97,70.0,72.0,0.0,0.0
Outpatient,0503AJ,77,74,22380.0,290.65,80.0,68.0,7.0,2.0
Outpatient,37028B,65,55,22380.0,344.31,60.0,63.0,2.0,0.0
Outpatient,0100BR,47,22,22380.0,476.17,70.0,44.0,3.0,0.0
Outpatient,45088H,102,76,22350.0,219.12,65.0,97.0,4.0,1.0
Outpatient,2600SK,79,63,22340.0,282.78,60.0,77.0,2.0,0.0
Outpatient,3613HU,74,26,22320.0,301.62,100.0,71.0,3.0,0.0
Outpatient,3902QA,86,78,22280.0,259.07,85.0,82.0,4.0,0.0
Outpatient,0700RR,77,74,22230.0,288.7,70.0,75.0,2.0,0.0
Outpatient,4501ZC,82,76,22230.0,271.1,80.0,81.0,0.0,1.0
Outpatient,0100TN,63,43,22220.0,352.7,100.0,62.0,1.0,0.0
Outpatient,1002HG,77,77,22210.0,288.44,70.0,77.0,0.0,0.0
Outpatient,0500RU,52,51,22210.0,427.12,100.0,50.0,2.0,0.0
Outpatient,1113MR,129,44,22200.0,172.09,70.0,125.0,3.0,1.0
Outpatient,3013GK,84,63,22190.0,264.17,65.0,82.0,2.0,0.0
Outpatient,4600KN,93,79,22190.0,238.6,90.0,92.0,1.0,0.0
Outpatient,1825BA,79,64,22180.0,280.76,60.0,76.0,3.0,0.0
Outpatient,1925UK,76,34,22180.0,291.84,70.0,72.0,3.0,1.0
Outpatient,0300VQ,94,90,22150.0,235.64,60.0,90.0,4.0,0.0
Outpatient,3100VM,79,78,22150.0,280.38,80.0,77.0,2.0,0.0
Outpatient,0413PC,66,25,22130.0,335.3,75.0,65.0,1.0,0.0
Outpatient,52006Q,95,66,22130.0,232.95,80.0,91.0,4.0,0.0
Outpatient,3800YA,108,106,22120.0,204.81,80.0,105.0,3.0,0.0
Outpatient,0825PQ,60,51,22120.0,368.67,85.0,57.0,3.0,0.0
Outpatient,0513GG,97,91,22120.0,228.04,70.0,91.0,5.0,1.0
Outpatient,4503MS,82,59,22100.0,269.51,70.0,78.0,4.0,0.0
Outpatient,0301TK,85,67,22050.0,259.41,70.0,84.0,1.0,0.0
Outpatient,0400HK,106,84,22050.0,208.02,70.0,104.0,2.0,0.0
Outpatient,37016G,68,17,22030.0,323.97,50.0,65.0,3.0,0.0
Outpatient,3000PK,86,75,22020.0,256.05,60.0,86.0,0.0,0.0
Outpatient,5200ZH,101,40,22010.0,217.92,70.0,93.0,7.0,1.0
Outpatient,40016V,49,30,21980.0,448.57,90.0,47.0,2.0,0.0
Outpatient,2813GS,78,12,21950.0,281.41,85.0,76.0,2.0,0.0
Outpatient,1800SJ,68,45,21950.0,322.79,80.0,66.0,1.0,1.0
Outpatient,0501KH,77,77,21940.0,284.94,70.0,76.0,1.0,0.0
Outpatient,0600MG,51,38,21930.0,430.0,90.0,51.0,0.0,0.0
Outpatient,0504CQ,75,72,21930.0,292.4,90.0,72.0,2.0,1.0
Outpatient,22006G,112,111,21910.0,195.63,70.0,106.0,4.0,2.0
Outpatient,0500GR,45,43,21910.0,486.89,80.0,40.0,5.0,0.0
Outpatient,2630UG,92,83,21900.0,238.04,60.0,84.0,8.0,0.0
Outpatient,2413KS,102,45,21860.0,214.31,60.0,99.0,3.0,0.0
Outpatient,1402HN,73,68,21860.0,299.45,70.0,69.0,4.0,0.0
Outpatient,2100JM,76,33,21860.0,287.63,70.0,72.0,4.0,0.0
Outpatient,4226HN,99,42,21850.0,220.71,80.0,97.0,2.0,0.0
Outpatient,0505DJ,77,72,21850.0,283.77,90.0,74.0,3.0,0.0
Outpatient,3701WJ,55,45,21850.0,397.27,80.0,54.0,1.0,0.0
Outpatient,3302CB,51,50,21850.0,428.43,90.0,49.0,2.0,0.0
Outpatient,1900QB,87,66,21840.0,251.03,100.0,85.0,2.0,0.0
Outpatient,4425TR,76,43,21820.0,287.11,80.0,72.0,4.0,0.0
Outpatient,5100WQ,78,58,21810.0,279.62,60.0,76.0,1.0,1.0
Outpatient,4504CG,90,83,21760.0,241.78,70.0,85.0,5.0,0.0
Outpatient,4613JR,69,17,21740.0,315.07,60.0,66.0,3.0,0.0
Outpatient,3900CA,77,61,21720.0,282.08,80.0,75.0,2.0,0.0
Outpatient,4500YG,71,57,21680.0,305.35,60.0,69.0,2.0,0.0
Outpatient,2613PD,96,19,21660.0,225.63,80.0,91.0,5.0,0.0
Outpatient,2601VA,84,60,21660.0,257.86,85.0,80.0,4.0,0.0
Outpatient,1900WK,54,27,21630.0,400.56,85.0,52.0,2.0,0.0
Outpatient,3400RN,118,112,21620.0,183.22,75.0,114.0,4.0,0.0
Outpatient,3700JN,121,66,21620.0,178.68,70.0,116.0,5.0,0.0
Outpatient,3401RS,120,92,21610.0,180.08,70.0,117.0,3.0,0.0
Outpatient,2085GG,87,31,21610.0,248.39,70.0,83.0,4.0,0.0
Outpatient,3301NP,63,57,21600.0,342.86,80.0,61.0,2.0,0.0
Outpatient,2200ND,54,48,21590.0,399.81,95.0,53.0,1.0,0.0
Outpatient,3326NV,73,53,21560.0,295.34,80.0,67.0,6.0,0.0
Outpatient,1900HH,83,63,21530.0,259.4,70.0,78.0,5.0,0.0
Outpatient,3101DG,34,31,21510.0,632.65,100.0,33.0,1.0,0.0
Outpatient,1700PP,52,37,21490.0,413.27,85.0,52.0,0.0,0.0
Outpatient,3602GC,53,51,21480.0,405.28,80.0,52.0,1.0,0.0
Outpatient,3302PP,99,84,21480.0,216.97,60.0,93.0,6.0,0.0
Outpatient,3302TT,48,46,21470.0,447.29,85.0,48.0,0.0,0.0
Outpatient,4100DH,65,63,21440.0,329.85,100.0,64.0,1.0,0.0
Outpatient,3300UD,81,76,21440.0,264.69,80.0,79.0,2.0,0.0
Outpatient,4400WA,76,69,21420.0,281.84,90.0,75.0,0.0,1.0
Outpatient,1401HG,80,68,21410.0,267.63,80.0,78.0,2.0,0.0
Outpatient,3418AS,66,33,21390.0,324.09,70.0,63.0,1.0,2.0
Outpatient,4500YP,72,61,21390.0,297.08,60.0,69.0,3.0,0.0
Outpatient,0500JN,72,65,21390.0,297.08,90.0,69.0,3.0,0.0
Outpatient,1513BA,88,27,21370.0,242.84,60.0,85.0,3.0,0.0
Outpatient,3303WR,85,79,21370.0,251.41,60.0,79.0,4.0,2.0
Outpatient,3601UP,30,17,21360.0,712.0,100.0,29.0,1.0,0.0
Outpatient,1713NH,37,29,21340.0,576.76,80.0,34.0,3.0,0.0
Outpatient,3700VS,33,17,21320.0,646.06,80.0,33.0,0.0,0.0
Outpatient,1501XU,92,53,21300.0,231.52,70.0,90.0,2.0,0.0
Outpatient,4508MM,101,86,21290.0,210.79,70.0,94.0,7.0,0.0
Outpatient,5201QT,91,70,21280.0,233.85,80.0,84.0,7.0,0.0
Outpatient,0500SP,50,47,21270.0,425.4,100.0,50.0,0.0,0.0
Outpatient,3400SV,72,61,21260.0,295.28,80.0,67.0,5.0,0.0
Outpatient,3301YT,58,39,21230.0,366.03,80.0,54.0,4.0,0.0
Outpatient,0100GP,62,43,21220.0,342.26,95.0,61.0,1.0,0.0
Outpatient,4300ZQ,70,50,21220.0,303.14,60.0,66.0,4.0,0.0
Outpatient,1100XA,60,22,21220.0,353.67,75.0,56.0,4.0,0.0
Outpatient,3425TK,100,42,21190.0,211.9,70.0,92.0,8.0,0.0
Outpatient,5300VG,87,18,21140.0,242.99,60.0,84.0,3.0,0.0
Outpatient,5023RT,102,27,21140.0,207.25,60.0,96.0,5.0,1.0
Outpatient,0100AA,91,59,21130.0,232.2,80.0,89.0,1.0,1.0
Outpatient,3401TU,86,74,21120.0,245.58,70.0,81.0,5.0,0.0
Outpatient,2313PV,62,59,21120.0,340.65,85.0,61.0,1.0,0.0
Outpatient,3813UC,72,26,21060.0,292.5,95.0,69.0,3.0,0.0
Outpatient,3302QQ,83,81,21050.0,253.61,80.0,82.0,1.0,0.0
Outpatient,4313UK,43,8,21050.0,489.53,80.0,43.0,0.0,0.0
Outpatient,3513ZT,75,24,21030.0,280.4,60.0,74.0,1.0,0.0
Outpatient,1025ZK,40,26,21020.0,525.5,100.0,37.0,2.0,1.0
Outpatient,2413HV,62,38,21020.0,339.03,90.0,60.0,1.0,1.0
Outpatient,1101WN,74,33,21000.0,283.78,90.0,73.0,1.0,0.0
Outpatient,0501RG,78,71,21000.0,269.23,80.0,75.0,3.0,0.0
Outpatient,36008Q,88,82,20930.0,237.84,60.0,80.0,8.0,0.0
Outpatient,0501QU,47,46,20920.0,445.11,80.0,46.0,1.0,0.0
Outpatient,6866BK,98,72,20900.0,213.27,65.0,88.0,9.0,1.0
Outpatient,2601QR,96,86,20890.0,217.6,70.0,92.0,4.0,0.0
Outpatient,0413GB,91,40,20870.0,229.34,70.0,86.0,5.0,0.0
Outpatient,3500YK,76,43,20860.0,274.47,65.0,73.0,3.0,0.0
Outpatient,3300SJ,77,71,20830.0,270.52,90.0,72.0,4.0,1.0
Outpatient,2713SU,59,26,20730.0,351.36,80.0,57.0,1.0,1.0
Outpatient,3800BU,63,59,20730.0,329.05,90.0,60.0,3.0,0.0
Outpatient,4401CB,45,25,20700.0,460.0,80.0,43.0,2.0,0.0
Outpatient,3813VT,71,33,20690.0,291.41,80.0,68.0,3.0,0.0
Outpatient,4900WC,77,33,20690.0,268.7,80.0,73.0,4.0,0.0
Outpatient,3700AM,78,68,20680.0,265.13,80.0,73.0,5.0,0.0
Outpatient,1500YU,66,48,20660.0,313.03,75.0,64.0,2.0,0.0
Outpatient,0503WK,78,54,20660.0,264.87,80.0,78.0,0.0,0.0
Outpatient,3701UG,56,51,20640.0,368.57,80.0,55.0,1.0,0.0
Outpatient,5100AV,64,54,20600.0,321.88,60.0,60.0,4.0,0.0
Outpatient,0700GD,61,53,20600.0,337.7,80.0,60.0,1.0,0.0
Outpatient,3603JK,62,51,20590.0,332.1,70.0,57.0,4.0,1.0
Outpatient,1000QQ,91,89,20570.0,226.04,80.0,84.0,6.0,1.0
Outpatient,2900SV,66,65,20560.0,311.52,70.0,63.0,3.0,0.0
Outpatient,3900QG,67,63,20550.0,306.72,90.0,67.0,0.0,0.0
Outpatient,3302QV,54,51,20540.0,380.37,70.0,53.0,1.0,0.0
Outpatient,3100UR,60,52,20530.0,342.17,85.0,57.0,3.0,0.0
Outpatient,0500CG,67,57,20530.0,306.42,60.0,63.0,4.0,0.0
Outpatient,4025VQ,84,34,20510.0,244.17,75.0,82.0,2.0,0.0
Outpatient,4526KA,65,59,20500.0,315.38,100.0,61.0,3.0,1.0
Outpatient,0505ZK,65,60,20490.0,315.23,90.0,64.0,1.0,0.0
Outpatient,3418DV,74,32,20460.0,276.49,80.0,73.0,1.0,0.0
Outpatient,1413WV,94,29,20440.0,217.45,65.0,90.0,4.0,0.0
Outpatient,1926YS,34,8,20410.0,600.29,100.0,34.0,0.0,0.0
Outpatient,0100RS,63,28,20380.0,323.49,90.0,61.0,1.0,1.0
Outpatient,4100BD,53,45,20340.0,383.77,80.0,51.0,2.0,0.0
Outpatient,5139XA,76,15,20330.0,267.5,60.0,71.0,5.0,0.0
Outpatient,1113ZB,64,21,20330.0,317.66,75.0,62.0,2.0,0.0
Outpatient,3300VG,92,77,20320.0,220.87,60.0,86.0,6.0,0.0
Outpatient,3400AC,91,67,20270.0,222.75,80.0,87.0,4.0,0.0
Outpatient,4526UM,52,47,20270.0,389.81,60.0,52.0,0.0,0.0
Outpatient,0504JP,42,38,20260.0,482.38,60.0,40.0,1.0,1.0
Outpatient,2500QH,88,75,20230.0,229.89,90.0,85.0,3.0,0.0
Outpatient,1900TG,48,44,20230.0,421.46,100.0,47.0,0.0,1.0
Outpatient,0600DG,57,47,20200.0,354.39,60.0,55.0,2.0,0.0
Outpatient,3326HA,72,55,20190.0,280.42,75.0,70.0,2.0,0.0
Outpatient,05046M,69,48,20180.0,292.46,70.0,67.0,2.0,0.0
Outpatient,5039XV,74,37,20160.0,272.43,70.0,72.0,2.0,0.0
Outpatient,45008S,78,32,20160.0,258.46,80.0,74.0,4.0,0.0
Outpatient,4525ZT,101,26,20150.0,199.5,70.0,96.0,5.0,0.0
Outpatient,0501ZB,47,46,20100.0,427.66,100.0,45.0,2.0,0.0
Outpatient,1613KR,64,19,20090.0,313.91,80.0,61.0,3.0,0.0
Outpatient,2800XB,60,41,20060.0,334.33,80.0,58.0,2.0,0.0
Outpatient,4200WK,85,43,20060.0,236.0,80.0,80.0,5.0,0.0
Outpatient,25138U,81,12,20030.0,247.28,80.0,77.0,4.0,0.0
Outpatient,0600XT,69,62,20010.0,290.0,80.0,66.0,2.0,1.0
Outpatient,1200RV,48,34,19980.0,416.25,80.0,47.0,1.0,0.0
Outpatient,3302CR,59,55,19970.0,338.47,100.0,57.0,2.0,0.0
Outpatient,2513GS,86,22,19950.0,231.98,80.0,83.0,2.0,1.0
Outpatient,4401PP,61,21,19920.0,326.56,100.0,60.0,1.0,0.0
Outpatient,1089UA,81,66,19920.0,245.93,90.0,78.0,3.0,0.0
Outpatient,0502BM,97,81,19910.0,205.26,90.0,93.0,4.0,0.0
Outpatient,4913CC,81,31,19910.0,245.8,80.0,78.0,3.0,0.0
Outpatient,2300HV,51,38,19900.0,390.2,90.0,50.0,0.0,1.0
Outpatient,1100JQ,59,53,19880.0,336.95,80.0,58.0,1.0,0.0
Outpatient,5200CD,94,83,19860.0,211.28,80.0,91.0,3.0,0.0
Outpatient,2600JJ,85,35,19860.0,233.65,80.0,83.0,2.0,0.0
Outpatient,3600UP,53,51,19810.0,373.77,90.0,51.0,2.0,0.0
Outpatient,5125MB,60,32,19810.0,330.17,90.0,57.0,3.0,0.0
Outpatient,4401QA,57,45,19790.0,347.19,80.0,57.0,0.0,0.0
Outpatient,1513MM,65,38,19780.0,304.31,80.0,65.0,0.0,0.0
Outpatient,0502MP,70,66,19760.0,282.29,80.0,67.0,3.0,0.0
Outpatient,3413GC,58,45,19760.0,340.69,85.0,56.0,2.0,0.0
Outpatient,49018D,73,41,19740.0,270.41,70.0,70.0,3.0,0.0
Outpatient,2900AM,69,61,19710.0,285.65,100.0,64.0,4.0,1.0
Outpatient,3425VD,50,30,19700.0,394.0,80.0,48.0,2.0,0.0
Outpatient,2534AJ,76,19,19680.0,258.95,80.0,76.0,0.0,0.0
Outpatient,0400PS,82,61,19670.0,239.88,60.0,79.0,3.0,0.0
Outpatient,15006Q,41,35,19650.0,479.27,90.0,40.0,0.0,1.0
Outpatient,1002TM,57,54,19640.0,344.56,80.0,56.0,1.0,0.0
Outpatient,3425CA,77,31,19630.0,254.94,90.0,76.0,1.0,0.0
Outpatient,3301ST,78,64,19620.0,251.54,65.0,75.0,3.0,0.0
Outpatient,4504VC,107,30,19610.0,183.27,60.0,98.0,8.0,1.0
Outpatient,26258G,76,53,19610.0,258.03,90.0,72.0,4.0,0.0
Outpatient,1600PJ,72,53,19600.0,272.22,60.0,70.0,2.0,0.0
Outpatient,37008M,93,42,19570.0,210.43,70.0,90.0,3.0,0.0
Outpatient,3301BK,45,43,19570.0,434.89,80.0,45.0,0.0,0.0
Outpatient,3900NS,68,68,19570.0,287.79,75.0,65.0,2.0,1.0
Outpatient,2500ZM,70,61,19560.0,279.43,65.0,67.0,3.0,0.0
Outpatient,3401JS,90,75,19560.0,217.33,60.0,89.0,1.0,0.0
Outpatient,1313GT,115,80,19550.0,170.0,60.0,107.0,8.0,0.0
Outpatient,0434XV,98,17,19540.0,199.39,80.0,94.0,3.0,1.0
Outpatient,4300MV,101,37,19510.0,193.17,60.0,97.0,4.0,0.0
Outpatient,0500UR,68,62,19510.0,286.91,95.0,64.0,4.0,0.0
Outpatient,51138S,88,22,19510.0,221.7,70.0,87.0,1.0,0.0
Outpatient,19266G,42,18,19490.0,464.05,85.0,41.0,1.0,0.0
Outpatient,0400YV,65,49,19480.0,299.69,80.0,65.0,0.0,0.0
Outpatient,0500JD,78,71,19470.0,249.62,80.0,74.0,4.0,0.0
Outpatient,1313CR,57,52,19460.0,341.4,80.0,52.0,5.0,0.0
Outpatient,5200CT,34,29,19440.0,571.76,55.0,34.0,0.0,0.0
Outpatient,1113JV,99,35,19440.0,196.36,70.0,96.0,2.0,1.0
Outpatient,2500GM,52,12,19440.0,373.85,100.0,50.0,2.0,0.0
Outpatient,5035VC,57,55,19380.0,340.0,60.0,53.0,4.0,0.0
Outpatient,1800GK,70,52,19360.0,276.57,80.0,65.0,5.0,0.0
Outpatient,0620BD,33,32,19360.0,586.67,100.0,33.0,0.0,0.0
Outpatient,2413CS,24,7,19360.0,806.67,150.0,23.0,1.0,0.0
Outpatient,0100QJ,85,49,19360.0,227.76,70.0,78.0,7.0,0.0
Outpatient,2813NS,54,10,19350.0,358.33,80.0,51.0,3.0,0.0
Outpatient,2813WP,23,8,19350.0,841.3,400.0,23.0,0.0,0.0
Outpatient,1100PG,44,25,19330.0,439.32,100.0,43.0,1.0,0.0
Outpatient,1003TA,63,17,19330.0,306.83,90.0,63.0,0.0,0.0
Outpatient,3601BB,43,28,19320.0,449.3,60.0,41.0,2.0,0.0
Outpatient,1000MD,70,64,19320.0,276.0,70.0,68.0,2.0,0.0
Outpatient,3100VS,62,56,19310.0,311.45,80.0,61.0,1.0,0.0
Outpatient,3300HN,65,55,19300.0,296.92,80.0,62.0,2.0,1.0
Outpatient,0113XP,58,19,19290.0,332.59,80.0,55.0,2.0,1.0
Outpatient,4513YU,37,9,19290.0,521.35,80.0,37.0,0.0,0.0
Outpatient,0101WA,56,44,19290.0,344.46,100.0,54.0,2.0,0.0
Outpatient,0301UM,57,55,19270.0,338.07,90.0,53.0,4.0,0.0
Outpatient,4600XT,63,50,19260.0,305.71,70.0,63.0,0.0,0.0
Outpatient,3200XM,96,46,19260.0,200.63,70.0,90.0,6.0,0.0
Outpatient,5013UT,85,29,19250.0,226.47,60.0,84.0,0.0,1.0
Outpatient,5213WK,102,39,19240.0,188.63,70.0,96.0,6.0,0.0
Outpatient,26026J,74,64,19240.0,260.0,90.0,71.0,3.0,0.0
Outpatient,3325HG,78,54,19230.0,246.54,65.0,75.0,3.0,0.0
Outpatient,2513DR,65,27,19220.0,295.69,90.0,64.0,1.0,0.0
Outpatient,4530WG,56,55,19220.0,343.21,70.0,54.0,2.0,0.0
Outpatient,1701AA,78,61,19210.0,246.28,65.0,74.0,3.0,1.0
Outpatient,3300UM,103,91,19190.0,186.31,70.0,101.0,2.0,0.0
Outpatient,2601ZG,60,55,19190.0,319.83,90.0,60.0,0.0,0.0
Outpatient,3301JK,39,31,19170.0,491.54,90.0,34.0,5.0,0.0
Outpatient,1701ST,84,62,19130.0,227.74,65.0,81.0,3.0,0.0
Outpatient,3713NG,67,26,19110.0,285.22,60.0,62.0,5.0,0.0
Outpatient,1102UR,123,30,19110.0,155.37,60.0,118.0,5.0,0.0
Outpatient,1025NS,76,69,19100.0,251.32,70.0,75.0,1.0,0.0
Outpatient,2900WD,46,36,19100.0,415.22,80.0,45.0,1.0,0.0
Outpatient,5201PS,63,51,19090.0,303.02,90.0,60.0,3.0,0.0
Outpatient,3919SU,59,30,19060.0,323.05,70.0,56.0,3.0,0.0
Outpatient,4000RP,96,37,19050.0,198.44,70.0,92.0,4.0,0.0
Outpatient,0101JJ,69,48,19050.0,276.09,80.0,63.0,6.0,0.0
Outpatient,5001SH,76,55,19010.0,250.13,70.0,75.0,1.0,0.0
Outpatient,4530UC,45,39,19000.0,422.22,100.0,43.0,1.0,1.0
Outpatient,1900ZP,43,43,19000.0,441.86,100.0,43.0,0.0,0.0
Outpatient,3900AN,68,66,18990.0,279.26,75.0,66.0,2.0,0.0
Outpatient,2200QH,55,52,18990.0,345.27,80.0,54.0,0.0,1.0
Outpatient,2413BB,50,10,18980.0,379.6,65.0,48.0,1.0,1.0
Outpatient,4025AA,62,45,18970.0,305.97,80.0,59.0,3.0,0.0
Outpatient,3100NB,94,90,18920.0,201.28,70.0,90.0,4.0,0.0
Outpatient,0101VP,102,70,18910.0,185.39,60.0,100.0,2.0,0.0
Outpatient,3925CC,53,40,18850.0,355.66,70.0,48.0,5.0,0.0
Outpatient,5100SB,70,47,18830.0,269.0,80.0,68.0,2.0,0.0
Outpatient,0300SM,51,50,18830.0,369.22,70.0,51.0,0.0,0.0
Outpatient,3913UR,83,69,18820.0,226.75,60.0,81.0,2.0,0.0
Outpatient,3702TP,49,32,18820.0,384.08,60.0,46.0,3.0,0.0
Outpatient,2639NV,48,17,18810.0,391.88,70.0,47.0,1.0,0.0
Outpatient,3200CT,85,33,18790.0,221.06,80.0,80.0,5.0,0.0
Outpatient,3125VD,79,46,18790.0,237.85,70.0,75.0,4.0,0.0
Outpatient,2713KU,63,21,18770.0,297.94,100.0,62.0,1.0,0.0
Outpatient,4400BQ,34,28,18740.0,551.18,80.0,32.0,2.0,0.0
Outpatient,11008P,56,35,18740.0,334.64,85.0,55.0,1.0,0.0
Outpatient,1101SH,77,46,18730.0,243.25,70.0,76.0,1.0,0.0
Outpatient,1900NV,72,58,18720.0,260.0,70.0,70.0,2.0,0.0
Outpatient,1713GQ,60,20,18720.0,312.0,95.0,56.0,3.0,1.0
Outpatient,3400CG,89,62,18680.0,209.89,60.0,85.0,4.0,0.0
Outpatient,4513MP,103,45,18670.0,181.26,70.0,94.0,8.0,1.0
Outpatient,0825DD,50,45,18640.0,372.8,65.0,48.0,2.0,0.0
Outpatient,1002VG,84,68,18640.0,221.9,60.0,80.0,4.0,0.0
Outpatient,2200AH,44,43,18640.0,423.64,90.0,43.0,0.0,1.0
Outpatient,1000QJ,65,63,18620.0,286.46,80.0,62.0,3.0,0.0
Outpatient,5100WH,41,18,18600.0,453.66,100.0,39.0,2.0,0.0
Outpatient,1418XN,23,9,18590.0,808.26,90.0,22.0,1.0,0.0
Outpatient,0313NK,46,39,18590.0,404.13,60.0,43.0,2.0,1.0
Outpatient,44006N,54,50,18580.0,344.07,90.0,52.0,2.0,0.0
Outpatient,1413XJ,74,18,18570.0,250.95,70.0,72.0,2.0,0.0
Outpatient,4413AG,46,30,18520.0,402.61,85.0,41.0,5.0,0.0
Outpatient,4505NT,61,27,18520.0,303.61,100.0,60.0,0.0,1.0
Outpatient,5118HB,96,43,18510.0,192.81,90.0,93.0,3.0,0.0
Outpatient,50008M,45,43,18510.0,411.33,80.0,43.0,2.0,0.0
Outpatient,0200NK,59,37,18500.0,313.56,90.0,58.0,1.0,0.0
Outpatient,3301UV,56,56,18490.0,330.18,85.0,55.0,1.0,0.0
Outpatient,0600VB,67,57,18480.0,275.82,80.0,65.0,0.0,2.0
Outpatient,1613QQ,65,16,18480.0,284.31,70.0,63.0,2.0,0.0
Outpatient,1113KA,86,41,18480.0,214.88,70.0,86.0,0.0,0.0
Outpatient,3701KS,34,30,18470.0,543.24,90.0,33.0,1.0,0.0
Outpatient,1813PT,85,8,18460.0,217.18,50.0,82.0,2.0,1.0
Outpatient,1513JA,68,43,18450.0,271.32,80.0,68.0,0.0,0.0
Outpatient,5100TM,99,34,18440.0,186.26,70.0,93.0,5.0,1.0
Outpatient,5013KJ,49,46,18410.0,375.71,70.0,47.0,2.0,0.0
Outpatient,3601MN,42,39,18410.0,438.33,95.0,40.0,1.0,1.0
Outpatient,3939TC,64,21,18410.0,287.66,50.0,60.0,3.0,1.0
Outpatient,4501VU,61,55,18400.0,301.64,70.0,59.0,2.0,0.0
Outpatient,49018N,79,62,18390.0,232.78,60.0,78.0,1.0,0.0
Outpatient,4534VC,81,23,18380.0,226.91,60.0,78.0,3.0,0.0
Outpatient,2713GQ,67,15,18380.0,274.33,60.0,65.0,1.0,1.0
Outpatient,20006U,67,65,18360.0,274.03,70.0,65.0,2.0,0.0
Outpatient,1513UU,39,29,18340.0,470.26,90.0,37.0,2.0,0.0
Outpatient,2100PB,53,51,18340.0,346.04,60.0,53.0,0.0,0.0
Outpatient,0613VR,49,44,18330.0,374.08,80.0,44.0,3.0,2.0
Outpatient,1489UC,49,28,18320.0,373.88,80.0,48.0,1.0,0.0
Outpatient,4200PJ,89,40,18290.0,205.51,70.0,87.0,2.0,0.0
Outpatient,4000AD,45,27,18280.0,406.22,100.0,45.0,0.0,0.0
Outpatient,06136A,93,52,18270.0,196.45,60.0,87.0,5.0,1.0
Outpatient,4225ZV,67,38,18260.0,272.54,70.0,63.0,4.0,0.0
Outpatient,3200CM,72,69,18260.0,253.61,85.0,68.0,4.0,0.0
Outpatient,4500UA,70,27,18250.0,260.71,60.0,67.0,3.0,0.0
Outpatient,4900KN,55,35,18250.0,331.82,60.0,50.0,5.0,0.0
Outpatient,0502WS,35,35,18190.0,519.71,200.0,35.0,0.0,0.0
Outpatient,2200SK,67,60,18190.0,271.49,70.0,62.0,5.0,0.0
Outpatient,2400WC,92,54,18180.0,197.61,70.0,91.0,1.0,0.0
Outpatient,19008J,31,16,18170.0,586.13,100.0,30.0,1.0,0.0
Outpatient,3300BV,60,56,18110.0,301.83,70.0,56.0,4.0,0.0
Outpatient,1600YU,60,37,18100.0,301.67,70.0,57.0,3.0,0.0
Outpatient,4439DJ,61,17,18100.0,296.72,100.0,56.0,5.0,0.0
Outpatient,0503UV,62,61,18100.0,291.94,75.0,60.0,2.0,0.0
Outpatient,3900DB,75,57,18090.0,241.2,90.0,74.0,1.0,0.0
Outpatient,0500TQ,50,47,18080.0,361.6,90.0,50.0,0.0,0.0
Outpatient,11018D,88,34,18070.0,205.34,70.0,87.0,1.0,0.0
Outpatient,2613DJ,33,20,18060.0,547.27,80.0,32.0,1.0,0.0
Outpatient,1413PU,75,18,18060.0,240.8,80.0,70.0,5.0,0.0
Outpatient,3700WT,31,27,18000.0,580.65,80.0,31.0,0.0,0.0
Outpatient,2100VK,70,69,18000.0,257.14,70.0,68.0,2.0,0.0
Outpatient,0700UU,59,57,17970.0,304.58,100.0,58.0,0.0,1.0
Outpatient,1500QB,94,81,17960.0,191.06,70.0,90.0,3.0,1.0
Outpatient,1901ZJ,68,64,17940.0,263.82,95.0,68.0,0.0,0.0
Outpatient,4600SU,52,49,17930.0,344.81,70.0,49.0,3.0,0.0
Outpatient,3702JC,102,79,17910.0,175.59,70.0,97.0,5.0,0.0
Outpatient,0100QR,50,27,17890.0,357.8,60.0,47.0,3.0,0.0
Outpatient,1800UM,76,67,17890.0,235.39,65.0,74.0,1.0,1.0
Outpatient,2313DT,93,75,17870.0,192.15,80.0,89.0,4.0,0.0
Outpatient,0725AA,69,56,17860.0,258.84,60.0,68.0,1.0,0.0
Outpatient,26348D,85,38,17830.0,209.76,70.0,85.0,0.0,0.0
Outpatient,4313TJ,49,12,17820.0,363.67,100.0,49.0,0.0,0.0
Outpatient,5000QT,65,55,17820.0,274.15,80.0,62.0,2.0,1.0
Outpatient,3425XA,99,74,17790.0,179.7,70.0,93.0,6.0,0.0
Outpatient,4413JQ,91,24,17780.0,195.38,60.0,89.0,2.0,0.0
Outpatient,22016P,49,43,17780.0,362.86,60.0,45.0,3.0,1.0
Outpatient,2900TJ,55,54,17770.0,323.09,70.0,53.0,2.0,0.0
Outpatient,0725NP,50,41,17750.0,355.0,95.0,47.0,3.0,0.0
Outpatient,0434UK,49,18,17750.0,362.24,90.0,45.0,3.0,1.0
Outpatient,4000ZB,63,36,17730.0,281.43,100.0,59.0,4.0,0.0
Outpatient,0100AQ,42,29,17710.0,421.67,100.0,42.0,0.0,0.0
Outpatient,1701VA,56,45,17700.0,316.07,75.0,54.0,2.0,0.0
Outpatient,0300WJ,88,81,17690.0,201.02,80.0,80.0,8.0,0.0
Outpatient,4525CK,57,28,17690.0,310.35,60.0,54.0,3.0,0.0
Outpatient,1913CU,49,14,17690.0,361.02,70.0,48.0,1.0,0.0
Outpatient,3625GP,102,73,17650.0,173.04,80.0,101.0,1.0,0.0
Outpatient,1100QH,63,48,17570.0,278.89,60.0,59.0,4.0,0.0
Outpatient,1800TB,80,49,17570.0,219.63,60.0,76.0,3.0,1.0
Outpatient,1003VC,61,52,17540.0,287.54,80.0,59.0,2.0,0.0
Outpatient,1500JS,42,36,17540.0,417.62,85.0,41.0,1.0,0.0
Outpatient,3100VC,55,53,17530.0,318.73,70.0,52.0,3.0,0.0
Outpatient,15006A,58,46,17530.0,302.24,80.0,56.0,2.0,0.0
Outpatient,1700HG,75,51,17510.0,233.47,60.0,73.0,2.0,0.0
Outpatient,4200YN,85,38,17490.0,205.76,60.0,84.0,1.0,0.0
Outpatient,33268J,56,48,17490.0,312.32,80.0,56.0,0.0,0.0
Outpatient,0401HH,75,48,17480.0,233.07,60.0,74.0,1.0,0.0
Outpatient,0100BK,76,62,17480.0,230.0,70.0,73.0,3.0,0.0
Outpatient,2400RT,77,70,17480.0,227.01,80.0,72.0,5.0,0.0
Outpatient,0526YM,36,29,17480.0,485.56,95.0,36.0,0.0,0.0
Outpatient,0100YD,99,85,17450.0,176.26,80.0,93.0,6.0,0.0
Outpatient,0700QQ,63,61,17450.0,276.98,90.0,61.0,1.0,1.0
Outpatient,5200QK,69,52,17440.0,252.75,50.0,61.0,7.0,1.0
Outpatient,1900KT,60,45,17430.0,290.5,75.0,59.0,1.0,0.0
Outpatient,0100VA,49,33,17410.0,355.31,60.0,48.0,1.0,0.0
Outpatient,3301AJ,85,47,17410.0,204.82,70.0,83.0,2.0,0.0
Outpatient,34136D,50,36,17400.0,348.0,70.0,45.0,5.0,0.0
Outpatient,3800TR,95,70,17390.0,183.05,60.0,92.0,3.0,0.0
Outpatient,3800ZR,56,55,17340.0,309.64,90.0,52.0,4.0,0.0
Outpatient,4502WG,47,25,17340.0,368.94,70.0,47.0,0.0,0.0
Outpatient,2100ZH,80,67,17330.0,216.63,55.0,75.0,3.0,2.0
Outpatient,2613PT,66,20,17320.0,262.42,80.0,64.0,1.0,1.0
Outpatient,1801YN,88,42,17320.0,196.82,70.0,81.0,7.0,0.0
Outpatient,0900WC,58,55,17320.0,298.62,80.0,57.0,1.0,0.0
Outpatient,1001PK,79,70,17310.0,219.11,60.0,76.0,3.0,0.0
Outpatient,11016K,90,23,17310.0,192.33,60.0,88.0,2.0,0.0
Outpatient,1002ZM,42,41,17290.0,411.67,80.0,39.0,3.0,0.0
Outpatient,3301AA,34,30,17260.0,507.65,100.0,34.0,0.0,0.0
Outpatient,1813QN,47,21,17260.0,367.23,60.0,46.0,1.0,0.0
Outpatient,5013VU,41,24,17240.0,420.49,100.0,41.0,0.0,0.0
Outpatient,1613CK,67,15,17220.0,257.01,80.0,64.0,3.0,0.0
Outpatient,4313WN,32,13,17200.0,537.5,80.0,31.0,1.0,0.0
Outpatient,0501RV,71,71,17200.0,242.25,70.0,69.0,1.0,1.0
Outpatient,4400VP,57,47,17200.0,301.75,100.0,55.0,2.0,0.0
Outpatient,0300UG,88,85,17190.0,195.34,70.0,84.0,3.0,1.0
Outpatient,0500MQ,40,40,17180.0,429.5,100.0,39.0,1.0,0.0
Outpatient,1013CK,71,42,17170.0,241.83,60.0,66.0,4.0,1.0
Outpatient,3300YK,54,41,17160.0,317.78,90.0,50.0,4.0,0.0
Outpatient,0100AJ,48,33,17140.0,357.08,90.0,48.0,0.0,0.0
Outpatient,3900MB,61,61,17140.0,280.98,60.0,57.0,1.0,3.0
Outpatient,1002DM,78,73,17140.0,219.74,70.0,73.0,5.0,0.0
Outpatient,3426ZT,85,42,17130.0,201.53,70.0,84.0,1.0,0.0
Outpatient,21456S,76,55,17130.0,225.39,60.0,74.0,2.0,0.0
Outpatient,19028T,62,55,17130.0,276.29,80.0,60.0,1.0,1.0
Outpatient,27008P,58,22,17110.0,295.0,70.0,57.0,1.0,0.0
Outpatient,0700MM,56,52,17110.0,305.54,80.0,53.0,3.0,0.0
Outpatient,0501VM,34,31,17100.0,502.94,80.0,32.0,2.0,0.0
Outpatient,3313DP,78,48,17090.0,219.1,60.0,73.0,5.0,0.0
Outpatient,1801JS,56,52,17060.0,304.64,85.0,53.0,3.0,0.0
Outpatient,1513VV,41,17,17050.0,415.85,100.0,41.0,0.0,0.0
Outpatient,37018Q,57,12,17020.0,298.6,70.0,52.0,5.0,0.0
Outpatient,2100RT,53,48,17010.0,320.94,80.0,53.0,0.0,0.0
Outpatient,3813TB,78,30,17000.0,217.95,65.0,74.0,3.0,1.0
Outpatient,3613DS,85,55,17000.0,200.0,50.0,81.0,3.0,1.0
Outpatient,1000RR,86,72,16990.0,197.56,70.0,82.0,3.0,1.0
Outpatient,3601CC,48,44,16980.0,353.75,85.0,48.0,0.0,0.0
Outpatient,05018D,74,68,16980.0,229.46,80.0,68.0,6.0,0.0
Outpatient,11138U,53,8,16970.0,320.19,60.0,50.0,2.0,1.0
Outpatient,2713KN,40,25,16950.0,423.75,60.0,40.0,0.0,0.0
Outpatient,0326YD,43,42,16940.0,393.95,60.0,40.0,2.0,1.0
Outpatient,39306V,49,38,16930.0,345.51,90.0,45.0,3.0,1.0
Outpatient,2100UJ,49,49,16920.0,345.31,90.0,49.0,0.0,0.0
Outpatient,1100MS,67,56,16910.0,252.39,80.0,64.0,3.0,0.0
Outpatient,4501AG,46,33,16890.0,367.17,60.0,46.0,0.0,0.0
Outpatient,3902ZD,50,48,16870.0,337.4,70.0,48.0,2.0,0.0
Outpatient,3100UK,33,33,16860.0,510.91,100.0,33.0,0.0,0.0
Outpatient,0500VS,66,65,16850.0,255.3,70.0,63.0,3.0,0.0
Outpatient,4401RB,44,17,16850.0,382.95,75.0,44.0,0.0,0.0
Outpatient,4507BT,44,39,16840.0,382.73,100.0,42.0,2.0,0.0
Outpatient,0503JS,59,56,16840.0,285.42,80.0,56.0,3.0,0.0
Outpatient,4925ZP,65,27,16830.0,258.92,70.0,64.0,0.0,1.0
Outpatient,2700BH,77,44,16820.0,218.44,80.0,70.0,6.0,1.0
Outpatient,42006Q,59,43,16810.0,284.92,90.0,58.0,1.0,0.0
Outpatient,0100ZG,60,51,16810.0,280.17,80.0,58.0,2.0,0.0
Outpatient,2100XD,65,41,16750.0,257.69,80.0,64.0,0.0,1.0
Outpatient,44006U,52,39,16750.0,322.12,80.0,51.0,1.0,0.0
Outpatient,5225PV,79,38,16750.0,212.03,70.0,77.0,2.0,0.0
Outpatient,1525CJ,43,38,16740.0,389.3,90.0,42.0,1.0,0.0
Outpatient,2600MC,54,39,16710.0,309.44,80.0,52.0,2.0,0.0
Outpatient,24SRNK,65,55,16710.0,257.08,80.0,62.0,3.0,0.0
Outpatient,5313MA,51,38,16710.0,327.65,70.0,49.0,2.0,0.0
Outpatient,0502DG,72,72,16700.0,231.94,90.0,69.0,3.0,0.0
Outpatient,03008A,47,43,16680.0,354.89,60.0,41.0,5.0,1.0
Outpatient,15258U,31,30,16680.0,538.06,200.0,30.0,1.0,0.0
Outpatient,1430CC,46,43,16660.0,362.17,90.0,45.0,1.0,0.0
Outpatient,1601JV,59,30,16620.0,281.69,80.0,57.0,2.0,0.0
Outpatient,3300TC,32,31,16620.0,519.38,100.0,30.0,2.0,0.0
Outpatient,1926RB,33,24,16620.0,503.64,100.0,32.0,0.0,1.0
Outpatient,0502KU,66,65,16620.0,251.82,70.0,64.0,2.0,0.0
Outpatient,1825ZN,39,33,16620.0,426.15,80.0,39.0,0.0,0.0
Outpatient,5200AB,83,67,16590.0,199.88,60.0,81.0,2.0,0.0
Outpatient,2713QS,66,20,16590.0,251.36,70.0,60.0,6.0,0.0
Outpatient,3425JV,74,30,16570.0,223.92,60.0,71.0,3.0,0.0
Outpatient,4000JG,69,37,16560.0,240.0,70.0,64.0,5.0,0.0
Outpatient,2813BV,70,22,16530.0,236.14,70.0,67.0,3.0,0.0
Outpatient,1400BU,56,53,16520.0,295.0,90.0,55.0,1.0,0.0
Outpatient,3300GC,70,46,16470.0,235.29,60.0,69.0,1.0,0.0
Outpatient,0518NK,79,27,16470.0,208.48,60.0,73.0,5.0,1.0
Outpatient,1402GT,83,50,16440.0,198.07,80.0,78.0,5.0,0.0
Outpatient,2813VN,22,11,16440.0,747.27,145.0,22.0,0.0,0.0
Outpatient,4503RA,47,13,16430.0,349.57,80.0,44.0,3.0,0.0
Outpatient,3900BG,85,74,16410.0,193.06,80.0,81.0,3.0,1.0
Outpatient,5313KV,67,17,16400.0,244.78,80.0,67.0,0.0,0.0
Outpatient,4500PB,57,33,16380.0,287.37,100.0,57.0,0.0,0.0
Outpatient,41006B,44,42,16380.0,372.27,150.0,43.0,1.0,0.0
Outpatient,1300PR,73,62,16350.0,223.97,70.0,69.0,4.0,0.0
Outpatient,2900PC,77,72,16350.0,212.34,70.0,74.0,2.0,1.0
Outpatient,1500TP,65,49,16340.0,251.38,90.0,62.0,3.0,0.0
Outpatient,3901XQ,59,53,16340.0,276.95,90.0,57.0,2.0,0.0
Outpatient,0400RU,47,34,16310.0,347.02,80.0,46.0,1.0,0.0
Outpatient,0639CG,58,13,16310.0,281.21,100.0,56.0,1.0,1.0
Outpatient,2402NP,30,20,16290.0,543.0,100.0,29.0,1.0,0.0
Outpatient,0925ZV,37,28,16280.0,440.0,90.0,35.0,1.0,1.0
Outpatient,3125NS,50,45,16280.0,325.6,80.0,47.0,2.0,1.0
Outpatient,0501DJ,51,49,16280.0,319.22,90.0,50.0,1.0,0.0
Outpatient,0825TU,56,48,16230.0,289.82,65.0,54.0,2.0,0.0
Outpatient,3513PP,47,18,16230.0,345.32,80.0,45.0,2.0,0.0
Outpatient,0900VB,67,48,16220.0,242.09,80.0,62.0,4.0,1.0
Outpatient,0504AD,48,46,16210.0,337.71,95.0,46.0,2.0,0.0
Outpatient,4502YA,56,35,16190.0,289.11,80.0,55.0,1.0,0.0
Outpatient,1500GP,51,50,16180.0,317.25,100.0,50.0,1.0,0.0
Outpatient,1525ZS,85,58,16150.0,190.0,70.0,82.0,3.0,0.0
Outpatient,3426QA,26,16,16140.0,620.77,100.0,25.0,1.0,0.0
Outpatient,3425WP,75,16,16120.0,214.93,70.0,73.0,2.0,0.0
Outpatient,2600XJ,63,34,16120.0,255.87,70.0,58.0,5.0,0.0
Outpatient,5200MG,72,50,16090.0,223.47,90.0,67.0,5.0,0.0
Outpatient,3702DU,68,22,16070.0,236.32,70.0,63.0,5.0,0.0
Outpatient,3700NJ,77,64,16050.0,208.44,70.0,75.0,1.0,1.0
Outpatient,11136C,59,39,16040.0,271.86,80.0,58.0,1.0,0.0
Outpatient,4506NA,48,39,16020.0,333.75,80.0,47.0,1.0,0.0
Outpatient,5239GP,54,15,16020.0,296.67,70.0,51.0,3.0,0.0
Outpatient,1100YB,54,26,16020.0,296.67,90.0,49.0,4.0,1.0
Outpatient,0613QK,81,59,16020.0,197.78,60.0,77.0,4.0,0.0
Outpatient,3301TN,64,63,16020.0,250.31,75.0,61.0,2.0,1.0
Outpatient,0504CH,76,73,15980.0,210.26,55.0,71.0,5.0,0.0
Outpatient,1701MN,42,35,15980.0,380.48,100.0,41.0,1.0,0.0
Outpatient,1513NN,44,41,15970.0,362.95,100.0,41.0,3.0,0.0
Outpatient,1400YQ,71,56,15970.0,224.93,60.0,68.0,3.0,0.0
Outpatient,4901PT,47,47,15950.0,339.36,80.0,45.0,2.0,0.0
Outpatient,4313MQ,46,19,15940.0,346.52,85.0,45.0,1.0,0.0
Outpatient,5300PU,74,17,15940.0,215.41,80.0,71.0,3.0,0.0
Outpatient,1925MR,84,31,15930.0,189.64,70.0,82.0,2.0,0.0
Outpatient,3633KG,38,34,15900.0,418.42,90.0,36.0,2.0,0.0
Outpatient,0504ZB,79,74,15900.0,201.27,50.0,75.0,4.0,0.0
Outpatient,1500HQ,78,63,15890.0,203.72,75.0,75.0,3.0,0.0
Outpatient,3513WA,16,7,15840.0,990.0,100.0,16.0,0.0,0.0
Outpatient,3100MA,60,56,15840.0,264.0,85.0,57.0,3.0,0.0
Outpatient,0326WB,58,47,15820.0,272.76,80.0,58.0,0.0,0.0
Outpatient,0513WB,50,19,15810.0,316.2,60.0,45.0,5.0,0.0
Outpatient,2413MM,66,11,15800.0,239.39,75.0,65.0,1.0,0.0
Outpatient,2401NM,61,47,15790.0,258.85,90.0,57.0,4.0,0.0
Outpatient,1002XB,58,57,15780.0,272.07,80.0,55.0,3.0,0.0
Outpatient,1113UC,59,26,15770.0,267.29,80.0,57.0,2.0,0.0
Outpatient,2813CH,26,13,15770.0,606.54,150.0,25.0,1.0,0.0
Outpatient,3425WV,58,23,15760.0,271.72,90.0,52.0,6.0,0.0
Outpatient,33256U,48,46,15750.0,328.13,75.0,45.0,2.0,1.0
Outpatient,2601GP,54,46,15740.0,291.48,80.0,50.0,3.0,1.0
Outpatient,26008V,38,29,15740.0,414.21,95.0,37.0,1.0,0.0
Outpatient,2600VG,52,27,15710.0,302.12,70.0,51.0,1.0,0.0
Outpatient,0700BJ,56,53,15710.0,280.54,90.0,55.0,1.0,0.0
Outpatient,1800AN,72,51,15700.0,218.06,70.0,69.0,2.0,1.0
Outpatient,3700HB,77,60,15700.0,203.9,90.0,76.0,1.0,0.0
Outpatient,0506ZC,78,75,15700.0,201.28,70.0,77.0,1.0,0.0
Outpatient,3302SS,60,55,15690.0,261.5,90.0,58.0,2.0,0.0
Outpatient,2400QC,59,39,15690.0,265.93,80.0,56.0,3.0,0.0
Outpatient,0504GK,61,56,15690.0,257.21,70.0,58.0,3.0,0.0
Outpatient,4434NU,90,49,15680.0,174.22,70.0,87.0,3.0,0.0
Outpatient,4900QS,57,38,15670.0,274.91,80.0,53.0,4.0,0.0
Outpatient,1800RV,82,44,15670.0,191.1,80.0,79.0,3.0,0.0
Outpatient,0401BB,53,42,15670.0,295.66,100.0,51.0,1.0,1.0
Outpatient,33138S,62,22,15660.0,252.58,85.0,60.0,2.0,0.0
Outpatient,2613BG,51,23,15660.0,307.06,70.0,47.0,4.0,0.0
Outpatient,3600TU,44,42,15660.0,355.91,100.0,44.0,0.0,0.0
Outpatient,3601PQ,53,49,15610.0,294.53,90.0,51.0,2.0,0.0
Outpatient,1813JP,95,31,15600.0,164.21,60.0,88.0,6.0,1.0
Outpatient,3465XA,72,65,15600.0,216.67,100.0,67.0,5.0,0.0
Outpatient,1418CU,44,36,15590.0,354.32,100.0,42.0,2.0,0.0
Outpatient,5100DS,78,26,15550.0,199.36,90.0,74.0,4.0,0.0
Outpatient,1401PV,37,37,15540.0,420.0,100.0,36.0,1.0,0.0
Outpatient,1002BQ,63,51,15520.0,246.35,70.0,62.0,1.0,0.0
Outpatient,2601RS,52,47,15510.0,298.27,80.0,50.0,2.0,0.0
Outpatient,1413SR,66,25,15500.0,234.85,90.0,62.0,4.0,0.0
Outpatient,33028H,40,33,15500.0,387.5,90.0,37.0,3.0,0.0
Outpatient,0100HQ,45,42,15490.0,344.22,100.0,44.0,1.0,0.0
Outpatient,4600TP,52,29,15490.0,297.88,85.0,50.0,2.0,0.0
Outpatient,39016M,43,42,15490.0,360.23,80.0,40.0,3.0,0.0
Outpatient,5113WC,62,34,15470.0,249.52,70.0,57.0,5.0,0.0
Outpatient,0825MN,38,33,15470.0,407.11,70.0,38.0,0.0,0.0
Outpatient,2165WJ,64,59,15440.0,241.25,85.0,63.0,0.0,1.0
Outpatient,3600XC,28,25,15440.0,551.43,100.0,25.0,3.0,0.0
Outpatient,2900HS,27,13,15440.0,571.85,90.0,26.0,0.0,1.0
Outpatient,1000MT,52,51,15430.0,296.73,60.0,50.0,1.0,1.0
Outpatient,1026QD,92,67,15430.0,167.72,60.0,87.0,4.0,1.0
Outpatient,4500XD,39,37,15390.0,394.62,80.0,38.0,1.0,0.0
Outpatient,6718RB,45,19,15360.0,341.33,90.0,43.0,2.0,0.0
Outpatient,2813CQ,60,20,15350.0,255.83,65.0,58.0,2.0,0.0
Outpatient,3813XV,54,38,15340.0,284.07,70.0,50.0,4.0,0.0
Outpatient,0400MQ,66,49,15340.0,232.42,70.0,61.0,5.0,0.0
Outpatient,2813KA,57,24,15340.0,269.12,80.0,57.0,0.0,0.0
Outpatient,0500TA,57,53,15340.0,269.12,60.0,56.0,0.0,1.0
Outpatient,3602TS,90,72,15330.0,170.33,65.0,81.0,7.0,2.0
Outpatient,0503BS,46,46,15320.0,333.04,90.0,45.0,1.0,0.0
Outpatient,1000TD,66,65,15310.0,231.97,95.0,62.0,4.0,0.0
Outpatient,3900TS,49,47,15310.0,312.45,60.0,47.0,2.0,0.0
Outpatient,52138R,47,31,15300.0,325.53,90.0,44.0,3.0,0.0
Outpatient,5013YR,71,27,15280.0,215.21,90.0,71.0,0.0,0.0
Outpatient,1113SA,37,34,15280.0,412.97,90.0,36.0,1.0,0.0
Outpatient,4513BC,41,22,15270.0,372.44,90.0,37.0,4.0,0.0
Outpatient,5213GP,69,45,15240.0,220.87,70.0,67.0,2.0,0.0
Outpatient,0506JH,68,67,15240.0,224.12,85.0,65.0,3.0,0.0
Outpatient,5000ZJ,41,41,15230.0,371.46,100.0,41.0,0.0,0.0
Outpatient,5013AU,52,42,15220.0,292.69,60.0,49.0,3.0,0.0
Outpatient,1002CB,53,44,15210.0,286.98,90.0,52.0,1.0,0.0
Outpatient,3900WG,57,23,15170.0,266.14,70.0,55.0,1.0,1.0
Outpatient,1419MR,57,40,15170.0,266.14,90.0,55.0,2.0,0.0
Outpatient,3000QM,33,30,15170.0,459.7,60.0,32.0,1.0,0.0
Outpatient,1902BN,63,37,15160.0,240.63,60.0,59.0,3.0,1.0
Outpatient,1925HM,35,27,15150.0,432.86,100.0,35.0,0.0,0.0
Outpatient,2602HR,66,52,15120.0,229.09,60.0,62.0,4.0,0.0
Outpatient,6700UC,43,40,15120.0,351.63,90.0,43.0,0.0,0.0
Outpatient,1700UU,34,23,15110.0,444.41,75.0,32.0,2.0,0.0
Outpatient,5013BV,48,23,15090.0,314.38,65.0,47.0,1.0,0.0
Outpatient,25008P,33,22,15090.0,457.27,100.0,32.0,1.0,0.0
Outpatient,4525SC,56,49,15090.0,269.46,60.0,53.0,3.0,0.0
Outpatient,1101AT,73,60,15090.0,206.71,70.0,70.0,3.0,0.0
Outpatient,1028JC,66,59,15080.0,228.48,95.0,65.0,1.0,0.0
Outpatient,5200RM,64,56,15080.0,235.63,70.0,59.0,4.0,1.0
Outpatient,3600DT,72,60,15060.0,209.17,80.0,72.0,0.0,0.0
Outpatient,0505HT,64,63,15060.0,235.31,70.0,64.0,0.0,0.0
Outpatient,1419NS,68,15,15060.0,221.47,90.0,64.0,4.0,0.0
Outpatient,3425BP,76,62,15050.0,198.03,60.0,72.0,4.0,0.0
Outpatient,3335KB,56,27,15040.0,268.57,70.0,51.0,4.0,1.0
Outpatient,0526ZD,83,79,15040.0,181.2,70.0,79.0,3.0,1.0
Outpatient,06138K,53,53,15030.0,283.58,60.0,50.0,3.0,0.0
Outpatient,2613QU,81,33,15020.0,185.43,70.0,77.0,4.0,0.0
Outpatient,2200WA,52,50,15010.0,288.65,80.0,50.0,2.0,0.0
Outpatient,3426TD,52,25,15010.0,288.65,85.0,50.0,2.0,0.0
Outpatient,1525GK,43,36,15000.0,348.84,100.0,41.0,2.0,0.0
Outpatient,1613PV,68,21,15000.0,220.59,70.0,64.0,4.0,0.0
Outpatient,3400TQ,69,49,14990.0,217.25,80.0,66.0,2.0,1.0
Outpatient,5201MQ,34,30,14990.0,440.88,95.0,32.0,2.0,0.0
Outpatient,0503ZG,46,46,14990.0,325.87,100.0,45.0,1.0,0.0
Outpatient,1419NC,64,39,14970.0,233.91,80.0,61.0,2.0,1.0
Outpatient,3700CP,77,30,14950.0,194.16,70.0,74.0,3.0,0.0
Outpatient,1801VJ,65,58,14950.0,230.0,80.0,64.0,1.0,0.0
Outpatient,0506KR,47,44,14890.0,316.81,70.0,46.0,1.0,0.0
Outpatient,1410SG,91,27,14890.0,163.63,80.0,85.0,6.0,0.0
Outpatient,3401BS,70,52,14880.0,212.57,55.0,66.0,4.0,0.0
Outpatient,3100ZA,49,49,14880.0,303.67,100.0,46.0,2.0,1.0
Outpatient,2200UN,41,41,14860.0,362.44,100.0,41.0,0.0,0.0
Outpatient,5100XR,67,44,14860.0,221.79,80.0,60.0,6.0,1.0
Outpatient,5213KT,47,13,14860.0,316.17,100.0,44.0,3.0,0.0
Outpatient,0300CC,56,46,14840.0,265.0,75.0,52.0,3.0,1.0
Outpatient,0313QN,33,30,14830.0,449.39,60.0,32.0,1.0,0.0
Outpatient,3426CR,64,52,14810.0,231.41,70.0,61.0,3.0,0.0
Outpatient,06GTTR,31,29,14810.0,477.74,70.0,30.0,1.0,0.0
Outpatient,4540UG,29,18,14780.0,509.66,90.0,28.0,1.0,0.0
Outpatient,0400XU,58,40,14770.0,254.66,75.0,54.0,4.0,0.0
Outpatient,52008B,39,31,14760.0,378.46,90.0,38.0,1.0,0.0
Outpatient,4025HV,71,35,14750.0,207.75,80.0,70.0,1.0,0.0
Outpatient,0500DQ,42,41,14750.0,351.19,75.0,42.0,0.0,0.0
Outpatient,3813MR,64,22,14750.0,230.47,55.0,63.0,1.0,0.0
Outpatient,2400GQ,49,23,14740.0,300.82,80.0,47.0,2.0,0.0
Outpatient,0800NT,71,70,14740.0,207.61,90.0,71.0,0.0,0.0
Outpatient,4533TC,32,29,14730.0,460.31,85.0,32.0,0.0,0.0
Outpatient,1438RU,65,31,14730.0,226.62,60.0,60.0,4.0,1.0
Outpatient,5213HA,36,31,14710.0,408.61,80.0,34.0,2.0,0.0
Outpatient,0600BC,66,60,14700.0,222.73,75.0,64.0,2.0,0.0
Outpatient,3413HD,61,48,14700.0,240.98,60.0,57.0,4.0,0.0
Outpatient,0100MU,64,54,14690.0,229.53,80.0,60.0,4.0,0.0
Outpatient,2413MT,53,10,14660.0,276.6,100.0,53.0,0.0,0.0
Outpatient,1925BU,56,34,14650.0,261.61,100.0,55.0,1.0,0.0
Outpatient,4900UQ,86,72,14650.0,170.35,70.0,82.0,4.0,0.0
Outpatient,2400JT,52,42,14640.0,281.54,80.0,51.0,1.0,0.0
Outpatient,0400GR,66,52,14630.0,221.67,80.0,62.0,4.0,0.0
Outpatient,3419GM,41,27,14630.0,356.83,90.0,41.0,0.0,0.0
Outpatient,0507NQ,39,38,14630.0,375.13,90.0,37.0,1.0,1.0
Outpatient,1000HP,61,55,14620.0,239.67,60.0,57.0,3.0,1.0
Outpatient,1313MC,62,4,14590.0,235.32,70.0,59.0,3.0,0.0
Outpatient,1410JM,87,44,14590.0,167.7,50.0,86.0,1.0,0.0
Outpatient,3013DJ,58,57,14580.0,251.38,60.0,53.0,5.0,0.0
Outpatient,1839QN,51,23,14570.0,285.69,90.0,49.0,2.0,0.0
Outpatient,0507BM,33,33,14550.0,440.91,100.0,32.0,1.0,0.0
Outpatient,4313CP,57,7,14550.0,255.26,80.0,54.0,3.0,0.0
Outpatient,2600SB,38,37,14540.0,382.63,65.0,37.0,1.0,0.0
Outpatient,0513UP,38,29,14530.0,382.37,90.0,36.0,2.0,0.0
Outpatient,1113AN,51,17,14530.0,284.9,100.0,50.0,0.0,1.0
Outpatient,3125YJ,63,56,14530.0,230.63,70.0,58.0,5.0,0.0
Outpatient,2625CA,37,26,14520.0,392.43,80.0,35.0,2.0,0.0
Outpatient,0503MN,50,49,14510.0,290.2,85.0,47.0,2.0,1.0
Outpatient,0504MR,33,20,14500.0,439.39,70.0,33.0,0.0,0.0
Outpatient,3901NC,55,14,14490.0,263.45,60.0,53.0,2.0,0.0
Outpatient,4400NN,36,30,14480.0,402.22,100.0,36.0,0.0,0.0
Outpatient,4505BH,33,31,14470.0,438.48,80.0,31.0,2.0,0.0
Outpatient,38136C,45,37,14450.0,321.11,80.0,43.0,2.0,0.0
Outpatient,0510MU,29,28,14450.0,498.28,100.0,29.0,0.0,0.0
Outpatient,2600UD,33,23,14430.0,437.27,200.0,33.0,0.0,0.0
Outpatient,1025SJ,52,49,14400.0,276.92,60.0,52.0,0.0,0.0
Outpatient,5100SK,50,35,14390.0,287.8,80.0,50.0,0.0,0.0
Outpatient,3813DJ,75,47,14380.0,191.73,80.0,72.0,3.0,0.0
Outpatient,2301PH,66,56,14370.0,217.73,65.0,64.0,2.0,0.0
Outpatient,4313BN,65,13,14360.0,220.92,80.0,62.0,3.0,0.0
Outpatient,4503DK,55,19,14350.0,260.91,60.0,54.0,1.0,0.0
Outpatient,2500DS,45,34,14340.0,318.67,70.0,44.0,1.0,0.0
Outpatient,4901GB,45,25,14330.0,318.44,60.0,44.0,1.0,0.0
Outpatient,3100SV,37,37,14330.0,387.3,90.0,36.0,0.0,1.0
Outpatient,1013DM,48,44,14310.0,298.13,60.0,45.0,2.0,1.0
Outpatient,4513PA,48,19,14300.0,297.92,80.0,47.0,1.0,0.0
Outpatient,1413AG,68,16,14300.0,210.29,75.0,67.0,0.0,1.0
Outpatient,4530RH,49,40,14300.0,291.84,80.0,47.0,1.0,1.0
Outpatient,1101YH,40,36,14280.0,357.0,85.0,38.0,2.0,0.0
Outpatient,3302SK,64,53,14280.0,223.13,75.0,59.0,5.0,0.0
Outpatient,0504AN,60,35,14280.0,238.0,60.0,57.0,2.0,1.0
Outpatient,1800KQ,21,14,14270.0,679.52,100.0,21.0,0.0,0.0
Outpatient,1913XN,44,15,14270.0,324.32,60.0,42.0,2.0,0.0
Outpatient,45086P,53,46,14260.0,269.06,80.0,50.0,3.0,0.0
Outpatient,04136S,52,29,14260.0,274.23,70.0,49.0,3.0,0.0
Outpatient,2200RR,59,58,14250.0,241.53,80.0,58.0,1.0,0.0
Outpatient,3602UT,46,37,14250.0,309.78,90.0,45.0,0.0,1.0
Outpatient,2739HV,36,12,14240.0,395.56,80.0,36.0,0.0,0.0
Outpatient,3300XQ,81,63,14240.0,175.8,90.0,72.0,9.0,0.0
Outpatient,10026N,44,44,14230.0,323.41,70.0,42.0,2.0,0.0
Outpatient,1925DJ,39,28,14230.0,364.87,80.0,38.0,1.0,0.0
Outpatient,1113ZK,60,20,14200.0,236.67,70.0,58.0,2.0,0.0
Outpatient,5201VC,37,23,14200.0,383.78,100.0,36.0,1.0,0.0
Outpatient,0503MU,43,42,14180.0,329.77,70.0,40.0,3.0,0.0
Outpatient,03016T,55,51,14170.0,257.64,80.0,54.0,1.0,0.0
Outpatient,2301SM,47,47,14170.0,301.49,80.0,45.0,2.0,0.0
Outpatient,0505KQ,58,55,14170.0,244.31,100.0,55.0,3.0,0.0
Outpatient,1130DU,30,21,14160.0,472.0,100.0,29.0,1.0,0.0
Outpatient,0300DT,45,42,14150.0,314.44,70.0,42.0,3.0,0.0
Outpatient,0502XD,35,31,14150.0,404.29,90.0,35.0,0.0,0.0
Outpatient,0101KB,41,36,14140.0,344.88,90.0,40.0,1.0,0.0
Outpatient,2313PH,45,40,14130.0,314.0,60.0,43.0,2.0,0.0
Outpatient,4425MB,59,22,14130.0,239.49,70.0,55.0,4.0,0.0
Outpatient,2300KC,62,58,14120.0,227.74,80.0,61.0,1.0,0.0
Outpatient,0500UB,46,45,14110.0,306.74,90.0,44.0,2.0,0.0
Outpatient,4501XA,62,47,14110.0,227.58,60.0,60.0,2.0,0.0
Outpatient,2613DR,30,16,14100.0,470.0,95.0,30.0,0.0,0.0
Outpatient,4502ZB,87,86,14100.0,162.07,60.0,82.0,5.0,0.0
Outpatient,3613YK,45,24,14090.0,313.11,60.0,44.0,0.0,1.0
Outpatient,3400YH,54,53,14090.0,260.93,60.0,53.0,0.0,1.0
Outpatient,5013JH,77,20,14090.0,182.99,60.0,74.0,3.0,0.0
Outpatient,1900CM,55,38,14090.0,256.18,70.0,50.0,2.0,3.0
Outpatient,3603KM,53,50,14070.0,265.47,70.0,52.0,1.0,0.0
Outpatient,3626CQ,71,53,14050.0,197.89,80.0,68.0,2.0,1.0
Outpatient,2413UP,58,18,14030.0,241.9,60.0,56.0,2.0,0.0
Outpatient,2125VV,34,27,14030.0,412.65,80.0,32.0,2.0,0.0
Outpatient,3303BR,40,33,14020.0,350.5,100.0,39.0,1.0,0.0
Outpatient,1813BG,103,32,14010.0,136.02,50.0,96.0,5.0,2.0
Outpatient,1100ZM,56,48,14010.0,250.18,85.0,55.0,1.0,0.0
Outpatient,0100CC,58,46,14010.0,241.55,70.0,53.0,5.0,0.0
Outpatient,4218KJ,35,25,14000.0,400.0,80.0,33.0,1.0,1.0
Outpatient,1613UU,49,30,13990.0,285.51,90.0,48.0,1.0,0.0
Outpatient,0425SJ,58,12,13980.0,241.03,70.0,54.0,4.0,0.0
Outpatient,0601TR,53,48,13970.0,263.58,60.0,47.0,5.0,1.0
Outpatient,4200PR,73,64,13970.0,191.37,60.0,73.0,0.0,0.0
Outpatient,4530VN,39,37,13960.0,357.95,100.0,38.0,0.0,1.0
Outpatient,2200GN,75,70,13950.0,186.0,60.0,71.0,3.0,1.0
Outpatient,07006G,47,46,13950.0,296.81,60.0,46.0,1.0,0.0
Outpatient,3600BB,53,33,13950.0,263.21,60.0,51.0,2.0,0.0
Outpatient,0502HR,48,45,13920.0,290.0,85.0,47.0,1.0,0.0
Outpatient,3600YD,35,31,13890.0,396.86,80.0,34.0,0.0,1.0
Outpatient,4401MT,29,23,13890.0,478.97,100.0,28.0,1.0,0.0
Outpatient,19006Q,52,40,13880.0,266.92,70.0,49.0,3.0,0.0
Outpatient,1801QB,51,30,13880.0,272.16,70.0,49.0,2.0,0.0
Outpatient,2700MS,48,23,13860.0,288.75,70.0,46.0,2.0,0.0
Outpatient,1501JD,36,27,13860.0,385.0,70.0,35.0,1.0,0.0
Outpatient,1901XG,35,30,13830.0,395.14,100.0,35.0,0.0,0.0
Outpatient,1002DC,78,77,13830.0,177.31,65.0,77.0,1.0,0.0
Outpatient,1513PG,44,34,13830.0,314.32,90.0,43.0,1.0,0.0
Outpatient,4925QB,28,21,13830.0,493.93,65.0,27.0,1.0,0.0
Outpatient,3100JU,93,85,13820.0,148.6,70.0,88.0,4.0,1.0
Outpatient,2313UG,59,50,13820.0,234.24,70.0,57.0,2.0,0.0
Outpatient,2813QG,51,13,13810.0,270.78,100.0,47.0,4.0,0.0
Outpatient,0600ZH,53,45,13800.0,260.38,70.0,53.0,0.0,0.0
Outpatient,3601YT,49,43,13790.0,281.43,90.0,48.0,1.0,0.0
Outpatient,4528YS,54,49,13790.0,255.37,70.0,50.0,4.0,0.0
Outpatient,4508SS,27,25,13790.0,510.74,90.0,25.0,2.0,0.0
Outpatient,0101NN,28,22,13770.0,491.79,60.0,27.0,1.0,0.0
Outpatient,0325BG,58,49,13760.0,237.24,95.0,55.0,3.0,0.0
Outpatient,1613XJ,37,18,13750.0,371.62,90.0,35.0,2.0,0.0
Outpatient,3100SH,53,51,13750.0,259.43,70.0,49.0,4.0,0.0
Outpatient,3101MP,70,69,13740.0,196.29,80.0,67.0,2.0,1.0
Outpatient,3900XA,62,57,13740.0,221.61,70.0,62.0,0.0,0.0
Outpatient,3701QA,61,23,13730.0,225.08,80.0,59.0,2.0,0.0
Outpatient,3900MR,53,50,13720.0,258.87,80.0,51.0,2.0,0.0
Outpatient,1700VV,80,47,13720.0,171.5,70.0,74.0,6.0,0.0
Outpatient,3900TB,56,27,13710.0,244.82,85.0,50.0,6.0,0.0
Outpatient,4238XH,53,30,13690.0,258.3,60.0,50.0,3.0,0.0
Outpatient,5213HJ,76,22,13690.0,180.13,60.0,71.0,5.0,0.0
Outpatient,4400GT,53,16,13690.0,258.3,60.0,53.0,0.0,0.0
Outpatient,2500NT,63,44,13690.0,217.3,70.0,59.0,4.0,0.0
Outpatient,2000PG,64,54,13690.0,213.91,80.0,62.0,2.0,0.0
Outpatient,4585YU,56,22,13680.0,244.29,70.0,53.0,2.0,1.0
Outpatient,3600VA,49,40,13670.0,278.98,80.0,47.0,2.0,0.0
Outpatient,4507HK,31,27,13660.0,440.65,100.0,30.0,1.0,0.0
Outpatient,3100WN,58,57,13650.0,235.34,75.0,58.0,0.0,0.0
Outpatient,1800DJ,52,25,13650.0,262.5,80.0,49.0,3.0,0.0
Outpatient,2713AS,28,14,13650.0,487.5,100.0,28.0,0.0,0.0
Outpatient,4300DV,53,37,13650.0,257.55,90.0,49.0,4.0,0.0
Outpatient,1701CC,61,42,13640.0,223.61,60.0,59.0,2.0,0.0
Outpatient,10006G,64,58,13640.0,213.13,90.0,62.0,2.0,0.0
Outpatient,3302RJ,49,49,13630.0,278.16,60.0,48.0,1.0,0.0
Outpatient,0101MC,39,30,13620.0,349.23,70.0,37.0,2.0,0.0
Outpatient,3600HV,33,30,13590.0,411.82,200.0,30.0,1.0,2.0
Outpatient,0413KV,53,26,13580.0,256.23,70.0,50.0,2.0,1.0
Outpatient,2639AJ,84,26,13560.0,161.43,70.0,77.0,6.0,1.0
Outpatient,3425SA,65,34,13560.0,208.62,60.0,61.0,4.0,0.0
Outpatient,1800DR,26,16,13540.0,520.77,70.0,25.0,1.0,0.0
Outpatient,21008K,29,25,13540.0,466.9,90.0,29.0,0.0,0.0
Outpatient,4218HT,40,16,13540.0,338.5,90.0,40.0,0.0,0.0
Outpatient,0600RM,78,71,13530.0,173.46,60.0,74.0,3.0,1.0
Outpatient,1113DR,49,14,13520.0,275.92,80.0,47.0,2.0,0.0
Outpatient,34256M,46,37,13520.0,293.91,80.0,45.0,1.0,0.0
Outpatient,1100BH,64,59,13510.0,211.09,70.0,62.0,1.0,1.0
Outpatient,3400NJ,58,35,13510.0,232.93,70.0,55.0,3.0,0.0
Outpatient,0600MP,78,74,13500.0,173.08,80.0,76.0,2.0,0.0
Outpatient,1402BQ,64,61,13500.0,210.94,60.0,61.0,2.0,1.0
Outpatient,19016K,60,48,13490.0,224.83,70.0,58.0,2.0,0.0
Outpatient,1113RV,66,45,13490.0,204.39,65.0,64.0,2.0,0.0
Outpatient,1500UQ,69,23,13490.0,195.51,70.0,64.0,4.0,1.0
Outpatient,2501ZT,48,42,13490.0,281.04,100.0,45.0,3.0,0.0
Outpatient,0507ZH,30,30,13470.0,449.0,100.0,30.0,0.0,0.0
Outpatient,11136M,79,17,13450.0,170.25,60.0,73.0,6.0,0.0
Outpatient,0503JK,76,50,13440.0,176.84,50.0,70.0,4.0,2.0
Outpatient,3100KP,58,55,13440.0,231.72,65.0,56.0,2.0,0.0
Outpatient,4588QN,49,30,13430.0,274.08,80.0,47.0,1.0,1.0
Outpatient,3602ZC,74,49,13430.0,181.49,60.0,72.0,2.0,0.0
Outpatient,13856A,87,44,13420.0,154.25,70.0,82.0,4.0,1.0
Outpatient,0502UQ,47,47,13410.0,285.32,80.0,47.0,0.0,0.0
Outpatient,45008C,39,14,13390.0,343.33,70.0,37.0,2.0,0.0
Outpatient,3325TM,27,27,13380.0,495.56,200.0,27.0,0.0,0.0
Outpatient,0700KS,28,27,13370.0,477.5,85.0,28.0,0.0,0.0
Outpatient,4500RN,59,16,13350.0,226.27,80.0,58.0,1.0,0.0
Outpatient,0505WG,67,65,13330.0,198.96,70.0,62.0,4.0,1.0
Outpatient,5100QH,37,35,13330.0,360.27,80.0,36.0,1.0,0.0
Outpatient,4501CA,47,36,13320.0,283.4,60.0,44.0,3.0,0.0
Outpatient,0502CD,51,43,13320.0,261.18,90.0,48.0,3.0,0.0
Outpatient,3700HK,69,35,13300.0,192.75,70.0,66.0,2.0,1.0
Outpatient,5240DD,32,30,13300.0,415.63,100.0,31.0,1.0,0.0
Outpatient,3100PC,37,37,13300.0,359.46,100.0,36.0,1.0,0.0
Outpatient,0539ZN,77,17,13300.0,172.73,60.0,73.0,4.0,0.0
Outpatient,3700RN,39,5,13250.0,339.74,100.0,39.0,0.0,0.0
Outpatient,1501ZA,35,34,13250.0,378.57,100.0,32.0,2.0,1.0
Outpatient,5125VD,51,25,13230.0,259.41,60.0,46.0,4.0,1.0
Outpatient,3101CD,43,43,13200.0,306.98,80.0,42.0,1.0,0.0
Outpatient,2900QT,48,34,13180.0,274.58,85.0,42.0,5.0,1.0
Outpatient,3901DB,42,40,13170.0,313.57,80.0,42.0,0.0,0.0
Outpatient,52136H,54,29,13170.0,243.89,60.0,54.0,0.0,0.0
Outpatient,03006P,58,52,13160.0,226.9,80.0,56.0,2.0,0.0
Outpatient,26006N,69,25,13160.0,190.72,60.0,68.0,1.0,0.0
Outpatient,46008B,48,26,13150.0,273.96,55.0,45.0,2.0,1.0
Outpatient,2601YD,47,29,13150.0,279.79,60.0,43.0,4.0,0.0
Outpatient,4413WV,31,12,13140.0,423.87,200.0,30.0,1.0,0.0
Outpatient,3213YB,23,7,13110.0,570.0,100.0,23.0,0.0,0.0
Outpatient,4401VH,65,40,13100.0,201.54,50.0,63.0,1.0,1.0
Outpatient,4401VV,46,32,13090.0,284.57,75.0,44.0,2.0,0.0
Outpatient,42256A,30,20,13080.0,436.0,85.0,29.0,1.0,0.0
Outpatient,1500BS,29,21,13070.0,450.69,90.0,28.0,1.0,0.0
Outpatient,1101NK,59,54,13060.0,221.36,80.0,57.0,2.0,0.0
Outpatient,1513SS,53,22,13060.0,246.42,80.0,52.0,0.0,1.0
Outpatient,3301YN,63,60,13030.0,206.83,60.0,62.0,1.0,0.0
Outpatient,2613CH,81,33,12990.0,160.37,60.0,79.0,1.0,1.0
Outpatient,10256C,63,60,12980.0,206.03,80.0,59.0,4.0,0.0
Outpatient,3301HH,22,22,12970.0,589.55,250.0,22.0,0.0,0.0
Outpatient,4200RC,52,46,12970.0,249.42,70.0,50.0,2.0,0.0
Outpatient,4520UC,23,22,12960.0,563.48,100.0,22.0,1.0,0.0
Outpatient,5100BA,47,39,12950.0,275.53,60.0,46.0,1.0,0.0
Outpatient,44138P,36,20,12950.0,359.72,60.0,35.0,1.0,0.0
Outpatient,1925ZK,37,20,12940.0,349.73,70.0,34.0,3.0,0.0
Outpatient,4530RV,32,28,12940.0,404.38,95.0,31.0,1.0,0.0
Outpatient,2500KR,68,24,12930.0,190.15,80.0,65.0,2.0,1.0
Outpatient,22006U,41,32,12930.0,315.37,80.0,41.0,0.0,0.0
Outpatient,4400TM,47,38,12930.0,275.11,60.0,46.0,1.0,0.0
Outpatient,4200JC,49,45,12920.0,263.67,60.0,48.0,1.0,0.0
Outpatient,1913DP,68,15,12920.0,190.0,60.0,68.0,0.0,0.0
Outpatient,3602YB,43,37,12910.0,300.23,90.0,41.0,1.0,1.0
Outpatient,4200UH,48,41,12910.0,268.96,75.0,47.0,1.0,0.0
Outpatient,0825AA,52,41,12870.0,247.5,65.0,46.0,5.0,1.0
Outpatient,0511BV,29,25,12850.0,443.1,100.0,26.0,3.0,0.0
Outpatient,0700GN,27,27,12850.0,475.93,70.0,26.0,1.0,0.0
Outpatient,4600PJ,48,27,12830.0,267.29,75.0,43.0,5.0,0.0
Outpatient,2513AU,42,25,12830.0,305.48,90.0,40.0,2.0,0.0
Outpatient,1902YQ,56,39,12830.0,229.11,80.0,55.0,1.0,0.0
Outpatient,5000TA,36,32,12830.0,356.39,70.0,36.0,0.0,0.0
Outpatient,3900GC,35,30,12820.0,366.29,80.0,32.0,3.0,0.0
Outpatient,0505CH,45,36,12820.0,284.89,90.0,42.0,3.0,0.0
Outpatient,1902PC,24,23,12810.0,533.75,100.0,24.0,0.0,0.0
Outpatient,4501UT,32,26,12810.0,400.31,100.0,31.0,1.0,0.0
Outpatient,3900HT,49,45,12800.0,261.22,50.0,47.0,2.0,0.0
Outpatient,1613JJ,41,26,12800.0,312.2,100.0,38.0,3.0,0.0
Outpatient,0413WN,57,33,12790.0,224.39,80.0,56.0,1.0,0.0
Outpatient,0506JQ,36,33,12790.0,355.28,75.0,33.0,3.0,0.0
Outpatient,2013MP,53,51,12780.0,241.13,70.0,50.0,3.0,0.0
Outpatient,4000GK,50,47,12770.0,255.4,75.0,47.0,3.0,0.0
Outpatient,0539BJ,52,20,12770.0,245.58,85.0,51.0,1.0,0.0
Outpatient,1013XB,38,35,12760.0,335.79,80.0,37.0,1.0,0.0
Outpatient,0413SH,53,42,12760.0,240.75,70.0,51.0,2.0,0.0
Outpatient,2813TR,28,17,12760.0,455.71,100.0,28.0,0.0,0.0
Outpatient,0500BN,50,48,12750.0,255.0,65.0,47.0,3.0,0.0
Outpatient,2201GU,45,41,12750.0,283.33,50.0,43.0,2.0,0.0
Outpatient,3700AC,57,49,12750.0,223.68,90.0,57.0,0.0,0.0
Outpatient,3434AH,54,22,12740.0,235.93,80.0,54.0,0.0,0.0
Outpatient,3613BH,55,39,12720.0,231.27,50.0,53.0,2.0,0.0
Outpatient,1913BM,33,26,12710.0,385.15,80.0,32.0,1.0,0.0
Outpatient,2739MD,47,21,12700.0,270.21,60.0,44.0,3.0,0.0
Outpatient,2500VP,77,28,12700.0,164.94,80.0,77.0,0.0,0.0
Outpatient,4506SU,55,53,12700.0,230.91,60.0,52.0,3.0,0.0
Outpatient,0101TM,57,47,12690.0,222.63,70.0,56.0,1.0,0.0
Outpatient,4300GQ,52,33,12690.0,244.04,75.0,49.0,2.0,1.0
Outpatient,2313GN,84,33,12690.0,151.07,55.0,77.0,7.0,0.0
Outpatient,4925DP,56,35,12680.0,226.43,90.0,53.0,3.0,0.0
Outpatient,67256M,24,22,12660.0,527.5,95.0,23.0,1.0,0.0
Outpatient,4218XQ,59,22,12640.0,214.24,70.0,58.0,1.0,0.0
Outpatient,1413DK,43,21,12630.0,293.72,90.0,42.0,1.0,0.0
Outpatient,4401YC,74,30,12610.0,170.41,70.0,71.0,3.0,0.0
Outpatient,5113QS,36,23,12610.0,350.28,80.0,36.0,0.0,0.0
Outpatient,37006B,54,41,12610.0,233.52,65.0,53.0,1.0,0.0
Outpatient,04008T,59,17,12560.0,212.88,60.0,58.0,1.0,0.0
Outpatient,2600ND,57,44,12560.0,220.35,70.0,52.0,5.0,0.0
Outpatient,2125RB,65,57,12560.0,193.23,80.0,62.0,3.0,0.0
Outpatient,2813ZS,38,9,12560.0,330.53,90.0,35.0,3.0,0.0
Outpatient,1500DG,39,36,12560.0,322.05,80.0,37.0,2.0,0.0
Outpatient,2013HJ,29,21,12550.0,432.76,70.0,27.0,2.0,0.0
Outpatient,1501TQ,55,39,12540.0,228.0,60.0,50.0,4.0,1.0
Outpatient,0401PQ,69,44,12530.0,181.59,80.0,67.0,2.0,0.0
Outpatient,3600QJ,39,32,12530.0,321.28,90.0,38.0,1.0,0.0
Outpatient,3125XQ,30,29,12530.0,417.67,90.0,30.0,0.0,0.0
Outpatient,2200UU,61,53,12530.0,205.41,70.0,56.0,5.0,0.0
Outpatient,4925CT,25,14,12530.0,501.2,90.0,23.0,2.0,0.0
Outpatient,0101ZD,49,43,12520.0,255.51,60.0,48.0,1.0,0.0
Outpatient,2000QH,60,53,12510.0,208.5,60.0,58.0,2.0,0.0
Outpatient,39408D,43,41,12500.0,290.7,80.0,40.0,3.0,0.0
Outpatient,3800XV,36,35,12490.0,346.94,80.0,34.0,2.0,0.0
Outpatient,1001KU,59,48,12490.0,211.69,90.0,56.0,3.0,0.0
Outpatient,2000KB,54,52,12470.0,230.93,55.0,51.0,3.0,0.0
Outpatient,0301VN,32,28,12470.0,389.69,85.0,28.0,4.0,0.0
Outpatient,3939SB,52,25,12460.0,239.62,65.0,48.0,4.0,0.0
Outpatient,2100GA,37,32,12460.0,336.76,80.0,36.0,1.0,0.0
Outpatient,0100SM,41,23,12450.0,303.66,100.0,40.0,1.0,0.0
Outpatient,0618WR,25,8,12450.0,498.0,50.0,23.0,2.0,0.0
Outpatient,3800MJ,55,40,12450.0,226.36,80.0,53.0,2.0,0.0
Outpatient,06018D,49,47,12440.0,253.88,60.0,43.0,6.0,0.0
Outpatient,4400QQ,36,32,12430.0,345.28,65.0,34.0,2.0,0.0
Outpatient,5119NV,41,29,12430.0,303.17,70.0,38.0,3.0,0.0
Outpatient,1500UH,32,27,12420.0,388.13,100.0,32.0,0.0,0.0
Outpatient,4513UA,54,25,12410.0,229.81,65.0,51.0,3.0,0.0
Outpatient,3701PV,38,14,12410.0,326.58,85.0,38.0,0.0,0.0
Outpatient,0502XT,39,35,12410.0,318.21,40.0,38.0,1.0,0.0
Outpatient,10026G,58,55,12400.0,213.79,65.0,54.0,3.0,1.0
Outpatient,3930MD,69,50,12400.0,179.71,70.0,66.0,2.0,1.0
Outpatient,2801MM,49,28,12400.0,253.06,80.0,46.0,2.0,1.0
Outpatient,3901HT,35,29,12380.0,353.71,70.0,35.0,0.0,0.0
Outpatient,1713PK,37,10,12380.0,334.59,70.0,36.0,1.0,0.0
Outpatient,3901HD,58,53,12370.0,213.28,85.0,56.0,2.0,0.0
Outpatient,4528BR,60,45,12370.0,206.17,75.0,56.0,4.0,0.0
Outpatient,3301VA,44,36,12360.0,280.91,60.0,40.0,4.0,0.0
Outpatient,4502BP,46,39,12360.0,268.7,100.0,46.0,0.0,0.0
Outpatient,39036D,32,28,12350.0,385.94,85.0,30.0,1.0,1.0
Outpatient,2301UG,63,47,12320.0,195.56,80.0,60.0,2.0,1.0
Outpatient,2302NQ,46,44,12320.0,267.83,60.0,44.0,1.0,1.0
Outpatient,1613DK,36,15,12300.0,341.67,65.0,32.0,4.0,0.0
Outpatient,1813WU,65,28,12300.0,189.23,60.0,61.0,3.0,1.0
Outpatient,1600DG,60,54,12300.0,205.0,65.0,55.0,4.0,1.0
Outpatient,0505JV,32,31,12290.0,384.06,95.0,32.0,0.0,0.0
Outpatient,3100RG,57,54,12280.0,215.44,70.0,52.0,5.0,0.0
Outpatient,2300NU,34,30,12270.0,360.88,70.0,33.0,1.0,0.0
Outpatient,0413RG,46,20,12260.0,266.52,65.0,42.0,3.0,1.0
Outpatient,6739DU,36,21,12260.0,340.56,75.0,36.0,0.0,0.0
Outpatient,50668A,28,26,12240.0,437.14,95.0,28.0,0.0,0.0
Outpatient,1225MM,39,31,12240.0,313.85,60.0,36.0,2.0,1.0
Outpatient,1700HP,54,36,12240.0,226.67,85.0,53.0,1.0,0.0
Outpatient,2100PR,72,70,12230.0,169.86,80.0,71.0,1.0,0.0
Outpatient,1701JK,39,27,12230.0,313.59,80.0,36.0,3.0,0.0
Outpatient,3601XS,65,50,12220.0,188.0,80.0,61.0,4.0,0.0
Outpatient,17018J,53,50,12220.0,230.57,60.0,50.0,3.0,0.0
Outpatient,4502RV,30,25,12210.0,407.0,85.0,30.0,0.0,0.0
Outpatient,2325AG,44,34,12190.0,277.05,60.0,43.0,1.0,0.0
Outpatient,0825NP,30,29,12170.0,405.67,200.0,30.0,0.0,0.0
Outpatient,4506BC,29,27,12170.0,419.66,90.0,27.0,2.0,0.0
Outpatient,2500RA,39,28,12160.0,311.79,100.0,39.0,0.0,0.0
Outpatient,4401ZD,52,30,12160.0,233.85,80.0,50.0,2.0,0.0
Outpatient,2713VK,19,18,12150.0,639.47,100.0,18.0,0.0,1.0
Outpatient,4001SM,51,40,12140.0,238.04,60.0,48.0,3.0,0.0
Outpatient,1501GJ,39,26,12120.0,310.77,90.0,38.0,1.0,0.0
Outpatient,4900DG,53,43,12120.0,228.68,70.0,51.0,1.0,1.0
Outpatient,2230SK,25,23,12100.0,484.0,90.0,24.0,1.0,0.0
Outpatient,6725WG,42,37,12100.0,288.1,75.0,42.0,0.0,0.0
Outpatient,1513SK,56,22,12090.0,215.89,70.0,54.0,1.0,1.0
Outpatient,4525MD,26,26,12080.0,464.62,95.0,25.0,0.0,1.0
Outpatient,1402UD,43,37,12070.0,280.7,80.0,41.0,1.0,1.0
Outpatient,1513XR,76,25,12070.0,158.82,65.0,70.0,6.0,0.0
Outpatient,5313JU,45,20,12060.0,268.0,60.0,44.0,1.0,0.0
Outpatient,0613CD,38,9,12060.0,317.37,80.0,37.0,1.0,0.0
Outpatient,37008C,18,15,12040.0,668.89,300.0,18.0,0.0,0.0
Outpatient,2100AK,36,35,12040.0,334.44,70.0,36.0,0.0,0.0
Outpatient,4508HP,56,49,12040.0,215.0,80.0,55.0,1.0,0.0
Outpatient,1900TU,37,15,12030.0,325.14,70.0,36.0,1.0,0.0
Outpatient,44136D,62,29,12010.0,193.71,85.0,60.0,2.0,0.0
Outpatient,1901ZA,50,31,12000.0,240.0,60.0,48.0,2.0,0.0
Outpatient,1901GR,64,39,11990.0,187.34,60.0,61.0,3.0,0.0
Outpatient,3300SR,56,41,11980.0,213.93,60.0,54.0,2.0,0.0
Outpatient,20238Q,73,50,11960.0,163.84,80.0,71.0,2.0,0.0
Outpatient,0301BV,29,29,11950.0,412.07,100.0,26.0,3.0,0.0
Outpatient,5213GH,51,11,11930.0,233.92,70.0,50.0,1.0,0.0
Outpatient,0300GU,46,43,11910.0,258.91,80.0,45.0,1.0,0.0
Outpatient,2601AJ,38,31,11890.0,312.89,90.0,35.0,3.0,0.0
Outpatient,4506AB,39,35,11870.0,304.36,70.0,36.0,3.0,0.0
Outpatient,3325NU,46,39,11860.0,257.83,75.0,44.0,1.0,1.0
Outpatient,2400YG,65,53,11860.0,182.46,80.0,63.0,2.0,0.0
Outpatient,1525TC,34,30,11840.0,348.24,70.0,33.0,1.0,0.0
Outpatient,0400UR,68,28,11820.0,173.82,60.0,65.0,3.0,0.0
Outpatient,2813ZK,39,23,11800.0,302.56,70.0,38.0,0.0,1.0
Outpatient,4528YK,53,29,11790.0,222.45,60.0,49.0,4.0,0.0
Outpatient,2413RB,27,22,11770.0,435.93,100.0,27.0,0.0,0.0
Outpatient,15016B,72,53,11760.0,163.33,60.0,70.0,1.0,1.0
Outpatient,1101JU,57,40,11760.0,206.32,90.0,55.0,1.0,1.0
Outpatient,1200XH,49,45,11760.0,240.0,100.0,49.0,0.0,0.0
Outpatient,0513DD,52,27,11750.0,225.96,60.0,49.0,2.0,1.0
Outpatient,1313YS,57,39,11740.0,205.96,70.0,54.0,2.0,1.0
Outpatient,4313QT,37,14,11740.0,317.3,60.0,35.0,1.0,1.0
Outpatient,2200BA,35,35,11740.0,335.43,300.0,34.0,1.0,0.0
Outpatient,1413CR,45,17,11720.0,260.44,60.0,44.0,1.0,0.0
Outpatient,5213VJ,51,38,11720.0,229.8,60.0,48.0,1.0,2.0
Outpatient,3800NK,52,45,11710.0,225.19,100.0,47.0,3.0,2.0
Outpatient,1413HD,45,17,11700.0,260.0,100.0,44.0,1.0,0.0
Outpatient,2800AH,40,33,11700.0,292.5,85.0,38.0,1.0,1.0
Outpatient,0500PS,57,46,11680.0,204.91,70.0,54.0,2.0,1.0
Outpatient,1813ZB,23,19,11670.0,507.39,60.0,23.0,0.0,0.0
Outpatient,1900WB,44,34,11640.0,264.55,60.0,41.0,3.0,0.0
Outpatient,5039YA,32,11,11630.0,363.44,80.0,31.0,1.0,0.0
Outpatient,0413HC,34,16,11620.0,341.76,95.0,32.0,2.0,0.0
Outpatient,4507PK,48,10,11620.0,242.08,60.0,46.0,2.0,0.0
Outpatient,2201RB,42,41,11620.0,276.67,60.0,40.0,2.0,0.0
Outpatient,4502TB,74,35,11600.0,156.76,60.0,67.0,6.0,1.0
Outpatient,4926YM,49,21,11600.0,236.73,70.0,45.0,4.0,0.0
Outpatient,0434KH,32,21,11590.0,362.19,70.0,30.0,2.0,0.0
Outpatient,4400YK,37,29,11580.0,312.97,50.0,35.0,2.0,0.0
Outpatient,2500HU,51,43,11570.0,226.86,70.0,47.0,2.0,2.0
Outpatient,1900BK,54,52,11550.0,213.89,65.0,52.0,2.0,0.0
Outpatient,4587AQ,13,10,11530.0,886.92,400.0,12.0,1.0,0.0
Outpatient,3713PV,19,13,11520.0,606.32,200.0,18.0,1.0,0.0
Outpatient,0506WV,46,44,11510.0,250.22,60.0,46.0,0.0,0.0
Outpatient,4502KQ,56,50,11510.0,205.54,80.0,54.0,2.0,0.0
Outpatient,4600JC,45,37,11500.0,255.56,100.0,45.0,0.0,0.0
Outpatient,2225TC,81,50,11500.0,141.98,80.0,80.0,1.0,0.0
Outpatient,4401CK,41,39,11470.0,279.76,60.0,37.0,4.0,0.0
Outpatient,3900GS,35,30,11470.0,327.71,80.0,35.0,0.0,0.0
Outpatient,4528TT,27,17,11470.0,424.81,100.0,26.0,1.0,0.0
Outpatient,5134JU,46,19,11460.0,249.13,50.0,46.0,0.0,0.0
Outpatient,1901BN,22,15,11440.0,520.0,90.0,22.0,0.0,0.0
Outpatient,2500KB,53,16,11440.0,215.85,70.0,49.0,4.0,0.0
Outpatient,2302GQ,24,22,11440.0,476.67,85.0,23.0,1.0,0.0
Outpatient,4513VB,37,28,11430.0,308.92,200.0,36.0,1.0,0.0
Outpatient,1540PC,10,5,11420.0,1142.0,650.0,10.0,0.0,0.0
Outpatient,39016D,63,61,11420.0,181.27,70.0,62.0,1.0,0.0
Outpatient,4513GQ,67,26,11410.0,170.3,70.0,64.0,2.0,1.0
Outpatient,1400WN,57,54,11400.0,200.0,80.0,54.0,3.0,0.0
Outpatient,1813GK,61,31,11400.0,186.89,60.0,57.0,3.0,1.0
Outpatient,1402BH,49,39,11390.0,232.45,70.0,49.0,0.0,0.0
Outpatient,2800WA,57,29,11390.0,199.82,50.0,54.0,3.0,0.0
Outpatient,1300MP,28,24,11390.0,406.79,85.0,26.0,2.0,0.0
Outpatient,4506GH,35,31,11380.0,325.14,60.0,32.0,3.0,0.0
Outpatient,3600KS,39,38,11380.0,291.79,60.0,36.0,3.0,0.0
Outpatient,0506YB,38,37,11370.0,299.21,100.0,37.0,1.0,0.0
Outpatient,3700XU,36,24,11360.0,315.56,100.0,36.0,0.0,0.0
Outpatient,3401WB,38,31,11350.0,298.68,60.0,35.0,2.0,1.0
Outpatient,3902WJ,41,41,11350.0,276.83,60.0,39.0,2.0,0.0
Outpatient,4401HG,32,29,11340.0,354.38,90.0,32.0,0.0,0.0
Outpatient,0139MK,32,17,11330.0,354.06,70.0,31.0,1.0,0.0
Outpatient,0500ZA,42,41,11320.0,269.52,60.0,41.0,1.0,0.0
Outpatient,0505NC,47,46,11320.0,240.85,80.0,45.0,2.0,0.0
Outpatient,3603HH,40,32,11320.0,283.0,80.0,40.0,0.0,0.0
Outpatient,0533TU,50,43,11310.0,226.2,80.0,46.0,4.0,0.0
Outpatient,04006K,50,33,11300.0,226.0,55.0,48.0,2.0,0.0
Outpatient,2225YK,58,57,11300.0,194.83,100.0,58.0,0.0,0.0
Outpatient,1613HN,30,17,11300.0,376.67,100.0,29.0,0.0,1.0
Outpatient,2313RB,36,23,11290.0,313.61,80.0,34.0,2.0,0.0
Outpatient,2413WQ,62,26,11290.0,182.1,60.0,57.0,4.0,1.0
Outpatient,0500KV,31,29,11290.0,364.19,100.0,29.0,2.0,0.0
Outpatient,0600YU,29,27,11280.0,388.97,90.0,29.0,0.0,0.0
Outpatient,1001PB,20,20,11280.0,564.0,200.0,20.0,0.0,0.0
Outpatient,2413CK,16,13,11280.0,705.0,90.0,15.0,1.0,0.0
Outpatient,1225VV,49,43,11270.0,230.0,60.0,46.0,3.0,0.0
Outpatient,3900BV,38,37,11260.0,296.32,75.0,35.0,3.0,0.0
Outpatient,2300KK,48,41,11260.0,234.58,55.0,47.0,1.0,0.0
Outpatient,2338RN,29,22,11260.0,388.28,100.0,29.0,0.0,0.0
Outpatient,45026M,61,36,11250.0,184.43,70.0,59.0,2.0,0.0
Outpatient,0503UH,31,31,11240.0,362.58,80.0,31.0,0.0,0.0
Outpatient,2400UA,32,32,11230.0,350.94,100.0,31.0,1.0,0.0
Outpatient,4402QP,17,12,11210.0,659.41,80.0,17.0,0.0,0.0
Outpatient,2513BV,65,18,11210.0,172.46,80.0,62.0,3.0,0.0
Outpatient,4503NT,45,28,11200.0,248.89,100.0,45.0,0.0,0.0
Outpatient,4225CN,37,22,11190.0,302.43,60.0,36.0,1.0,0.0
Outpatient,1403TK,30,27,11180.0,372.67,100.0,30.0,0.0,0.0
Outpatient,4225CD,21,15,11170.0,531.9,100.0,19.0,2.0,0.0
Outpatient,10278C,33,29,11160.0,338.18,70.0,33.0,0.0,0.0
Outpatient,2539AT,39,17,11140.0,285.64,60.0,38.0,1.0,0.0
Outpatient,1402AG,34,32,11140.0,327.65,85.0,31.0,3.0,0.0
Outpatient,1027HS,64,60,11130.0,173.91,70.0,59.0,5.0,0.0
Outpatient,4507SP,37,24,11130.0,300.81,70.0,35.0,2.0,0.0
Outpatient,3325BA,45,43,11130.0,247.33,90.0,38.0,6.0,1.0
Outpatient,1500AJ,51,44,11120.0,218.04,100.0,50.0,1.0,0.0
Outpatient,6730CU,32,32,11120.0,347.5,80.0,31.0,1.0,0.0
Outpatient,1713GA,45,4,11100.0,246.67,90.0,44.0,1.0,0.0
Outpatient,36018A,51,49,11100.0,217.65,80.0,49.0,2.0,0.0
Outpatient,0589AP,28,23,11100.0,396.43,60.0,27.0,1.0,0.0
Outpatient,3304UJ,55,27,11090.0,201.64,60.0,53.0,1.0,1.0
Outpatient,1001JT,38,34,11090.0,291.84,65.0,38.0,0.0,0.0
Outpatient,2401QP,40,36,11090.0,277.25,100.0,40.0,0.0,0.0
Outpatient,1113VD,40,17,11080.0,277.0,50.0,38.0,2.0,0.0
Outpatient,3323VB,24,24,11060.0,460.83,85.0,24.0,0.0,0.0
Outpatient,3425RP,40,23,11060.0,276.5,75.0,39.0,1.0,0.0
Outpatient,1825YT,50,42,11050.0,221.0,50.0,49.0,1.0,0.0
Outpatient,2900RU,26,26,11040.0,424.62,95.0,25.0,1.0,0.0
Outpatient,28136M,36,24,11030.0,306.39,60.0,35.0,1.0,0.0
Outpatient,1002WQ,46,45,11030.0,239.78,65.0,43.0,3.0,0.0
Outpatient,5200PR,48,42,11020.0,229.58,80.0,47.0,1.0,0.0
Outpatient,3513MC,34,11,11000.0,323.53,70.0,32.0,2.0,0.0
Outpatient,1101NB,51,27,11000.0,215.69,70.0,51.0,0.0,0.0
Outpatient,0800PU,44,43,10990.0,249.77,75.0,41.0,3.0,0.0
Outpatient,4900PR,57,30,10990.0,192.81,60.0,53.0,4.0,0.0
Outpatient,4520JH,80,38,10960.0,137.0,70.0,75.0,4.0,1.0
Outpatient,4507CU,47,36,10960.0,233.19,70.0,43.0,4.0,0.0
Outpatient,4504UB,32,30,10940.0,341.88,85.0,31.0,1.0,0.0
Outpatient,1425RQ,32,31,10930.0,341.56,75.0,29.0,3.0,0.0
Outpatient,1026SP,57,51,10930.0,191.75,50.0,54.0,3.0,0.0
Outpatient,05048N,49,49,10930.0,223.06,70.0,47.0,2.0,0.0
Outpatient,3300QV,16,16,10920.0,682.5,140.0,16.0,0.0,0.0
Outpatient,4507WT,37,35,10910.0,294.86,80.0,34.0,3.0,0.0
Outpatient,2613JV,63,25,10900.0,173.02,60.0,59.0,4.0,0.0
Outpatient,0601QN,53,49,10900.0,205.66,60.0,52.0,1.0,0.0
Outpatient,1500DU,29,23,10900.0,375.86,60.0,28.0,1.0,0.0
Outpatient,51006U,40,29,10890.0,272.25,80.0,37.0,3.0,0.0
Outpatient,34S1JT,28,22,10870.0,388.21,90.0,25.0,3.0,0.0
Outpatient,1600VR,47,28,10870.0,231.28,70.0,45.0,2.0,0.0
Outpatient,3300WV,23,23,10860.0,472.17,60.0,22.0,1.0,0.0
Outpatient,1901QT,47,36,10850.0,230.85,60.0,46.0,1.0,0.0
Outpatient,51006N,49,41,10850.0,221.43,80.0,47.0,2.0,0.0
Outpatient,3739YS,32,11,10850.0,339.06,75.0,31.0,1.0,0.0
Outpatient,1800CQ,31,27,10850.0,350.0,70.0,30.0,1.0,0.0
Outpatient,4901ZB,25,23,10820.0,432.8,100.0,24.0,0.0,1.0
Outpatient,1013VV,43,18,10820.0,251.63,80.0,43.0,0.0,0.0
Outpatient,0300BR,32,30,10810.0,337.81,70.0,30.0,2.0,0.0
Outpatient,38138N,64,27,10780.0,168.44,80.0,62.0,2.0,0.0
Outpatient,4500AK,52,47,10780.0,207.31,80.0,50.0,2.0,0.0
Outpatient,0503HQ,19,16,10770.0,566.84,90.0,19.0,0.0,0.0
Outpatient,2500YS,53,50,10770.0,203.21,60.0,51.0,2.0,0.0
Outpatient,1800WG,50,35,10770.0,215.4,75.0,49.0,1.0,0.0
Outpatient,1501CU,32,30,10760.0,336.25,65.0,31.0,1.0,0.0
Outpatient,3901BH,75,68,10740.0,143.2,50.0,71.0,4.0,0.0
Outpatient,3902WA,59,52,10720.0,181.69,80.0,58.0,1.0,0.0
Outpatient,3713DT,41,36,10710.0,261.22,100.0,39.0,1.0,1.0
Outpatient,3325RA,28,27,10710.0,382.5,95.0,28.0,0.0,0.0
Outpatient,4513RC,31,17,10710.0,345.48,60.0,28.0,2.0,1.0
Outpatient,36006V,34,27,10700.0,314.71,90.0,31.0,3.0,0.0
Outpatient,5125NC,18,13,10700.0,594.44,150.0,18.0,0.0,0.0
Outpatient,3700ZJ,23,18,10690.0,464.78,70.0,22.0,1.0,0.0
Outpatient,2303AA,33,30,10690.0,323.94,60.0,31.0,1.0,1.0
Outpatient,4500MH,24,24,10690.0,445.42,75.0,22.0,2.0,0.0
Outpatient,4525JR,28,14,10680.0,381.43,100.0,27.0,1.0,0.0
Outpatient,1002RA,54,54,10670.0,197.59,60.0,52.0,2.0,0.0
Outpatient,3700QM,39,35,10670.0,273.59,70.0,35.0,4.0,0.0
Outpatient,2900ZJ,50,48,10670.0,213.4,80.0,48.0,2.0,0.0
Outpatient,4506QC,34,30,10630.0,312.65,75.0,34.0,0.0,0.0
Outpatient,0503ZP,46,43,10630.0,231.09,50.0,41.0,5.0,0.0
Outpatient,4925VR,31,16,10610.0,342.26,60.0,30.0,1.0,0.0
Outpatient,1635VD,51,17,10600.0,207.84,70.0,50.0,1.0,0.0
Outpatient,2225MC,13,13,10600.0,815.38,200.0,13.0,0.0,0.0
Outpatient,1118MD,29,11,10590.0,365.17,80.0,29.0,0.0,0.0
Outpatient,3902RB,23,22,10590.0,460.43,80.0,21.0,2.0,0.0
Outpatient,0502PR,38,37,10590.0,278.68,75.0,35.0,3.0,0.0
Outpatient,2913WP,15,10,10590.0,706.0,300.0,15.0,0.0,0.0
Outpatient,2200RJ,46,44,10580.0,230.0,80.0,45.0,1.0,0.0
Outpatient,4506DG,59,16,10580.0,179.32,90.0,53.0,5.0,1.0
Outpatient,1701DD,37,21,10570.0,285.68,70.0,36.0,1.0,0.0
Outpatient,3901QG,59,58,10570.0,179.15,80.0,57.0,1.0,1.0
Outpatient,1002QQ,47,46,10560.0,224.68,70.0,46.0,1.0,0.0
Outpatient,05278N,78,58,10540.0,135.13,60.0,73.0,4.0,1.0
Outpatient,28138U,28,23,10540.0,376.43,65.0,27.0,1.0,0.0
Outpatient,1913QC,42,17,10540.0,250.95,60.0,41.0,1.0,0.0
Outpatient,2500CR,37,24,10540.0,284.86,50.0,35.0,1.0,1.0
Outpatient,2325UN,39,23,10530.0,270.0,60.0,38.0,1.0,0.0
Outpatient,2525TK,40,26,10530.0,263.25,55.0,37.0,3.0,0.0
Outpatient,4500GA,52,23,10520.0,202.31,80.0,47.0,5.0,0.0
Outpatient,3600UV,46,23,10510.0,228.48,80.0,45.0,0.0,1.0
Outpatient,0502YU,22,22,10510.0,477.73,95.0,21.0,1.0,0.0
Outpatient,0501HM,44,44,10500.0,238.64,90.0,42.0,2.0,0.0
Outpatient,1925AD,48,32,10490.0,218.54,70.0,44.0,3.0,1.0
Outpatient,0600JM,42,36,10490.0,249.76,80.0,39.0,3.0,0.0
Outpatient,4901JP,50,31,10490.0,209.8,70.0,46.0,4.0,0.0
Outpatient,1825GD,57,22,10490.0,184.04,60.0,54.0,1.0,2.0
Outpatient,1701YD,28,23,10480.0,374.29,75.0,26.0,2.0,0.0
Outpatient,4400SK,25,22,10480.0,419.2,100.0,24.0,1.0,0.0
Outpatient,1825RR,37,34,10480.0,283.24,50.0,35.0,2.0,0.0
Outpatient,4525PV,23,18,10480.0,455.65,200.0,23.0,0.0,0.0
Outpatient,3302KB,30,20,10470.0,349.0,85.0,28.0,2.0,0.0
Outpatient,49008B,50,34,10470.0,209.4,60.0,50.0,0.0,0.0
Outpatient,3325KK,37,37,10470.0,282.97,70.0,34.0,3.0,0.0
Outpatient,4600UQ,56,51,10470.0,186.96,60.0,53.0,3.0,0.0
Outpatient,1613NU,91,28,10460.0,114.95,60.0,86.0,5.0,0.0
Outpatient,1600HA,37,30,10460.0,282.7,60.0,35.0,2.0,0.0
Outpatient,1001DH,66,39,10460.0,158.48,85.0,61.0,4.0,1.0
Outpatient,2339RB,29,14,10450.0,360.34,100.0,28.0,1.0,0.0
Outpatient,51008V,20,20,10450.0,522.5,75.0,19.0,0.0,1.0
Outpatient,2000JA,49,45,10450.0,213.27,90.0,48.0,1.0,0.0
Outpatient,53138T,38,8,10440.0,274.74,65.0,37.0,1.0,0.0
Outpatient,4525CS,42,24,10430.0,248.33,85.0,40.0,2.0,0.0
Outpatient,3100TA,24,24,10420.0,434.17,90.0,22.0,1.0,1.0
Outpatient,1000HG,27,26,10410.0,385.56,90.0,26.0,1.0,0.0
Outpatient,26018J,36,21,10400.0,288.89,60.0,36.0,0.0,0.0
Outpatient,2500YB,33,18,10390.0,314.85,80.0,31.0,2.0,0.0
Outpatient,0301XQ,21,20,10380.0,494.29,50.0,21.0,0.0,0.0
Outpatient,5000JU,23,21,10380.0,451.3,200.0,22.0,1.0,0.0
Outpatient,0513QR,29,28,10380.0,357.93,70.0,27.0,2.0,0.0
Outpatient,0200KH,31,23,10380.0,334.84,200.0,31.0,0.0,0.0
Outpatient,1200TB,21,21,10360.0,493.33,200.0,21.0,0.0,0.0
Outpatient,3301GG,17,16,10350.0,608.82,60.0,17.0,0.0,0.0
Outpatient,3465WV,77,56,10340.0,134.29,60.0,74.0,3.0,0.0
Outpatient,1900YD,36,33,10320.0,286.67,60.0,33.0,2.0,1.0
Outpatient,0502AB,47,45,10310.0,219.36,70.0,45.0,2.0,0.0
Outpatient,0101MM,36,33,10310.0,286.39,75.0,33.0,3.0,0.0
Outpatient,0502VR,19,19,10300.0,542.11,100.0,18.0,1.0,0.0
Outpatient,4900RT,24,23,10300.0,429.17,100.0,24.0,0.0,0.0
Outpatient,39008N,28,24,10290.0,367.5,100.0,28.0,0.0,0.0
Outpatient,3901XA,32,26,10280.0,321.25,85.0,32.0,0.0,0.0
Outpatient,0613MP,29,28,10280.0,354.48,100.0,29.0,0.0,0.0
Outpatient,1800XQ,28,21,10280.0,367.14,60.0,28.0,0.0,0.0
Outpatient,1800VD,31,23,10270.0,331.29,100.0,31.0,0.0,0.0
Outpatient,3900RH,44,42,10260.0,233.18,65.0,39.0,5.0,0.0
Outpatient,4401CS,57,47,10260.0,180.0,50.0,55.0,2.0,0.0
Outpatient,4508NN,43,35,10260.0,238.6,90.0,42.0,1.0,0.0
Outpatient,6725VT,51,47,10260.0,201.18,70.0,50.0,1.0,0.0
Outpatient,0413ZR,48,14,10250.0,213.54,70.0,45.0,2.0,1.0
Outpatient,4413NT,59,18,10240.0,173.56,60.0,54.0,5.0,0.0
Outpatient,3413CA,25,22,10240.0,409.6,60.0,23.0,2.0,0.0
Outpatient,1613AV,38,12,10230.0,269.21,75.0,38.0,0.0,0.0
Outpatient,3335ZM,29,27,10230.0,352.76,80.0,28.0,1.0,0.0
Outpatient,1500HA,26,25,10230.0,393.46,200.0,25.0,1.0,0.0
Outpatient,0101ZT,26,13,10220.0,393.08,100.0,26.0,0.0,0.0
Outpatient,1000YS,50,48,10200.0,204.0,55.0,48.0,2.0,0.0
Outpatient,3901PU,26,25,10190.0,391.92,65.0,25.0,1.0,0.0
Outpatient,3425VU,35,31,10190.0,291.14,100.0,33.0,2.0,0.0
Outpatient,1613RJ,46,18,10180.0,221.3,80.0,41.0,4.0,1.0
Outpatient,1713VB,23,9,10180.0,442.61,80.0,21.0,1.0,1.0
Outpatient,1926CS,32,26,10180.0,318.13,100.0,32.0,0.0,0.0
Outpatient,0527UK,31,31,10170.0,328.06,80.0,31.0,0.0,0.0
Outpatient,2225NT,57,40,10160.0,178.25,70.0,54.0,3.0,0.0
Outpatient,0501SA,21,20,10160.0,483.81,200.0,21.0,0.0,0.0
Outpatient,5013DB,33,16,10160.0,307.88,100.0,32.0,0.0,1.0
Outpatient,1002JJ,40,39,10160.0,254.0,70.0,38.0,2.0,0.0
Outpatient,0527GK,40,33,10150.0,253.75,60.0,37.0,2.0,1.0
Outpatient,4925DG,44,29,10150.0,230.68,80.0,44.0,0.0,0.0
Outpatient,5201RU,24,23,10140.0,422.5,100.0,24.0,0.0,0.0
Outpatient,2200NN,40,39,10140.0,253.5,75.0,39.0,1.0,0.0
Outpatient,4513QB,67,37,10140.0,151.34,70.0,65.0,1.0,1.0
Outpatient,4518XD,30,24,10140.0,338.0,80.0,29.0,1.0,0.0
Outpatient,1027KG,31,24,10130.0,326.77,70.0,31.0,0.0,0.0
Outpatient,4525CB,36,21,10130.0,281.39,150.0,35.0,0.0,1.0
Outpatient,1513HG,38,32,10120.0,266.32,90.0,37.0,1.0,0.0
Outpatient,6700ZB,43,38,10120.0,235.35,100.0,41.0,2.0,0.0
Outpatient,1001TH,24,24,10120.0,421.67,90.0,23.0,1.0,0.0
Outpatient,4313QD,50,18,10100.0,202.0,90.0,47.0,3.0,0.0
Outpatient,4218AG,21,9,10100.0,480.95,60.0,21.0,0.0,0.0
Outpatient,0413BU,40,16,10100.0,252.5,90.0,39.0,1.0,0.0
Outpatient,3700MH,36,8,10090.0,280.28,60.0,32.0,4.0,0.0
Outpatient,07258J,43,39,10090.0,234.65,100.0,42.0,1.0,0.0
Outpatient,3100DH,21,20,10070.0,479.52,100.0,21.0,0.0,0.0
Outpatient,24018G,8,8,10060.0,1257.5,700.0,8.0,0.0,0.0
Outpatient,4400YS,78,22,10050.0,128.85,55.0,70.0,7.0,1.0
Outpatient,3426DS,38,27,10050.0,264.47,65.0,33.0,5.0,0.0
Outpatient,3303JB,67,66,10050.0,150.0,60.0,64.0,2.0,1.0
Outpatient,3423YD,23,20,10040.0,436.52,90.0,23.0,0.0,0.0
Outpatient,5000KP,58,56,10040.0,173.1,80.0,56.0,2.0,0.0
Outpatient,0506HN,35,34,10030.0,286.57,90.0,32.0,3.0,0.0
Outpatient,3513DC,49,13,10030.0,204.69,70.0,46.0,2.0,1.0
Outpatient,2339TD,62,24,10020.0,161.61,60.0,61.0,1.0,0.0
Outpatient,1434MC,24,12,10020.0,417.5,100.0,23.0,1.0,0.0
Outpatient,4613DM,10,4,10020.0,1002.0,650.0,10.0,0.0,0.0
Outpatient,0528KP,35,35,10000.0,285.71,60.0,32.0,3.0,0.0
Outpatient,4528GM,64,59,10000.0,156.25,70.0,61.0,3.0,0.0
Outpatient,3613XJ,10,7,9980.0,998.0,400.0,10.0,0.0,0.0
Outpatient,2425RS,15,9,9980.0,665.33,100.0,15.0,0.0,0.0
Outpatient,2500BQ,52,26,9970.0,191.73,50.0,52.0,0.0,0.0
Outpatient,0700CK,25,25,9970.0,398.8,90.0,25.0,0.0,0.0
Outpatient,17136J,33,8,9960.0,301.82,90.0,33.0,0.0,0.0
Outpatient,1713HJ,37,9,9960.0,269.19,80.0,36.0,1.0,0.0
Outpatient,4505RA,39,39,9960.0,255.38,40.0,38.0,0.0,1.0
Outpatient,33018J,38,38,9950.0,261.84,60.0,37.0,1.0,0.0
Outpatient,3301RK,23,21,9950.0,432.61,90.0,22.0,1.0,0.0
Outpatient,0500MH,36,35,9950.0,276.39,65.0,31.0,4.0,1.0
Outpatient,1100JA,35,31,9940.0,284.0,70.0,34.0,1.0,0.0
Outpatient,4226GM,54,33,9920.0,183.7,70.0,52.0,1.0,1.0
Outpatient,42258C,47,26,9920.0,211.06,90.0,44.0,3.0,0.0
Outpatient,0501PT,44,42,9910.0,225.23,70.0,41.0,2.0,1.0
Outpatient,3300HD,56,46,9900.0,176.79,60.0,54.0,2.0,0.0
Outpatient,2201CS,36,31,9900.0,275.0,90.0,36.0,0.0,0.0
Outpatient,3601ZU,20,15,9890.0,494.5,75.0,20.0,0.0,0.0
Outpatient,0501HC,38,38,9870.0,259.74,90.0,38.0,0.0,0.0
Outpatient,0507RM,29,28,9870.0,340.34,80.0,29.0,0.0,0.0
Outpatient,0519VD,39,38,9870.0,253.08,60.0,37.0,2.0,0.0
Outpatient,2601JS,61,32,9870.0,161.8,60.0,57.0,4.0,0.0
Outpatient,2601WB,64,41,9860.0,154.06,70.0,57.0,7.0,0.0
Outpatient,40018A,44,22,9840.0,223.64,70.0,42.0,2.0,0.0
Outpatient,14018Q,41,40,9840.0,240.0,50.0,38.0,3.0,0.0
Outpatient,1926BR,38,11,9840.0,258.95,85.0,37.0,1.0,0.0
Outpatient,2200KS,27,26,9840.0,364.44,60.0,25.0,1.0,1.0
Outpatient,4527TD,43,6,9820.0,228.37,80.0,40.0,3.0,0.0
Outpatient,3713GU,18,4,9810.0,545.0,100.0,18.0,0.0,0.0
Outpatient,4513CT,61,17,9800.0,160.66,60.0,58.0,3.0,0.0
Outpatient,17YCYA,15,14,9790.0,652.67,90.0,15.0,0.0,0.0
Outpatient,3900NC,42,31,9790.0,233.1,45.0,41.0,0.0,1.0
Outpatient,31256C,27,25,9760.0,361.48,100.0,27.0,0.0,0.0
Outpatient,2339TN,47,10,9760.0,207.66,80.0,46.0,1.0,0.0
Outpatient,0520PD,12,12,9740.0,811.67,90.0,11.0,1.0,0.0
Outpatient,4613GN,49,20,9730.0,198.57,80.0,46.0,3.0,0.0
Outpatient,19258D,39,32,9730.0,249.49,60.0,35.0,4.0,0.0
Outpatient,4425NK,31,26,9730.0,313.87,100.0,31.0,0.0,0.0
Outpatient,4001GU,17,12,9720.0,571.76,200.0,17.0,0.0,0.0
Outpatient,3900DJ,31,28,9710.0,313.23,80.0,30.0,1.0,0.0
Outpatient,0600UQ,61,54,9710.0,159.18,60.0,58.0,2.0,1.0
Outpatient,0800SB,38,35,9710.0,255.53,60.0,36.0,2.0,0.0
Outpatient,5518AN,31,23,9700.0,312.9,80.0,28.0,3.0,0.0
Outpatient,5201HK,41,34,9700.0,236.59,90.0,39.0,2.0,0.0
Outpatient,1026JU,44,9,9690.0,220.23,65.0,42.0,1.0,1.0
Outpatient,2513GC,45,12,9680.0,215.11,80.0,42.0,3.0,0.0
Outpatient,6725HK,21,14,9670.0,460.48,60.0,20.0,1.0,0.0
Outpatient,3302XR,43,42,9660.0,224.65,100.0,42.0,1.0,0.0
Outpatient,3813GK,43,14,9660.0,224.65,70.0,41.0,2.0,0.0
Outpatient,1925NK,24,21,9640.0,401.67,60.0,23.0,1.0,0.0
Outpatient,4508BR,52,39,9630.0,185.19,70.0,51.0,1.0,0.0
Outpatient,1001NA,46,44,9620.0,209.13,70.0,42.0,3.0,1.0
Outpatient,1000XB,39,38,9610.0,246.41,70.0,38.0,1.0,0.0
Outpatient,2639TG,56,36,9590.0,171.25,60.0,51.0,4.0,1.0
Outpatient,0400QT,38,32,9590.0,252.37,70.0,37.0,1.0,0.0
Outpatient,4001AA,33,27,9570.0,290.0,100.0,33.0,0.0,0.0
Outpatient,3902UG,57,56,9570.0,167.89,80.0,57.0,0.0,0.0
Outpatient,1113PT,28,16,9560.0,341.43,80.0,28.0,0.0,0.0
Outpatient,3700HS,49,30,9560.0,195.1,60.0,48.0,1.0,0.0
Outpatient,1701GP,34,28,9550.0,280.88,70.0,32.0,1.0,1.0
Outpatient,2225VG,14,9,9550.0,682.14,400.0,13.0,1.0,0.0
Outpatient,0503XC,17,17,9540.0,561.18,200.0,17.0,0.0,0.0
Outpatient,2413WR,29,21,9540.0,328.97,80.0,28.0,1.0,0.0
Outpatient,1313CB,37,26,9540.0,257.84,70.0,37.0,0.0,0.0
Outpatient,0825BB,24,23,9540.0,397.5,200.0,22.0,2.0,0.0
Outpatient,1613VG,47,25,9530.0,202.77,60.0,46.0,0.0,1.0
Outpatient,3625RM,33,24,9530.0,288.79,80.0,33.0,0.0,0.0
Outpatient,1423BP,28,28,9530.0,340.36,75.0,27.0,1.0,0.0
Outpatient,3800CH,37,36,9520.0,257.3,90.0,36.0,1.0,0.0
Outpatient,3300NM,29,27,9510.0,327.93,100.0,28.0,1.0,0.0
Outpatient,1001XU,20,20,9510.0,475.5,70.0,19.0,1.0,0.0
Outpatient,05106V,32,28,9490.0,296.56,85.0,30.0,2.0,0.0
Outpatient,2300PP,25,25,9470.0,378.8,90.0,25.0,0.0,0.0
Outpatient,4500KU,38,37,9460.0,248.95,70.0,34.0,4.0,0.0
Outpatient,4526DB,44,27,9460.0,215.0,60.0,43.0,1.0,0.0
Outpatient,4502CQ,37,29,9460.0,255.68,60.0,35.0,1.0,1.0
Outpatient,1300SU,40,37,9450.0,236.25,65.0,39.0,1.0,0.0
Outpatient,0507XD,29,29,9450.0,325.86,90.0,29.0,0.0,0.0
Outpatient,3903ZC,52,48,9450.0,181.73,60.0,51.0,0.0,1.0
Outpatient,3401HA,53,44,9440.0,178.11,70.0,53.0,0.0,0.0
Outpatient,3513XB,22,15,9430.0,428.64,100.0,22.0,0.0,0.0
Outpatient,1601KA,42,25,9400.0,223.81,75.0,41.0,1.0,0.0
Outpatient,0503NV,47,44,9400.0,200.0,60.0,43.0,4.0,0.0
Outpatient,3303CS,39,38,9390.0,240.77,80.0,38.0,0.0,1.0
Outpatient,1101TJ,36,35,9380.0,260.56,80.0,32.0,4.0,0.0
Outpatient,05058U,23,23,9380.0,407.83,90.0,23.0,0.0,0.0
Outpatient,0501KV,32,30,9370.0,292.81,60.0,32.0,0.0,0.0
Outpatient,1027US,35,33,9360.0,267.43,60.0,34.0,1.0,0.0
Outpatient,4200HA,38,33,9350.0,246.05,60.0,36.0,2.0,0.0
Outpatient,2518YJ,53,14,9320.0,175.85,60.0,48.0,5.0,0.0
Outpatient,1913UJ,34,13,9320.0,274.12,90.0,34.0,0.0,0.0
Outpatient,4507GJ,22,21,9320.0,423.64,95.0,22.0,0.0,0.0
Outpatient,3613KR,24,18,9300.0,387.5,100.0,24.0,0.0,0.0
Outpatient,1925NS,45,25,9290.0,206.44,90.0,44.0,1.0,0.0
Outpatient,4527CK,35,23,9290.0,265.43,50.0,34.0,1.0,0.0
Outpatient,3302JA,19,18,9280.0,488.42,80.0,19.0,0.0,0.0
Outpatient,1925YA,27,23,9280.0,343.7,70.0,27.0,0.0,0.0
Outpatient,2413JJ,40,14,9280.0,232.0,80.0,40.0,0.0,0.0
Outpatient,5200SU,34,32,9280.0,272.94,75.0,34.0,0.0,0.0
Outpatient,0100XC,27,21,9270.0,343.33,50.0,27.0,0.0,0.0
Outpatient,3600WJ,21,18,9270.0,441.43,100.0,20.0,1.0,0.0
Outpatient,2313AH,35,32,9260.0,264.57,70.0,32.0,3.0,0.0
Outpatient,4513ZP,39,22,9260.0,237.44,90.0,38.0,1.0,0.0
Outpatient,2513BP,30,8,9240.0,308.0,70.0,26.0,4.0,0.0
Outpatient,3600ZG,39,38,9230.0,236.67,80.0,38.0,1.0,0.0
Outpatient,0325TK,24,21,9210.0,383.75,75.0,22.0,2.0,0.0
Outpatient,0500YV,58,56,9200.0,158.62,80.0,57.0,1.0,0.0
Outpatient,50138G,47,40,9200.0,195.74,60.0,45.0,1.0,1.0
Outpatient,34266G,36,25,9190.0,255.28,60.0,35.0,1.0,0.0
Outpatient,4400KK,38,34,9180.0,241.58,70.0,37.0,1.0,0.0
Outpatient,51256T,39,24,9180.0,235.38,80.0,38.0,1.0,0.0
Outpatient,3303DT,33,32,9180.0,278.18,80.0,32.0,1.0,0.0
Outpatient,0502VB,24,24,9180.0,382.5,60.0,23.0,1.0,0.0
Outpatient,4923VC,44,29,9170.0,208.41,70.0,44.0,0.0,0.0
Outpatient,1601MB,58,38,9170.0,158.1,95.0,56.0,1.0,1.0
Outpatient,2813DB,23,6,9170.0,398.7,100.0,21.0,2.0,0.0
Outpatient,1500TG,43,39,9160.0,213.02,80.0,42.0,1.0,0.0
Outpatient,1901CG,26,23,9160.0,352.31,60.0,25.0,1.0,0.0
Outpatient,0413YQ,34,18,9130.0,268.53,75.0,33.0,1.0,0.0
Outpatient,4313NR,47,13,9130.0,194.26,90.0,46.0,1.0,0.0
Outpatient,1113QU,32,12,9120.0,285.0,90.0,31.0,0.0,1.0
Outpatient,4505CJ,22,10,9120.0,414.55,50.0,21.0,1.0,0.0
Outpatient,3713KC,21,12,9090.0,432.86,70.0,20.0,1.0,0.0
Outpatient,4200XT,35,33,9090.0,259.71,100.0,31.0,4.0,0.0
Outpatient,0620ZA,28,27,9080.0,324.29,75.0,26.0,2.0,0.0
Outpatient,1900NP,38,30,9070.0,238.68,65.0,35.0,2.0,1.0
Outpatient,2200ZT,26,26,9070.0,348.85,95.0,25.0,1.0,0.0
Outpatient,4600VR,47,38,9060.0,192.77,60.0,46.0,1.0,0.0
Outpatient,3100AC,16,16,9050.0,565.63,95.0,16.0,0.0,0.0
Outpatient,3335QH,30,27,9050.0,301.67,65.0,29.0,1.0,0.0
Outpatient,0600UA,37,32,9050.0,244.59,70.0,35.0,2.0,0.0
Outpatient,1102GJ,33,22,9050.0,274.24,100.0,32.0,1.0,0.0
Outpatient,3602AG,12,11,9040.0,753.33,200.0,12.0,0.0,0.0
Outpatient,3625HJ,19,13,9040.0,475.79,100.0,18.0,1.0,0.0
Outpatient,1413QP,33,10,9030.0,273.64,70.0,32.0,0.0,1.0
Outpatient,2713CN,22,8,9020.0,410.0,100.0,21.0,1.0,0.0
Outpatient,1113AD,24,19,9020.0,375.83,95.0,22.0,2.0,0.0
Outpatient,2126AK,24,16,9010.0,375.42,80.0,22.0,2.0,0.0
Outpatient,2689QM,35,22,9000.0,257.14,70.0,35.0,0.0,0.0
Outpatient,4504JN,23,23,8990.0,390.87,100.0,23.0,0.0,0.0
Outpatient,2302ZH,35,34,8990.0,256.86,90.0,32.0,1.0,2.0
Outpatient,22008Q,24,24,8980.0,374.17,90.0,24.0,0.0,0.0
Outpatient,01006H,23,22,8980.0,390.43,100.0,22.0,0.0,1.0
Outpatient,4523YH,57,28,8970.0,157.37,80.0,55.0,2.0,0.0
Outpatient,4225JD,28,17,8970.0,320.36,55.0,26.0,0.0,2.0
Outpatient,47138P,46,31,8970.0,195.0,75.0,44.0,2.0,0.0
Outpatient,1425RV,6,6,8970.0,1495.0,1550.0,6.0,0.0,0.0
Outpatient,0100CM,28,20,8970.0,320.36,70.0,27.0,1.0,0.0
Outpatient,1410SP,44,33,8970.0,203.86,90.0,43.0,1.0,0.0
Outpatient,4500VB,11,9,8960.0,814.55,90.0,11.0,0.0,0.0
Outpatient,3302DC,33,33,8960.0,271.52,60.0,33.0,0.0,0.0
Outpatient,2013SU,46,32,8960.0,194.78,70.0,45.0,1.0,0.0
Outpatient,0513WR,65,37,8960.0,137.85,60.0,63.0,2.0,0.0
Outpatient,0300PH,51,49,8940.0,175.29,70.0,50.0,1.0,0.0
Outpatient,1501PK,43,25,8930.0,207.67,90.0,42.0,1.0,0.0
Outpatient,2525XH,37,17,8930.0,241.35,100.0,36.0,1.0,0.0
Outpatient,1101YQ,28,13,8930.0,318.93,60.0,28.0,0.0,0.0
Outpatient,1513KB,26,24,8920.0,343.08,95.0,26.0,0.0,0.0
Outpatient,1713DV,39,22,8920.0,228.72,80.0,39.0,0.0,0.0
Outpatient,4400MC,49,41,8920.0,182.04,60.0,46.0,3.0,0.0
Outpatient,2225UD,19,16,8920.0,469.47,60.0,17.0,2.0,0.0
Outpatient,11008V,39,22,8920.0,228.72,70.0,35.0,2.0,2.0
Outpatient,0400VS,45,37,8910.0,198.0,60.0,45.0,0.0,0.0
Outpatient,0100NP,35,28,8910.0,254.57,70.0,35.0,0.0,0.0
Outpatient,0434VM,37,20,8910.0,240.81,80.0,36.0,1.0,0.0
Outpatient,0585VR,43,13,8910.0,207.21,80.0,41.0,2.0,0.0
Outpatient,3302XJ,30,28,8900.0,296.67,60.0,30.0,0.0,0.0
Outpatient,2600AV,42,36,8890.0,211.67,50.0,40.0,2.0,0.0
Outpatient,0504WG,61,57,8890.0,145.74,60.0,59.0,2.0,0.0
Outpatient,4401QQ,37,31,8890.0,240.27,80.0,37.0,0.0,0.0
Outpatient,1538WN,26,16,8880.0,341.54,100.0,26.0,0.0,0.0
Outpatient,3100DA,27,26,8880.0,328.89,70.0,25.0,2.0,0.0
Outpatient,1500CM,40,29,8870.0,221.75,60.0,39.0,1.0,0.0
Outpatient,3313QC,31,30,8860.0,285.81,70.0,30.0,1.0,0.0
Outpatient,4513QS,29,6,8860.0,305.52,60.0,28.0,0.0,1.0
Outpatient,0504NS,42,41,8850.0,210.71,75.0,40.0,1.0,1.0
Outpatient,3800PM,61,55,8850.0,145.08,80.0,59.0,2.0,0.0
Outpatient,0507TV,31,29,8850.0,285.48,70.0,30.0,1.0,0.0
Outpatient,25006D,60,45,8840.0,147.33,80.0,59.0,0.0,1.0
Outpatient,0505MB,54,54,8840.0,163.7,80.0,49.0,4.0,1.0
Outpatient,4508WJ,17,11,8840.0,520.0,100.0,17.0,0.0,0.0
Outpatient,0502PB,21,21,8830.0,420.48,50.0,19.0,2.0,0.0
Outpatient,0101ND,31,14,8830.0,284.84,70.0,31.0,0.0,0.0
Outpatient,2813TK,30,14,8830.0,294.33,90.0,30.0,0.0,0.0
Outpatient,5100ZT,17,16,8810.0,518.24,70.0,16.0,1.0,0.0
Outpatient,4400UU,24,13,8800.0,366.67,85.0,23.0,1.0,0.0
Outpatient,5202JS,26,22,8800.0,338.46,65.0,25.0,1.0,0.0
Outpatient,1713WC,25,20,8790.0,351.6,100.0,25.0,0.0,0.0
Outpatient,1701NP,33,23,8780.0,266.06,70.0,32.0,1.0,0.0
Outpatient,4586VT,31,11,8780.0,283.23,80.0,29.0,2.0,0.0
Outpatient,45076B,37,32,8780.0,237.3,70.0,37.0,0.0,0.0
Outpatient,0625TA,30,12,8780.0,292.67,70.0,28.0,2.0,0.0
Outpatient,2300HP,34,31,8780.0,258.24,75.0,33.0,0.0,1.0
Outpatient,0100SD,30,24,8770.0,292.33,90.0,30.0,0.0,0.0
Outpatient,1501NJ,34,32,8770.0,257.94,80.0,32.0,2.0,0.0
Outpatient,1113MB,55,38,8770.0,159.45,60.0,52.0,3.0,0.0
Outpatient,1225PP,56,49,8770.0,156.61,60.0,53.0,3.0,0.0
Outpatient,1000KC,49,46,8760.0,178.78,80.0,45.0,4.0,0.0
Outpatient,3623BK,23,23,8740.0,380.0,60.0,22.0,1.0,0.0
Outpatient,2613UC,47,28,8730.0,185.74,60.0,45.0,2.0,0.0
Outpatient,5313BN,31,8,8730.0,281.61,80.0,30.0,1.0,0.0
Outpatient,31008M,42,42,8730.0,207.86,60.0,40.0,2.0,0.0
Outpatient,1113NS,55,10,8710.0,158.36,70.0,55.0,0.0,0.0
Outpatient,1813AD,17,10,8700.0,511.76,100.0,17.0,0.0,0.0
Outpatient,2025PH,44,33,8680.0,197.27,75.0,44.0,0.0,0.0
Outpatient,2300JB,14,14,8680.0,620.0,85.0,13.0,1.0,0.0
Outpatient,0700PV,30,29,8680.0,289.33,50.0,30.0,0.0,0.0
Outpatient,4513CD,14,14,8680.0,620.0,135.0,13.0,1.0,0.0
Outpatient,1413MK,36,28,8680.0,241.11,70.0,32.0,3.0,1.0
Outpatient,0502HJ,12,12,8670.0,722.5,150.0,12.0,0.0,0.0
Outpatient,3900VD,37,35,8670.0,234.32,100.0,36.0,0.0,1.0
Outpatient,1013ZD,26,25,8620.0,331.54,70.0,25.0,1.0,0.0
Outpatient,2313QA,39,29,8620.0,221.03,80.0,35.0,3.0,1.0
Outpatient,3325TC,31,30,8590.0,277.1,60.0,29.0,2.0,0.0
Outpatient,5213CM,41,33,8590.0,209.51,80.0,40.0,1.0,0.0
Outpatient,17136A,51,12,8590.0,168.43,60.0,45.0,5.0,1.0
Outpatient,6739QK,47,8,8580.0,182.55,80.0,44.0,3.0,0.0
Outpatient,3900RQ,34,24,8570.0,252.06,100.0,32.0,2.0,0.0
Outpatient,2301SC,25,23,8560.0,342.4,70.0,23.0,2.0,0.0
Outpatient,3800ZB,22,22,8560.0,389.09,80.0,22.0,0.0,0.0
Outpatient,2900CP,31,31,8560.0,276.13,60.0,29.0,2.0,0.0
Outpatient,0325DJ,19,19,8560.0,450.53,100.0,19.0,0.0,0.0
Outpatient,5118XU,51,21,8550.0,167.65,50.0,50.0,1.0,0.0
Outpatient,3302JJ,34,34,8540.0,251.18,100.0,34.0,0.0,0.0
Outpatient,5526GJ,29,28,8530.0,294.14,100.0,27.0,2.0,0.0
Outpatient,4918XC,39,17,8530.0,218.72,70.0,37.0,2.0,0.0
Outpatient,2200JR,43,42,8530.0,198.37,90.0,41.0,2.0,0.0
Outpatient,1313ZT,33,15,8530.0,258.48,100.0,32.0,0.0,1.0
Outpatient,1713CU,43,31,8530.0,198.37,60.0,41.0,2.0,0.0
Outpatient,5013CA,22,22,8520.0,387.27,50.0,20.0,2.0,0.0
Outpatient,2425TG,15,9,8510.0,567.33,300.0,15.0,0.0,0.0
Outpatient,1925WN,30,16,8510.0,283.67,60.0,30.0,0.0,0.0
Outpatient,0507RT,16,16,8500.0,531.25,100.0,16.0,0.0,0.0
Outpatient,3213ZC,57,26,8500.0,149.12,70.0,53.0,3.0,1.0
Outpatient,3638WR,42,29,8500.0,202.38,60.0,40.0,2.0,0.0
Outpatient,0518QN,34,18,8500.0,250.0,60.0,30.0,4.0,0.0
Outpatient,3700YH,55,20,8500.0,154.55,60.0,48.0,7.0,0.0
Outpatient,0600NQ,31,27,8500.0,274.19,90.0,28.0,2.0,1.0
Outpatient,4401ZN,14,14,8490.0,606.43,250.0,13.0,1.0,0.0
Outpatient,10018C,31,29,8490.0,273.87,80.0,31.0,0.0,0.0
Outpatient,3600BK,20,20,8480.0,424.0,80.0,19.0,0.0,1.0
Outpatient,4567HS,20,16,8470.0,423.5,80.0,19.0,1.0,0.0
Outpatient,1700KK,39,22,8470.0,217.18,70.0,36.0,3.0,0.0
Outpatient,2025JB,33,22,8460.0,256.36,60.0,28.0,5.0,0.0
Outpatient,06138B,41,23,8460.0,206.34,80.0,39.0,2.0,0.0
Outpatient,1900VJ,47,40,8450.0,179.79,60.0,43.0,3.0,1.0
Outpatient,0504XH,47,47,8440.0,179.57,70.0,45.0,2.0,0.0
Outpatient,1913YP,22,13,8430.0,383.18,150.0,22.0,0.0,0.0
Outpatient,1413KR,24,11,8420.0,350.83,90.0,23.0,1.0,0.0
Outpatient,4200QB,35,23,8420.0,240.57,50.0,34.0,1.0,0.0
Outpatient,2400KN,27,26,8410.0,311.48,90.0,27.0,0.0,0.0
Outpatient,45256U,43,19,8410.0,195.58,70.0,40.0,3.0,0.0
Outpatient,1013GN,42,31,8400.0,200.0,60.0,41.0,1.0,0.0
Outpatient,0725ST,48,45,8390.0,174.79,70.0,44.0,3.0,1.0
Outpatient,3323SG,47,34,8380.0,178.3,70.0,47.0,0.0,0.0
Outpatient,1500QK,29,26,8370.0,288.62,80.0,28.0,1.0,0.0
Outpatient,5013WV,25,23,8360.0,334.4,80.0,24.0,1.0,0.0
Outpatient,2625JH,24,22,8340.0,347.5,85.0,24.0,0.0,0.0
Outpatient,45258A,30,26,8330.0,277.67,60.0,30.0,0.0,0.0
Outpatient,4413CJ,41,18,8330.0,203.17,60.0,39.0,2.0,0.0
Outpatient,0100HV,38,33,8320.0,218.95,75.0,37.0,1.0,0.0
Outpatient,2302HR,21,20,8310.0,395.71,60.0,20.0,1.0,0.0
Outpatient,0526QA,44,42,8310.0,188.86,70.0,39.0,5.0,0.0
Outpatient,4534NR,18,11,8300.0,461.11,100.0,17.0,1.0,0.0
Outpatient,0625TH,44,8,8300.0,188.64,80.0,43.0,1.0,0.0
Outpatient,2713GH,43,7,8290.0,192.79,50.0,38.0,5.0,0.0
Outpatient,4507DH,25,23,8290.0,331.6,100.0,23.0,2.0,0.0
Outpatient,2600KB,47,41,8280.0,176.17,80.0,47.0,0.0,0.0
Outpatient,4000HC,34,17,8280.0,243.53,60.0,29.0,5.0,0.0
Outpatient,0400ZJ,33,25,8270.0,250.61,90.0,31.0,2.0,0.0
Outpatient,2689SP,22,9,8270.0,375.91,75.0,21.0,1.0,0.0
Outpatient,3425WG,30,15,8270.0,275.67,90.0,30.0,0.0,0.0
Outpatient,1613RR,21,13,8260.0,393.33,90.0,20.0,1.0,0.0
Outpatient,1513KK,39,19,8250.0,211.54,70.0,38.0,1.0,0.0
Outpatient,4513MG,39,22,8240.0,211.28,90.0,39.0,0.0,0.0
Outpatient,4401PV,59,38,8240.0,139.66,60.0,55.0,4.0,0.0
Outpatient,4000DA,22,12,8240.0,374.55,100.0,22.0,0.0,0.0
Outpatient,1101UK,38,30,8230.0,216.58,60.0,37.0,1.0,0.0
Outpatient,1401VV,31,29,8230.0,265.48,80.0,29.0,2.0,0.0
Outpatient,1501YV,32,27,8220.0,256.88,55.0,29.0,2.0,1.0
Outpatient,45016D,25,25,8210.0,328.4,90.0,24.0,1.0,0.0
Outpatient,2313KC,29,15,8200.0,282.76,70.0,26.0,3.0,0.0
Outpatient,3601QR,17,17,8200.0,482.35,200.0,16.0,1.0,0.0
Outpatient,1813VT,62,26,8200.0,132.26,70.0,59.0,3.0,0.0
Outpatient,5134TJ,39,18,8190.0,210.0,60.0,37.0,2.0,0.0
Outpatient,1401RB,20,20,8190.0,409.5,85.0,19.0,1.0,0.0
Outpatient,45278Q,29,19,8180.0,282.07,100.0,26.0,3.0,0.0
Outpatient,1400PC,29,25,8180.0,282.07,80.0,29.0,0.0,0.0
Outpatient,1800ZK,39,26,8170.0,209.49,80.0,38.0,1.0,0.0
Outpatient,5118BT,49,23,8170.0,166.73,60.0,47.0,2.0,0.0
Outpatient,3626ZB,24,19,8170.0,340.42,85.0,24.0,0.0,0.0
Outpatient,1200DR,11,11,8160.0,741.82,100.0,11.0,0.0,0.0
Outpatient,1025DJ,39,35,8150.0,208.97,70.0,37.0,2.0,0.0
Outpatient,1713QC,24,6,8150.0,339.58,60.0,23.0,1.0,0.0
Outpatient,1500YN,26,19,8140.0,313.08,70.0,25.0,1.0,0.0
Outpatient,4513VJ,28,5,8140.0,290.71,60.0,28.0,0.0,0.0
Outpatient,3325AP,34,32,8140.0,239.41,80.0,32.0,2.0,0.0
Outpatient,3901YR,13,13,8140.0,626.15,100.0,13.0,0.0,0.0
Outpatient,1818QA,42,8,8120.0,193.33,70.0,40.0,1.0,1.0
Outpatient,3700QT,40,9,8110.0,202.75,80.0,36.0,4.0,0.0
Outpatient,3513GD,47,13,8110.0,172.55,50.0,43.0,4.0,0.0
Outpatient,0501TB,27,27,8100.0,300.0,80.0,25.0,1.0,1.0
Outpatient,5539SB,52,12,8090.0,155.58,55.0,50.0,2.0,0.0
Outpatient,4200KN,33,32,8090.0,245.15,90.0,33.0,0.0,0.0
Outpatient,3903YB,35,26,8080.0,230.86,70.0,33.0,1.0,1.0
Outpatient,4401WJ,30,22,8080.0,269.33,60.0,28.0,2.0,0.0
Outpatient,4402MK,50,19,8070.0,161.4,70.0,47.0,3.0,0.0
Outpatient,0505MR,28,28,8070.0,288.21,60.0,27.0,1.0,0.0
Outpatient,1513JJ,39,31,8060.0,206.67,60.0,36.0,3.0,0.0
Outpatient,1001DV,48,47,8050.0,167.71,65.0,46.0,2.0,0.0
Outpatient,1700ZD,37,20,8040.0,217.3,90.0,36.0,1.0,0.0
Outpatient,3200HQ,45,32,8030.0,178.44,70.0,45.0,0.0,0.0
Outpatient,3913QM,21,15,8020.0,381.9,100.0,21.0,0.0,0.0
Outpatient,10258G,31,29,8020.0,258.71,60.0,29.0,2.0,0.0
Outpatient,0535CC,38,34,8020.0,211.05,50.0,36.0,2.0,0.0
Outpatient,4526GK,22,20,8010.0,364.09,75.0,21.0,1.0,0.0
Outpatient,2200HP,39,39,8000.0,205.13,90.0,39.0,0.0,0.0
Outpatient,6725US,38,35,8000.0,210.53,65.0,37.0,1.0,0.0
Outpatient,1002AP,23,23,8000.0,347.83,70.0,22.0,0.0,1.0
Outpatient,19256S,16,10,8000.0,500.0,100.0,16.0,0.0,0.0
Outpatient,0507SU,31,30,7980.0,257.42,80.0,30.0,1.0,0.0
Outpatient,3513PG,38,28,7980.0,210.0,65.0,37.0,1.0,0.0
Outpatient,3413XA,22,7,7970.0,362.27,150.0,22.0,0.0,0.0
Outpatient,1100ZC,39,32,7970.0,204.36,100.0,39.0,0.0,0.0
Outpatient,1028YN,26,20,7960.0,306.15,100.0,25.0,1.0,0.0
Outpatient,1813QU,21,10,7950.0,378.57,100.0,20.0,1.0,0.0
Outpatient,4200TP,38,32,7950.0,209.21,75.0,36.0,2.0,0.0
Outpatient,0527PS,20,17,7940.0,397.0,80.0,20.0,0.0,0.0
Outpatient,0126NJ,12,10,7930.0,660.83,300.0,12.0,0.0,0.0
Outpatient,0585YU,35,18,7930.0,226.57,90.0,34.0,1.0,0.0
Outpatient,1001AC,22,22,7930.0,360.45,150.0,22.0,0.0,0.0
Outpatient,6700TB,19,17,7920.0,416.84,40.0,16.0,3.0,0.0
Outpatient,0101DC,25,20,7920.0,316.8,80.0,22.0,3.0,0.0
Outpatient,1926BJ,33,25,7920.0,240.0,80.0,32.0,1.0,0.0
Outpatient,2413HP,29,22,7910.0,272.76,70.0,26.0,3.0,0.0
Outpatient,4900XT,40,36,7900.0,197.5,65.0,36.0,4.0,0.0
Outpatient,0101BA,24,16,7890.0,328.75,80.0,23.0,1.0,0.0
Outpatient,2601NP,46,23,7890.0,171.52,85.0,44.0,2.0,0.0
Outpatient,3513TT,46,8,7880.0,171.3,70.0,45.0,1.0,0.0
Outpatient,4413MS,24,20,7870.0,327.92,75.0,24.0,0.0,0.0
Outpatient,1713JD,35,30,7870.0,224.86,70.0,32.0,3.0,0.0
Outpatient,4527CM,42,40,7870.0,187.38,60.0,41.0,1.0,0.0
Outpatient,0539ZD,20,16,7870.0,393.5,100.0,20.0,0.0,0.0
Outpatient,3600CC,14,14,7860.0,561.43,135.0,13.0,1.0,0.0
Outpatient,1100GM,41,15,7850.0,191.46,60.0,39.0,2.0,0.0
Outpatient,34266U,58,28,7850.0,135.34,55.0,56.0,2.0,0.0
Outpatient,1225XB,22,22,7850.0,356.82,85.0,21.0,1.0,0.0
Outpatient,4506VB,18,18,7850.0,436.11,75.0,18.0,0.0,0.0
Outpatient,1513DC,12,11,7850.0,654.17,65.0,11.0,1.0,0.0
Outpatient,1818CK,33,17,7850.0,237.88,100.0,32.0,1.0,0.0
Outpatient,2225GT,44,27,7840.0,178.18,60.0,41.0,3.0,0.0
Outpatient,6700UK,23,17,7840.0,340.87,60.0,20.0,3.0,0.0
Outpatient,5100MC,25,20,7840.0,313.6,60.0,21.0,3.0,1.0
Outpatient,3901UM,33,17,7840.0,237.58,60.0,31.0,2.0,0.0
Outpatient,1002UD,39,33,7830.0,200.77,50.0,32.0,6.0,1.0
Outpatient,3900WP,48,40,7820.0,162.92,70.0,47.0,0.0,1.0
Outpatient,1530US,18,16,7810.0,433.89,100.0,17.0,1.0,0.0
Outpatient,4500GQ,18,18,7810.0,433.89,60.0,18.0,0.0,0.0
Outpatient,45038P,28,25,7810.0,278.93,80.0,26.0,2.0,0.0
Outpatient,1902UK,25,19,7810.0,312.4,80.0,23.0,2.0,0.0
Outpatient,0504HM,34,34,7800.0,229.41,70.0,33.0,1.0,0.0
Outpatient,0519PM,31,23,7790.0,251.29,70.0,29.0,2.0,0.0
Outpatient,1902GR,44,36,7760.0,176.36,70.0,43.0,1.0,0.0
Outpatient,4513ZH,9,9,7760.0,862.22,300.0,9.0,0.0,0.0
Outpatient,4506KN,39,36,7760.0,198.97,60.0,37.0,2.0,0.0
Outpatient,1313SK,29,15,7750.0,267.24,100.0,29.0,0.0,0.0
Outpatient,1700RR,28,19,7750.0,276.79,60.0,27.0,1.0,0.0
Outpatient,2165RB,35,35,7750.0,221.43,60.0,33.0,2.0,0.0
Outpatient,4000MJ,42,16,7740.0,184.29,60.0,40.0,2.0,0.0
Outpatient,0518XQ,16,14,7740.0,483.75,90.0,15.0,1.0,0.0
Outpatient,39026G,29,29,7740.0,266.9,100.0,28.0,1.0,0.0
Outpatient,1400PS,25,18,7730.0,309.2,100.0,25.0,0.0,0.0
Outpatient,2125JR,46,23,7710.0,167.61,55.0,44.0,2.0,0.0
Outpatient,3100RN,19,19,7710.0,405.79,100.0,19.0,0.0,0.0
Outpatient,1002HU,29,26,7710.0,265.86,70.0,29.0,0.0,0.0
Outpatient,1300BM,38,31,7710.0,202.89,70.0,37.0,0.0,1.0
Outpatient,2201AQ,59,58,7710.0,130.68,60.0,55.0,4.0,0.0
Outpatient,5000NB,38,36,7700.0,202.63,70.0,38.0,0.0,0.0
Outpatient,2500JQ,29,12,7700.0,265.52,100.0,29.0,0.0,0.0
Outpatient,2713HR,46,9,7690.0,167.17,60.0,40.0,6.0,0.0
Outpatient,0700ZD,32,32,7680.0,240.0,70.0,30.0,1.0,1.0
Outpatient,2813DJ,8,5,7680.0,960.0,800.0,8.0,0.0,0.0
Outpatient,1100KB,40,33,7670.0,191.75,80.0,40.0,0.0,0.0
Outpatient,4000XV,24,23,7670.0,319.58,50.0,23.0,1.0,0.0
Outpatient,2100KU,16,12,7660.0,478.75,100.0,16.0,0.0,0.0
Outpatient,26136M,39,19,7660.0,196.41,80.0,38.0,1.0,0.0
Outpatient,1001QM,29,28,7660.0,264.14,70.0,26.0,3.0,0.0
Outpatient,4918HQ,14,12,7660.0,547.14,80.0,14.0,0.0,0.0
Outpatient,3600GG,35,35,7650.0,218.57,80.0,33.0,2.0,0.0
Outpatient,4501AU,29,25,7640.0,263.45,90.0,26.0,3.0,0.0
Outpatient,3900PN,41,31,7630.0,186.1,70.0,40.0,0.0,1.0
Outpatient,3613CR,24,16,7620.0,317.5,75.0,22.0,2.0,0.0
Outpatient,3200ZG,22,22,7610.0,345.91,60.0,20.0,2.0,0.0
Outpatient,2813KJ,39,8,7610.0,195.13,100.0,39.0,0.0,0.0
Outpatient,2813HD,20,10,7610.0,380.5,70.0,19.0,1.0,0.0
Outpatient,1801UH,36,32,7610.0,211.39,85.0,33.0,2.0,1.0
Outpatient,3702QK,10,9,7610.0,761.0,65.0,10.0,0.0,0.0
Outpatient,4925RM,64,14,7610.0,118.91,65.0,60.0,4.0,0.0
Outpatient,1800YJ,40,30,7600.0,190.0,60.0,36.0,4.0,0.0
Outpatient,2301RB,47,44,7600.0,161.7,50.0,46.0,1.0,0.0
Outpatient,1840NM,18,15,7600.0,422.22,45.0,15.0,2.0,1.0
Outpatient,3901HN,42,37,7590.0,180.71,75.0,40.0,0.0,2.0
Outpatient,5235MR,51,18,7590.0,148.82,80.0,45.0,6.0,0.0
Outpatient,4200AB,16,14,7580.0,473.75,70.0,16.0,0.0,0.0
Outpatient,0300ZN,19,17,7580.0,398.95,100.0,18.0,1.0,0.0
Outpatient,3725ZC,16,12,7580.0,473.75,200.0,16.0,0.0,0.0
Outpatient,36256Q,14,8,7580.0,541.43,70.0,13.0,1.0,0.0
Outpatient,0126XG,21,15,7580.0,360.95,60.0,20.0,1.0,0.0
Outpatient,2813HT,40,10,7570.0,189.25,90.0,39.0,0.0,1.0
Outpatient,0601KH,28,27,7560.0,270.0,100.0,27.0,1.0,0.0
Outpatient,1525NT,59,21,7560.0,128.14,60.0,53.0,6.0,0.0
Outpatient,4418RS,24,9,7560.0,315.0,95.0,23.0,1.0,0.0
Outpatient,45018P,37,30,7550.0,204.05,90.0,36.0,1.0,0.0
Outpatient,2500XA,35,29,7550.0,215.71,70.0,34.0,1.0,0.0
Outpatient,1425BV,30,30,7550.0,251.67,80.0,30.0,0.0,0.0
Outpatient,3901WP,37,33,7550.0,204.05,60.0,34.0,3.0,0.0
Outpatient,2301XK,23,23,7540.0,327.83,80.0,23.0,0.0,0.0
Outpatient,2200KK,42,37,7540.0,179.52,50.0,41.0,0.0,1.0
Outpatient,0505NS,31,31,7540.0,243.23,70.0,29.0,2.0,0.0
Outpatient,4200DU,33,26,7530.0,228.18,100.0,32.0,1.0,0.0
Outpatient,0502WC,20,18,7530.0,376.5,95.0,20.0,0.0,0.0
Outpatient,4401UU,39,27,7530.0,193.08,80.0,39.0,0.0,0.0
Outpatient,1700SS,34,16,7520.0,221.18,75.0,33.0,1.0,0.0
Outpatient,4200YU,22,15,7510.0,341.36,95.0,21.0,1.0,0.0
Outpatient,0100BB,33,17,7510.0,227.58,60.0,32.0,1.0,0.0
Outpatient,5013WP,36,23,7510.0,208.61,75.0,31.0,4.0,1.0
Outpatient,46006A,26,21,7500.0,288.46,85.0,26.0,0.0,0.0
Outpatient,1926MC,22,20,7500.0,340.91,55.0,21.0,1.0,0.0
Outpatient,2301TD,49,47,7500.0,153.06,60.0,42.0,6.0,1.0
Outpatient,03006V,30,18,7500.0,250.0,60.0,30.0,0.0,0.0
Outpatient,1001ZA,34,33,7490.0,220.29,80.0,32.0,2.0,0.0
Outpatient,2000BA,26,24,7490.0,288.08,100.0,25.0,1.0,0.0
Outpatient,3926TD,32,29,7490.0,234.06,75.0,29.0,3.0,0.0
Outpatient,4001BB,37,24,7480.0,202.16,60.0,37.0,0.0,0.0
Outpatient,1500ZP,41,24,7480.0,182.44,70.0,39.0,1.0,1.0
Outpatient,0528UA,53,53,7480.0,141.13,70.0,49.0,4.0,0.0
Outpatient,27136R,37,26,7460.0,201.62,60.0,35.0,2.0,0.0
Outpatient,2813VD,51,6,7460.0,146.27,50.0,48.0,3.0,0.0
Outpatient,3602KJ,31,29,7460.0,240.65,60.0,29.0,2.0,0.0
Outpatient,1613MS,50,44,7460.0,149.2,60.0,49.0,0.0,1.0
Outpatient,1013WA,41,16,7460.0,181.95,100.0,40.0,1.0,0.0
Outpatient,0501VT,22,21,7450.0,338.64,75.0,22.0,0.0,0.0
Outpatient,2225BH,19,18,7450.0,392.11,60.0,18.0,1.0,0.0
Outpatient,4418RB,27,10,7440.0,275.56,80.0,25.0,1.0,1.0
Outpatient,1801PA,25,25,7440.0,297.6,80.0,24.0,1.0,0.0
Outpatient,45006J,33,31,7440.0,225.45,70.0,33.0,0.0,0.0
Outpatient,2939MA,16,5,7440.0,465.0,100.0,16.0,0.0,0.0
Outpatient,2900XG,18,17,7430.0,412.78,85.0,17.0,1.0,0.0
Outpatient,5213UH,44,39,7430.0,168.86,50.0,40.0,4.0,0.0
Outpatient,1101JG,23,22,7420.0,322.61,100.0,23.0,0.0,0.0
Outpatient,1500YD,58,24,7420.0,127.93,60.0,56.0,1.0,1.0
Outpatient,1339CS,32,18,7410.0,231.56,80.0,31.0,1.0,0.0
Outpatient,2413GD,73,24,7400.0,101.37,50.0,68.0,5.0,0.0
Outpatient,4503HN,40,32,7390.0,184.75,75.0,38.0,2.0,0.0
Outpatient,4300JT,29,21,7380.0,254.48,70.0,29.0,0.0,0.0
Outpatient,1813CH,35,25,7370.0,210.57,70.0,35.0,0.0,0.0
Outpatient,5201JN,48,34,7360.0,153.33,70.0,46.0,2.0,0.0
Outpatient,1040CD,17,17,7360.0,432.94,90.0,15.0,2.0,0.0
Outpatient,4508NU,25,23,7350.0,294.0,70.0,25.0,0.0,0.0
Outpatient,4300KU,20,16,7350.0,367.5,90.0,20.0,0.0,0.0
Outpatient,3601AA,42,40,7350.0,175.0,90.0,40.0,2.0,0.0
Outpatient,3200TG,29,27,7340.0,253.1,60.0,28.0,1.0,0.0
Outpatient,4533ZM,36,33,7330.0,203.61,70.0,35.0,1.0,0.0
Outpatient,1025TB,16,15,7330.0,458.13,55.0,15.0,1.0,0.0
Outpatient,5213KN,25,18,7330.0,293.2,40.0,23.0,2.0,0.0
Outpatient,5526WT,13,13,7330.0,563.85,60.0,12.0,1.0,0.0
Outpatient,1926DT,14,14,7320.0,522.86,75.0,13.0,1.0,0.0
Outpatient,3401DU,24,22,7320.0,305.0,85.0,21.0,3.0,0.0
Outpatient,2200SS,28,28,7320.0,261.43,100.0,28.0,0.0,0.0
Outpatient,2325RA,30,29,7320.0,244.0,65.0,30.0,0.0,0.0
Outpatient,4926CS,18,18,7310.0,406.11,65.0,18.0,0.0,0.0
Outpatient,3702WS,21,16,7300.0,347.62,100.0,20.0,0.0,1.0
Outpatient,0301ZS,22,22,7300.0,331.82,70.0,22.0,0.0,0.0
Outpatient,5201KP,42,28,7300.0,173.81,75.0,39.0,3.0,0.0
Outpatient,1401DC,27,26,7290.0,270.0,80.0,26.0,1.0,0.0
Outpatient,1825AH,13,7,7290.0,560.77,200.0,13.0,0.0,0.0
Outpatient,2200CB,32,32,7280.0,227.5,75.0,30.0,2.0,0.0
Outpatient,0326DN,23,22,7270.0,316.09,50.0,20.0,2.0,1.0
Outpatient,17136Q,37,22,7260.0,196.22,90.0,35.0,1.0,1.0
Outpatient,1500RC,28,24,7250.0,258.93,85.0,28.0,0.0,0.0
Outpatient,3900SJ,13,11,7240.0,556.92,100.0,13.0,0.0,0.0
Outpatient,2330KK,32,26,7240.0,226.25,55.0,30.0,2.0,0.0
Outpatient,1101PC,11,9,7240.0,658.18,80.0,11.0,0.0,0.0
Outpatient,2300RR,48,43,7220.0,150.42,60.0,47.0,1.0,0.0
Outpatient,1500RM,19,16,7220.0,380.0,100.0,18.0,1.0,0.0
Outpatient,0301CA,27,27,7200.0,266.67,60.0,25.0,2.0,0.0
Outpatient,3913ZA,19,19,7190.0,378.42,80.0,19.0,0.0,0.0
Outpatient,2600KK,19,18,7190.0,378.42,200.0,19.0,0.0,0.0
Outpatient,10236K,45,36,7190.0,159.78,70.0,45.0,0.0,0.0
Outpatient,3101NQ,30,30,7180.0,239.33,100.0,28.0,1.0,1.0
Outpatient,4925MG,25,9,7170.0,286.8,60.0,24.0,1.0,0.0
Outpatient,3302VP,57,54,7160.0,125.61,60.0,54.0,3.0,0.0
Outpatient,4918YN,28,15,7160.0,255.71,55.0,26.0,2.0,0.0
Outpatient,2401HD,13,13,7150.0,550.0,70.0,12.0,1.0,0.0
Outpatient,4508XK,37,15,7150.0,193.24,80.0,36.0,1.0,0.0
Outpatient,3425CQ,15,9,7130.0,475.33,300.0,15.0,0.0,0.0
Outpatient,3603CC,22,15,7120.0,323.64,100.0,22.0,0.0,0.0
Outpatient,1001BT,33,32,7110.0,215.45,70.0,32.0,1.0,0.0
Outpatient,3300AG,15,15,7110.0,474.0,300.0,15.0,0.0,0.0
Outpatient,0504GS,14,14,7110.0,507.86,80.0,13.0,1.0,0.0
Outpatient,2201TD,44,43,7100.0,161.36,65.0,40.0,3.0,1.0
Outpatient,4400GD,41,37,7100.0,173.17,70.0,39.0,2.0,0.0
Outpatient,13136U,29,21,7090.0,244.48,90.0,28.0,1.0,0.0
Outpatient,3927GB,19,14,7090.0,373.16,100.0,19.0,0.0,0.0
Outpatient,3625SN,35,27,7080.0,202.29,90.0,35.0,0.0,0.0
Outpatient,1418JT,21,19,7080.0,337.14,90.0,20.0,1.0,0.0
Outpatient,3426PV,26,22,7080.0,272.31,75.0,24.0,2.0,0.0
Outpatient,2413DM,19,6,7070.0,372.11,200.0,19.0,0.0,0.0
Outpatient,3601JK,18,18,7070.0,392.78,100.0,18.0,0.0,0.0
Outpatient,39018P,10,10,7060.0,706.0,85.0,10.0,0.0,0.0
Outpatient,4508GU,27,22,7060.0,261.48,90.0,27.0,0.0,0.0
Outpatient,5000GJ,59,42,7060.0,119.66,70.0,57.0,2.0,0.0
Outpatient,0413HS,34,14,7060.0,207.65,60.0,32.0,2.0,0.0
Outpatient,5213TP,8,7,7050.0,881.25,350.0,8.0,0.0,0.0
Outpatient,0400YH,25,20,7050.0,282.0,60.0,23.0,2.0,0.0
Outpatient,2900RG,41,38,7030.0,171.46,60.0,38.0,3.0,0.0
Outpatient,4503YB,19,15,7030.0,370.0,200.0,18.0,0.0,1.0
Outpatient,0533VA,17,16,7020.0,412.94,80.0,16.0,1.0,0.0
Outpatient,1525HN,28,25,7010.0,250.36,90.0,27.0,1.0,0.0
Outpatient,2434UQ,33,12,6990.0,211.82,60.0,32.0,1.0,0.0
Outpatient,1725NA,35,23,6990.0,199.71,70.0,33.0,2.0,0.0
Outpatient,3613YB,29,26,6970.0,240.34,60.0,28.0,0.0,1.0
Outpatient,4000TR,22,15,6970.0,316.82,85.0,21.0,1.0,0.0
Outpatient,4513JS,17,6,6970.0,410.0,100.0,17.0,0.0,0.0
Outpatient,0501DA,45,43,6970.0,154.89,90.0,44.0,1.0,0.0
Outpatient,2713NA,37,28,6970.0,188.38,90.0,36.0,1.0,0.0
Outpatient,4639PC,22,7,6970.0,316.82,80.0,19.0,3.0,0.0
Outpatient,0413XP,24,19,6960.0,290.0,95.0,22.0,1.0,1.0
Outpatient,1613XR,27,23,6950.0,257.41,90.0,25.0,1.0,1.0
Outpatient,4913DD,37,15,6950.0,187.84,80.0,36.0,1.0,0.0
Outpatient,2325TT,33,22,6950.0,210.61,100.0,32.0,1.0,0.0
Outpatient,2018SR,28,14,6950.0,248.21,80.0,27.0,0.0,1.0
Outpatient,0500KP,43,43,6940.0,161.4,80.0,43.0,0.0,0.0
Outpatient,4400XR,21,14,6940.0,330.48,80.0,20.0,0.0,1.0
Outpatient,0526WA,24,23,6930.0,288.75,60.0,24.0,0.0,0.0
Outpatient,0500WD,27,25,6930.0,256.67,60.0,24.0,3.0,0.0
Outpatient,4504HK,9,8,6930.0,770.0,80.0,9.0,0.0,0.0
Outpatient,1013HP,24,23,6930.0,288.75,100.0,22.0,2.0,0.0
Outpatient,5225RB,21,17,6900.0,328.57,80.0,21.0,0.0,0.0
Outpatient,0613TP,12,12,6900.0,575.0,60.0,12.0,0.0,0.0
Outpatient,4925PJ,42,36,6900.0,164.29,80.0,39.0,3.0,0.0
Outpatient,31016A,24,24,6900.0,287.5,75.0,21.0,3.0,0.0
Outpatient,1601HT,16,13,6880.0,430.0,50.0,14.0,2.0,0.0
Outpatient,3025UR,20,17,6870.0,343.5,140.0,20.0,0.0,0.0
Outpatient,05058N,38,38,6870.0,180.79,65.0,35.0,3.0,0.0
Outpatient,4901JG,33,24,6860.0,207.88,80.0,33.0,0.0,0.0
Outpatient,4225JM,22,5,6850.0,311.36,100.0,20.0,2.0,0.0
Outpatient,4401NU,31,15,6850.0,220.97,40.0,28.0,3.0,0.0
Outpatient,4588TA,33,15,6840.0,207.27,80.0,33.0,0.0,0.0
Outpatient,1513GD,21,17,6840.0,325.71,70.0,19.0,2.0,0.0
Outpatient,3425DJ,31,21,6820.0,220.0,70.0,31.0,0.0,0.0
Outpatient,1401KK,33,24,6810.0,206.36,100.0,30.0,3.0,0.0
Outpatient,2300GN,41,34,6810.0,166.1,50.0,37.0,4.0,0.0
Outpatient,1613AH,38,11,6800.0,178.95,70.0,38.0,0.0,0.0
Outpatient,0400HS,33,26,6800.0,206.06,80.0,32.0,1.0,0.0
Outpatient,2613HT,25,19,6800.0,272.0,100.0,25.0,0.0,0.0
Outpatient,4100MQ,20,20,6790.0,339.5,100.0,20.0,0.0,0.0
Outpatient,3000HB,17,17,6780.0,398.82,80.0,16.0,1.0,0.0
Outpatient,4520CQ,16,12,6780.0,423.75,200.0,15.0,1.0,0.0
Outpatient,2600WH,41,31,6780.0,165.37,90.0,37.0,4.0,0.0
Outpatient,4613AH,18,6,6780.0,376.67,100.0,15.0,2.0,1.0
Outpatient,1813TB,44,29,6780.0,154.09,70.0,39.0,5.0,0.0
Outpatient,1926RJ,25,19,6770.0,270.8,100.0,24.0,1.0,0.0
Outpatient,1425ZC,23,22,6770.0,294.35,60.0,23.0,0.0,0.0
Outpatient,1901JN,25,18,6760.0,270.4,60.0,24.0,1.0,0.0
Outpatient,0138YR,8,8,6750.0,843.75,60.0,8.0,0.0,0.0
Outpatient,3418GQ,52,27,6740.0,129.62,60.0,50.0,2.0,0.0
Outpatient,4534DH,18,15,6730.0,373.89,70.0,18.0,0.0,0.0
Outpatient,31006K,22,22,6730.0,305.91,75.0,22.0,0.0,0.0
Outpatient,1700YC,16,11,6730.0,420.63,150.0,16.0,0.0,0.0
Outpatient,4225MH,28,15,6720.0,240.0,75.0,28.0,0.0,0.0
Outpatient,4300HB,45,40,6720.0,149.33,60.0,44.0,1.0,0.0
Outpatient,3300PD,18,18,6710.0,372.78,60.0,18.0,0.0,0.0
Outpatient,5013QP,23,23,6700.0,291.3,90.0,23.0,0.0,0.0
Outpatient,2125GN,36,31,6700.0,186.11,60.0,34.0,2.0,0.0
Outpatient,0313TR,20,16,6690.0,334.5,85.0,20.0,0.0,0.0
Outpatient,3100AM,40,39,6690.0,167.25,95.0,40.0,0.0,0.0
Outpatient,2600NN,24,22,6680.0,278.33,90.0,23.0,1.0,0.0
Outpatient,2225RJ,34,20,6680.0,196.47,75.0,32.0,1.0,1.0
Outpatient,5000DQ,20,20,6680.0,334.0,80.0,19.0,1.0,0.0
Outpatient,5213ZG,39,13,6670.0,171.03,50.0,36.0,3.0,0.0
Outpatient,0501CH,18,18,6660.0,370.0,150.0,16.0,2.0,0.0
Outpatient,5100CB,32,26,6660.0,208.13,100.0,30.0,2.0,0.0
Outpatient,3303MD,23,23,6650.0,289.13,60.0,21.0,2.0,0.0
Outpatient,3425UM,44,30,6650.0,151.14,80.0,44.0,0.0,0.0
Outpatient,1801ZP,24,13,6640.0,276.67,65.0,23.0,1.0,0.0
Outpatient,0413UK,22,16,6640.0,301.82,100.0,21.0,1.0,0.0
Outpatient,0601JG,37,34,6630.0,179.19,60.0,35.0,2.0,0.0
Outpatient,23138A,9,9,6630.0,736.67,200.0,9.0,0.0,0.0
Outpatient,36006H,39,28,6620.0,169.74,60.0,38.0,1.0,0.0
Outpatient,1901AM,39,31,6610.0,169.49,100.0,38.0,1.0,0.0
Outpatient,0505VD,22,21,6610.0,300.45,80.0,20.0,2.0,0.0
Outpatient,3513AV,45,12,6600.0,146.67,70.0,42.0,3.0,0.0
Outpatient,1901RU,32,28,6600.0,206.25,70.0,31.0,1.0,0.0
Outpatient,10006U,18,17,6590.0,366.11,90.0,18.0,0.0,0.0
Outpatient,4900AK,11,10,6590.0,599.09,70.0,11.0,0.0,0.0
Outpatient,3902TD,19,18,6580.0,346.32,80.0,19.0,0.0,0.0
Outpatient,1023GR,19,18,6580.0,346.32,100.0,19.0,0.0,0.0
Outpatient,4400KB,16,12,6580.0,411.25,70.0,15.0,1.0,0.0
Outpatient,4000CH,16,13,6570.0,410.63,150.0,16.0,0.0,0.0
Outpatient,50138U,39,31,6570.0,168.46,70.0,37.0,2.0,0.0
Outpatient,4501WV,28,24,6570.0,234.64,50.0,26.0,1.0,1.0
Outpatient,2166SP,36,29,6570.0,182.5,70.0,35.0,1.0,0.0
Outpatient,3025RN,13,13,6570.0,505.38,200.0,13.0,0.0,0.0
Outpatient,2613BP,21,14,6570.0,312.86,70.0,21.0,0.0,0.0
Outpatient,2435YQ,16,11,6560.0,410.0,80.0,16.0,0.0,0.0
Outpatient,1901TA,33,33,6560.0,198.79,70.0,30.0,2.0,1.0
Outpatient,2900TA,27,27,6560.0,242.96,100.0,27.0,0.0,0.0
Outpatient,4900TV,44,39,6560.0,149.09,65.0,42.0,0.0,2.0
Outpatient,3300QG,35,35,6560.0,187.43,60.0,35.0,0.0,0.0
Outpatient,0313SQ,19,19,6550.0,344.74,90.0,19.0,0.0,0.0
Outpatient,5213JS,25,21,6550.0,262.0,100.0,25.0,0.0,0.0
Outpatient,3400HB,22,22,6550.0,297.73,200.0,22.0,0.0,0.0
Outpatient,2613HM,44,17,6540.0,148.64,60.0,44.0,0.0,0.0
Outpatient,4513NH,41,19,6540.0,159.51,80.0,39.0,2.0,0.0
Outpatient,1400KV,19,19,6530.0,343.68,90.0,19.0,0.0,0.0
Outpatient,3700WD,30,26,6530.0,217.67,80.0,28.0,2.0,0.0
Outpatient,22236C,32,29,6530.0,204.06,55.0,32.0,0.0,0.0
Outpatient,1900MN,15,15,6530.0,435.33,90.0,14.0,1.0,0.0
Outpatient,3701AH,12,11,6530.0,544.17,90.0,11.0,1.0,0.0
Outpatient,4200RM,27,12,6530.0,241.85,60.0,26.0,1.0,0.0
Outpatient,26268V,10,10,6530.0,653.0,85.0,10.0,0.0,0.0
Outpatient,38006C,15,15,6510.0,434.0,80.0,15.0,0.0,0.0
Outpatient,1402ZC,25,25,6500.0,260.0,80.0,24.0,1.0,0.0
Outpatient,1026RU,18,14,6500.0,361.11,140.0,18.0,0.0,0.0
Outpatient,5213NV,28,15,6500.0,232.14,60.0,28.0,0.0,0.0
Outpatient,4528RR,17,16,6480.0,381.18,100.0,17.0,0.0,0.0
Outpatient,26896S,33,17,6470.0,196.06,60.0,33.0,0.0,0.0
Outpatient,36008A,22,22,6470.0,294.09,60.0,20.0,2.0,0.0
Outpatient,3601JB,18,15,6460.0,358.89,145.0,16.0,2.0,0.0
Outpatient,1713HA,18,13,6450.0,358.33,95.0,18.0,0.0,0.0
Outpatient,3927UR,10,9,6440.0,644.0,200.0,10.0,0.0,0.0
Outpatient,2100YP,16,16,6430.0,401.88,200.0,15.0,1.0,0.0
Outpatient,4585SN,28,15,6430.0,229.64,55.0,26.0,2.0,0.0
Outpatient,5000PC,36,34,6430.0,178.61,80.0,36.0,0.0,0.0
Outpatient,3713KS,25,9,6420.0,256.8,90.0,25.0,0.0,0.0
Outpatient,1713VR,23,15,6420.0,279.13,80.0,22.0,1.0,0.0
Outpatient,1525CA,16,9,6420.0,401.25,100.0,16.0,0.0,0.0
Outpatient,4000GB,29,17,6410.0,221.03,70.0,29.0,0.0,0.0
Outpatient,45058P,26,25,6410.0,246.54,95.0,25.0,1.0,0.0
Outpatient,4313RG,39,6,6410.0,164.36,60.0,38.0,1.0,0.0
Outpatient,5013SR,17,17,6410.0,377.06,100.0,16.0,1.0,0.0
Outpatient,2413QQ,23,18,6390.0,277.83,90.0,22.0,0.0,1.0
Outpatient,0313KH,23,18,6390.0,277.83,60.0,23.0,0.0,0.0
Outpatient,1101AM,29,24,6380.0,220.0,60.0,28.0,1.0,0.0
Outpatient,1825PV,27,15,6370.0,235.93,80.0,27.0,0.0,0.0
Outpatient,67006C,13,12,6370.0,490.0,70.0,13.0,0.0,0.0
Outpatient,2600WQ,39,23,6360.0,163.08,100.0,37.0,2.0,0.0
Outpatient,4001UP,31,21,6360.0,205.16,60.0,29.0,2.0,0.0
Outpatient,0507WS,10,10,6360.0,636.0,200.0,10.0,0.0,0.0
Outpatient,1825XR,47,13,6350.0,135.11,60.0,46.0,1.0,0.0
Outpatient,3401RC,29,14,6350.0,218.97,60.0,29.0,0.0,0.0
Outpatient,4000JP,19,11,6340.0,333.68,60.0,17.0,0.0,2.0
Outpatient,5200HA,31,30,6340.0,204.52,50.0,29.0,2.0,0.0
Outpatient,1713BM,11,9,6330.0,575.45,100.0,10.0,1.0,0.0
Outpatient,5200BC,39,39,6330.0,162.31,80.0,39.0,0.0,0.0
Outpatient,4506WC,14,14,6330.0,452.14,95.0,12.0,2.0,0.0
Outpatient,36016V,24,24,6320.0,263.33,60.0,24.0,0.0,0.0
Outpatient,2302UA,11,11,6320.0,574.55,100.0,10.0,1.0,0.0
Outpatient,1926KK,20,12,6310.0,315.5,80.0,18.0,2.0,0.0
Outpatient,0503YD,22,20,6310.0,286.82,100.0,22.0,0.0,0.0
Outpatient,10278M,23,22,6300.0,273.91,100.0,22.0,1.0,0.0
Outpatient,1102CG,24,23,6300.0,262.5,95.0,23.0,1.0,0.0
Outpatient,5001NB,22,21,6300.0,286.36,60.0,21.0,1.0,0.0
Outpatient,2100DV,29,26,6300.0,217.24,70.0,28.0,1.0,0.0
Outpatient,4200XM,32,26,6290.0,196.56,85.0,30.0,2.0,0.0
Outpatient,3901JH,26,26,6290.0,241.92,80.0,25.0,1.0,0.0
Outpatient,3426YC,29,25,6280.0,216.55,60.0,28.0,1.0,0.0
Outpatient,0504YJ,24,23,6280.0,261.67,75.0,22.0,2.0,0.0
Outpatient,4401XB,15,13,6270.0,418.0,90.0,14.0,1.0,0.0
Outpatient,6700TJ,13,13,6270.0,482.31,100.0,13.0,0.0,0.0
Outpatient,1601RH,43,16,6270.0,145.81,80.0,41.0,2.0,0.0
Outpatient,3300RQ,23,22,6270.0,272.61,100.0,23.0,0.0,0.0
Outpatient,3100CV,38,38,6270.0,165.0,90.0,36.0,2.0,0.0
Outpatient,1102YV,34,32,6250.0,183.82,75.0,34.0,0.0,0.0
Outpatient,2525GS,20,13,6250.0,312.5,80.0,18.0,2.0,0.0
Outpatient,24008K,13,7,6250.0,480.77,200.0,13.0,0.0,0.0
Outpatient,0500GA,40,39,6250.0,156.25,60.0,37.0,3.0,0.0
Outpatient,3627DH,23,15,6230.0,270.87,100.0,23.0,0.0,0.0
Outpatient,1901UB,41,29,6230.0,151.95,80.0,38.0,3.0,0.0
Outpatient,1500VJ,22,22,6230.0,283.18,60.0,22.0,0.0,0.0
Outpatient,3000MH,22,22,6230.0,283.18,95.0,21.0,0.0,1.0
Outpatient,4530JV,14,12,6190.0,442.14,100.0,11.0,2.0,1.0
Outpatient,5100VP,38,31,6190.0,162.89,85.0,36.0,2.0,0.0
Outpatient,1925MJ,39,17,6180.0,158.46,50.0,34.0,5.0,0.0
Outpatient,3602JH,32,32,6170.0,192.81,60.0,30.0,2.0,0.0
Outpatient,1401TM,25,24,6170.0,246.8,60.0,24.0,1.0,0.0
Outpatient,45088Q,25,25,6170.0,246.8,70.0,23.0,2.0,0.0
Outpatient,1825NN,18,9,6170.0,342.78,80.0,18.0,0.0,0.0
Outpatient,3700DH,20,15,6160.0,308.0,80.0,20.0,0.0,0.0
Outpatient,5200BS,14,14,6160.0,440.0,30.0,12.0,2.0,0.0
Outpatient,0506RQ,25,25,6160.0,246.4,90.0,23.0,2.0,0.0
Outpatient,1501DV,27,23,6150.0,227.78,90.0,27.0,0.0,0.0
Outpatient,3934AB,21,11,6140.0,292.38,60.0,21.0,0.0,0.0
Outpatient,1402DK,20,20,6140.0,307.0,100.0,19.0,1.0,0.0
Outpatient,2813YA,13,10,6130.0,471.54,100.0,10.0,3.0,0.0
Outpatient,3923SJ,30,28,6130.0,204.33,60.0,30.0,0.0,0.0
Outpatient,4500WM,21,21,6130.0,291.9,80.0,21.0,0.0,0.0
Outpatient,1913RD,37,23,6130.0,165.68,90.0,35.0,2.0,0.0
Outpatient,1501NR,29,29,6120.0,211.03,80.0,27.0,2.0,0.0
Outpatient,0825RS,29,25,6110.0,210.69,60.0,28.0,1.0,0.0
Outpatient,3303HV,20,20,6110.0,305.5,50.0,20.0,0.0,0.0
Outpatient,4401BR,19,17,6100.0,321.05,100.0,19.0,0.0,0.0
Outpatient,6700BG,16,16,6100.0,381.25,60.0,15.0,1.0,0.0
Outpatient,1113CQ,14,13,6090.0,435.0,150.0,14.0,0.0,0.0
Outpatient,3900RV,24,24,6090.0,253.75,75.0,22.0,2.0,0.0
Outpatient,2639UA,14,7,6090.0,435.0,150.0,13.0,1.0,0.0
Outpatient,3940NB,21,20,6070.0,289.05,60.0,20.0,1.0,0.0
Outpatient,1027TR,35,33,6060.0,173.14,70.0,33.0,2.0,0.0
Outpatient,4525HG,20,20,6050.0,302.5,50.0,19.0,1.0,0.0
Outpatient,36038J,25,19,6050.0,242.0,60.0,24.0,1.0,0.0
Outpatient,0526TT,26,22,6050.0,232.69,100.0,25.0,1.0,0.0
Outpatient,1300YG,31,23,6040.0,194.84,70.0,29.0,2.0,0.0
Outpatient,2513RH,33,23,6040.0,183.03,80.0,31.0,2.0,0.0
Outpatient,1839QU,25,11,6040.0,241.6,90.0,24.0,1.0,0.0
Outpatient,4225WM,11,10,6030.0,548.18,200.0,11.0,0.0,0.0
Outpatient,4507NJ,25,23,6030.0,241.2,70.0,24.0,1.0,0.0
Outpatient,0503ST,28,28,6020.0,215.0,100.0,26.0,2.0,0.0
Outpatient,4025DT,29,17,6020.0,207.59,100.0,29.0,0.0,0.0
Outpatient,0507ZV,31,30,6020.0,194.19,80.0,30.0,1.0,0.0
Outpatient,0500HB,12,12,6020.0,501.67,200.0,12.0,0.0,0.0
Outpatient,3323GH,33,31,5990.0,181.52,80.0,31.0,2.0,0.0
Outpatient,4508MT,16,16,5990.0,374.38,70.0,16.0,0.0,0.0
Outpatient,1902XP,16,15,5990.0,374.38,75.0,16.0,0.0,0.0
Outpatient,0113ZR,5,5,5980.0,1196.0,400.0,5.0,0.0,0.0
Outpatient,0613PJ,47,32,5980.0,127.23,60.0,46.0,1.0,0.0
Outpatient,4502YJ,27,23,5970.0,221.11,80.0,25.0,2.0,0.0
Outpatient,4025BB,24,13,5970.0,248.75,60.0,22.0,2.0,0.0
Outpatient,3401UV,42,32,5970.0,142.14,70.0,39.0,3.0,0.0
Outpatient,13138V,26,23,5970.0,229.62,40.0,24.0,2.0,0.0
Outpatient,1700TT,32,28,5960.0,186.25,60.0,30.0,2.0,0.0
Outpatient,33006T,18,16,5960.0,331.11,80.0,17.0,1.0,0.0
Outpatient,2413UN,8,6,5960.0,745.0,230.0,8.0,0.0,0.0
Outpatient,1926BA,19,10,5950.0,313.16,200.0,17.0,2.0,0.0
Outpatient,0505DR,16,16,5950.0,371.88,95.0,16.0,0.0,0.0
Outpatient,2700JQ,23,20,5950.0,258.7,70.0,22.0,1.0,0.0
Outpatient,1028JB,13,13,5930.0,456.15,60.0,13.0,0.0,0.0
Outpatient,1313XR,36,17,5930.0,164.72,80.0,35.0,1.0,0.0
Outpatient,4713BH,33,31,5920.0,179.39,60.0,31.0,2.0,0.0
Outpatient,1089JM,28,12,5920.0,211.43,60.0,26.0,2.0,0.0
Outpatient,1800JV,32,22,5910.0,184.69,70.0,30.0,2.0,0.0
Outpatient,1613CR,35,19,5910.0,168.86,60.0,35.0,0.0,0.0
Outpatient,6700RP,11,9,5900.0,536.36,100.0,10.0,1.0,0.0
Outpatient,38256S,22,19,5900.0,268.18,90.0,22.0,0.0,0.0
Outpatient,4513HR,42,10,5900.0,140.48,75.0,41.0,1.0,0.0
Outpatient,0513JK,38,38,5890.0,155.0,80.0,37.0,1.0,0.0
Outpatient,0526RB,20,18,5890.0,294.5,90.0,20.0,0.0,0.0
Outpatient,5125BP,28,9,5880.0,210.0,45.0,24.0,3.0,1.0
Outpatient,3426NU,15,6,5870.0,391.33,200.0,14.0,0.0,1.0
Outpatient,2300XK,24,24,5870.0,244.58,60.0,23.0,1.0,0.0
Outpatient,4588RU,15,8,5870.0,391.33,100.0,15.0,0.0,0.0
Outpatient,1313UN,11,11,5870.0,533.64,100.0,11.0,0.0,0.0
Outpatient,4534JN,13,12,5870.0,451.54,80.0,13.0,0.0,0.0
Outpatient,1902HS,30,27,5860.0,195.33,60.0,28.0,2.0,0.0
Outpatient,1934HS,21,11,5860.0,279.05,80.0,21.0,0.0,0.0
Outpatient,4507UR,22,22,5850.0,265.91,75.0,22.0,0.0,0.0
Outpatient,4600QK,13,9,5850.0,450.0,100.0,11.0,1.0,1.0
Outpatient,4501HD,21,21,5840.0,278.1,60.0,20.0,1.0,0.0
Outpatient,31018K,29,28,5840.0,201.38,70.0,28.0,1.0,0.0
Outpatient,3901KJ,20,16,5840.0,292.0,95.0,19.0,0.0,1.0
Outpatient,4526RH,27,26,5840.0,216.3,80.0,25.0,1.0,1.0
Outpatient,3626VT,24,19,5830.0,242.92,60.0,24.0,0.0,0.0
Outpatient,2313MT,30,23,5820.0,194.0,95.0,30.0,0.0,0.0
Outpatient,2501BA,15,13,5820.0,388.0,200.0,14.0,1.0,0.0
Outpatient,14028P,43,39,5820.0,135.35,80.0,43.0,0.0,0.0
Outpatient,4901VT,28,20,5820.0,207.86,50.0,27.0,1.0,0.0
Outpatient,52028R,19,18,5820.0,306.32,70.0,19.0,0.0,0.0
Outpatient,1901YH,13,8,5820.0,447.69,80.0,13.0,0.0,0.0
Outpatient,02008D,14,12,5810.0,415.0,80.0,14.0,0.0,0.0
Outpatient,2513NC,24,8,5810.0,242.08,60.0,21.0,3.0,0.0
Outpatient,4513JM,16,4,5800.0,362.5,65.0,14.0,2.0,0.0
Outpatient,0720NB,23,21,5800.0,252.17,70.0,20.0,3.0,0.0
Outpatient,4900MG,23,15,5800.0,252.17,80.0,22.0,1.0,0.0
Outpatient,2438DR,20,14,5790.0,289.5,65.0,20.0,0.0,0.0
Outpatient,0527HC,23,22,5790.0,251.74,80.0,23.0,0.0,0.0
Outpatient,3602NM,32,10,5780.0,180.63,70.0,30.0,2.0,0.0
Outpatient,0101QQ,21,21,5780.0,275.24,100.0,21.0,0.0,0.0
Outpatient,40008D,27,11,5770.0,213.7,60.0,27.0,0.0,0.0
Outpatient,2601PA,25,17,5760.0,230.4,90.0,22.0,3.0,0.0
Outpatient,2225RQ,9,9,5750.0,638.89,70.0,9.0,0.0,0.0
Outpatient,2634MJ,27,19,5750.0,212.96,50.0,26.0,1.0,0.0
Outpatient,1313BA,24,21,5750.0,239.58,55.0,23.0,1.0,0.0
Outpatient,1813RV,23,20,5740.0,249.57,80.0,23.0,0.0,0.0
Outpatient,34268Q,36,19,5740.0,159.44,60.0,36.0,0.0,0.0
Outpatient,5200UA,30,30,5730.0,191.0,75.0,30.0,0.0,0.0
Outpatient,0504TB,8,8,5720.0,715.0,250.0,8.0,0.0,0.0
Outpatient,1100NM,11,11,5720.0,520.0,300.0,11.0,0.0,0.0
Outpatient,4588XG,27,16,5710.0,211.48,60.0,25.0,2.0,0.0
Outpatient,0601VT,15,15,5700.0,380.0,90.0,14.0,0.0,1.0
Outpatient,0513UV,26,25,5700.0,219.23,65.0,26.0,0.0,0.0
Outpatient,3513YS,31,4,5680.0,183.23,100.0,30.0,1.0,0.0
Outpatient,1913KU,17,12,5680.0,334.12,100.0,17.0,0.0,0.0
Outpatient,3200DN,12,12,5680.0,473.33,80.0,12.0,0.0,0.0
Outpatient,3400XG,54,53,5680.0,105.19,50.0,49.0,5.0,0.0
Outpatient,3400JD,43,34,5680.0,132.09,40.0,41.0,2.0,0.0
Outpatient,1002KB,11,11,5680.0,516.36,70.0,11.0,0.0,0.0
Outpatient,19008R,31,27,5660.0,182.58,90.0,31.0,0.0,0.0
Outpatient,0502BC,14,14,5660.0,404.29,200.0,14.0,0.0,0.0
Outpatient,0600KD,41,25,5660.0,138.05,50.0,39.0,1.0,1.0
Outpatient,4503ZC,25,21,5660.0,226.4,80.0,25.0,0.0,0.0
Outpatient,5118MV,23,19,5650.0,245.65,80.0,22.0,0.0,1.0
Outpatient,4001DT,29,26,5650.0,194.83,90.0,28.0,1.0,0.0
Outpatient,2601UV,38,33,5640.0,148.42,65.0,37.0,1.0,0.0
Outpatient,1701RS,30,25,5640.0,188.0,90.0,28.0,2.0,0.0
Outpatient,0500SV,27,27,5640.0,208.89,70.0,25.0,2.0,0.0
Outpatient,3400DV,34,32,5630.0,165.59,70.0,33.0,1.0,0.0
Outpatient,2100QS,15,15,5630.0,375.33,50.0,15.0,0.0,0.0
Outpatient,1701BB,25,15,5630.0,225.2,50.0,25.0,0.0,0.0
Outpatient,2713MV,31,6,5630.0,181.61,70.0,30.0,1.0,0.0
Outpatient,05046C,13,13,5630.0,433.08,100.0,13.0,0.0,0.0
Outpatient,4001XS,30,14,5620.0,187.33,75.0,30.0,0.0,0.0
Outpatient,05078K,23,23,5620.0,244.35,50.0,19.0,4.0,0.0
Outpatient,4513QK,11,10,5620.0,510.91,90.0,11.0,0.0,0.0
Outpatient,4528HN,19,13,5620.0,295.79,70.0,17.0,1.0,1.0
Outpatient,4508WA,17,12,5620.0,330.59,40.0,17.0,0.0,0.0
Outpatient,0100NG,48,26,5610.0,116.88,60.0,44.0,4.0,0.0
Outpatient,3413MK,30,11,5610.0,187.0,65.0,30.0,0.0,0.0
Outpatient,38238U,33,31,5610.0,170.0,60.0,30.0,3.0,0.0
Outpatient,1138RC,16,12,5610.0,350.63,95.0,16.0,0.0,0.0
Outpatient,1100JH,31,21,5600.0,180.65,70.0,30.0,1.0,0.0
Outpatient,1002NN,34,33,5600.0,164.71,70.0,32.0,2.0,0.0
Outpatient,3200XC,19,19,5600.0,294.74,90.0,17.0,2.0,0.0
Outpatient,2920QN,12,9,5600.0,466.67,250.0,12.0,0.0,0.0
Outpatient,4506PR,30,30,5600.0,186.67,65.0,27.0,2.0,1.0
Outpatient,3902DM,15,15,5590.0,372.67,40.0,13.0,2.0,0.0
Outpatient,3600PH,40,36,5590.0,139.75,60.0,35.0,5.0,0.0
Outpatient,4426CD,25,18,5580.0,223.2,70.0,23.0,2.0,0.0
Outpatient,0528TH,8,8,5570.0,696.25,150.0,8.0,0.0,0.0
Outpatient,1800RH,25,18,5570.0,222.8,70.0,24.0,1.0,0.0
Outpatient,2301XS,24,24,5560.0,231.67,85.0,24.0,0.0,0.0
Outpatient,2100ZQ,43,35,5550.0,129.07,60.0,42.0,1.0,0.0
Outpatient,1613RA,32,13,5540.0,173.13,60.0,31.0,1.0,0.0
Outpatient,2413DC,31,23,5540.0,178.71,80.0,30.0,1.0,0.0
Outpatient,2689AT,18,11,5540.0,307.78,60.0,17.0,1.0,0.0
Outpatient,1435RJ,28,28,5540.0,197.86,75.0,26.0,2.0,0.0
Outpatient,2303CC,37,36,5520.0,149.19,60.0,36.0,1.0,0.0
Outpatient,2223CH,17,14,5520.0,324.71,80.0,17.0,0.0,0.0
Outpatient,2713XN,23,18,5520.0,240.0,90.0,22.0,1.0,0.0
Outpatient,5525VA,32,32,5520.0,172.5,70.0,30.0,2.0,0.0
Outpatient,3602DB,33,32,5510.0,166.97,50.0,29.0,4.0,0.0
Outpatient,2625JG,20,16,5510.0,275.5,95.0,20.0,0.0,0.0
Outpatient,2225WH,20,19,5510.0,275.5,55.0,18.0,1.0,1.0
Outpatient,5225JB,31,18,5510.0,177.74,80.0,31.0,0.0,0.0
Outpatient,10688Q,11,11,5500.0,500.0,90.0,11.0,0.0,0.0
Outpatient,4001CS,18,14,5500.0,305.56,135.0,16.0,2.0,0.0
Outpatient,1402VG,31,31,5500.0,177.42,60.0,31.0,0.0,0.0
Outpatient,5000VM,23,23,5490.0,238.7,100.0,22.0,1.0,0.0
Outpatient,5200GV,32,30,5480.0,171.25,50.0,31.0,1.0,0.0
Outpatient,2025VQ,34,26,5470.0,160.88,60.0,34.0,0.0,0.0
Outpatient,0513TU,40,13,5460.0,136.5,70.0,39.0,1.0,0.0
Outpatient,2626UD,17,14,5460.0,321.18,90.0,16.0,1.0,0.0
Outpatient,5300AP,15,12,5450.0,363.33,90.0,15.0,0.0,0.0
Outpatient,1930JA,19,18,5450.0,286.84,100.0,17.0,1.0,1.0
Outpatient,3702HA,8,6,5440.0,680.0,300.0,8.0,0.0,0.0
Outpatient,0513VA,23,23,5440.0,236.52,60.0,19.0,4.0,0.0
Outpatient,1902YH,18,17,5430.0,301.67,85.0,18.0,0.0,0.0
Outpatient,2638WS,22,8,5430.0,246.82,65.0,21.0,1.0,0.0
Outpatient,3300NT,15,15,5430.0,362.0,80.0,13.0,1.0,1.0
Outpatient,3100WD,25,25,5430.0,217.2,60.0,24.0,1.0,0.0
Outpatient,1713YG,27,12,5420.0,200.74,80.0,27.0,0.0,0.0
Outpatient,4225NJ,14,8,5420.0,387.14,70.0,13.0,1.0,0.0
Outpatient,0501PM,23,22,5400.0,234.78,60.0,21.0,2.0,0.0
Outpatient,3625PQ,22,14,5400.0,245.45,60.0,21.0,1.0,0.0
Outpatient,4313HS,22,2,5400.0,245.45,95.0,21.0,1.0,0.0
Outpatient,1513YS,31,22,5390.0,173.87,60.0,30.0,1.0,0.0
Outpatient,1613VV,22,17,5390.0,245.0,80.0,21.0,1.0,0.0
Outpatient,1400UB,11,10,5380.0,489.09,100.0,10.0,1.0,0.0
Outpatient,5525NV,23,22,5380.0,233.91,60.0,22.0,1.0,0.0
Outpatient,0507WC,22,17,5380.0,244.55,75.0,21.0,1.0,0.0
Outpatient,3325ZM,30,13,5370.0,179.0,90.0,29.0,0.0,1.0
Outpatient,1525QU,24,17,5370.0,223.75,90.0,24.0,0.0,0.0
Outpatient,2100KN,16,16,5370.0,335.63,85.0,15.0,0.0,1.0
Outpatient,3926GU,20,15,5370.0,268.5,80.0,20.0,0.0,0.0
Outpatient,1313AV,14,10,5360.0,382.86,150.0,13.0,1.0,0.0
Outpatient,4508JB,27,21,5360.0,198.52,90.0,25.0,2.0,0.0
Outpatient,1425YK,8,8,5360.0,670.0,90.0,8.0,0.0,0.0
Outpatient,1026YV,21,21,5360.0,255.24,60.0,20.0,1.0,0.0
Outpatient,1800YR,20,14,5360.0,268.0,80.0,19.0,1.0,0.0
Outpatient,0513CC,13,13,5360.0,412.31,70.0,13.0,0.0,0.0
Outpatient,6700YA,36,14,5360.0,148.89,60.0,32.0,4.0,0.0
Outpatient,3335QV,43,41,5350.0,124.42,50.0,42.0,1.0,0.0
Outpatient,3513ND,25,11,5330.0,213.2,60.0,25.0,0.0,0.0
Outpatient,3301KM,29,21,5330.0,183.79,90.0,27.0,2.0,0.0
Outpatient,3613ZC,6,5,5330.0,888.33,650.0,6.0,0.0,0.0
Outpatient,1700AH,12,11,5330.0,444.17,70.0,12.0,0.0,0.0
Outpatient,14186R,40,18,5320.0,133.0,65.0,38.0,2.0,0.0
Outpatient,2900SH,21,21,5320.0,253.33,80.0,20.0,1.0,0.0
Outpatient,3825ZB,14,11,5320.0,380.0,30.0,12.0,2.0,0.0
Outpatient,4025MN,27,15,5300.0,196.3,70.0,26.0,1.0,0.0
Outpatient,4200MG,23,23,5300.0,230.43,70.0,22.0,1.0,0.0
Outpatient,1300TV,4,3,5300.0,1325.0,1000.0,3.0,1.0,0.0
Outpatient,5013ZS,9,9,5290.0,587.78,100.0,9.0,0.0,0.0
Outpatient,4506XT,14,14,5280.0,377.14,65.0,14.0,0.0,0.0
Outpatient,0585KN,33,18,5280.0,160.0,80.0,31.0,2.0,0.0
Outpatient,3700TQ,33,26,5280.0,160.0,60.0,31.0,2.0,0.0
Outpatient,1613GT,18,15,5270.0,292.78,70.0,16.0,2.0,0.0
Outpatient,0601GB,18,18,5260.0,292.22,60.0,18.0,0.0,0.0
Outpatient,4001ZU,11,11,5260.0,478.18,70.0,10.0,1.0,0.0
Outpatient,1500XM,18,18,5260.0,292.22,100.0,17.0,1.0,0.0
Outpatient,2634TB,25,13,5260.0,210.4,60.0,25.0,0.0,0.0
Outpatient,0525ZJ,24,24,5260.0,219.17,85.0,23.0,1.0,0.0
Outpatient,0528HS,16,16,5250.0,328.13,85.0,14.0,2.0,0.0
Outpatient,5013NM,8,7,5250.0,656.25,150.0,8.0,0.0,0.0
Outpatient,4520QG,21,19,5250.0,250.0,80.0,19.0,2.0,0.0
Outpatient,3425YR,6,6,5240.0,873.33,500.0,6.0,0.0,0.0
Outpatient,1400DH,14,13,5240.0,374.29,65.0,14.0,0.0,0.0
Outpatient,3125JH,19,16,5240.0,275.79,60.0,18.0,1.0,0.0
Outpatient,4413BH,12,10,5240.0,436.67,200.0,11.0,1.0,0.0
Outpatient,2900NB,17,17,5240.0,308.24,60.0,17.0,0.0,0.0
Outpatient,4025KC,21,10,5240.0,249.52,70.0,21.0,0.0,0.0
Outpatient,3200JC,18,15,5240.0,291.11,70.0,18.0,0.0,0.0
Outpatient,3300UT,28,28,5230.0,186.79,80.0,28.0,0.0,0.0
Outpatient,4527HQ,24,24,5230.0,217.92,80.0,23.0,1.0,0.0
Outpatient,1925QU,26,21,5230.0,201.15,60.0,26.0,0.0,0.0
Outpatient,1600RM,26,20,5230.0,201.15,90.0,24.0,2.0,0.0
Outpatient,1613NT,19,10,5220.0,274.74,70.0,18.0,1.0,0.0
Outpatient,1825RB,10,9,5220.0,522.0,30.0,8.0,2.0,0.0
Outpatient,1902VM,20,18,5210.0,260.5,70.0,18.0,2.0,0.0
Outpatient,0505SA,31,31,5200.0,167.74,70.0,29.0,2.0,0.0
Outpatient,3100YH,31,31,5200.0,167.74,70.0,31.0,0.0,0.0
Outpatient,4513MV,5,5,5200.0,1040.0,1300.0,5.0,0.0,0.0
Outpatient,2413RR,26,22,5200.0,200.0,80.0,24.0,2.0,0.0
Outpatient,6725HT,14,14,5200.0,371.43,100.0,13.0,0.0,1.0
Outpatient,3425TR,24,12,5190.0,216.25,65.0,22.0,2.0,0.0
Outpatient,4513ZV,15,4,5180.0,345.33,100.0,15.0,0.0,0.0
Outpatient,2500CJ,42,37,5180.0,123.33,60.0,41.0,0.0,1.0
Outpatient,3700PS,10,9,5180.0,518.0,35.0,10.0,0.0,0.0
Outpatient,1413CJ,13,11,5180.0,398.46,80.0,12.0,1.0,0.0
Outpatient,3325VP,21,19,5170.0,246.19,80.0,21.0,0.0,0.0
Outpatient,2225WV,22,22,5170.0,235.0,65.0,22.0,0.0,0.0
Outpatient,0500HK,12,10,5140.0,428.33,90.0,12.0,0.0,0.0
Outpatient,3426BJ,13,13,5130.0,394.62,200.0,13.0,0.0,0.0
Outpatient,3720MC,27,19,5120.0,189.63,80.0,27.0,0.0,0.0
Outpatient,1100BQ,13,9,5110.0,393.08,100.0,13.0,0.0,0.0
Outpatient,4526KH,13,12,5100.0,392.31,90.0,13.0,0.0,0.0
Outpatient,1713SG,11,6,5100.0,463.64,100.0,11.0,0.0,0.0
Outpatient,4502UC,25,24,5090.0,203.6,70.0,22.0,3.0,0.0
Outpatient,1926NN,35,25,5080.0,145.14,60.0,34.0,1.0,0.0
Outpatient,4527UP,17,13,5080.0,298.82,60.0,15.0,2.0,0.0
Outpatient,3600CS,17,17,5080.0,298.82,100.0,17.0,0.0,0.0
Outpatient,4508DC,28,24,5080.0,181.43,85.0,27.0,1.0,0.0
Outpatient,3513YC,10,4,5070.0,507.0,30.0,9.0,1.0,0.0
Outpatient,2813US,14,9,5070.0,362.14,50.0,14.0,0.0,0.0
Outpatient,3901AG,16,12,5070.0,316.88,70.0,16.0,0.0,0.0
Outpatient,52358N,4,3,5060.0,1265.0,1150.0,4.0,0.0,0.0
Outpatient,1713AB,14,7,5060.0,361.43,60.0,13.0,1.0,0.0
Outpatient,1200AN,22,22,5060.0,230.0,100.0,19.0,3.0,0.0
Outpatient,0501XP,19,19,5050.0,265.79,60.0,17.0,2.0,0.0
Outpatient,1800ZB,28,26,5050.0,180.36,55.0,28.0,0.0,0.0
Outpatient,24338U,30,27,5050.0,168.33,80.0,30.0,0.0,0.0
Outpatient,1900VA,25,25,5050.0,202.0,80.0,24.0,1.0,0.0
Outpatient,4313GR,9,1,5040.0,560.0,200.0,9.0,0.0,0.0
Outpatient,1925TB,26,23,5040.0,193.85,80.0,26.0,0.0,0.0
Outpatient,3413UT,43,12,5020.0,116.74,70.0,43.0,0.0,0.0
Outpatient,0530KM,14,14,5020.0,358.57,75.0,12.0,2.0,0.0
Outpatient,3300WP,23,22,5020.0,218.26,60.0,22.0,1.0,0.0
Outpatient,1413NT,37,6,5010.0,135.41,60.0,32.0,5.0,0.0
Outpatient,5000SH,35,31,5010.0,143.14,60.0,34.0,1.0,0.0
Outpatient,2325MS,14,14,5000.0,357.14,90.0,13.0,1.0,0.0
Outpatient,5200JC,16,13,5000.0,312.5,90.0,15.0,1.0,0.0
Outpatient,21006J,18,17,5000.0,277.78,145.0,18.0,0.0,0.0
Outpatient,4500JT,22,22,4990.0,226.82,80.0,22.0,0.0,0.0
Outpatient,1913AS,28,17,4980.0,177.86,95.0,25.0,3.0,0.0
Outpatient,2501RJ,17,15,4980.0,292.94,70.0,15.0,1.0,1.0
Outpatient,1825YS,42,20,4980.0,118.57,70.0,40.0,1.0,1.0
Outpatient,3413AG,18,16,4980.0,276.67,60.0,16.0,1.0,1.0
Outpatient,2413ZN,31,12,4980.0,160.65,100.0,30.0,1.0,0.0
Outpatient,05856A,31,29,4970.0,160.32,70.0,28.0,2.0,1.0
Outpatient,0100ST,15,13,4970.0,331.33,80.0,14.0,1.0,0.0
Outpatient,1713CD,31,17,4960.0,160.0,60.0,31.0,0.0,0.0
Outpatient,49258K,36,23,4960.0,137.78,75.0,34.0,2.0,0.0
Outpatient,1402RA,27,27,4960.0,183.7,50.0,27.0,0.0,0.0
Outpatient,0613RM,27,16,4950.0,183.33,70.0,25.0,2.0,0.0
Outpatient,4586ZB,21,5,4950.0,235.71,60.0,20.0,1.0,0.0
Outpatient,4025QR,10,5,4950.0,495.0,90.0,10.0,0.0,0.0
Outpatient,1002XR,18,18,4950.0,275.0,75.0,18.0,0.0,0.0
Outpatient,2685TC,23,16,4950.0,215.22,70.0,23.0,0.0,0.0
Outpatient,0100MN,28,24,4940.0,176.43,80.0,27.0,1.0,0.0
Outpatient,43136K,30,6,4940.0,164.67,50.0,28.0,2.0,0.0
Outpatient,4600RM,24,14,4940.0,205.83,65.0,24.0,0.0,0.0
Outpatient,5065HS,9,9,4930.0,547.78,200.0,9.0,0.0,0.0
Outpatient,4526JH,11,11,4930.0,448.18,80.0,11.0,0.0,0.0
Outpatient,2400SU,13,13,4930.0,379.23,60.0,12.0,0.0,1.0
Outpatient,4001RK,9,9,4920.0,546.67,100.0,8.0,1.0,0.0
Outpatient,4504QT,21,11,4920.0,234.29,80.0,20.0,1.0,0.0
Outpatient,14026N,37,35,4910.0,132.7,70.0,36.0,1.0,0.0
Outpatient,3013QU,15,13,4910.0,327.33,50.0,14.0,1.0,0.0
Outpatient,4504SV,15,14,4910.0,327.33,90.0,14.0,1.0,0.0
Outpatient,4600MP,26,19,4910.0,188.85,70.0,23.0,3.0,0.0
Outpatient,4200GV,18,13,4910.0,272.78,70.0,17.0,1.0,0.0
Outpatient,3300JH,9,9,4890.0,543.33,200.0,9.0,0.0,0.0
Outpatient,0527XP,11,11,4890.0,444.55,100.0,11.0,0.0,0.0
Outpatient,3626VD,37,17,4880.0,131.89,80.0,37.0,0.0,0.0
Outpatient,1713ZQ,33,12,4880.0,147.88,80.0,30.0,3.0,0.0
Outpatient,4425VD,34,20,4880.0,143.53,60.0,30.0,4.0,0.0
Outpatient,2301RK,26,26,4880.0,187.69,45.0,26.0,0.0,0.0
Outpatient,3200RC,42,34,4870.0,115.95,70.0,39.0,3.0,0.0
Outpatient,5525DP,18,18,4870.0,270.56,100.0,18.0,0.0,0.0
Outpatient,0501RP,11,11,4870.0,442.73,60.0,11.0,0.0,0.0
Outpatient,2613GK,20,19,4860.0,243.0,60.0,19.0,1.0,0.0
Outpatient,2225JA,17,16,4860.0,285.88,100.0,17.0,0.0,0.0
Outpatient,4313SH,11,1,4850.0,440.91,60.0,11.0,0.0,0.0
Outpatient,18018R,34,27,4850.0,142.65,60.0,33.0,1.0,0.0
Outpatient,1400SV,25,23,4840.0,193.6,100.0,25.0,0.0,0.0
Outpatient,2401KJ,22,15,4840.0,220.0,75.0,22.0,0.0,0.0
Outpatient,4501SR,19,19,4820.0,253.68,80.0,19.0,0.0,0.0
Outpatient,5113VB,15,15,4820.0,321.33,80.0,15.0,0.0,0.0
Outpatient,1725HB,13,6,4820.0,370.77,200.0,13.0,0.0,0.0
Outpatient,4001VQ,22,15,4820.0,219.09,85.0,22.0,0.0,0.0
Outpatient,4402NM,17,15,4810.0,282.94,80.0,16.0,1.0,0.0
Outpatient,1040UA,16,16,4810.0,300.63,70.0,15.0,1.0,0.0
Outpatient,0528NA,18,18,4800.0,266.67,80.0,18.0,0.0,0.0
Outpatient,2301JB,26,21,4800.0,184.62,80.0,25.0,1.0,0.0
Outpatient,4513QC,53,12,4800.0,90.57,70.0,51.0,2.0,0.0
Outpatient,1913WM,7,5,4800.0,685.71,100.0,6.0,1.0,0.0
Outpatient,3513MM,21,7,4790.0,228.1,40.0,21.0,0.0,0.0
Outpatient,4513NV,19,5,4790.0,252.11,80.0,17.0,2.0,0.0
Outpatient,5213QK,25,19,4780.0,191.2,80.0,25.0,0.0,0.0
Outpatient,3400VK,35,31,4780.0,136.57,60.0,35.0,0.0,0.0
Outpatient,2126JN,26,18,4780.0,183.85,75.0,26.0,0.0,0.0
Outpatient,1789NH,29,15,4780.0,164.83,90.0,27.0,2.0,0.0
Outpatient,51186B,31,23,4770.0,153.87,50.0,31.0,0.0,0.0
Outpatient,1300WC,41,37,4760.0,116.1,60.0,40.0,1.0,0.0
Outpatient,1926WJ,11,5,4760.0,432.73,60.0,10.0,1.0,0.0
Outpatient,1613DM,6,5,4760.0,793.33,450.0,5.0,1.0,0.0
Outpatient,0700TT,23,23,4750.0,206.52,60.0,23.0,0.0,0.0
Outpatient,4513VR,8,2,4750.0,593.75,145.0,8.0,0.0,0.0
Outpatient,3700RU,25,19,4750.0,190.0,80.0,22.0,3.0,0.0
Outpatient,3825UK,13,11,4750.0,365.38,70.0,12.0,1.0,0.0
Outpatient,27136J,52,8,4740.0,91.15,50.0,52.0,0.0,0.0
Outpatient,5000TJ,14,9,4740.0,338.57,140.0,14.0,0.0,0.0
Outpatient,45138S,17,6,4740.0,278.82,80.0,15.0,2.0,0.0
Outpatient,2813VT,16,4,4730.0,295.63,80.0,16.0,0.0,0.0
Outpatient,1313JA,27,19,4730.0,175.19,60.0,27.0,0.0,0.0
Outpatient,1501CG,26,23,4730.0,181.92,55.0,25.0,1.0,0.0
Outpatient,4508VV,15,13,4730.0,315.33,100.0,15.0,0.0,0.0
Outpatient,1701HH,20,19,4730.0,236.5,75.0,20.0,0.0,0.0
Outpatient,3213XA,29,5,4720.0,162.76,80.0,27.0,1.0,1.0
Outpatient,5300UD,10,6,4720.0,472.0,65.0,9.0,1.0,0.0
Outpatient,4225BT,6,6,4720.0,786.67,330.0,6.0,0.0,0.0
Outpatient,3500XJ,20,10,4710.0,235.5,75.0,20.0,0.0,0.0
Outpatient,0502KN,22,19,4710.0,214.09,60.0,20.0,2.0,0.0
Outpatient,3301VQ,12,12,4710.0,392.5,95.0,10.0,1.0,1.0
Outpatient,4588VC,21,13,4710.0,224.29,80.0,19.0,2.0,0.0
Outpatient,1425WG,15,15,4700.0,313.33,70.0,15.0,0.0,0.0
Outpatient,3600ST,21,20,4700.0,223.81,70.0,21.0,0.0,0.0
Outpatient,1613BJ,5,5,4700.0,940.0,100.0,4.0,1.0,0.0
Outpatient,2613XH,7,7,4700.0,671.43,100.0,7.0,0.0,0.0
Outpatient,5202MU,23,20,4680.0,203.48,70.0,22.0,1.0,0.0
Outpatient,2400MP,30,29,4680.0,156.0,75.0,30.0,0.0,0.0
Outpatient,3425KJ,30,15,4680.0,156.0,90.0,30.0,0.0,0.0
Outpatient,1513CB,9,7,4680.0,520.0,200.0,8.0,1.0,0.0
Outpatient,1425MK,11,10,4670.0,424.55,50.0,11.0,0.0,0.0
Outpatient,4300CU,31,15,4660.0,150.32,70.0,31.0,0.0,0.0
Outpatient,0504DR,18,18,4650.0,258.33,75.0,18.0,0.0,0.0
Outpatient,2301WJ,14,13,4650.0,332.14,100.0,14.0,0.0,0.0
Outpatient,0438QB,38,7,4650.0,122.37,80.0,38.0,0.0,0.0
Outpatient,45066J,17,17,4650.0,273.53,80.0,17.0,0.0,0.0
Outpatient,0925CD,27,23,4640.0,171.85,80.0,26.0,1.0,0.0
Outpatient,0526PH,30,27,4640.0,154.67,80.0,30.0,0.0,0.0
Outpatient,3926UG,17,7,4640.0,272.94,100.0,16.0,1.0,0.0
Outpatient,4505JQ,15,9,4640.0,309.33,100.0,14.0,1.0,0.0
Outpatient,0505CQ,20,19,4630.0,231.5,150.0,20.0,0.0,0.0
Outpatient,3600GN,27,27,4630.0,171.48,60.0,26.0,1.0,0.0
Outpatient,2613KA,23,13,4620.0,200.87,80.0,22.0,1.0,0.0
Outpatient,2501WQ,12,6,4620.0,385.0,85.0,12.0,0.0,0.0
Outpatient,2713PB,13,7,4610.0,354.62,100.0,13.0,0.0,0.0
Outpatient,0505HM,19,19,4610.0,242.63,60.0,19.0,0.0,0.0
Outpatient,3325WQ,27,27,4610.0,170.74,70.0,26.0,1.0,0.0
Outpatient,4901MJ,34,31,4610.0,135.59,45.0,32.0,2.0,0.0
Outpatient,3025WT,21,17,4610.0,219.52,100.0,21.0,0.0,0.0
Outpatient,1900GP,13,10,4590.0,353.08,90.0,13.0,0.0,0.0
Outpatient,0100RK,24,19,4590.0,191.25,70.0,23.0,1.0,0.0
Outpatient,4525HV,11,11,4590.0,417.27,100.0,11.0,0.0,0.0
Outpatient,2801KK,21,12,4590.0,218.57,30.0,21.0,0.0,0.0
Outpatient,1002TT,13,13,4590.0,353.08,200.0,13.0,0.0,0.0
Outpatient,2685VP,24,13,4580.0,190.83,80.0,23.0,1.0,0.0
Outpatient,3633JD,34,30,4570.0,134.41,50.0,32.0,2.0,0.0
Outpatient,2813RH,20,4,4570.0,228.5,50.0,20.0,0.0,0.0
Outpatient,3425KH,40,36,4570.0,114.25,60.0,38.0,2.0,0.0
Outpatient,1025SR,6,6,4550.0,758.33,120.0,5.0,1.0,0.0
Outpatient,1000NU,9,9,4550.0,505.56,100.0,9.0,0.0,0.0
Outpatient,4613MT,18,15,4550.0,252.78,100.0,17.0,1.0,0.0
Outpatient,10008A,21,21,4550.0,216.67,50.0,21.0,0.0,0.0
Outpatient,2500ZC,26,22,4550.0,175.0,75.0,26.0,0.0,0.0
Outpatient,2689YV,52,38,4540.0,87.31,50.0,46.0,5.0,1.0
Outpatient,3513XR,21,8,4530.0,215.71,60.0,21.0,0.0,0.0
Outpatient,3602PN,27,27,4530.0,167.78,70.0,25.0,2.0,0.0
Outpatient,1118ZN,6,6,4530.0,755.0,490.0,6.0,0.0,0.0
Outpatient,19006H,26,23,4530.0,174.23,65.0,26.0,0.0,0.0
Outpatient,4400UD,15,15,4530.0,302.0,90.0,15.0,0.0,0.0
Outpatient,39256P,3,3,4530.0,1510.0,1200.0,3.0,0.0,0.0
Outpatient,3700VC,26,15,4530.0,174.23,80.0,25.0,1.0,0.0
Outpatient,0301MK,15,14,4520.0,301.33,60.0,15.0,0.0,0.0
Outpatient,2413VV,34,16,4520.0,132.94,80.0,34.0,0.0,0.0
Outpatient,3713XK,10,8,4520.0,452.0,75.0,9.0,1.0,0.0
Outpatient,2302PR,19,19,4520.0,237.89,90.0,19.0,0.0,0.0
Outpatient,4502DR,20,19,4510.0,225.5,70.0,19.0,1.0,0.0
Outpatient,1613SK,25,16,4510.0,180.4,70.0,24.0,1.0,0.0
Outpatient,3901BP,15,15,4510.0,300.67,100.0,15.0,0.0,0.0
Outpatient,5200QS,18,17,4500.0,250.0,75.0,18.0,0.0,0.0
Outpatient,3302AP,19,19,4500.0,236.84,100.0,18.0,1.0,0.0
Outpatient,0540TQ,21,17,4500.0,214.29,80.0,21.0,0.0,0.0
Outpatient,45136A,10,8,4490.0,449.0,85.0,10.0,0.0,0.0
Outpatient,0600WS,24,22,4490.0,187.08,85.0,22.0,2.0,0.0
Outpatient,1913GQ,15,9,4490.0,299.33,40.0,13.0,2.0,0.0
Outpatient,0525YH,12,12,4480.0,373.33,80.0,12.0,0.0,0.0
Outpatient,1700GN,21,14,4480.0,213.33,90.0,20.0,1.0,0.0
Outpatient,3901PN,7,6,4480.0,640.0,90.0,7.0,0.0,0.0
Outpatient,1500AR,19,19,4480.0,235.79,100.0,18.0,1.0,0.0
Outpatient,6700PT,18,17,4480.0,248.89,80.0,17.0,1.0,0.0
Outpatient,2500AP,26,18,4470.0,171.92,40.0,24.0,1.0,1.0
Outpatient,1113HT,35,16,4470.0,127.71,70.0,35.0,0.0,0.0
Outpatient,3725TS,12,8,4460.0,371.67,65.0,10.0,2.0,0.0
Outpatient,2013CD,18,18,4460.0,247.78,85.0,18.0,0.0,0.0
Outpatient,4520RQ,22,20,4450.0,202.27,50.0,20.0,2.0,0.0
Outpatient,2513VN,18,11,4430.0,246.11,30.0,17.0,1.0,0.0
Outpatient,3613TC,24,22,4420.0,184.17,80.0,21.0,2.0,1.0
Outpatient,0528HK,7,7,4420.0,631.43,100.0,7.0,0.0,0.0
Outpatient,3600KC,7,7,4420.0,631.43,300.0,7.0,0.0,0.0
Outpatient,1313KB,10,9,4420.0,442.0,200.0,9.0,1.0,0.0
Outpatient,4600AB,21,19,4410.0,210.0,70.0,19.0,2.0,0.0
Outpatient,45268N,19,8,4410.0,232.11,90.0,19.0,0.0,0.0
Outpatient,0325MJ,22,22,4410.0,200.45,100.0,20.0,2.0,0.0
Outpatient,0500NR,17,16,4410.0,259.41,80.0,16.0,1.0,0.0
Outpatient,1418WC,26,16,4400.0,169.23,100.0,24.0,2.0,0.0
Outpatient,4900PB,38,25,4400.0,115.79,50.0,35.0,3.0,0.0
Outpatient,4513HA,18,8,4400.0,244.44,65.0,18.0,0.0,0.0
Outpatient,4507XU,22,21,4400.0,200.0,70.0,22.0,0.0,0.0
Outpatient,4500MV,9,5,4390.0,487.78,100.0,9.0,0.0,0.0
Outpatient,2018WH,28,10,4380.0,156.43,55.0,27.0,1.0,0.0
Outpatient,3702UQ,16,16,4380.0,273.75,75.0,16.0,0.0,0.0
Outpatient,1513ZT,4,4,4370.0,1092.5,500.0,4.0,0.0,0.0
Outpatient,4513XD,17,7,4370.0,257.06,100.0,17.0,0.0,0.0
Outpatient,1538CV,15,11,4360.0,290.67,90.0,14.0,1.0,0.0
Outpatient,4425TB,5,5,4360.0,872.0,100.0,5.0,0.0,0.0
Outpatient,4588YQ,20,8,4360.0,218.0,60.0,19.0,0.0,1.0
Outpatient,5213AJ,11,7,4360.0,396.36,70.0,10.0,1.0,0.0
Outpatient,5118CU,28,22,4360.0,155.71,80.0,28.0,0.0,0.0
Outpatient,2038BQ,34,27,4350.0,127.94,60.0,32.0,2.0,0.0
Outpatient,0613JC,26,21,4350.0,167.31,50.0,25.0,1.0,0.0
Outpatient,1410DP,12,12,4340.0,361.67,130.0,10.0,1.0,1.0
Outpatient,45048M,9,9,4340.0,482.22,90.0,9.0,0.0,0.0
Outpatient,1925RP,12,12,4330.0,360.83,55.0,12.0,0.0,0.0
Outpatient,0507KD,16,16,4320.0,270.0,100.0,16.0,0.0,0.0
Outpatient,5213XM,29,20,4320.0,148.97,80.0,28.0,1.0,0.0
Outpatient,3413SR,30,29,4310.0,143.67,40.0,25.0,5.0,0.0
Outpatient,1413RA,23,20,4310.0,187.39,60.0,22.0,1.0,0.0
Outpatient,2713YG,24,5,4310.0,179.58,80.0,22.0,2.0,0.0
Outpatient,2325RR,17,13,4310.0,253.53,90.0,16.0,1.0,0.0
Outpatient,2413UU,9,9,4310.0,478.89,100.0,9.0,0.0,0.0
Outpatient,14006K,25,23,4310.0,172.4,80.0,24.0,1.0,0.0
Outpatient,3425DB,16,10,4290.0,268.13,100.0,15.0,1.0,0.0
Outpatient,3601GG,24,19,4290.0,178.75,70.0,23.0,1.0,0.0
Outpatient,3301NG,16,16,4290.0,268.13,75.0,14.0,2.0,0.0
Outpatient,0213KP,14,13,4290.0,306.43,75.0,14.0,0.0,0.0
Outpatient,0528PS,32,16,4280.0,133.75,70.0,29.0,3.0,0.0
Outpatient,2300UU,6,6,4270.0,711.67,145.0,6.0,0.0,0.0
Outpatient,4513PJ,8,5,4270.0,533.75,150.0,8.0,0.0,0.0
Outpatient,3100MQ,22,21,4260.0,193.64,75.0,22.0,0.0,0.0
Outpatient,4400XB,42,40,4260.0,101.43,55.0,39.0,3.0,0.0
Outpatient,0527PC,16,15,4260.0,266.25,90.0,15.0,0.0,1.0
Outpatient,1800YA,14,9,4250.0,303.57,60.0,14.0,0.0,0.0
Outpatient,31256T,12,4,4250.0,354.17,60.0,12.0,0.0,0.0
Outpatient,1013BJ,28,22,4240.0,151.43,80.0,27.0,1.0,0.0
Outpatient,0506QP,29,29,4240.0,146.21,60.0,25.0,4.0,0.0
Outpatient,2085ZU,20,17,4230.0,211.5,95.0,19.0,1.0,0.0
Outpatient,1926TD,15,13,4230.0,282.0,70.0,15.0,0.0,0.0
Outpatient,4506HJ,20,16,4230.0,211.5,40.0,20.0,0.0,0.0
Outpatient,16136U,9,8,4230.0,470.0,60.0,9.0,0.0,0.0
Outpatient,2413PH,6,5,4220.0,703.33,200.0,6.0,0.0,0.0
Outpatient,3418UJ,38,18,4210.0,110.79,60.0,37.0,1.0,0.0
Outpatient,4313YQ,21,8,4210.0,200.48,80.0,20.0,1.0,0.0
Outpatient,3425NC,26,23,4210.0,161.92,95.0,26.0,0.0,0.0
Outpatient,2423NV,5,4,4200.0,840.0,700.0,5.0,0.0,0.0
Outpatient,4527RB,9,9,4200.0,466.67,200.0,8.0,1.0,0.0
Outpatient,0502YG,18,17,4200.0,233.33,100.0,17.0,1.0,0.0
Outpatient,14028V,22,18,4200.0,190.91,65.0,22.0,0.0,0.0
Outpatient,3925WJ,16,13,4190.0,261.88,60.0,16.0,0.0,0.0
Outpatient,4502BG,17,17,4190.0,246.47,60.0,17.0,0.0,0.0
Outpatient,3926RK,12,12,4190.0,349.17,60.0,11.0,1.0,0.0
Outpatient,33026U,21,21,4190.0,199.52,60.0,21.0,0.0,0.0
Outpatient,1825QH,19,17,4180.0,220.0,100.0,19.0,0.0,0.0
Outpatient,2100MV,20,15,4180.0,209.0,80.0,20.0,0.0,0.0
Outpatient,4313ZJ,18,5,4180.0,232.22,95.0,16.0,2.0,0.0
Outpatient,1900YN,17,13,4180.0,245.88,90.0,17.0,0.0,0.0
Outpatient,0613NH,8,7,4170.0,521.25,145.0,7.0,1.0,0.0
Outpatient,2018XA,14,14,4160.0,297.14,75.0,14.0,0.0,0.0
Outpatient,2501CB,10,10,4160.0,416.0,195.0,10.0,0.0,0.0
Outpatient,1713AS,36,7,4160.0,115.56,50.0,32.0,4.0,0.0
Outpatient,2813JV,14,10,4150.0,296.43,70.0,13.0,1.0,0.0
Outpatient,3401VJ,19,19,4150.0,218.42,60.0,17.0,2.0,0.0
Outpatient,4925NQ,6,4,4150.0,691.67,90.0,6.0,0.0,0.0
Outpatient,2325YS,18,18,4150.0,230.56,100.0,16.0,2.0,0.0
Outpatient,33016Q,16,16,4150.0,259.38,70.0,16.0,0.0,0.0
Outpatient,1901BD,26,8,4140.0,159.23,90.0,26.0,0.0,0.0
Outpatient,0589SB,37,29,4140.0,111.89,40.0,36.0,1.0,0.0
Outpatient,3200YD,24,21,4140.0,172.5,75.0,24.0,0.0,0.0
Outpatient,2018AP,12,11,4140.0,345.0,100.0,12.0,0.0,0.0
Outpatient,3513JA,8,6,4130.0,516.25,250.0,8.0,0.0,0.0
Outpatient,1300VB,25,22,4130.0,165.2,90.0,24.0,1.0,0.0
Outpatient,1000CS,23,22,4130.0,179.57,70.0,21.0,2.0,0.0
Outpatient,4518RT,14,12,4120.0,294.29,85.0,12.0,2.0,0.0
Outpatient,2625QG,12,11,4120.0,343.33,90.0,12.0,0.0,0.0
Outpatient,2518VD,14,8,4110.0,293.57,75.0,13.0,1.0,0.0
Outpatient,2600UN,10,8,4100.0,410.0,70.0,10.0,0.0,0.0
Outpatient,1825VH,2,1,4100.0,2050.0,2050.0,2.0,0.0,0.0
Outpatient,2600RJ,19,6,4100.0,215.79,70.0,18.0,1.0,0.0
Outpatient,5113HR,12,10,4100.0,341.67,50.0,12.0,0.0,0.0
Outpatient,4528BA,16,16,4090.0,255.63,85.0,16.0,0.0,0.0
Outpatient,3513QQ,5,4,4090.0,818.0,200.0,5.0,0.0,0.0
Outpatient,0925GH,40,36,4090.0,102.25,50.0,37.0,3.0,0.0
Outpatient,0725BB,19,17,4090.0,215.26,90.0,19.0,0.0,0.0
Outpatient,3700DQ,28,6,4080.0,145.71,80.0,27.0,1.0,0.0
Outpatient,3125QG,18,17,4080.0,226.67,90.0,18.0,0.0,0.0
Outpatient,4502JP,22,21,4080.0,185.45,50.0,22.0,0.0,0.0
Outpatient,2613WG,14,8,4080.0,291.43,85.0,14.0,0.0,0.0
Outpatient,1902QD,19,19,4070.0,214.21,60.0,18.0,1.0,0.0
Outpatient,3025VS,11,11,4070.0,370.0,100.0,11.0,0.0,0.0
Outpatient,4540CS,20,20,4070.0,203.5,95.0,20.0,0.0,0.0
Outpatient,5100YS,32,24,4060.0,126.88,70.0,31.0,1.0,0.0
Outpatient,4507YV,21,5,4060.0,193.33,100.0,20.0,1.0,0.0
Outpatient,2739ZN,20,8,4060.0,203.0,95.0,19.0,1.0,0.0
Outpatient,3426UG,14,12,4060.0,290.0,65.0,13.0,0.0,1.0
Outpatient,4505DK,13,13,4060.0,312.31,60.0,13.0,0.0,0.0
Outpatient,1026KP,7,7,4050.0,578.57,90.0,7.0,0.0,0.0
Outpatient,0501YQ,11,11,4050.0,368.18,400.0,11.0,0.0,0.0
Outpatient,3925BB,7,7,4050.0,578.57,60.0,6.0,1.0,0.0
Outpatient,1418HB,21,14,4050.0,192.86,80.0,19.0,1.0,1.0
Outpatient,5338GC,16,7,4040.0,252.5,70.0,16.0,0.0,0.0
Outpatient,5100ZM,30,20,4040.0,134.67,55.0,29.0,1.0,0.0
Outpatient,0400MA,21,19,4030.0,191.9,100.0,21.0,0.0,0.0
Outpatient,2300UG,20,19,4030.0,201.5,70.0,19.0,1.0,0.0
Outpatient,2225DC,9,9,4020.0,446.67,200.0,8.0,1.0,0.0
Outpatient,4526CQ,23,23,4020.0,174.78,80.0,21.0,2.0,0.0
Outpatient,0530MN,19,18,4000.0,210.53,70.0,18.0,1.0,0.0
Outpatient,4600PR,15,12,4000.0,266.67,80.0,13.0,2.0,0.0
Outpatient,0313PM,17,16,4000.0,235.29,50.0,12.0,5.0,0.0
Outpatient,0505UC,2,2,4000.0,2000.0,2000.0,2.0,0.0,0.0
Outpatient,07008Q,15,14,3990.0,266.0,70.0,15.0,0.0,0.0
Outpatient,0500QM,8,8,3990.0,498.75,65.0,8.0,0.0,0.0
Outpatient,1825MC,32,12,3980.0,124.38,60.0,31.0,0.0,1.0
Outpatient,4313JU,6,3,3980.0,663.33,95.0,6.0,0.0,0.0
Outpatient,39256G,16,15,3980.0,248.75,90.0,15.0,1.0,0.0
Outpatient,2813RV,17,5,3980.0,234.12,70.0,17.0,0.0,0.0
Outpatient,24138A,10,7,3980.0,398.0,100.0,10.0,0.0,0.0
Outpatient,1413HN,19,13,3980.0,209.47,100.0,18.0,1.0,0.0
Outpatient,1200ZK,25,23,3980.0,159.2,60.0,24.0,1.0,0.0
Outpatient,3125RH,4,4,3980.0,995.0,925.0,4.0,0.0,0.0
Outpatient,4600TV,23,19,3970.0,172.61,50.0,22.0,1.0,0.0
Outpatient,2625QP,11,11,3970.0,360.91,80.0,11.0,0.0,0.0
Outpatient,2613ZK,19,17,3960.0,208.42,60.0,19.0,0.0,0.0
Outpatient,3901ZS,12,12,3950.0,329.17,100.0,11.0,1.0,0.0
Outpatient,1713XT,24,16,3950.0,164.58,45.0,21.0,3.0,0.0
Outpatient,2225SK,17,17,3940.0,231.76,80.0,16.0,1.0,0.0
Outpatient,1102DH,10,10,3940.0,394.0,200.0,10.0,0.0,0.0
Outpatient,0505BP,17,17,3940.0,231.76,80.0,16.0,1.0,0.0
Outpatient,3426RA,9,8,3940.0,437.78,100.0,9.0,0.0,0.0
Outpatient,0533YD,8,8,3930.0,491.25,95.0,8.0,0.0,0.0
Outpatient,1925YQ,12,11,3920.0,326.67,35.0,11.0,1.0,0.0
Outpatient,2225MS,7,7,3920.0,560.0,80.0,7.0,0.0,0.0
Outpatient,5213TG,29,28,3920.0,135.17,80.0,26.0,2.0,1.0
Outpatient,0425UC,21,12,3920.0,186.67,60.0,20.0,1.0,0.0
Outpatient,3413BH,22,20,3920.0,178.18,75.0,21.0,0.0,1.0
Outpatient,2339MT,19,14,3920.0,206.32,40.0,18.0,1.0,0.0
Outpatient,2200WQ,17,17,3920.0,230.59,100.0,16.0,1.0,0.0
Outpatient,1401QQ,10,10,3920.0,392.0,150.0,10.0,0.0,0.0
Outpatient,3335WH,12,12,3910.0,325.83,80.0,12.0,0.0,0.0
Outpatient,1027TQ,6,5,3910.0,651.67,300.0,6.0,0.0,0.0
Outpatient,35138H,17,7,3910.0,230.0,100.0,16.0,1.0,0.0
Outpatient,1713TV,16,14,3910.0,244.38,60.0,15.0,1.0,0.0
Outpatient,1613WA,29,14,3910.0,134.83,80.0,27.0,2.0,0.0
Outpatient,1926VH,13,10,3900.0,300.0,60.0,13.0,0.0,0.0
Outpatient,1426XQ,11,11,3900.0,354.55,200.0,11.0,0.0,0.0
Outpatient,5519NU,19,17,3900.0,205.26,60.0,19.0,0.0,0.0
Outpatient,4526MJ,2,2,3900.0,1950.0,1950.0,2.0,0.0,0.0
Outpatient,3325GT,22,20,3900.0,177.27,70.0,22.0,0.0,0.0
Outpatient,3303RK,24,23,3890.0,162.08,65.0,23.0,1.0,0.0
Outpatient,2813ZB,15,6,3890.0,259.33,70.0,14.0,1.0,0.0
Outpatient,0500XU,22,22,3890.0,176.82,60.0,21.0,1.0,0.0
Outpatient,1002MM,23,23,3880.0,168.7,40.0,22.0,1.0,0.0
Outpatient,3718BC,23,17,3880.0,168.7,60.0,22.0,1.0,0.0
Outpatient,4540SC,6,6,3880.0,646.67,70.0,6.0,0.0,0.0
Outpatient,5113SU,13,13,3860.0,296.92,100.0,13.0,0.0,0.0
Outpatient,2413AQ,16,15,3860.0,241.25,80.0,16.0,0.0,0.0
Outpatient,2313MD,9,9,3860.0,428.89,100.0,9.0,0.0,0.0
Outpatient,1825YC,11,5,3840.0,349.09,60.0,10.0,1.0,0.0
Outpatient,26138N,19,17,3840.0,202.11,60.0,18.0,1.0,0.0
Outpatient,4001NG,26,15,3830.0,147.31,55.0,24.0,2.0,0.0
Outpatient,4925KT,8,8,3830.0,478.75,40.0,8.0,0.0,0.0
Outpatient,3838DK,10,10,3830.0,383.0,140.0,9.0,1.0,0.0
Outpatient,1000DM,18,17,3820.0,212.22,90.0,18.0,0.0,0.0
Outpatient,1902NB,9,7,3820.0,424.44,300.0,9.0,0.0,0.0
Outpatient,14196M,4,4,3820.0,955.0,255.0,4.0,0.0,0.0
Outpatient,1225NN,22,18,3820.0,173.64,90.0,19.0,3.0,0.0
Outpatient,0513AA,14,14,3820.0,272.86,100.0,14.0,0.0,0.0
Outpatient,4520XQ,7,7,3810.0,544.29,100.0,7.0,0.0,0.0
Outpatient,0100WR,24,23,3810.0,158.75,55.0,24.0,0.0,0.0
Outpatient,14016G,30,19,3810.0,127.0,75.0,26.0,4.0,0.0
Outpatient,3123AV,8,8,3800.0,475.0,200.0,8.0,0.0,0.0
Outpatient,0101YS,7,7,3800.0,542.86,20.0,7.0,0.0,0.0
Outpatient,0520WP,16,16,3790.0,236.88,140.0,16.0,0.0,0.0
Outpatient,2513KA,13,7,3790.0,291.54,80.0,13.0,0.0,0.0
Outpatient,32008R,24,11,3790.0,157.92,60.0,21.0,3.0,0.0
Outpatient,1825DM,4,4,3780.0,945.0,225.0,4.0,0.0,0.0
Outpatient,3603GG,3,3,3780.0,1260.0,1000.0,3.0,0.0,0.0
Outpatient,1426HT,7,7,3770.0,538.57,300.0,7.0,0.0,0.0
Outpatient,1200VD,23,21,3770.0,163.91,90.0,22.0,1.0,0.0
Outpatient,4213SA,19,10,3770.0,198.42,50.0,16.0,3.0,0.0
Outpatient,6725NB,11,11,3760.0,341.82,80.0,11.0,0.0,0.0
Outpatient,4025TN,21,12,3750.0,178.57,70.0,18.0,3.0,0.0
Outpatient,0520XQ,19,18,3750.0,197.37,80.0,16.0,2.0,1.0
Outpatient,0725HH,24,23,3750.0,156.25,55.0,24.0,0.0,0.0
Outpatient,2500SK,20,12,3740.0,187.0,55.0,19.0,1.0,0.0
Outpatient,1813SA,15,12,3740.0,249.33,60.0,15.0,0.0,0.0
Outpatient,14HTJW,22,14,3740.0,170.0,60.0,22.0,0.0,0.0
Outpatient,4503CJ,13,8,3740.0,287.69,80.0,13.0,0.0,0.0
Outpatient,1625RJ,15,8,3740.0,249.33,60.0,15.0,0.0,0.0
Outpatient,4225VJ,5,4,3730.0,746.0,100.0,5.0,0.0,0.0
Outpatient,3939UN,5,5,3730.0,746.0,200.0,4.0,1.0,0.0
Outpatient,3702MG,6,6,3730.0,621.67,130.0,6.0,0.0,0.0
Outpatient,2126JD,14,12,3730.0,266.43,50.0,14.0,0.0,0.0
Outpatient,5013VN,16,13,3720.0,232.5,70.0,16.0,0.0,0.0
Outpatient,3426ZN,19,18,3720.0,195.79,100.0,19.0,0.0,0.0
Outpatient,1900GG,13,11,3710.0,285.38,60.0,13.0,0.0,0.0
Outpatient,4925QS,38,13,3710.0,97.63,55.0,37.0,1.0,0.0
Outpatient,5300ZM,20,4,3700.0,185.0,60.0,19.0,1.0,0.0
Outpatient,1813RP,36,21,3700.0,102.78,60.0,34.0,1.0,1.0
Outpatient,23028S,19,18,3700.0,194.74,60.0,18.0,1.0,0.0
Outpatient,2613RV,10,10,3700.0,370.0,95.0,9.0,1.0,0.0
Outpatient,24138Q,40,4,3700.0,92.5,35.0,37.0,3.0,0.0
Outpatient,3713RK,14,8,3700.0,264.29,75.0,14.0,0.0,0.0
Outpatient,1613GD,15,13,3690.0,246.0,100.0,14.0,1.0,0.0
Outpatient,6725KP,10,10,3680.0,368.0,60.0,10.0,0.0,0.0
Outpatient,1913AK,12,11,3680.0,306.67,95.0,12.0,0.0,0.0
Outpatient,2425PQ,7,7,3680.0,525.71,60.0,6.0,1.0,0.0
Outpatient,0502TV,18,18,3680.0,204.44,90.0,17.0,1.0,0.0
Outpatient,1902DQ,16,14,3680.0,230.0,65.0,15.0,1.0,0.0
Outpatient,2525MR,11,9,3680.0,334.55,70.0,10.0,1.0,0.0
Outpatient,3513VP,4,3,3680.0,920.0,700.0,4.0,0.0,0.0
Outpatient,4001JB,6,5,3670.0,611.67,70.0,5.0,1.0,0.0
Outpatient,2400BM,18,18,3670.0,203.89,50.0,18.0,0.0,0.0
Outpatient,0413BN,21,12,3670.0,174.76,60.0,19.0,2.0,0.0
Outpatient,2413GN,27,9,3660.0,135.56,30.0,26.0,1.0,0.0
Outpatient,2801DC,18,18,3660.0,203.33,90.0,16.0,1.0,1.0
Outpatient,4501MK,11,11,3660.0,332.73,90.0,11.0,0.0,0.0
Outpatient,3900NM,18,18,3660.0,203.33,75.0,18.0,0.0,0.0
Outpatient,0502RT,8,8,3660.0,457.5,55.0,8.0,0.0,0.0
Outpatient,0100GG,8,7,3660.0,457.5,30.0,7.0,1.0,0.0
Outpatient,5013RH,17,17,3660.0,215.29,70.0,17.0,0.0,0.0
Outpatient,05008M,21,21,3660.0,174.29,80.0,20.0,1.0,0.0
Outpatient,1825JJ,6,6,3650.0,608.33,335.0,6.0,0.0,0.0
Outpatient,3601KM,8,8,3650.0,456.25,130.0,7.0,1.0,0.0
Outpatient,3225BN,5,5,3650.0,730.0,70.0,5.0,0.0,0.0
Outpatient,28138N,12,10,3640.0,303.33,200.0,12.0,0.0,0.0
Outpatient,05076J,11,11,3640.0,330.91,50.0,11.0,0.0,0.0
Outpatient,1401JJ,7,7,3640.0,520.0,60.0,7.0,0.0,0.0
Outpatient,3513JJ,35,7,3640.0,104.0,50.0,33.0,2.0,0.0
Outpatient,0413VM,20,12,3640.0,182.0,75.0,19.0,1.0,0.0
Outpatient,1200UC,34,27,3630.0,106.76,70.0,31.0,3.0,0.0
Outpatient,6725ZJ,8,7,3630.0,453.75,65.0,8.0,0.0,0.0
Outpatient,3900GK,14,13,3630.0,259.29,85.0,12.0,1.0,1.0
Outpatient,4425NC,11,11,3620.0,329.09,70.0,11.0,0.0,0.0
Outpatient,4225UJ,8,7,3620.0,452.5,250.0,7.0,1.0,0.0
Outpatient,0505PD,23,23,3610.0,156.96,70.0,23.0,0.0,0.0
Outpatient,1600XT,23,19,3610.0,156.96,70.0,23.0,0.0,0.0
Outpatient,0511NS,5,5,3610.0,722.0,80.0,5.0,0.0,0.0
Outpatient,2713JT,15,2,3600.0,240.0,100.0,14.0,1.0,0.0
Outpatient,5213RM,24,20,3600.0,150.0,60.0,23.0,1.0,0.0
Outpatient,5125ZK,29,19,3600.0,124.14,60.0,28.0,1.0,0.0
Outpatient,3903CJ,2,2,3600.0,1800.0,1800.0,2.0,0.0,0.0
Outpatient,4225ZH,16,8,3600.0,225.0,70.0,13.0,3.0,0.0
Outpatient,3300CJ,6,6,3590.0,598.33,195.0,6.0,0.0,0.0
Outpatient,4508DM,11,10,3590.0,326.36,100.0,11.0,0.0,0.0
Outpatient,1413YB,9,9,3590.0,398.89,100.0,8.0,1.0,0.0
Outpatient,2400GH,16,13,3580.0,223.75,85.0,16.0,0.0,0.0
Outpatient,3426HP,20,14,3580.0,179.0,60.0,19.0,1.0,0.0
Outpatient,20138K,5,5,3580.0,716.0,40.0,5.0,0.0,0.0
Outpatient,4225KN,13,11,3570.0,274.62,50.0,12.0,1.0,0.0
Outpatient,2301TN,12,9,3570.0,297.5,100.0,12.0,0.0,0.0
Outpatient,36136N,16,15,3570.0,223.13,100.0,15.0,1.0,0.0
Outpatient,1825ND,5,4,3560.0,712.0,400.0,5.0,0.0,0.0
Outpatient,26S0RR,12,11,3550.0,295.83,75.0,12.0,0.0,0.0
Outpatient,1902KV,16,15,3550.0,221.88,55.0,16.0,0.0,0.0
Outpatient,45036D,7,6,3550.0,507.14,20.0,6.0,1.0,0.0
Outpatient,4508UG,27,23,3550.0,131.48,70.0,26.0,1.0,0.0
Outpatient,2685VG,17,10,3550.0,208.82,100.0,17.0,0.0,0.0
Outpatient,0600QK,25,22,3540.0,141.6,80.0,25.0,0.0,0.0
Outpatient,5223ZU,6,5,3540.0,590.0,50.0,6.0,0.0,0.0
Outpatient,4426BB,23,12,3540.0,153.91,60.0,22.0,1.0,0.0
Outpatient,3813HM,18,8,3540.0,196.67,95.0,18.0,0.0,0.0
Outpatient,4200RT,27,26,3540.0,131.11,60.0,25.0,2.0,0.0
Outpatient,1027AT,33,31,3520.0,106.67,60.0,31.0,1.0,1.0
Outpatient,4419CU,17,16,3520.0,207.06,60.0,16.0,1.0,0.0
Outpatient,4200WS,16,15,3520.0,220.0,100.0,16.0,0.0,0.0
Outpatient,1419YR,11,10,3520.0,320.0,70.0,11.0,0.0,0.0
Outpatient,45078C,26,22,3510.0,135.0,65.0,24.0,2.0,0.0
Outpatient,0502JT,26,26,3510.0,135.0,60.0,25.0,1.0,0.0
Outpatient,6725AT,10,10,3510.0,351.0,80.0,10.0,0.0,0.0
Outpatient,4600MG,27,25,3500.0,129.63,60.0,25.0,2.0,0.0
Outpatient,52138K,16,15,3490.0,218.13,85.0,16.0,0.0,0.0
Outpatient,1613WH,16,12,3490.0,218.13,150.0,16.0,0.0,0.0
Outpatient,2225GM,14,13,3490.0,249.29,150.0,14.0,0.0,0.0
Outpatient,4503JQ,30,28,3480.0,116.0,50.0,29.0,0.0,1.0
Outpatient,4234DA,12,12,3480.0,290.0,75.0,12.0,0.0,0.0
Outpatient,1313WQ,17,11,3470.0,204.12,60.0,17.0,0.0,0.0
Outpatient,0504SA,14,13,3470.0,247.86,70.0,12.0,2.0,0.0
Outpatient,0326ST,10,10,3470.0,347.0,55.0,10.0,0.0,0.0
Outpatient,0413TJ,25,17,3470.0,138.8,60.0,25.0,0.0,0.0
Outpatient,2513YR,6,6,3470.0,578.33,340.0,6.0,0.0,0.0
Outpatient,4613BJ,17,11,3460.0,203.53,60.0,17.0,0.0,0.0
Outpatient,0502AK,21,21,3450.0,164.29,100.0,21.0,0.0,0.0
Outpatient,2713HJ,17,17,3450.0,202.94,90.0,17.0,0.0,0.0
Outpatient,2813NC,7,7,3450.0,492.86,100.0,7.0,0.0,0.0
Outpatient,4525DT,23,19,3450.0,150.0,60.0,22.0,1.0,0.0
Outpatient,3800DA,17,17,3440.0,202.35,60.0,17.0,0.0,0.0
Outpatient,4528VH,27,24,3440.0,127.41,50.0,25.0,2.0,0.0
Outpatient,3626RV,5,5,3440.0,688.0,300.0,5.0,0.0,0.0
Outpatient,24138H,5,4,3440.0,688.0,60.0,5.0,0.0,0.0
Outpatient,2325ND,25,20,3430.0,137.2,60.0,25.0,0.0,0.0
Outpatient,34S0TB,4,4,3430.0,857.5,50.0,4.0,0.0,0.0
Outpatient,0528WT,30,30,3420.0,114.0,90.0,30.0,0.0,0.0
Outpatient,0300QR,23,21,3420.0,148.7,40.0,23.0,0.0,0.0
Outpatient,05116S,8,8,3420.0,427.5,45.0,6.0,2.0,0.0
Outpatient,4508KS,13,13,3420.0,263.08,50.0,12.0,1.0,0.0
Outpatient,4400PG,17,14,3410.0,200.59,60.0,15.0,2.0,0.0
Outpatient,23258V,9,9,3410.0,378.89,50.0,8.0,1.0,0.0
Outpatient,18008N,6,5,3410.0,568.33,200.0,6.0,0.0,0.0
Outpatient,3400VC,23,18,3410.0,148.26,60.0,23.0,0.0,0.0
Outpatient,2225QH,3,3,3400.0,1133.33,100.0,2.0,1.0,0.0
Outpatient,1800UC,29,23,3400.0,117.24,60.0,27.0,2.0,0.0
Outpatient,4525RR,22,21,3400.0,154.55,90.0,19.0,3.0,0.0
Outpatient,4506GQ,12,12,3400.0,283.33,75.0,11.0,1.0,0.0
Outpatient,1613JA,2,2,3400.0,1700.0,1700.0,2.0,0.0,0.0
Outpatient,23008Q,16,16,3390.0,211.88,65.0,15.0,1.0,0.0
Outpatient,52136Q,39,32,3390.0,86.92,70.0,36.0,3.0,0.0
Outpatient,4508AQ,9,9,3390.0,376.67,100.0,9.0,0.0,0.0
Outpatient,0505AN,16,16,3390.0,211.88,200.0,16.0,0.0,0.0
Outpatient,4925ZV,16,10,3390.0,211.88,70.0,15.0,1.0,0.0
Outpatient,2601NV,31,28,3390.0,109.35,70.0,30.0,1.0,0.0
Outpatient,2813JP,29,8,3380.0,116.55,50.0,28.0,1.0,0.0
Outpatient,1425JQ,3,3,3380.0,1126.67,50.0,3.0,0.0,0.0
Outpatient,5013QG,13,6,3370.0,259.23,90.0,13.0,0.0,0.0
Outpatient,1401SK,21,19,3370.0,160.48,90.0,20.0,1.0,0.0
Outpatient,4500TQ,15,15,3370.0,224.67,50.0,15.0,0.0,0.0
Outpatient,3925UG,11,9,3370.0,306.36,70.0,11.0,0.0,0.0
Outpatient,4239QA,7,7,3360.0,480.0,80.0,7.0,0.0,0.0
Outpatient,0700XB,9,9,3360.0,373.33,80.0,9.0,0.0,0.0
Outpatient,2100VB,10,10,3350.0,335.0,95.0,9.0,0.0,1.0
Outpatient,2025UP,10,9,3350.0,335.0,135.0,9.0,1.0,0.0
Outpatient,3900ZK,14,13,3350.0,239.29,50.0,13.0,1.0,0.0
Outpatient,1713PR,13,5,3350.0,257.69,100.0,13.0,0.0,0.0
Outpatient,4513GV,13,10,3350.0,257.69,60.0,11.0,1.0,1.0
Outpatient,2613AN,18,13,3350.0,186.11,45.0,17.0,1.0,0.0
Outpatient,15018C,15,12,3350.0,223.33,60.0,14.0,1.0,0.0
Outpatient,18258V,16,8,3350.0,209.38,50.0,16.0,0.0,0.0
Outpatient,3323SU,16,15,3340.0,208.75,75.0,15.0,1.0,0.0
Outpatient,4218RQ,32,8,3340.0,104.38,80.0,32.0,0.0,0.0
Outpatient,3702NH,12,9,3340.0,278.33,50.0,10.0,2.0,0.0
Outpatient,3302HU,21,21,3340.0,159.05,70.0,19.0,2.0,0.0
Outpatient,18138N,29,11,3340.0,115.17,60.0,26.0,3.0,0.0
Outpatient,4513JT,10,2,3340.0,334.0,35.0,9.0,1.0,0.0
Outpatient,3625ZG,2,2,3330.0,1665.0,1665.0,2.0,0.0,0.0
Outpatient,0325PD,10,9,3330.0,333.0,65.0,10.0,0.0,0.0
Outpatient,3413ZC,13,10,3320.0,255.38,40.0,12.0,1.0,0.0
Outpatient,3213VU,27,24,3320.0,122.96,50.0,26.0,1.0,0.0
Outpatient,4439XV,20,7,3320.0,166.0,100.0,19.0,1.0,0.0
Outpatient,4588MA,2,1,3310.0,1655.0,1655.0,2.0,0.0,0.0
Outpatient,1701PQ,19,18,3310.0,174.21,80.0,19.0,0.0,0.0
Outpatient,3325XB,3,3,3300.0,1100.0,500.0,3.0,0.0,0.0
Outpatient,1023JU,12,12,3300.0,275.0,70.0,12.0,0.0,0.0
Outpatient,3300PN,15,13,3300.0,220.0,200.0,14.0,1.0,0.0
Outpatient,0301QG,12,11,3300.0,275.0,60.0,12.0,0.0,0.0
Outpatient,1025AU,21,19,3290.0,156.67,60.0,18.0,3.0,0.0
Outpatient,2625HD,13,12,3290.0,253.08,100.0,12.0,1.0,0.0
Outpatient,3513SK,20,15,3290.0,164.5,55.0,19.0,1.0,0.0
Outpatient,2118ZP,18,14,3280.0,182.22,85.0,18.0,0.0,0.0
Outpatient,2413AA,5,5,3270.0,654.0,50.0,5.0,0.0,0.0
Outpatient,1925GB,24,19,3270.0,136.25,75.0,22.0,1.0,1.0
Outpatient,3613MS,13,12,3270.0,251.54,50.0,12.0,1.0,0.0
Outpatient,1401AH,14,14,3270.0,233.57,85.0,12.0,2.0,0.0
Outpatient,1901DH,24,22,3260.0,135.83,85.0,24.0,0.0,0.0
Outpatient,34266N,9,7,3260.0,362.22,200.0,9.0,0.0,0.0
Outpatient,4225DP,7,6,3250.0,464.29,100.0,7.0,0.0,0.0
Outpatient,0506DB,7,7,3250.0,464.29,100.0,7.0,0.0,0.0
Outpatient,2601JK,17,16,3250.0,191.18,60.0,17.0,0.0,0.0
Outpatient,2125UN,13,9,3240.0,249.23,60.0,13.0,0.0,0.0
Outpatient,1425BH,3,2,3240.0,1080.0,500.0,3.0,0.0,0.0
Outpatient,2600TM,12,8,3230.0,269.17,60.0,11.0,1.0,0.0
Outpatient,5000CP,23,22,3210.0,139.57,70.0,21.0,2.0,0.0
Outpatient,4225GV,7,7,3210.0,458.57,500.0,6.0,0.0,1.0
Outpatient,4925NH,14,7,3200.0,228.57,60.0,14.0,0.0,0.0
Outpatient,0585AB,7,5,3200.0,457.14,100.0,7.0,0.0,0.0
Outpatient,3340UH,8,8,3200.0,400.0,145.0,8.0,0.0,0.0
Outpatient,1438RN,6,5,3190.0,531.67,185.0,5.0,1.0,0.0
Outpatient,0504PT,19,19,3190.0,167.89,50.0,19.0,0.0,0.0
Outpatient,2039CP,39,39,3190.0,81.79,50.0,38.0,1.0,0.0
Outpatient,3700YV,25,15,3180.0,127.2,60.0,24.0,1.0,0.0
Outpatient,5339KG,17,4,3170.0,186.47,70.0,16.0,1.0,0.0
Outpatient,3925SS,15,15,3170.0,211.33,60.0,15.0,0.0,0.0
Outpatient,1026AM,13,9,3170.0,243.85,70.0,13.0,0.0,0.0
Outpatient,1400AT,25,23,3160.0,126.4,50.0,23.0,2.0,0.0
Outpatient,3100QD,23,23,3160.0,137.39,70.0,20.0,3.0,0.0
Outpatient,1725QM,12,12,3160.0,263.33,90.0,12.0,0.0,0.0
Outpatient,4926BA,13,12,3150.0,242.31,100.0,13.0,0.0,0.0
Outpatient,3701RB,4,4,3150.0,787.5,75.0,3.0,1.0,0.0
Outpatient,3725RQ,12,11,3150.0,262.5,150.0,12.0,0.0,0.0
Outpatient,2534YD,25,19,3150.0,126.0,80.0,24.0,1.0,0.0
Outpatient,2601HQ,25,17,3150.0,126.0,60.0,24.0,1.0,0.0
Outpatient,0507QK,4,4,3150.0,787.5,725.0,3.0,1.0,0.0
Outpatient,0507HJ,12,12,3150.0,262.5,150.0,12.0,0.0,0.0
Outpatient,19026K,9,9,3140.0,348.89,90.0,9.0,0.0,0.0
Outpatient,1813US,27,15,3140.0,116.3,30.0,25.0,2.0,0.0
Outpatient,1713JT,9,8,3140.0,348.89,70.0,9.0,0.0,0.0
Outpatient,1926PP,9,9,3140.0,348.89,80.0,9.0,0.0,0.0
Outpatient,3302DS,19,19,3130.0,164.74,60.0,18.0,1.0,0.0
Outpatient,1926HG,13,13,3130.0,240.77,60.0,13.0,0.0,0.0
Outpatient,0528UR,14,13,3120.0,222.86,65.0,14.0,0.0,0.0
Outpatient,45136Q,13,11,3120.0,240.0,90.0,13.0,0.0,0.0
Outpatient,3926RB,4,2,3120.0,780.0,55.0,4.0,0.0,0.0
Outpatient,1701KM,7,6,3120.0,445.71,50.0,6.0,1.0,0.0
Outpatient,1001NJ,17,17,3120.0,183.53,70.0,16.0,1.0,0.0
Outpatient,3213WV,18,12,3120.0,173.33,100.0,17.0,1.0,0.0
Outpatient,1413PN,18,16,3110.0,172.78,50.0,17.0,1.0,0.0
Outpatient,1002YK,5,5,3110.0,622.0,200.0,4.0,1.0,0.0
Outpatient,44196R,7,7,3100.0,442.86,60.0,7.0,0.0,0.0
Outpatient,1902SV,15,12,3100.0,206.67,60.0,15.0,0.0,0.0
Outpatient,0725PH,10,9,3100.0,310.0,190.0,10.0,0.0,0.0
Outpatient,3713CS,18,6,3100.0,172.22,60.0,17.0,1.0,0.0
Outpatient,2534QR,4,2,3090.0,772.5,125.0,4.0,0.0,0.0
Outpatient,1425SA,8,8,3080.0,385.0,45.0,8.0,0.0,0.0
Outpatient,1425AD,16,16,3080.0,192.5,70.0,16.0,0.0,0.0
Outpatient,2813QU,10,6,3070.0,307.0,100.0,10.0,0.0,0.0
Outpatient,5139PN,16,13,3070.0,191.88,90.0,16.0,0.0,0.0
Outpatient,1413UT,16,9,3070.0,191.88,50.0,16.0,0.0,0.0
Outpatient,2325QP,9,7,3070.0,341.11,100.0,9.0,0.0,0.0
Outpatient,1426BP,9,9,3060.0,340.0,60.0,8.0,1.0,0.0
Outpatient,5119JS,15,12,3040.0,202.67,200.0,15.0,0.0,0.0
Outpatient,4426VJ,9,9,3040.0,337.78,90.0,9.0,0.0,0.0
Outpatient,0585AR,4,4,3040.0,760.0,145.0,4.0,0.0,0.0
Outpatient,0900QS,20,18,3030.0,151.5,50.0,20.0,0.0,0.0
Outpatient,1902JU,6,5,3030.0,505.0,230.0,6.0,0.0,0.0
Outpatient,6700XV,22,20,3030.0,137.73,60.0,22.0,0.0,0.0
Outpatient,0301HD,14,14,3020.0,215.71,95.0,12.0,2.0,0.0
Outpatient,1513TT,15,14,3020.0,201.33,80.0,15.0,0.0,0.0
Outpatient,3323KU,23,23,3020.0,131.3,50.0,22.0,1.0,0.0
Outpatient,11008G,14,13,3020.0,215.71,45.0,13.0,1.0,0.0
Outpatient,1600SN,10,10,3010.0,301.0,60.0,10.0,0.0,0.0
Outpatient,1902CP,13,13,3010.0,231.54,40.0,13.0,0.0,0.0
Outpatient,4613KS,8,6,3000.0,375.0,100.0,8.0,0.0,0.0
Outpatient,4001QJ,13,7,3000.0,230.77,50.0,13.0,0.0,0.0
Outpatient,4533YK,12,9,3000.0,250.0,55.0,11.0,1.0,0.0
Outpatient,45256P,15,11,3000.0,200.0,100.0,15.0,0.0,0.0
Outpatient,2325WH,25,9,3000.0,120.0,60.0,24.0,1.0,0.0
Outpatient,4501HN,19,18,3000.0,157.89,80.0,19.0,0.0,0.0
Outpatient,4225QM,9,8,2990.0,332.22,100.0,9.0,0.0,0.0
Outpatient,5525MV,26,14,2990.0,115.0,60.0,26.0,0.0,0.0
Outpatient,3613SB,5,5,2990.0,598.0,70.0,4.0,1.0,0.0
Outpatient,0300UP,10,10,2990.0,299.0,35.0,8.0,2.0,0.0
Outpatient,4525NG,15,14,2980.0,198.67,60.0,14.0,1.0,0.0
Outpatient,0613HA,22,2,2980.0,135.45,65.0,20.0,2.0,0.0
Outpatient,4525PP,8,7,2980.0,372.5,100.0,8.0,0.0,0.0
Outpatient,1501WT,3,3,2970.0,990.0,40.0,3.0,0.0,0.0
Outpatient,4503KR,9,8,2960.0,328.89,80.0,8.0,1.0,0.0
Outpatient,4600SN,7,7,2960.0,422.86,300.0,7.0,0.0,0.0
Outpatient,4000DJ,21,20,2950.0,140.48,90.0,20.0,1.0,0.0
Outpatient,4900HJ,13,11,2950.0,226.92,90.0,13.0,0.0,0.0
Outpatient,0413DQ,27,18,2950.0,109.26,50.0,23.0,4.0,0.0
Outpatient,2402PQ,9,8,2950.0,327.78,60.0,8.0,1.0,0.0
Outpatient,4508YC,25,25,2940.0,117.6,70.0,23.0,2.0,0.0
Outpatient,5213AR,4,4,2940.0,735.0,600.0,4.0,0.0,0.0
Outpatient,3613VG,8,7,2940.0,367.5,50.0,7.0,1.0,0.0
Outpatient,5013MK,14,9,2940.0,210.0,85.0,14.0,0.0,0.0
Outpatient,2018VG,10,9,2940.0,294.0,55.0,9.0,1.0,0.0
Outpatient,1026DQ,17,17,2940.0,172.94,50.0,15.0,2.0,0.0
Outpatient,0525WN,19,18,2930.0,154.21,70.0,19.0,0.0,0.0
Outpatient,1113HM,7,6,2930.0,418.57,60.0,6.0,1.0,0.0
Outpatient,4506XD,28,27,2920.0,104.29,50.0,26.0,2.0,0.0
Outpatient,3925DD,6,5,2920.0,486.67,125.0,6.0,0.0,0.0
Outpatient,2601CM,12,12,2910.0,242.5,70.0,12.0,0.0,0.0
Outpatient,3901JQ,12,12,2910.0,242.5,85.0,12.0,0.0,0.0
Outpatient,39008G,16,15,2900.0,181.25,85.0,15.0,1.0,0.0
Outpatient,6700VM,10,8,2900.0,290.0,90.0,10.0,0.0,0.0
Outpatient,04138T,7,7,2900.0,414.29,100.0,7.0,0.0,0.0
Outpatient,4313UB,23,9,2890.0,125.65,60.0,21.0,2.0,0.0
Outpatient,1713BC,11,5,2890.0,262.73,90.0,11.0,0.0,0.0
Outpatient,4508GN,7,7,2880.0,411.43,60.0,7.0,0.0,0.0
Outpatient,0525DQ,6,6,2880.0,480.0,55.0,6.0,0.0,0.0
Outpatient,36028G,6,5,2880.0,480.0,100.0,6.0,0.0,0.0
Outpatient,0100XS,5,4,2880.0,576.0,90.0,5.0,0.0,0.0
Outpatient,5013UM,13,10,2880.0,221.54,50.0,11.0,2.0,0.0
Outpatient,36008J,13,13,2870.0,220.77,70.0,13.0,0.0,0.0
Outpatient,0600XD,15,15,2870.0,191.33,80.0,13.0,1.0,1.0
Outpatient,4526BG,24,24,2870.0,119.58,50.0,23.0,1.0,0.0
Outpatient,1418TH,19,10,2870.0,151.05,80.0,18.0,1.0,0.0
Outpatient,4527XS,9,9,2860.0,317.78,200.0,8.0,1.0,0.0
Outpatient,4300SG,13,9,2860.0,220.0,80.0,10.0,3.0,0.0
Outpatient,1413MS,6,6,2860.0,476.67,150.0,6.0,0.0,0.0
Outpatient,4513XM,7,3,2850.0,407.14,400.0,7.0,0.0,0.0
Outpatient,49138J,17,11,2850.0,167.65,50.0,17.0,0.0,0.0
Outpatient,0505JP,11,11,2840.0,258.18,100.0,11.0,0.0,0.0
Outpatient,0585XD,11,9,2840.0,258.18,50.0,11.0,0.0,0.0
Outpatient,1402KR,14,13,2840.0,202.86,55.0,14.0,0.0,0.0
Outpatient,1601GS,32,18,2840.0,88.75,50.0,32.0,0.0,0.0
Outpatient,0500WT,8,8,2830.0,353.75,300.0,8.0,0.0,0.0
Outpatient,1713HR,14,8,2830.0,202.14,70.0,14.0,0.0,0.0
Outpatient,3623HQ,12,11,2830.0,235.83,70.0,10.0,2.0,0.0
Outpatient,2613TB,15,13,2830.0,188.67,70.0,12.0,2.0,1.0
Outpatient,0501UK,18,18,2830.0,157.22,75.0,18.0,0.0,0.0
Outpatient,2300JR,11,11,2830.0,257.27,50.0,10.0,0.0,1.0
Outpatient,2425XM,4,4,2830.0,707.5,95.0,4.0,0.0,0.0
Outpatient,2013DG,16,15,2820.0,176.25,90.0,16.0,0.0,0.0
Outpatient,3603AA,24,21,2820.0,117.5,50.0,21.0,2.0,1.0
Outpatient,0506AG,8,8,2820.0,352.5,70.0,8.0,0.0,0.0
Outpatient,3725WV,18,18,2820.0,156.67,75.0,17.0,1.0,0.0
Outpatient,4527YD,19,18,2810.0,147.89,100.0,19.0,0.0,0.0
Outpatient,4507JD,22,22,2810.0,127.73,60.0,20.0,2.0,0.0
Outpatient,3426SK,22,12,2810.0,127.73,70.0,22.0,0.0,0.0
Outpatient,4500NA,18,15,2800.0,155.56,70.0,17.0,1.0,0.0
Outpatient,0113WN,9,9,2800.0,311.11,60.0,9.0,0.0,0.0
Outpatient,1901NR,19,18,2800.0,147.37,70.0,18.0,1.0,0.0
Outpatient,1500XT,19,19,2800.0,147.37,100.0,18.0,1.0,0.0
Outpatient,1713NA,20,11,2800.0,140.0,100.0,20.0,0.0,0.0
Outpatient,4506JM,15,15,2800.0,186.67,30.0,14.0,1.0,0.0
Outpatient,32006Q,18,9,2790.0,155.0,85.0,18.0,0.0,0.0
Outpatient,0300XK,12,11,2790.0,232.5,60.0,12.0,0.0,0.0
Outpatient,2625CQ,29,28,2790.0,96.21,60.0,27.0,2.0,0.0
Outpatient,1801NV,13,9,2780.0,213.85,60.0,13.0,0.0,0.0
Outpatient,3702ZV,16,13,2780.0,173.75,50.0,16.0,0.0,0.0
Outpatient,1913ZQ,8,8,2770.0,346.25,180.0,8.0,0.0,0.0
Outpatient,4918PA,6,5,2770.0,461.67,220.0,5.0,1.0,0.0
Outpatient,0510WJ,2,2,2770.0,1385.0,1385.0,2.0,0.0,0.0
Outpatient,2413MD,7,5,2760.0,394.29,20.0,7.0,0.0,0.0
Outpatient,4418NU,16,13,2750.0,171.88,95.0,16.0,0.0,0.0
Outpatient,1713SU,27,11,2750.0,101.85,70.0,24.0,2.0,1.0
Outpatient,2038DS,11,11,2750.0,250.0,90.0,11.0,0.0,0.0
Outpatient,4506TV,16,16,2750.0,171.88,75.0,16.0,0.0,0.0
Outpatient,1600UQ,6,5,2740.0,456.67,90.0,5.0,1.0,0.0
Outpatient,3713YM,9,8,2740.0,304.44,60.0,9.0,0.0,0.0
Outpatient,2513SJ,13,10,2730.0,210.0,80.0,13.0,0.0,0.0
Outpatient,21266R,5,5,2730.0,546.0,70.0,4.0,1.0,0.0
Outpatient,5100GD,11,10,2720.0,247.27,100.0,9.0,2.0,0.0
Outpatient,4526VN,19,18,2720.0,143.16,90.0,19.0,0.0,0.0
Outpatient,3700SV,14,13,2720.0,194.29,55.0,13.0,1.0,0.0
Outpatient,1613DC,23,9,2710.0,117.83,80.0,23.0,0.0,0.0
Outpatient,4528RB,7,4,2710.0,387.14,60.0,7.0,0.0,0.0
Outpatient,3902PV,18,17,2700.0,150.0,65.0,18.0,0.0,0.0
Outpatient,46WQHR,11,10,2700.0,245.45,90.0,10.0,1.0,0.0
Outpatient,4527XC,3,3,2700.0,900.0,200.0,2.0,1.0,0.0
Outpatient,2813MB,4,3,2700.0,675.0,150.0,3.0,1.0,0.0
Outpatient,1713TP,8,6,2700.0,337.5,100.0,7.0,1.0,0.0
Outpatient,23018A,14,14,2700.0,192.86,70.0,14.0,0.0,0.0
Outpatient,2634MR,13,11,2690.0,206.92,70.0,13.0,0.0,0.0
Outpatient,4513YN,16,3,2690.0,168.13,50.0,14.0,2.0,0.0
Outpatient,0413QD,17,11,2690.0,158.24,90.0,17.0,0.0,0.0
Outpatient,6700WN,16,14,2680.0,167.5,55.0,15.0,1.0,0.0
Outpatient,4506CD,18,18,2680.0,148.89,65.0,18.0,0.0,0.0
Outpatient,1925KQ,11,10,2680.0,243.64,40.0,11.0,0.0,0.0
Outpatient,3934GH,11,10,2680.0,243.64,100.0,11.0,0.0,0.0
Outpatient,3603DD,17,16,2670.0,157.06,70.0,17.0,0.0,0.0
Outpatient,06396B,15,4,2670.0,178.0,90.0,15.0,0.0,0.0
Outpatient,3925BJ,10,10,2660.0,266.0,95.0,10.0,0.0,0.0
Outpatient,06398M,10,7,2660.0,266.0,75.0,10.0,0.0,0.0
Outpatient,0507UQ,19,19,2660.0,140.0,60.0,19.0,0.0,0.0
Outpatient,0126KG,13,8,2660.0,204.62,70.0,13.0,0.0,0.0
Outpatient,3326WS,15,14,2640.0,176.0,60.0,15.0,0.0,0.0
Outpatient,4225DV,5,5,2640.0,528.0,60.0,5.0,0.0,0.0
Outpatient,2525ZK,17,15,2640.0,155.29,70.0,17.0,0.0,0.0
Outpatient,4513TP,8,7,2630.0,328.75,175.0,8.0,0.0,0.0
Outpatient,44T08G,3,3,2630.0,876.67,600.0,3.0,0.0,0.0
Outpatient,2613CQ,13,7,2630.0,202.31,80.0,13.0,0.0,0.0
Outpatient,2500WH,11,9,2630.0,239.09,50.0,11.0,0.0,0.0
Outpatient,4525NN,10,10,2620.0,262.0,150.0,9.0,1.0,0.0
Outpatient,0625GJ,15,12,2610.0,174.0,70.0,13.0,2.0,0.0
Outpatient,0539WA,2,2,2600.0,1300.0,1300.0,2.0,0.0,0.0
Outpatient,2713XD,17,10,2600.0,152.94,60.0,17.0,0.0,0.0
Outpatient,1313VP,6,6,2600.0,433.33,55.0,6.0,0.0,0.0
Outpatient,1400CP,12,9,2600.0,216.67,65.0,12.0,0.0,0.0
Outpatient,5125QG,1,1,2600.0,2600.0,2600.0,1.0,0.0,0.0
Outpatient,4504AC,17,17,2590.0,152.35,80.0,14.0,3.0,0.0
Outpatient,44018H,10,10,2590.0,259.0,70.0,9.0,1.0,0.0
Outpatient,4400RA,16,14,2590.0,161.88,55.0,12.0,4.0,0.0
Outpatient,1025WU,12,12,2580.0,215.0,75.0,11.0,1.0,0.0
Outpatient,20188V,6,6,2580.0,430.0,60.0,6.0,0.0,0.0
Outpatient,3100QM,11,11,2580.0,234.55,100.0,11.0,0.0,0.0
Outpatient,2434MG,5,5,2570.0,514.0,200.0,5.0,0.0,0.0
Outpatient,3702PJ,6,5,2570.0,428.33,150.0,6.0,0.0,0.0
Outpatient,0400KP,14,11,2560.0,182.86,100.0,14.0,0.0,0.0
Outpatient,4525KC,13,13,2560.0,196.92,70.0,13.0,0.0,0.0
Outpatient,4200VR,6,6,2560.0,426.67,150.0,6.0,0.0,0.0
Outpatient,2325WA,5,5,2560.0,512.0,70.0,5.0,0.0,0.0
Outpatient,5100JA,7,7,2550.0,364.29,50.0,7.0,0.0,0.0
Outpatient,34236H,4,4,2550.0,637.5,320.0,4.0,0.0,0.0
Outpatient,45138B,10,8,2540.0,254.0,35.0,9.0,1.0,0.0
Outpatient,1000XR,16,16,2540.0,158.75,40.0,14.0,1.0,1.0
Outpatient,4000VT,14,14,2530.0,180.71,50.0,14.0,0.0,0.0
Outpatient,0501QN,11,10,2520.0,229.09,60.0,11.0,0.0,0.0
Outpatient,2613MR,12,6,2520.0,210.0,75.0,10.0,2.0,0.0
Outpatient,1026VC,8,8,2510.0,313.75,55.0,6.0,2.0,0.0
Outpatient,1713GH,5,4,2510.0,502.0,90.0,4.0,1.0,0.0
Outpatient,2339SM,8,7,2510.0,313.75,150.0,8.0,0.0,0.0
Outpatient,2625WU,1,1,2500.0,2500.0,2500.0,1.0,0.0,0.0
Outpatient,1025ZB,1,1,2500.0,2500.0,2500.0,1.0,0.0,0.0
Outpatient,3900YR,19,16,2490.0,131.05,50.0,19.0,0.0,0.0
Outpatient,1026CP,9,8,2490.0,276.67,60.0,9.0,0.0,0.0
Outpatient,1513ND,20,18,2490.0,124.5,55.0,20.0,0.0,0.0
Outpatient,05076A,9,9,2490.0,276.67,40.0,8.0,1.0,0.0
Outpatient,2626TC,13,13,2480.0,190.77,40.0,12.0,1.0,0.0
Outpatient,1339UG,27,16,2480.0,91.85,60.0,27.0,0.0,0.0
Outpatient,24386T,13,6,2480.0,190.77,60.0,13.0,0.0,0.0
Outpatient,4413ZC,14,8,2480.0,177.14,95.0,14.0,0.0,0.0
Outpatient,1501BD,14,14,2480.0,177.14,75.0,13.0,1.0,0.0
Outpatient,3901UT,8,8,2470.0,308.75,85.0,7.0,0.0,1.0
Outpatient,0213JN,8,7,2470.0,308.75,195.0,7.0,1.0,0.0
Outpatient,2625TB,11,11,2470.0,224.55,50.0,11.0,0.0,0.0
Outpatient,3418GH,14,12,2460.0,175.71,55.0,12.0,2.0,0.0
Outpatient,1413GT,11,8,2460.0,223.64,100.0,10.0,1.0,0.0
Outpatient,3913YV,4,4,2460.0,615.0,75.0,4.0,0.0,0.0
Outpatient,4600NQ,8,8,2460.0,307.5,140.0,7.0,0.0,1.0
Outpatient,0725HV,3,3,2450.0,816.67,100.0,3.0,0.0,0.0
Outpatient,10T1MS,9,9,2440.0,271.11,80.0,9.0,0.0,0.0
Outpatient,0586PT,14,11,2440.0,174.29,90.0,13.0,1.0,0.0
Outpatient,5100UD,16,13,2440.0,152.5,65.0,16.0,0.0,0.0
Outpatient,3901RH,17,17,2430.0,142.94,70.0,15.0,1.0,1.0
Outpatient,3302RA,14,13,2430.0,173.57,60.0,11.0,3.0,0.0
Outpatient,3613CJ,9,9,2430.0,270.0,50.0,8.0,1.0,0.0
Outpatient,2813AN,5,4,2430.0,486.0,100.0,5.0,0.0,0.0
Outpatient,28136T,7,7,2430.0,347.14,100.0,6.0,1.0,0.0
Outpatient,3813BG,2,2,2430.0,1215.0,1215.0,2.0,0.0,0.0
Outpatient,0507UA,8,8,2420.0,302.5,95.0,7.0,1.0,0.0
Outpatient,3200GP,9,9,2420.0,268.89,60.0,8.0,1.0,0.0
Outpatient,0506XA,19,17,2420.0,127.37,60.0,18.0,1.0,0.0
Outpatient,5118CP,11,11,2420.0,220.0,70.0,10.0,1.0,0.0
Outpatient,3125DA,27,26,2420.0,89.63,60.0,26.0,1.0,0.0
Outpatient,1213HK,10,9,2420.0,242.0,95.0,10.0,0.0,0.0
Outpatient,1113GS,30,12,2410.0,80.33,60.0,26.0,4.0,0.0
Outpatient,0526TD,5,5,2410.0,482.0,20.0,5.0,0.0,0.0
Outpatient,1025VN,13,11,2410.0,185.38,100.0,13.0,0.0,0.0
Outpatient,1713DP,4,3,2410.0,602.5,185.0,4.0,0.0,0.0
Outpatient,6700NK,10,9,2400.0,240.0,80.0,10.0,0.0,0.0
Outpatient,3713QJ,15,12,2400.0,160.0,60.0,15.0,0.0,0.0
Outpatient,4313AM,10,5,2400.0,240.0,65.0,10.0,0.0,0.0
Outpatient,1701UV,14,6,2400.0,171.43,85.0,14.0,0.0,0.0
Outpatient,3900CH,11,11,2400.0,218.18,60.0,10.0,1.0,0.0
Outpatient,2320RS,11,10,2400.0,218.18,50.0,11.0,0.0,0.0
Outpatient,33258P,4,4,2400.0,600.0,400.0,4.0,0.0,0.0
Outpatient,4513XT,7,6,2390.0,341.43,200.0,7.0,0.0,0.0
Outpatient,3626DA,7,5,2390.0,341.43,50.0,7.0,0.0,0.0
Outpatient,53006N,15,13,2390.0,159.33,70.0,15.0,0.0,0.0
Outpatient,4400RJ,18,17,2390.0,132.78,60.0,18.0,0.0,0.0
Outpatient,1902SH,19,16,2390.0,125.79,30.0,15.0,4.0,0.0
Outpatient,28018H,11,9,2380.0,216.36,200.0,11.0,0.0,0.0
Outpatient,1920KB,16,11,2380.0,148.75,55.0,16.0,0.0,0.0
Outpatient,0585CT,5,5,2370.0,474.0,60.0,5.0,0.0,0.0
Outpatient,3489CK,17,8,2370.0,139.41,50.0,17.0,0.0,0.0
Outpatient,4025MD,4,4,2370.0,592.5,275.0,4.0,0.0,0.0
Outpatient,1402YB,16,16,2370.0,148.13,55.0,16.0,0.0,0.0
Outpatient,1134WS,18,13,2360.0,131.11,65.0,18.0,0.0,0.0
Outpatient,1101XG,25,10,2360.0,94.4,60.0,25.0,0.0,0.0
Outpatient,2313KS,9,8,2360.0,262.22,90.0,9.0,0.0,0.0
Outpatient,1028AQ,17,16,2350.0,138.24,80.0,16.0,1.0,0.0
Outpatient,4505SB,11,11,2350.0,213.64,90.0,11.0,0.0,0.0
Outpatient,2125QQ,10,9,2340.0,234.0,50.0,10.0,0.0,0.0
Outpatient,1613BA,12,9,2340.0,195.0,100.0,11.0,1.0,0.0
Outpatient,0501MJ,16,16,2340.0,146.25,70.0,16.0,0.0,0.0
Outpatient,1713SN,16,10,2340.0,146.25,65.0,14.0,2.0,0.0
Outpatient,4000HM,10,6,2340.0,234.0,90.0,10.0,0.0,0.0
Outpatient,0601XV,25,22,2340.0,93.6,60.0,22.0,2.0,1.0
Outpatient,1900KM,32,17,2340.0,73.13,55.0,32.0,0.0,0.0
Outpatient,1513RJ,16,16,2330.0,145.63,55.0,16.0,0.0,0.0
Outpatient,1601NC,15,13,2330.0,155.33,90.0,15.0,0.0,0.0
Outpatient,0625JN,11,11,2320.0,210.91,200.0,11.0,0.0,0.0
Outpatient,1825UG,3,2,2320.0,773.33,500.0,3.0,0.0,0.0
Outpatient,3838WP,25,10,2320.0,92.8,30.0,23.0,2.0,0.0
Outpatient,0500KG,12,12,2320.0,193.33,55.0,12.0,0.0,0.0
Outpatient,0400GJ,10,9,2320.0,232.0,85.0,9.0,1.0,0.0
Outpatient,2325RQ,15,15,2310.0,154.0,60.0,15.0,0.0,0.0
Outpatient,3425NS,10,10,2310.0,231.0,65.0,9.0,1.0,0.0
Outpatient,5313AM,22,10,2310.0,105.0,85.0,21.0,0.0,1.0
Outpatient,4313KV,4,4,2310.0,577.5,50.0,4.0,0.0,0.0
Outpatient,4225MP,6,5,2310.0,385.0,95.0,6.0,0.0,0.0
Outpatient,2126GQ,1,1,2300.0,2300.0,2300.0,1.0,0.0,0.0
Outpatient,3725NM,2,2,2300.0,1150.0,1150.0,2.0,0.0,0.0
Outpatient,1926TT,12,12,2300.0,191.67,70.0,11.0,1.0,0.0
Outpatient,4226YK,16,14,2280.0,142.5,65.0,15.0,0.0,1.0
Outpatient,3400SG,21,20,2280.0,108.57,80.0,19.0,2.0,0.0
Outpatient,3613RA,7,5,2280.0,325.71,100.0,6.0,1.0,0.0
Outpatient,1613ZM,6,5,2280.0,380.0,130.0,6.0,0.0,0.0
Outpatient,1030WM,7,7,2280.0,325.71,70.0,7.0,0.0,0.0
Outpatient,3418PR,18,15,2270.0,126.11,70.0,18.0,0.0,0.0
Outpatient,25008V,15,14,2270.0,151.33,60.0,15.0,0.0,0.0
Outpatient,05138J,10,10,2260.0,226.0,80.0,10.0,0.0,0.0
Outpatient,4525WJ,5,3,2260.0,452.0,100.0,5.0,0.0,0.0
Outpatient,3700BD,8,7,2260.0,282.5,55.0,8.0,0.0,0.0
Outpatient,2125SC,9,9,2260.0,251.11,20.0,8.0,0.0,1.0
Outpatient,1101MJ,7,5,2260.0,322.86,100.0,7.0,0.0,0.0
Outpatient,4500DV,15,15,2260.0,150.67,100.0,13.0,2.0,0.0
Outpatient,3613JQ,5,5,2260.0,452.0,50.0,5.0,0.0,0.0
Outpatient,2734TT,7,6,2260.0,322.86,200.0,7.0,0.0,0.0
Outpatient,4925KU,12,10,2250.0,187.5,80.0,11.0,1.0,0.0
Outpatient,5013TK,5,5,2250.0,450.0,40.0,5.0,0.0,0.0
Outpatient,1425TS,4,4,2250.0,562.5,220.0,4.0,0.0,0.0
Outpatient,3426MC,10,8,2240.0,224.0,80.0,10.0,0.0,0.0
Outpatient,0825UV,19,15,2240.0,117.89,60.0,17.0,2.0,0.0
Outpatient,4925XM,17,11,2230.0,131.18,70.0,17.0,0.0,0.0
Outpatient,1426ZB,11,6,2230.0,202.73,70.0,9.0,1.0,1.0
Outpatient,3701DM,10,9,2230.0,223.0,55.0,10.0,0.0,0.0
Outpatient,0507BC,13,13,2230.0,171.54,90.0,11.0,2.0,0.0
Outpatient,4527WJ,22,22,2220.0,100.91,75.0,20.0,1.0,1.0
Outpatient,25136T,16,13,2220.0,138.75,55.0,14.0,2.0,0.0
Outpatient,1713YP,9,9,2220.0,246.67,200.0,9.0,0.0,0.0
Outpatient,17018R,16,7,2220.0,138.75,80.0,15.0,1.0,0.0
Outpatient,3225HS,11,10,2220.0,201.82,100.0,11.0,0.0,0.0
Outpatient,0507DP,10,10,2210.0,221.0,100.0,10.0,0.0,0.0
Outpatient,1413DS,9,9,2210.0,245.56,100.0,8.0,1.0,0.0
Outpatient,1200SA,2,2,2200.0,1100.0,1100.0,2.0,0.0,0.0
Outpatient,1027XG,13,8,2200.0,169.23,70.0,12.0,1.0,0.0
Outpatient,4225WK,5,5,2200.0,440.0,60.0,5.0,0.0,0.0
Outpatient,0313JG,11,11,2200.0,200.0,90.0,11.0,0.0,0.0
Outpatient,2401JH,16,15,2200.0,137.5,90.0,14.0,2.0,0.0
Outpatient,2325BH,20,20,2200.0,110.0,60.0,18.0,1.0,1.0
Outpatient,2689HB,18,18,2200.0,122.22,70.0,18.0,0.0,0.0
Outpatient,0502DP,10,10,2190.0,219.0,75.0,10.0,0.0,0.0
Outpatient,5552CQ,19,18,2180.0,114.74,80.0,18.0,1.0,0.0
Outpatient,0325KH,8,8,2180.0,272.5,100.0,8.0,0.0,0.0
Outpatient,2602GQ,23,17,2170.0,94.35,60.0,21.0,2.0,0.0
Outpatient,1926DM,3,3,2170.0,723.33,500.0,3.0,0.0,0.0
Outpatient,1400GJ,21,14,2170.0,103.33,60.0,18.0,3.0,0.0
Outpatient,1400QT,5,4,2170.0,434.0,40.0,5.0,0.0,0.0
Outpatient,4225AR,12,9,2170.0,180.83,100.0,11.0,1.0,0.0
Outpatient,1613YC,19,12,2170.0,114.21,50.0,19.0,0.0,0.0
Outpatient,0505XH,2,2,2170.0,1085.0,1085.0,2.0,0.0,0.0
Outpatient,3601HH,3,3,2160.0,720.0,40.0,3.0,0.0,0.0
Outpatient,3600ZN,9,9,2160.0,240.0,60.0,9.0,0.0,0.0
Outpatient,2425QB,7,7,2160.0,308.57,90.0,7.0,0.0,0.0
Outpatient,0502CN,10,10,2150.0,215.0,85.0,9.0,1.0,0.0
Outpatient,4001PH,13,9,2150.0,165.38,90.0,13.0,0.0,0.0
Outpatient,1003WD,19,18,2140.0,112.63,90.0,18.0,1.0,0.0
Outpatient,1020QV,6,6,2140.0,356.67,200.0,6.0,0.0,0.0
Outpatient,0528DV,9,9,2140.0,237.78,70.0,8.0,1.0,0.0
Outpatient,2626ND,9,5,2130.0,236.67,100.0,8.0,1.0,0.0
Outpatient,3200BS,22,22,2130.0,96.82,65.0,20.0,2.0,0.0
Outpatient,2100HR,10,9,2130.0,213.0,35.0,10.0,0.0,0.0
Outpatient,14006B,13,13,2130.0,163.85,100.0,12.0,1.0,0.0
Outpatient,3701HP,9,7,2130.0,236.67,70.0,8.0,1.0,0.0
Outpatient,1926JB,9,6,2130.0,236.67,60.0,9.0,0.0,0.0
Outpatient,4218VD,3,3,2120.0,706.67,100.0,3.0,0.0,0.0
Outpatient,1825CS,6,5,2120.0,353.33,70.0,6.0,0.0,0.0
Outpatient,0301NM,14,13,2120.0,151.43,95.0,13.0,1.0,0.0
Outpatient,43008S,10,8,2120.0,212.0,90.0,10.0,0.0,0.0
Outpatient,2750SK,16,3,2120.0,132.5,65.0,16.0,0.0,0.0
Outpatient,1401WQ,3,3,2120.0,706.67,100.0,3.0,0.0,0.0
Outpatient,0528KU,12,12,2110.0,175.83,100.0,12.0,0.0,0.0
Outpatient,0325NS,9,9,2110.0,234.44,100.0,9.0,0.0,0.0
Outpatient,0528QT,13,13,2110.0,162.31,90.0,12.0,1.0,0.0
Outpatient,4600DG,5,4,2100.0,420.0,60.0,5.0,0.0,0.0
Outpatient,1902TJ,11,11,2100.0,190.91,60.0,11.0,0.0,0.0
Outpatient,1526TU,1,1,2100.0,2100.0,2100.0,1.0,0.0,0.0
Outpatient,3600SC,4,4,2100.0,525.0,550.0,3.0,1.0,0.0
Outpatient,4502HM,14,13,2100.0,150.0,35.0,13.0,1.0,0.0
Outpatient,2220VJ,16,16,2100.0,131.25,75.0,16.0,0.0,0.0
Outpatient,0925BC,21,21,2100.0,100.0,60.0,20.0,0.0,1.0
Outpatient,1926GU,5,3,2100.0,420.0,60.0,5.0,0.0,0.0
Outpatient,39016T,17,16,2100.0,123.53,60.0,16.0,1.0,0.0
Outpatient,51136J,10,8,2100.0,210.0,85.0,9.0,1.0,0.0
Outpatient,1701ZG,16,12,2100.0,131.25,80.0,16.0,0.0,0.0
Outpatient,4925BC,8,8,2090.0,261.25,55.0,8.0,0.0,0.0
Outpatient,2813BP,12,5,2090.0,174.17,75.0,12.0,0.0,0.0
Outpatient,3600RK,19,19,2090.0,110.0,70.0,19.0,0.0,0.0
Outpatient,02138M,7,6,2090.0,298.57,50.0,7.0,0.0,0.0
Outpatient,3625MP,21,17,2090.0,99.52,60.0,19.0,1.0,1.0
Outpatient,4201AV,12,12,2090.0,174.17,90.0,11.0,1.0,0.0
Outpatient,4586BU,5,2,2080.0,416.0,200.0,5.0,0.0,0.0
Outpatient,1901PS,6,6,2080.0,346.67,400.0,6.0,0.0,0.0
Outpatient,3425HC,6,4,2080.0,346.67,85.0,6.0,0.0,0.0
Outpatient,4400AP,11,9,2070.0,188.18,70.0,11.0,0.0,0.0
Outpatient,5525HJ,22,21,2070.0,94.09,45.0,19.0,1.0,2.0
Outpatient,1913NA,9,5,2060.0,228.89,90.0,9.0,0.0,0.0
Outpatient,1400ZA,16,12,2060.0,128.75,100.0,15.0,0.0,1.0
Outpatient,2602WC,14,13,2060.0,147.14,85.0,14.0,0.0,0.0
Outpatient,1800JP,17,14,2060.0,121.18,60.0,17.0,0.0,0.0
Outpatient,4025CS,10,8,2050.0,205.0,140.0,10.0,0.0,0.0
Outpatient,3600MN,22,21,2050.0,93.18,45.0,20.0,2.0,0.0
Outpatient,3620GH,9,8,2040.0,226.67,100.0,9.0,0.0,0.0
Outpatient,2125RR,6,5,2030.0,338.33,75.0,6.0,0.0,0.0
Outpatient,5539BA,5,3,2030.0,406.0,80.0,4.0,1.0,0.0
Outpatient,2225XR,13,13,2020.0,155.38,90.0,13.0,0.0,0.0
Outpatient,1700WA,12,11,2020.0,168.33,150.0,11.0,1.0,0.0
Outpatient,2613GS,14,10,2020.0,144.29,85.0,14.0,0.0,0.0
Outpatient,4600WS,15,15,2020.0,134.67,90.0,15.0,0.0,0.0
Outpatient,3713VH,4,4,2020.0,505.0,110.0,3.0,1.0,0.0
Outpatient,67006M,3,3,2020.0,673.33,600.0,3.0,0.0,0.0
Outpatient,0501AT,25,24,2020.0,80.8,60.0,22.0,2.0,1.0
Outpatient,3702CT,6,6,2010.0,335.0,85.0,6.0,0.0,0.0
Outpatient,39T1CG,2,2,2010.0,1005.0,1005.0,2.0,0.0,0.0
Outpatient,1925VD,4,4,2010.0,502.5,80.0,4.0,0.0,0.0
Outpatient,5552GS,4,4,2010.0,502.5,190.0,4.0,0.0,0.0
Outpatient,1213DH,14,11,2000.0,142.86,95.0,14.0,0.0,0.0
Outpatient,2713DP,1,1,2000.0,2000.0,2000.0,1.0,0.0,0.0
Outpatient,2413VQ,17,11,2000.0,117.65,40.0,15.0,1.0,1.0
Outpatient,1926GN,1,1,2000.0,2000.0,2000.0,1.0,0.0,0.0
Outpatient,6725KA,16,14,1990.0,124.38,80.0,16.0,0.0,0.0
Outpatient,2518MR,8,6,1990.0,248.75,65.0,8.0,0.0,0.0
Outpatient,46138Q,13,4,1980.0,152.31,60.0,10.0,2.0,1.0
Outpatient,2739JB,14,6,1980.0,141.43,70.0,12.0,1.0,1.0
Outpatient,3725CJ,6,5,1980.0,330.0,40.0,5.0,1.0,0.0
Outpatient,1025DB,6,6,1980.0,330.0,95.0,6.0,0.0,0.0
Outpatient,0613NQ,5,3,1980.0,396.0,80.0,5.0,0.0,0.0
Outpatient,6725DH,16,15,1980.0,123.75,30.0,16.0,0.0,0.0
Outpatient,0100KC,11,10,1980.0,180.0,80.0,10.0,1.0,0.0
Outpatient,4900RM,9,8,1980.0,220.0,60.0,9.0,0.0,0.0
Outpatient,3200MU,7,5,1980.0,282.86,60.0,7.0,0.0,0.0
Outpatient,4527GG,6,6,1970.0,328.33,65.0,5.0,1.0,0.0
Outpatient,0900XD,7,7,1970.0,281.43,60.0,6.0,1.0,0.0
Outpatient,3901CJ,14,12,1970.0,140.71,95.0,12.0,2.0,0.0
Outpatient,4527YC,10,10,1960.0,196.0,50.0,9.0,1.0,0.0
Outpatient,0507QS,8,8,1960.0,245.0,70.0,8.0,0.0,0.0
Outpatient,1927WT,8,7,1960.0,245.0,150.0,8.0,0.0,0.0
Outpatient,2623NN,5,4,1950.0,390.0,200.0,5.0,0.0,0.0
Outpatient,4300RD,8,2,1950.0,243.75,60.0,8.0,0.0,0.0
Outpatient,3325RJ,14,12,1950.0,139.29,85.0,14.0,0.0,0.0
Outpatient,3725DR,11,9,1950.0,177.27,100.0,11.0,0.0,0.0
Outpatient,0325BP,6,6,1930.0,321.67,60.0,5.0,1.0,0.0
Outpatient,3600QR,16,16,1930.0,120.63,60.0,16.0,0.0,0.0
Outpatient,3702AB,16,14,1930.0,120.63,40.0,14.0,2.0,0.0
Outpatient,4500AS,9,9,1920.0,213.33,90.0,9.0,0.0,0.0
Outpatient,4001TN,8,8,1910.0,238.75,65.0,7.0,1.0,0.0
Outpatient,4526XH,10,10,1910.0,191.0,60.0,9.0,1.0,0.0
Outpatient,2425CM,8,8,1910.0,238.75,75.0,8.0,0.0,0.0
Outpatient,49016C,1,1,1900.0,1900.0,1900.0,1.0,0.0,0.0
Outpatient,1925ZR,2,2,1900.0,950.0,950.0,2.0,0.0,0.0
Outpatient,80006D,1,1,1900.0,1900.0,1900.0,1.0,0.0,0.0
Outpatient,5313PC,5,4,1900.0,380.0,20.0,3.0,2.0,0.0
Outpatient,0526JR,2,2,1900.0,950.0,950.0,2.0,0.0,0.0
Outpatient,2525QU,3,2,1890.0,630.0,70.0,3.0,0.0,0.0
Outpatient,05078B,10,10,1880.0,188.0,135.0,10.0,0.0,0.0
Outpatient,3125GC,4,4,1880.0,470.0,350.0,4.0,0.0,0.0
Outpatient,21268C,13,13,1880.0,144.62,90.0,13.0,0.0,0.0
Outpatient,5213RC,14,14,1880.0,134.29,85.0,14.0,0.0,0.0
Outpatient,1026VS,17,17,1880.0,110.59,50.0,16.0,1.0,0.0
Outpatient,2634GK,11,8,1880.0,170.91,50.0,11.0,0.0,0.0
Outpatient,2100TV,9,9,1870.0,207.78,80.0,9.0,0.0,0.0
Outpatient,0520KA,17,17,1870.0,110.0,40.0,16.0,1.0,0.0
Outpatient,1825KK,8,7,1860.0,232.5,95.0,8.0,0.0,0.0
Outpatient,2413CC,7,5,1860.0,265.71,90.0,7.0,0.0,0.0
Outpatient,29006K,9,9,1860.0,206.67,90.0,9.0,0.0,0.0
Outpatient,1938CV,7,7,1850.0,264.29,50.0,7.0,0.0,0.0
Outpatient,2225PG,14,13,1850.0,132.14,45.0,14.0,0.0,0.0
Outpatient,5518XA,7,7,1850.0,264.29,70.0,6.0,0.0,1.0
Outpatient,3400UR,9,6,1840.0,204.44,50.0,9.0,0.0,0.0
Outpatient,1027MJ,3,3,1840.0,613.33,30.0,3.0,0.0,0.0
Outpatient,45086G,12,12,1840.0,153.33,100.0,12.0,0.0,0.0
Outpatient,0502GH,7,7,1840.0,262.86,80.0,7.0,0.0,0.0
Outpatient,3625KN,16,10,1840.0,115.0,75.0,16.0,0.0,0.0
Outpatient,2413TD,12,10,1830.0,152.5,85.0,12.0,0.0,0.0
Outpatient,4513BS,17,8,1830.0,107.65,30.0,16.0,1.0,0.0
Outpatient,22HUBG,10,10,1830.0,183.0,140.0,10.0,0.0,0.0
Outpatient,4513PR,2,2,1830.0,915.0,915.0,2.0,0.0,0.0
Outpatient,2413YC,14,9,1830.0,130.71,90.0,13.0,1.0,0.0
Outpatient,2225WQ,8,8,1830.0,228.75,70.0,8.0,0.0,0.0
Outpatient,4513SD,13,11,1820.0,140.0,80.0,13.0,0.0,0.0
Outpatient,5125JV,14,9,1820.0,130.0,75.0,12.0,2.0,0.0
Outpatient,1713BT,22,2,1820.0,82.73,50.0,22.0,0.0,0.0
Outpatient,2525GB,7,5,1820.0,260.0,80.0,7.0,0.0,0.0
Outpatient,4505YB,10,10,1810.0,181.0,60.0,9.0,1.0,0.0
Outpatient,2325BV,10,9,1810.0,181.0,80.0,10.0,0.0,0.0
Outpatient,34258G,3,3,1800.0,600.0,60.0,3.0,0.0,0.0
Outpatient,0520ZS,11,11,1800.0,163.64,70.0,11.0,0.0,0.0
Outpatient,0100DD,7,4,1800.0,257.14,60.0,6.0,1.0,0.0
Outpatient,4213TB,10,9,1800.0,180.0,45.0,10.0,0.0,0.0
Outpatient,0400BN,13,9,1790.0,137.69,40.0,11.0,2.0,0.0
Outpatient,1613PU,11,8,1790.0,162.73,60.0,11.0,0.0,0.0
Outpatient,1538RG,14,8,1780.0,127.14,65.0,14.0,0.0,0.0
Outpatient,0639MQ,2,2,1780.0,890.0,890.0,2.0,0.0,0.0
Outpatient,4225XD,3,3,1770.0,590.0,60.0,3.0,0.0,0.0
Outpatient,0101RR,13,11,1770.0,136.15,60.0,11.0,2.0,0.0
Outpatient,0507MP,7,7,1770.0,252.86,100.0,7.0,0.0,0.0
Outpatient,3425AG,26,17,1760.0,67.69,50.0,23.0,3.0,0.0
Outpatient,3700KG,21,8,1760.0,83.81,40.0,21.0,0.0,0.0
Outpatient,3125YR,8,8,1760.0,220.0,90.0,8.0,0.0,0.0
Outpatient,24136P,21,12,1760.0,83.81,50.0,19.0,1.0,1.0
Outpatient,34898Q,3,3,1760.0,586.67,200.0,3.0,0.0,0.0
Outpatient,1400TA,9,9,1760.0,195.56,100.0,8.0,1.0,0.0
Outpatient,1425XA,7,7,1750.0,250.0,60.0,7.0,0.0,0.0
Outpatient,3513SS,7,4,1750.0,250.0,200.0,7.0,0.0,0.0
Outpatient,3303UP,7,7,1740.0,248.57,100.0,7.0,0.0,0.0
Outpatient,4938ZR,13,8,1740.0,133.85,70.0,13.0,0.0,0.0
Outpatient,22258V,12,12,1730.0,144.17,60.0,12.0,0.0,0.0
Outpatient,1027CP,14,14,1720.0,122.86,80.0,13.0,1.0,0.0
Outpatient,16138Q,15,11,1720.0,114.67,80.0,14.0,1.0,0.0
Outpatient,0613GH,8,8,1720.0,215.0,90.0,8.0,0.0,0.0
Outpatient,4506MV,4,4,1710.0,427.5,185.0,4.0,0.0,0.0
Outpatient,14268P,14,14,1710.0,122.14,60.0,14.0,0.0,0.0
Outpatient,45266T,7,4,1700.0,242.86,60.0,7.0,0.0,0.0
Outpatient,05T3KM,3,3,1700.0,566.67,400.0,3.0,0.0,0.0
Outpatient,4025CC,12,9,1700.0,141.67,55.0,12.0,0.0,0.0
Outpatient,1313TM,12,8,1700.0,141.67,80.0,10.0,2.0,0.0
Outpatient,0502ZH,17,17,1690.0,99.41,70.0,16.0,1.0,0.0
Outpatient,1025DR,15,13,1680.0,112.0,40.0,15.0,0.0,0.0
Outpatient,2626JA,3,3,1670.0,556.67,200.0,3.0,0.0,0.0
Outpatient,0507YU,3,3,1670.0,556.67,600.0,3.0,0.0,0.0
Outpatient,2500DK,10,9,1670.0,167.0,50.0,10.0,0.0,0.0
Outpatient,2813XH,7,6,1670.0,238.57,80.0,7.0,0.0,0.0
Outpatient,1539HU,3,3,1660.0,553.33,100.0,3.0,0.0,0.0
Outpatient,3925JR,16,16,1660.0,103.75,70.0,16.0,0.0,0.0
Outpatient,4225JT,7,5,1660.0,237.14,200.0,6.0,1.0,0.0
Outpatient,4508CS,9,9,1660.0,184.44,40.0,9.0,0.0,0.0
Outpatient,2525DA,7,6,1650.0,235.71,70.0,7.0,0.0,0.0
Outpatient,4503QV,5,5,1650.0,330.0,300.0,5.0,0.0,0.0
Outpatient,3713HP,11,2,1650.0,150.0,80.0,11.0,0.0,0.0
Outpatient,4313WD,6,6,1640.0,273.33,300.0,6.0,0.0,0.0
Outpatient,16136N,6,5,1640.0,273.33,80.0,6.0,0.0,0.0
Outpatient,1200QU,6,6,1640.0,273.33,230.0,6.0,0.0,0.0
Outpatient,0525XP,9,9,1640.0,182.22,90.0,9.0,0.0,0.0
Outpatient,3625AR,12,10,1640.0,136.67,60.0,11.0,1.0,0.0
Outpatient,5113RT,6,6,1640.0,273.33,200.0,5.0,1.0,0.0
Outpatient,34256D,10,10,1630.0,163.0,55.0,9.0,1.0,0.0
Outpatient,3918XB,11,11,1630.0,148.18,60.0,11.0,0.0,0.0
Outpatient,3626VN,3,3,1620.0,540.0,800.0,3.0,0.0,0.0
Outpatient,4600HJ,12,10,1620.0,135.0,95.0,12.0,0.0,0.0
Outpatient,1401TT,5,5,1620.0,324.0,200.0,5.0,0.0,0.0
Outpatient,3903XA,11,11,1610.0,146.36,90.0,11.0,0.0,0.0
Outpatient,0507VR,18,15,1610.0,89.44,60.0,17.0,1.0,0.0
Outpatient,0400BD,14,10,1610.0,115.0,65.0,14.0,0.0,0.0
Outpatient,0503PQ,14,14,1610.0,115.0,25.0,13.0,1.0,0.0
Outpatient,5313RG,21,3,1610.0,76.67,70.0,19.0,2.0,0.0
Outpatient,1635GS,4,4,1600.0,400.0,340.0,4.0,0.0,0.0
Outpatient,0513BB,4,4,1600.0,400.0,80.0,4.0,0.0,0.0
Outpatient,2125WQ,12,11,1600.0,133.33,60.0,11.0,1.0,0.0
Outpatient,0400UB,5,5,1600.0,320.0,300.0,5.0,0.0,0.0
Outpatient,6738PN,2,2,1600.0,800.0,800.0,2.0,0.0,0.0
Outpatient,0513XC,11,10,1600.0,145.45,40.0,11.0,0.0,0.0
Outpatient,0213CG,16,14,1590.0,99.38,60.0,14.0,2.0,0.0
Outpatient,14856S,11,9,1590.0,144.55,70.0,10.0,1.0,0.0
Outpatient,3513RJ,10,5,1590.0,159.0,45.0,9.0,1.0,0.0
Outpatient,0504BP,11,11,1590.0,144.55,60.0,11.0,0.0,0.0
Outpatient,1913SG,8,8,1580.0,197.5,145.0,8.0,0.0,0.0
Outpatient,40008N,14,13,1580.0,112.86,90.0,13.0,1.0,0.0
Outpatient,1401PP,5,5,1570.0,314.0,100.0,5.0,0.0,0.0
Outpatient,3025JD,11,11,1570.0,142.73,90.0,11.0,0.0,0.0
Outpatient,5118QT,8,7,1560.0,195.0,85.0,8.0,0.0,0.0
Outpatient,4000KH,7,6,1560.0,222.86,40.0,6.0,1.0,0.0
Outpatient,4925TV,12,7,1550.0,129.17,100.0,12.0,0.0,0.0
Outpatient,1026AC,3,3,1550.0,516.67,40.0,3.0,0.0,0.0
Outpatient,1002XJ,9,9,1550.0,172.22,90.0,9.0,0.0,0.0
Outpatient,0126WD,9,6,1540.0,171.11,100.0,9.0,0.0,0.0
Outpatient,3933TT,25,25,1540.0,61.6,30.0,25.0,0.0,0.0
Outpatient,0505PT,10,10,1540.0,154.0,50.0,10.0,0.0,0.0
Outpatient,4528DT,11,10,1530.0,139.09,60.0,11.0,0.0,0.0
Outpatient,1525WH,4,4,1530.0,382.5,400.0,4.0,0.0,0.0
Outpatient,0528DP,10,10,1530.0,153.0,65.0,9.0,1.0,0.0
Outpatient,0528SU,15,15,1520.0,101.33,70.0,15.0,0.0,0.0
Outpatient,1713ZH,11,9,1520.0,138.18,60.0,11.0,0.0,0.0
Outpatient,3723NN,13,11,1520.0,116.92,80.0,12.0,1.0,0.0
Outpatient,3513VV,14,3,1520.0,108.57,75.0,13.0,1.0,0.0
Outpatient,1402DS,13,13,1510.0,116.15,60.0,12.0,1.0,0.0
Outpatient,21JRZA,16,15,1510.0,94.38,60.0,16.0,0.0,0.0
Outpatient,1525QV,10,10,1510.0,151.0,75.0,8.0,2.0,0.0
Outpatient,2413SS,10,6,1510.0,151.0,85.0,10.0,0.0,0.0
Outpatient,3625VR,7,7,1500.0,214.29,200.0,6.0,1.0,0.0
Outpatient,3426RJ,8,4,1490.0,186.25,200.0,8.0,0.0,0.0
Outpatient,1410GH,8,2,1490.0,186.25,70.0,8.0,0.0,0.0
Outpatient,1025GC,11,9,1490.0,135.45,40.0,10.0,1.0,0.0
Outpatient,1101QD,9,6,1480.0,164.44,50.0,9.0,0.0,0.0
Outpatient,1613KB,12,8,1480.0,123.33,55.0,12.0,0.0,0.0
Outpatient,3425SQ,13,13,1480.0,113.85,50.0,12.0,1.0,0.0
Outpatient,1925AN,7,6,1480.0,211.43,50.0,7.0,0.0,0.0
Outpatient,3601WR,17,16,1470.0,86.47,50.0,16.0,0.0,1.0
Outpatient,1713WS,7,6,1470.0,210.0,90.0,7.0,0.0,0.0
Outpatient,0503RS,11,11,1470.0,133.64,40.0,11.0,0.0,0.0
Outpatient,1526AJ,16,8,1470.0,91.88,50.0,15.0,1.0,0.0
Outpatient,2801QQ,14,12,1470.0,105.0,70.0,13.0,1.0,0.0
Outpatient,0400KV,9,7,1460.0,162.22,50.0,9.0,0.0,0.0
Outpatient,3125US,12,11,1460.0,121.67,35.0,11.0,1.0,0.0
Outpatient,1813HM,15,9,1450.0,96.67,60.0,15.0,0.0,0.0
Outpatient,3920MA,7,7,1450.0,207.14,60.0,7.0,0.0,0.0
Outpatient,1501KP,10,9,1450.0,145.0,70.0,10.0,0.0,0.0
Outpatient,0513NP,7,7,1440.0,205.71,70.0,7.0,0.0,0.0
Outpatient,3903MS,8,8,1440.0,180.0,80.0,8.0,0.0,0.0
Outpatient,2013PR,13,12,1440.0,110.77,60.0,12.0,1.0,0.0
Outpatient,0505RV,5,5,1440.0,288.0,90.0,4.0,1.0,0.0
Outpatient,6726MK,8,6,1430.0,178.75,35.0,8.0,0.0,0.0
Outpatient,1713NJ,13,4,1430.0,110.0,90.0,13.0,0.0,0.0
Outpatient,1438CG,14,7,1430.0,102.14,30.0,13.0,1.0,0.0
Outpatient,48ABSX,5,5,1430.0,286.0,100.0,5.0,0.0,0.0
Outpatient,0613KN,6,6,1430.0,238.33,90.0,6.0,0.0,0.0
Outpatient,3630PA,7,7,1420.0,202.86,60.0,7.0,0.0,0.0
Outpatient,5013PN,10,9,1420.0,142.0,50.0,9.0,1.0,0.0
Outpatient,1613HG,10,9,1410.0,141.0,40.0,9.0,1.0,0.0
Outpatient,22256N,16,15,1410.0,88.13,45.0,16.0,0.0,0.0
Outpatient,3601CS,11,11,1400.0,127.27,80.0,10.0,1.0,0.0
Outpatient,0101XB,2,2,1400.0,700.0,700.0,2.0,0.0,0.0
Outpatient,3613AG,2,2,1400.0,700.0,700.0,2.0,0.0,0.0
Outpatient,2813SJ,4,4,1400.0,350.0,55.0,3.0,0.0,1.0
Outpatient,0326BB,6,6,1390.0,231.67,65.0,6.0,0.0,0.0
Outpatient,3600RS,4,4,1390.0,347.5,100.0,4.0,0.0,0.0
Outpatient,1701QR,10,8,1390.0,139.0,90.0,10.0,0.0,0.0
Outpatient,43138T,21,6,1390.0,66.19,60.0,21.0,0.0,0.0
Outpatient,14008T,12,12,1390.0,115.83,80.0,12.0,0.0,0.0
Outpatient,0500NJ,6,6,1380.0,230.0,70.0,6.0,0.0,0.0
Outpatient,1913VK,3,3,1380.0,460.0,100.0,3.0,0.0,0.0
Outpatient,5213AB,10,10,1370.0,137.0,55.0,9.0,1.0,0.0
Outpatient,2225ZC,10,10,1370.0,137.0,50.0,8.0,2.0,0.0
Outpatient,0101RJ,9,9,1370.0,152.22,60.0,9.0,0.0,0.0
Outpatient,0506NM,8,8,1370.0,171.25,150.0,8.0,0.0,0.0
Outpatient,3725AG,6,5,1360.0,226.67,80.0,6.0,0.0,0.0
Outpatient,4401YM,22,22,1360.0,61.82,40.0,21.0,1.0,0.0
Outpatient,2813JH,8,2,1360.0,170.0,55.0,7.0,1.0,0.0
Outpatient,0613ZV,17,5,1360.0,80.0,50.0,14.0,3.0,0.0
Outpatient,3600HP,19,18,1360.0,71.58,50.0,18.0,1.0,0.0
Outpatient,1027SV,10,10,1350.0,135.0,80.0,10.0,0.0,0.0
Outpatient,5223YT,11,10,1350.0,122.73,60.0,11.0,0.0,0.0
Outpatient,3813WG,13,3,1350.0,103.85,70.0,12.0,1.0,0.0
Outpatient,3713WJ,7,6,1340.0,191.43,30.0,6.0,1.0,0.0
Outpatient,14138P,8,7,1340.0,167.5,85.0,7.0,1.0,0.0
Outpatient,3013NS,9,8,1340.0,148.89,70.0,7.0,2.0,0.0
Outpatient,19256M,6,6,1340.0,223.33,95.0,6.0,0.0,0.0
Outpatient,4213UC,6,6,1340.0,223.33,45.0,6.0,0.0,0.0
Outpatient,2326AJ,8,8,1340.0,167.5,95.0,8.0,0.0,0.0
Outpatient,4506ZH,6,6,1330.0,221.67,75.0,6.0,0.0,0.0
Outpatient,44008H,19,17,1330.0,70.0,60.0,19.0,0.0,0.0
Outpatient,0325AD,18,18,1320.0,73.33,50.0,16.0,2.0,0.0
Outpatient,4513HJ,6,5,1320.0,220.0,150.0,6.0,0.0,0.0
Outpatient,1000WJ,13,12,1320.0,101.54,90.0,12.0,1.0,0.0
Outpatient,1713CN,10,5,1310.0,131.0,65.0,10.0,0.0,0.0
Outpatient,0213HK,9,5,1310.0,145.56,30.0,8.0,1.0,0.0
Outpatient,1500CT,6,6,1310.0,218.33,65.0,6.0,0.0,0.0
Outpatient,3626SQ,2,2,1300.0,650.0,650.0,2.0,0.0,0.0
Outpatient,1026RN,6,5,1300.0,216.67,75.0,6.0,0.0,0.0
Outpatient,3513UN,13,7,1300.0,100.0,60.0,12.0,1.0,0.0
Outpatient,1926QA,1,1,1300.0,1300.0,1300.0,1.0,0.0,0.0
Outpatient,0213BD,1,1,1300.0,1300.0,1300.0,1.0,0.0,0.0
Outpatient,01CJUS,10,5,1300.0,130.0,35.0,10.0,0.0,0.0
Outpatient,3200BK,9,9,1290.0,143.33,90.0,9.0,0.0,0.0
Outpatient,4218UT,6,6,1290.0,215.0,75.0,6.0,0.0,0.0
Outpatient,3425AD,6,6,1290.0,215.0,135.0,6.0,0.0,0.0
Outpatient,2585YN,5,5,1290.0,258.0,200.0,5.0,0.0,0.0
Outpatient,5113DP,5,5,1290.0,258.0,100.0,4.0,1.0,0.0
Outpatient,12KDJU,5,5,1280.0,256.0,200.0,5.0,0.0,0.0
Outpatient,4525GU,8,7,1280.0,160.0,100.0,8.0,0.0,0.0
Outpatient,1425ZS,8,8,1280.0,160.0,90.0,7.0,1.0,0.0
Outpatient,0507CD,11,11,1270.0,115.45,50.0,10.0,1.0,0.0
Outpatient,1700DM,6,6,1270.0,211.67,85.0,6.0,0.0,0.0
Outpatient,4586CV,13,9,1270.0,97.69,80.0,12.0,1.0,0.0
Outpatient,2689UJ,9,9,1270.0,141.11,90.0,8.0,1.0,0.0
Outpatient,1635UC,7,6,1270.0,181.43,70.0,7.0,0.0,0.0
Outpatient,2813MR,5,5,1270.0,254.0,100.0,5.0,0.0,0.0
Outpatient,05S0PQ,4,4,1270.0,317.5,250.0,4.0,0.0,0.0
Outpatient,4508TD,9,7,1260.0,140.0,80.0,9.0,0.0,0.0
Outpatient,4505HN,8,2,1260.0,157.5,65.0,8.0,0.0,0.0
Outpatient,2325HN,3,3,1260.0,420.0,400.0,3.0,0.0,0.0
Outpatient,3900VU,9,9,1260.0,140.0,100.0,9.0,0.0,0.0
Outpatient,17138C,14,13,1260.0,90.0,45.0,13.0,1.0,0.0
Outpatient,1713MH,8,6,1260.0,157.5,85.0,8.0,0.0,0.0
Outpatient,19138S,9,7,1260.0,140.0,40.0,9.0,0.0,0.0
Outpatient,3420RQ,11,11,1260.0,114.55,60.0,10.0,1.0,0.0
Outpatient,1901MQ,6,6,1260.0,210.0,90.0,6.0,0.0,0.0
Outpatient,0625XG,14,11,1250.0,89.29,70.0,14.0,0.0,0.0
Outpatient,0506CJ,9,9,1250.0,138.89,100.0,9.0,0.0,0.0
Outpatient,0413DA,8,7,1250.0,156.25,75.0,8.0,0.0,0.0
Outpatient,2913BV,3,3,1250.0,416.67,300.0,3.0,0.0,0.0
Outpatient,3600MT,12,10,1250.0,104.17,70.0,12.0,0.0,0.0
Outpatient,1613MC,15,11,1250.0,83.33,60.0,15.0,0.0,0.0
Outpatient,4513SN,8,7,1250.0,156.25,90.0,7.0,0.0,1.0
Outpatient,2634DJ,5,5,1240.0,248.0,80.0,5.0,0.0,0.0
Outpatient,4500SP,11,8,1240.0,112.73,40.0,11.0,0.0,0.0
Outpatient,5526NR,7,7,1240.0,177.14,200.0,7.0,0.0,0.0
Outpatient,4918VJ,13,10,1240.0,95.38,40.0,13.0,0.0,0.0
Outpatient,1435QH,6,6,1230.0,205.0,100.0,6.0,0.0,0.0
Outpatient,4501YR,7,7,1230.0,175.71,60.0,7.0,0.0,0.0
Outpatient,2323VT,6,6,1230.0,205.0,35.0,5.0,1.0,0.0
Outpatient,1900UV,5,5,1220.0,244.0,60.0,5.0,0.0,0.0
Outpatient,3318YN,5,5,1210.0,242.0,80.0,5.0,0.0,0.0
Outpatient,2323BG,8,8,1210.0,151.25,145.0,8.0,0.0,0.0
Outpatient,2225ZM,6,6,1200.0,200.0,70.0,6.0,0.0,0.0
Outpatient,4439YA,2,2,1200.0,600.0,600.0,2.0,0.0,0.0
Outpatient,1638AH,8,3,1200.0,150.0,70.0,8.0,0.0,0.0
Outpatient,2413ZU,7,5,1200.0,171.43,30.0,7.0,0.0,0.0
Outpatient,0507XT,6,5,1200.0,200.0,150.0,5.0,1.0,0.0
Outpatient,3302UU,11,11,1190.0,108.18,80.0,10.0,1.0,0.0
Outpatient,1413JQ,11,11,1190.0,108.18,60.0,11.0,0.0,0.0
Outpatient,3025NJ,7,7,1180.0,168.57,40.0,6.0,1.0,0.0
Outpatient,1525KA,4,4,1180.0,295.0,70.0,4.0,0.0,0.0
Outpatient,1926VV,2,2,1180.0,590.0,590.0,2.0,0.0,0.0
Outpatient,1100MC,10,9,1180.0,118.0,75.0,10.0,0.0,0.0
Outpatient,4025GG,14,10,1180.0,84.29,65.0,14.0,0.0,0.0
Outpatient,4504NR,9,9,1180.0,131.11,50.0,8.0,1.0,0.0
Outpatient,3303YT,13,13,1180.0,90.77,60.0,12.0,1.0,0.0
Outpatient,2400ZV,7,7,1170.0,167.14,100.0,7.0,0.0,0.0
Outpatient,0513KM,10,10,1170.0,117.0,55.0,10.0,0.0,0.0
Outpatient,0501JG,5,5,1170.0,234.0,100.0,5.0,0.0,0.0
Outpatient,1028CC,2,2,1170.0,585.0,585.0,2.0,0.0,0.0
Outpatient,26256M,12,12,1170.0,97.5,70.0,12.0,0.0,0.0
Outpatient,3713SM,8,8,1160.0,145.0,70.0,8.0,0.0,0.0
Outpatient,3225QD,4,4,1160.0,290.0,100.0,4.0,0.0,0.0
Outpatient,2225AV,11,11,1160.0,105.45,60.0,11.0,0.0,0.0
Outpatient,4025UP,12,8,1160.0,96.67,90.0,11.0,0.0,1.0
Outpatient,4504MQ,15,15,1160.0,77.33,50.0,15.0,0.0,0.0
Outpatient,3903NT,7,7,1160.0,165.71,50.0,7.0,0.0,0.0
Outpatient,2689DH,10,9,1150.0,115.0,55.0,9.0,1.0,0.0
Outpatient,1400VC,10,10,1150.0,115.0,50.0,9.0,1.0,0.0
Outpatient,3013HM,8,8,1140.0,142.5,30.0,7.0,1.0,0.0
Outpatient,1500DN,9,9,1140.0,126.67,50.0,9.0,0.0,0.0
Outpatient,1900PQ,21,5,1130.0,53.81,30.0,19.0,1.0,1.0
Outpatient,3101HJ,11,11,1130.0,102.73,60.0,10.0,1.0,0.0
Outpatient,4226SB,2,2,1130.0,565.0,565.0,2.0,0.0,0.0
Outpatient,3600VH,18,16,1130.0,62.78,35.0,15.0,3.0,0.0
Outpatient,1400XP,8,8,1120.0,140.0,55.0,6.0,2.0,0.0
Outpatient,1413KJ,10,8,1120.0,112.0,60.0,10.0,0.0,0.0
Outpatient,16138V,8,7,1120.0,140.0,65.0,8.0,0.0,0.0
Outpatient,2325QH,7,7,1120.0,160.0,100.0,6.0,1.0,0.0
Outpatient,4508KC,7,7,1120.0,160.0,50.0,7.0,0.0,0.0
Outpatient,19MDAN,5,5,1110.0,222.0,300.0,5.0,0.0,0.0
Outpatient,3901NM,3,3,1110.0,370.0,500.0,3.0,0.0,0.0
Outpatient,5213JC,8,7,1110.0,138.75,100.0,7.0,1.0,0.0
Outpatient,4526WP,9,8,1110.0,123.33,90.0,9.0,0.0,0.0
Outpatient,1525XH,3,3,1100.0,366.67,60.0,3.0,0.0,0.0
Outpatient,21266B,1,1,1100.0,1100.0,1100.0,1.0,0.0,0.0
Outpatient,3613NT,2,2,1100.0,550.0,550.0,2.0,0.0,0.0
Outpatient,3925SM,2,2,1100.0,550.0,550.0,2.0,0.0,0.0
Outpatient,4502GK,2,2,1100.0,550.0,550.0,2.0,0.0,0.0
Outpatient,4520RH,1,1,1100.0,1100.0,1100.0,1.0,0.0,0.0
Outpatient,45276P,6,6,1100.0,183.33,200.0,6.0,0.0,0.0
Outpatient,4513GH,2,2,1100.0,550.0,550.0,2.0,0.0,0.0
Outpatient,3101JM,11,11,1090.0,99.09,80.0,11.0,0.0,0.0
Outpatient,46136G,6,1,1090.0,181.67,70.0,5.0,1.0,0.0
Outpatient,1925VT,9,6,1090.0,121.11,80.0,8.0,1.0,0.0
Outpatient,0503GP,4,4,1080.0,270.0,35.0,4.0,0.0,0.0
Outpatient,1513MC,9,9,1070.0,118.89,50.0,8.0,1.0,0.0
Outpatient,1339ZN,3,2,1070.0,356.67,400.0,3.0,0.0,0.0
Outpatient,2439BH,16,12,1070.0,66.88,55.0,15.0,1.0,0.0
Outpatient,2400NQ,7,6,1070.0,152.86,70.0,7.0,0.0,0.0
Outpatient,1001CU,8,8,1070.0,133.75,145.0,7.0,1.0,0.0
Outpatient,52VXAT,4,3,1070.0,267.5,30.0,4.0,0.0,0.0
Outpatient,5039YQ,6,5,1060.0,176.67,70.0,6.0,0.0,0.0
Outpatient,1818AQ,12,8,1060.0,88.33,45.0,11.0,1.0,0.0
Outpatient,3225YQ,7,6,1060.0,151.43,40.0,6.0,1.0,0.0
Outpatient,1613VP,9,4,1060.0,117.78,70.0,9.0,0.0,0.0
Outpatient,6700BU,6,6,1050.0,175.0,55.0,6.0,0.0,0.0
Outpatient,0525CG,11,11,1050.0,95.45,60.0,11.0,0.0,0.0
Outpatient,3025PK,8,7,1050.0,131.25,75.0,8.0,0.0,0.0
Outpatient,0507MG,5,5,1050.0,210.0,80.0,5.0,0.0,0.0
Outpatient,2225MK,13,13,1050.0,80.77,40.0,13.0,0.0,0.0
Outpatient,4225GH,9,5,1040.0,115.56,80.0,8.0,1.0,0.0
Outpatient,3439AG,14,7,1040.0,74.29,55.0,12.0,2.0,0.0
Outpatient,4504YH,5,5,1040.0,208.0,90.0,5.0,0.0,0.0
Outpatient,2585XM,4,3,1040.0,260.0,250.0,4.0,0.0,0.0
Outpatient,1501QM,11,11,1030.0,93.64,50.0,9.0,2.0,0.0
Outpatient,2413AH,7,6,1030.0,147.14,60.0,7.0,0.0,0.0
Outpatient,2900GR,3,3,1030.0,343.33,20.0,3.0,0.0,0.0
Outpatient,1439PN,2,2,1030.0,515.0,515.0,2.0,0.0,0.0
Outpatient,2366NQ,3,3,1020.0,340.0,90.0,3.0,0.0,0.0
Outpatient,1120NP,7,7,1020.0,145.71,70.0,7.0,0.0,0.0
Outpatient,1900JK,6,6,1020.0,170.0,70.0,6.0,0.0,0.0
Outpatient,1100VU,11,8,1020.0,92.73,40.0,11.0,0.0,0.0
Outpatient,4926SC,13,7,1010.0,77.69,50.0,12.0,0.0,1.0
Outpatient,4918QK,14,8,1010.0,72.14,60.0,14.0,0.0,0.0
Outpatient,5013RQ,5,5,1010.0,202.0,100.0,5.0,0.0,0.0
Outpatient,5300TC,10,10,1010.0,101.0,85.0,10.0,0.0,0.0
Outpatient,0630GB,14,14,1010.0,72.14,55.0,14.0,0.0,0.0
Outpatient,0613JM,5,4,1010.0,202.0,60.0,5.0,0.0,0.0
Outpatient,4001WR,8,5,1010.0,126.25,50.0,6.0,2.0,0.0
Outpatient,33S1RA,1,1,1000.0,1000.0,1000.0,1.0,0.0,0.0
Outpatient,24136V,3,3,1000.0,333.33,400.0,3.0,0.0,0.0
Outpatient,4513HQ,14,11,1000.0,71.43,40.0,13.0,1.0,0.0
Outpatient,3419SB,1,1,1000.0,1000.0,1000.0,1.0,0.0,0.0
Outpatient,3926BB,5,5,1000.0,200.0,100.0,5.0,0.0,0.0
Outpatient,6700DA,6,6,1000.0,166.67,80.0,6.0,0.0,0.0
Outpatient,1025CQ,4,4,1000.0,250.0,140.0,4.0,0.0,0.0
Outpatient,4313PS,6,4,1000.0,166.67,150.0,6.0,0.0,0.0
Outpatient,2225CR,9,9,990.0,110.0,40.0,9.0,0.0,0.0
Outpatient,1801MU,7,5,990.0,141.43,40.0,5.0,0.0,2.0
Outpatient,2500ND,12,10,990.0,82.5,40.0,10.0,2.0,0.0
Outpatient,2326QS,10,10,980.0,98.0,55.0,10.0,0.0,0.0
Outpatient,1401PG,15,14,980.0,65.33,50.0,15.0,0.0,0.0
Outpatient,1025QP,10,10,980.0,98.0,45.0,10.0,0.0,0.0
Outpatient,1402PU,14,14,970.0,69.29,55.0,13.0,1.0,0.0
Outpatient,0507JC,11,11,970.0,88.18,50.0,10.0,1.0,0.0
Outpatient,6700QU,7,7,960.0,137.14,60.0,7.0,0.0,0.0
Outpatient,0601US,10,9,960.0,96.0,50.0,9.0,1.0,0.0
Outpatient,36136D,9,7,960.0,106.67,60.0,9.0,0.0,0.0
Outpatient,1925HT,10,8,960.0,96.0,40.0,10.0,0.0,0.0
Outpatient,4025GU,7,3,960.0,137.14,60.0,5.0,2.0,0.0
Outpatient,1913TH,4,4,950.0,237.5,65.0,4.0,0.0,0.0
Outpatient,2613SA,5,4,950.0,190.0,70.0,5.0,0.0,0.0
Outpatient,2225QP,5,5,940.0,188.0,200.0,5.0,0.0,0.0
Outpatient,4526HT,8,8,940.0,117.5,50.0,7.0,1.0,0.0
Outpatient,4023WH,6,4,940.0,156.67,85.0,6.0,0.0,0.0
Outpatient,2813HM,13,6,940.0,72.31,70.0,13.0,0.0,0.0
Outpatient,15138H,5,5,930.0,186.0,90.0,5.0,0.0,0.0
Outpatient,1513VP,9,9,930.0,103.33,20.0,8.0,1.0,0.0
Outpatient,42188U,7,6,930.0,132.86,40.0,7.0,0.0,0.0
Outpatient,0533XC,5,5,920.0,184.0,100.0,5.0,0.0,0.0
Outpatient,4507AS,10,10,920.0,92.0,45.0,9.0,1.0,0.0
Outpatient,1101KV,11,10,920.0,83.64,50.0,11.0,0.0,0.0
Outpatient,4025BR,11,5,910.0,82.73,40.0,9.0,1.0,1.0
Outpatient,33T2BA,3,3,910.0,303.33,10.0,2.0,1.0,0.0
Outpatient,2513ZK,10,8,910.0,91.0,50.0,9.0,1.0,0.0
Outpatient,2813WG,4,3,910.0,227.5,80.0,4.0,0.0,0.0
Outpatient,0100CS,10,8,910.0,91.0,70.0,10.0,0.0,0.0
Outpatient,3313RD,11,10,910.0,82.73,70.0,11.0,0.0,0.0
Outpatient,1918WG,3,3,900.0,300.0,300.0,3.0,0.0,0.0
Outpatient,4926ZN,1,1,900.0,900.0,900.0,1.0,0.0,0.0
Outpatient,0511HT,3,3,900.0,300.0,400.0,2.0,1.0,0.0
Outpatient,4525ZN,5,3,900.0,180.0,100.0,5.0,0.0,0.0
Outpatient,3302MM,8,8,900.0,112.5,90.0,8.0,0.0,0.0
Outpatient,0503CT,13,12,900.0,69.23,30.0,12.0,1.0,0.0
Outpatient,3700XG,3,3,900.0,300.0,200.0,3.0,0.0,0.0
Outpatient,4502MR,14,8,900.0,64.29,50.0,11.0,3.0,0.0
Outpatient,32256S,9,8,890.0,98.89,50.0,8.0,1.0,0.0
Outpatient,0613HJ,3,1,890.0,296.67,100.0,3.0,0.0,0.0
Outpatient,4513DU,3,3,890.0,296.67,60.0,3.0,0.0,0.0
Outpatient,39206S,10,8,880.0,88.0,80.0,9.0,1.0,0.0
Outpatient,0326CM,8,8,880.0,110.0,90.0,7.0,1.0,0.0
Outpatient,4504GJ,3,3,880.0,293.33,400.0,3.0,0.0,0.0
Outpatient,40258J,5,4,880.0,176.0,200.0,5.0,0.0,0.0
Outpatient,04258N,4,3,880.0,220.0,200.0,4.0,0.0,0.0
Outpatient,1300UA,14,11,880.0,62.86,60.0,14.0,0.0,0.0
Outpatient,1926HV,10,4,880.0,88.0,55.0,10.0,0.0,0.0
Outpatient,6700AT,8,6,880.0,110.0,65.0,8.0,0.0,0.0
Outpatient,2400CD,9,9,870.0,96.67,60.0,7.0,2.0,0.0
Outpatient,23006P,4,4,870.0,217.5,25.0,4.0,0.0,0.0
Outpatient,4413HN,7,6,870.0,124.29,90.0,7.0,0.0,0.0
Outpatient,33S16D,4,4,870.0,217.5,200.0,4.0,0.0,0.0
Outpatient,1400BN,6,6,870.0,145.0,135.0,6.0,0.0,0.0
Outpatient,3885AS,4,3,870.0,217.5,145.0,4.0,0.0,0.0
Outpatient,1613PG,9,6,860.0,95.56,60.0,9.0,0.0,0.0
Outpatient,1713QK,4,4,860.0,215.0,65.0,4.0,0.0,0.0
Outpatient,3326CT,8,7,850.0,106.25,50.0,8.0,0.0,0.0
Outpatient,0501BU,12,11,850.0,70.83,45.0,11.0,1.0,0.0
Outpatient,2325DB,11,11,850.0,77.27,80.0,11.0,0.0,0.0
Outpatient,2813AU,13,3,840.0,64.62,70.0,13.0,0.0,0.0
Outpatient,3902AH,7,7,840.0,120.0,70.0,6.0,1.0,0.0
Outpatient,3626PM,2,2,840.0,420.0,420.0,2.0,0.0,0.0
Outpatient,3903HN,7,6,840.0,120.0,90.0,7.0,0.0,0.0
Outpatient,1913CN,7,5,840.0,120.0,20.0,7.0,0.0,0.0
Outpatient,2601PQ,7,7,840.0,120.0,80.0,7.0,0.0,0.0
Outpatient,0513YT,5,5,840.0,168.0,100.0,5.0,0.0,0.0
Outpatient,5213CD,6,6,840.0,140.0,65.0,6.0,0.0,0.0
Outpatient,3901GM,6,6,830.0,138.33,80.0,6.0,0.0,0.0
Outpatient,0520UM,2,2,830.0,415.0,415.0,2.0,0.0,0.0
Outpatient,1713AR,9,9,830.0,92.22,80.0,9.0,0.0,0.0
Outpatient,1701HQ,6,6,830.0,138.33,90.0,6.0,0.0,0.0
Outpatient,1613DS,6,4,830.0,138.33,70.0,6.0,0.0,0.0
Outpatient,4402KJ,6,6,830.0,138.33,80.0,6.0,0.0,0.0
Outpatient,3225VM,7,4,820.0,117.14,30.0,6.0,0.0,1.0
Outpatient,0413CV,4,4,820.0,205.0,55.0,4.0,0.0,0.0
Outpatient,31S0TV,5,5,820.0,164.0,100.0,5.0,0.0,0.0
Outpatient,36258J,2,2,820.0,410.0,410.0,2.0,0.0,0.0
Outpatient,2300WJ,4,4,820.0,205.0,195.0,4.0,0.0,0.0
Outpatient,6725TA,6,4,820.0,136.67,40.0,6.0,0.0,0.0
Outpatient,2713WC,5,3,810.0,162.0,90.0,5.0,0.0,0.0
Outpatient,5039GB,4,4,810.0,202.5,150.0,4.0,0.0,0.0
Outpatient,24006A,9,9,810.0,90.0,50.0,9.0,0.0,0.0
Outpatient,0507VB,2,2,810.0,405.0,405.0,2.0,0.0,0.0
Outpatient,1925WU,1,1,800.0,800.0,800.0,1.0,0.0,0.0
Outpatient,0528ZJ,9,9,800.0,88.89,60.0,9.0,0.0,0.0
Outpatient,0325ZB,4,4,800.0,200.0,200.0,4.0,0.0,0.0
Outpatient,5239QB,7,6,800.0,114.29,40.0,7.0,0.0,0.0
Outpatient,1713JC,10,3,800.0,80.0,55.0,10.0,0.0,0.0
Outpatient,5213DN,2,2,800.0,400.0,400.0,2.0,0.0,0.0
Outpatient,1925YJ,8,4,800.0,100.0,65.0,7.0,1.0,0.0
Outpatient,2325KB,4,4,800.0,200.0,145.0,4.0,0.0,0.0
Outpatient,0326UV,9,9,800.0,88.89,60.0,8.0,1.0,0.0
Outpatient,3025KG,7,7,800.0,114.29,60.0,7.0,0.0,0.0
Outpatient,3813JP,5,5,800.0,160.0,100.0,5.0,0.0,0.0
Outpatient,33S18P,1,1,800.0,800.0,800.0,1.0,0.0,0.0
Outpatient,0301JH,13,13,800.0,61.54,50.0,12.0,1.0,0.0
Outpatient,2713GA,16,15,790.0,49.38,45.0,14.0,2.0,0.0
Outpatient,1818BJ,8,7,790.0,98.75,60.0,8.0,0.0,0.0
Outpatient,2600YK,6,5,790.0,131.67,70.0,6.0,0.0,0.0
Outpatient,1028TN,6,6,790.0,131.67,65.0,6.0,0.0,0.0
Outpatient,4502AD,9,4,790.0,87.78,50.0,8.0,1.0,0.0
Outpatient,0511QU,4,4,790.0,197.5,90.0,4.0,0.0,0.0
Outpatient,2813SA,7,1,790.0,112.86,90.0,7.0,0.0,0.0
Outpatient,1700NN,8,8,780.0,97.5,75.0,8.0,0.0,0.0
Outpatient,4001BR,12,11,770.0,64.17,60.0,10.0,0.0,2.0
Outpatient,2018VP,4,3,770.0,192.5,35.0,3.0,1.0,0.0
Outpatient,2225NM,7,6,770.0,110.0,80.0,7.0,0.0,0.0
Outpatient,4300NA,6,3,770.0,128.33,95.0,6.0,0.0,0.0
Outpatient,2525XP,11,2,770.0,70.0,60.0,10.0,1.0,0.0
Outpatient,1025VU,3,3,770.0,256.67,100.0,3.0,0.0,0.0
Outpatient,1625CR,3,2,760.0,253.33,50.0,3.0,0.0,0.0
Outpatient,35136U,4,4,760.0,190.0,150.0,4.0,0.0,0.0
Outpatient,1926ZD,5,3,760.0,152.0,40.0,4.0,1.0,0.0
Outpatient,0501NS,8,8,760.0,95.0,55.0,8.0,0.0,0.0
Outpatient,5225KS,10,9,750.0,75.0,60.0,9.0,1.0,0.0
Outpatient,2100CU,3,3,750.0,250.0,90.0,3.0,0.0,0.0
Outpatient,4401TD,8,7,740.0,92.5,75.0,8.0,0.0,0.0
Outpatient,0313GB,6,6,740.0,123.33,80.0,6.0,0.0,0.0
Outpatient,3913MH,9,8,740.0,82.22,60.0,8.0,1.0,0.0
Outpatient,37138A,5,4,740.0,148.0,30.0,5.0,0.0,0.0
Outpatient,5223XS,3,3,740.0,246.67,200.0,3.0,0.0,0.0
Outpatient,1713MP,6,4,740.0,123.33,85.0,6.0,0.0,0.0
Outpatient,2613NS,9,8,740.0,82.22,70.0,8.0,0.0,1.0
Outpatient,3213AG,2,2,740.0,370.0,370.0,2.0,0.0,0.0
Outpatient,2413YS,2,2,740.0,370.0,370.0,2.0,0.0,0.0
Outpatient,36018J,7,7,730.0,104.29,90.0,5.0,2.0,0.0
Outpatient,34268H,14,12,730.0,52.14,55.0,14.0,0.0,0.0
Outpatient,1926BQ,5,5,730.0,146.0,30.0,3.0,2.0,0.0
Outpatient,2813UC,6,5,730.0,121.67,100.0,5.0,1.0,0.0
Outpatient,1413QV,3,1,730.0,243.33,70.0,3.0,0.0,0.0
Outpatient,1410MV,3,3,730.0,243.33,30.0,2.0,1.0,0.0
Outpatient,3335SK,3,3,720.0,240.0,100.0,3.0,0.0,0.0
Outpatient,3323ZH,4,4,720.0,180.0,110.0,3.0,1.0,0.0
Outpatient,3913NJ,9,9,720.0,80.0,50.0,8.0,1.0,0.0
Outpatient,4513KD,4,3,710.0,177.5,105.0,3.0,1.0,0.0
Outpatient,1426AU,3,3,710.0,236.67,60.0,3.0,0.0,0.0
Outpatient,1925ZB,5,5,710.0,142.0,70.0,5.0,0.0,0.0
Outpatient,45056D,4,4,710.0,177.5,105.0,3.0,1.0,0.0
Outpatient,1028YT,1,1,700.0,700.0,700.0,1.0,0.0,0.0
Outpatient,1713UJ,5,4,700.0,140.0,70.0,4.0,1.0,0.0
Outpatient,0925MP,6,6,700.0,116.67,90.0,6.0,0.0,0.0
Outpatient,1100PU,3,3,700.0,233.33,300.0,3.0,0.0,0.0
Outpatient,4289YG,1,1,700.0,700.0,700.0,1.0,0.0,0.0
Outpatient,4401RR,3,3,700.0,233.33,300.0,3.0,0.0,0.0
Outpatient,0586XQ,2,2,700.0,350.0,350.0,1.0,1.0,0.0
Outpatient,14266M,3,3,690.0,230.0,50.0,3.0,0.0,0.0
Outpatient,5525NP,3,3,690.0,230.0,200.0,3.0,0.0,0.0
Outpatient,2525XV,6,6,690.0,115.0,75.0,5.0,1.0,0.0
Outpatient,1613QA,7,5,690.0,98.57,50.0,7.0,0.0,0.0
Outpatient,2126DH,6,5,690.0,115.0,80.0,5.0,1.0,0.0
Outpatient,1913PB,12,11,690.0,57.5,45.0,11.0,1.0,0.0
Outpatient,5000RU,3,3,690.0,230.0,90.0,2.0,1.0,0.0
Outpatient,4526KQ,4,4,680.0,170.0,70.0,4.0,0.0,0.0
Outpatient,4025JK,7,7,680.0,97.14,40.0,7.0,0.0,0.0
Outpatient,3625UH,5,5,680.0,136.0,80.0,5.0,0.0,0.0
Outpatient,2125TM,6,6,680.0,113.33,95.0,6.0,0.0,0.0
Outpatient,3813ZB,5,5,680.0,136.0,100.0,5.0,0.0,0.0
Outpatient,3925XK,5,5,680.0,136.0,100.0,5.0,0.0,0.0
Outpatient,4530DR,11,11,680.0,61.82,60.0,11.0,0.0,0.0
Outpatient,1825JR,9,5,670.0,74.44,40.0,9.0,0.0,0.0
Outpatient,1419ZC,3,2,670.0,223.33,200.0,3.0,0.0,0.0
Outpatient,2425XT,5,4,660.0,132.0,50.0,5.0,0.0,0.0
Outpatient,36026D,3,3,660.0,220.0,200.0,3.0,0.0,0.0
Outpatient,0601RP,4,4,660.0,165.0,125.0,4.0,0.0,0.0
Outpatient,51RXSV,8,8,660.0,82.5,50.0,8.0,0.0,0.0
Outpatient,3600YT,12,12,660.0,55.0,40.0,12.0,0.0,0.0
Outpatient,0505SJ,2,2,660.0,330.0,330.0,2.0,0.0,0.0
Outpatient,1613BQ,10,6,660.0,66.0,45.0,7.0,3.0,0.0
Outpatient,3713RB,7,7,660.0,94.29,60.0,6.0,1.0,0.0
Outpatient,4521VB,6,5,660.0,110.0,85.0,5.0,0.0,1.0
Outpatient,1000ZN,6,6,660.0,110.0,20.0,6.0,0.0,0.0
Outpatient,2439ZC,6,6,650.0,108.33,70.0,6.0,0.0,0.0
Outpatient,2625PM,2,2,650.0,325.0,325.0,2.0,0.0,0.0
Outpatient,2625ZK,5,5,650.0,130.0,70.0,5.0,0.0,0.0
Outpatient,2200BJ,9,9,650.0,72.22,40.0,9.0,0.0,0.0
Outpatient,6700CQ,7,6,640.0,91.43,80.0,7.0,0.0,0.0
Outpatient,4526XQ,12,10,640.0,53.33,45.0,10.0,2.0,0.0
Outpatient,3426SS,10,7,640.0,64.0,45.0,10.0,0.0,0.0
Outpatient,4313XP,3,2,640.0,213.33,30.0,3.0,0.0,0.0
Outpatient,0520NC,5,5,630.0,126.0,100.0,5.0,0.0,0.0
Outpatient,3626GK,10,9,630.0,63.0,45.0,10.0,0.0,0.0
Outpatient,6700YQ,4,4,630.0,157.5,85.0,4.0,0.0,0.0
Outpatient,4525TD,3,3,630.0,210.0,90.0,3.0,0.0,0.0
Outpatient,0585NH,5,4,630.0,126.0,80.0,5.0,0.0,0.0
Outpatient,0518VT,7,7,630.0,90.0,60.0,7.0,0.0,0.0
Outpatient,1413JA,5,5,630.0,126.0,50.0,5.0,0.0,0.0
Outpatient,1413TS,3,3,630.0,210.0,100.0,3.0,0.0,0.0
Outpatient,45278R,5,5,630.0,126.0,70.0,5.0,0.0,0.0
Outpatient,23138Q,2,2,620.0,310.0,310.0,2.0,0.0,0.0
Outpatient,3813NS,5,5,620.0,124.0,50.0,5.0,0.0,0.0
Outpatient,4225SN,4,4,610.0,152.5,50.0,4.0,0.0,0.0
Outpatient,0528ZQ,4,4,610.0,152.5,155.0,3.0,1.0,0.0
Outpatient,0586YR,4,3,610.0,152.5,80.0,4.0,0.0,0.0
Outpatient,0434CV,6,6,610.0,101.67,65.0,6.0,0.0,0.0
Outpatient,4901WU,11,11,610.0,55.45,40.0,9.0,2.0,0.0
Outpatient,2626QV,8,2,610.0,76.25,50.0,7.0,1.0,0.0
Outpatient,2313ZN,3,3,600.0,200.0,60.0,3.0,0.0,0.0
Outpatient,4525BR,6,6,600.0,100.0,80.0,5.0,1.0,0.0
Outpatient,3925GD,4,4,600.0,150.0,75.0,4.0,0.0,0.0
Outpatient,2313YM,4,4,600.0,150.0,100.0,4.0,0.0,0.0
Outpatient,2413PV,7,4,600.0,85.71,60.0,6.0,1.0,0.0
Outpatient,6700KQ,2,2,600.0,300.0,300.0,2.0,0.0,0.0
Outpatient,1926SC,2,2,600.0,300.0,300.0,2.0,0.0,0.0
Outpatient,2713YP,1,1,600.0,600.0,600.0,1.0,0.0,0.0
Outpatient,0520AU,1,1,600.0,600.0,600.0,1.0,0.0,0.0
Outpatient,0513XS,7,4,600.0,85.71,50.0,6.0,1.0,0.0
Outpatient,0501YA,2,2,590.0,295.0,295.0,2.0,0.0,0.0
Outpatient,4506AK,13,6,590.0,45.38,40.0,10.0,3.0,0.0
Outpatient,4025HH,6,3,590.0,98.33,65.0,6.0,0.0,0.0
Outpatient,1425DR,3,3,590.0,196.67,200.0,3.0,0.0,0.0
Outpatient,3125TR,4,4,590.0,147.5,150.0,4.0,0.0,0.0
Outpatient,1913MV,4,3,590.0,147.5,70.0,4.0,0.0,0.0
Outpatient,0505RH,5,5,590.0,118.0,80.0,4.0,1.0,0.0
Outpatient,1101CV,4,3,590.0,147.5,130.0,4.0,0.0,0.0
Outpatient,0126JN,8,4,590.0,73.75,65.0,8.0,0.0,0.0
Outpatient,4913BB,6,5,590.0,98.33,65.0,6.0,0.0,0.0
Outpatient,2700GM,7,6,590.0,84.29,80.0,7.0,0.0,0.0
Outpatient,5213ZV,4,4,590.0,147.5,130.0,4.0,0.0,0.0
Outpatient,0506GC,6,6,590.0,98.33,85.0,6.0,0.0,0.0
Outpatient,3839MD,8,6,590.0,73.75,75.0,8.0,0.0,0.0
Outpatient,18256G,2,2,580.0,290.0,290.0,2.0,0.0,0.0
Outpatient,1419TS,4,1,580.0,145.0,75.0,4.0,0.0,0.0
Outpatient,5213HQ,3,3,580.0,193.33,90.0,3.0,0.0,0.0
Outpatient,5113ZH,6,5,580.0,96.67,80.0,6.0,0.0,0.0
Outpatient,1600JC,4,3,580.0,145.0,75.0,4.0,0.0,0.0
Outpatient,2100HB,8,7,580.0,72.5,60.0,7.0,1.0,0.0
Outpatient,1713QM,10,8,580.0,58.0,60.0,9.0,1.0,0.0
Outpatient,1101RG,5,5,570.0,114.0,100.0,5.0,0.0,0.0
Outpatient,5013NC,4,3,570.0,142.5,70.0,4.0,0.0,0.0
Outpatient,0301YR,8,8,570.0,71.25,60.0,7.0,1.0,0.0
Outpatient,2801PP,3,3,570.0,190.0,50.0,3.0,0.0,0.0
Outpatient,3626KA,5,5,570.0,114.0,50.0,4.0,1.0,0.0
Outpatient,32258D,4,4,560.0,140.0,125.0,4.0,0.0,0.0
Outpatient,2039NB,3,3,560.0,186.67,200.0,3.0,0.0,0.0
Outpatient,4313TA,3,2,560.0,186.67,200.0,3.0,0.0,0.0
Outpatient,0528CG,2,1,560.0,280.0,280.0,2.0,0.0,0.0
Outpatient,3326UH,3,3,560.0,186.67,100.0,3.0,0.0,0.0
Outpatient,4226TC,10,7,560.0,56.0,60.0,10.0,0.0,0.0
Outpatient,2402MN,3,3,560.0,186.67,60.0,2.0,1.0,0.0
Outpatient,2413AV,4,2,560.0,140.0,70.0,4.0,0.0,0.0
Outpatient,4025NG,8,6,560.0,70.0,10.0,7.0,1.0,0.0
Outpatient,1826NB,3,2,560.0,186.67,200.0,3.0,0.0,0.0
Outpatient,45346K,8,5,560.0,70.0,80.0,8.0,0.0,0.0
Outpatient,4526TB,2,2,550.0,275.0,275.0,2.0,0.0,0.0
Outpatient,1913DV,8,7,550.0,68.75,70.0,8.0,0.0,0.0
Outpatient,2413DT,4,4,550.0,137.5,60.0,4.0,0.0,0.0
Outpatient,2413ZD,4,4,550.0,137.5,100.0,4.0,0.0,0.0
Outpatient,3200JS,7,6,550.0,78.57,60.0,7.0,0.0,0.0
Outpatient,1410AC,9,7,540.0,60.0,60.0,8.0,1.0,0.0
Outpatient,6725VD,4,4,540.0,135.0,90.0,4.0,0.0,0.0
Outpatient,3513NN,7,5,540.0,77.14,30.0,7.0,0.0,0.0
Outpatient,0500QT,3,3,540.0,180.0,200.0,3.0,0.0,0.0
Outpatient,0527UB,5,5,540.0,108.0,40.0,4.0,0.0,1.0
Outpatient,1926ZT,6,6,540.0,90.0,60.0,6.0,0.0,0.0
Outpatient,10T0KR,2,2,530.0,265.0,265.0,2.0,0.0,0.0
Outpatient,6700XP,4,4,530.0,132.5,60.0,4.0,0.0,0.0
Outpatient,4513SU,3,3,530.0,176.67,70.0,3.0,0.0,0.0
Outpatient,39028Q,9,9,530.0,58.89,30.0,8.0,1.0,0.0
Outpatient,3925TN,4,4,530.0,132.5,60.0,4.0,0.0,0.0
Outpatient,3326TU,7,6,520.0,74.29,50.0,7.0,0.0,0.0
Outpatient,3125KQ,3,3,520.0,173.33,100.0,3.0,0.0,0.0
Outpatient,1513PP,5,5,520.0,104.0,70.0,5.0,0.0,0.0
Outpatient,3625ST,3,3,520.0,173.33,100.0,3.0,0.0,0.0
Outpatient,1900MU,4,4,520.0,130.0,85.0,4.0,0.0,0.0
Outpatient,0503SD,6,6,520.0,86.67,100.0,6.0,0.0,0.0
Outpatient,1026MH,6,6,520.0,86.67,50.0,6.0,0.0,0.0
Outpatient,14008M,3,3,510.0,170.0,100.0,3.0,0.0,0.0
Outpatient,1825ZU,5,5,510.0,102.0,50.0,5.0,0.0,0.0
Outpatient,1613QH,8,4,510.0,63.75,60.0,8.0,0.0,0.0
Outpatient,3825CV,4,3,510.0,127.5,95.0,4.0,0.0,0.0
Outpatient,4513WC,3,2,510.0,170.0,10.0,2.0,1.0,0.0
Outpatient,4226QV,2,2,500.0,250.0,250.0,2.0,0.0,0.0
Outpatient,5213MG,1,1,500.0,500.0,500.0,1.0,0.0,0.0
Outpatient,1438AC,4,3,500.0,125.0,115.0,3.0,0.0,1.0
Outpatient,0500PK,6,6,500.0,83.33,35.0,6.0,0.0,0.0
Outpatient,1425ZK,3,3,500.0,166.67,100.0,3.0,0.0,0.0
Outpatient,0325QG,2,2,500.0,250.0,250.0,2.0,0.0,0.0
Outpatient,1020VG,1,1,500.0,500.0,500.0,1.0,0.0,0.0
Outpatient,4507QM,4,4,500.0,125.0,75.0,4.0,0.0,0.0
Outpatient,1713UQ,4,3,500.0,125.0,75.0,4.0,0.0,0.0
Outpatient,2000WQ,4,4,500.0,125.0,80.0,4.0,0.0,0.0
Outpatient,2734NN,7,5,500.0,71.43,80.0,7.0,0.0,0.0
Outpatient,2413GU,4,4,500.0,125.0,135.0,4.0,0.0,0.0
Outpatient,6726TK,1,1,500.0,500.0,500.0,1.0,0.0,0.0
Outpatient,3613DK,4,4,500.0,125.0,75.0,4.0,0.0,0.0
Outpatient,12138M,1,1,500.0,500.0,500.0,1.0,0.0,0.0
Outpatient,1403UM,5,5,500.0,100.0,50.0,5.0,0.0,0.0
Outpatient,3323YG,12,8,500.0,41.67,35.0,12.0,0.0,0.0
Outpatient,2018VU,10,6,490.0,49.0,55.0,9.0,1.0,0.0
Outpatient,2601KT,5,5,490.0,98.0,80.0,5.0,0.0,0.0
Outpatient,0520HT,3,3,490.0,163.33,90.0,2.0,1.0,0.0
Outpatient,18256V,11,6,490.0,44.55,30.0,9.0,1.0,1.0
Outpatient,1513QH,9,8,490.0,54.44,40.0,9.0,0.0,0.0
Outpatient,45T2JT,3,3,490.0,163.33,100.0,3.0,0.0,0.0
Outpatient,4925UH,6,6,480.0,80.0,60.0,5.0,1.0,0.0
Outpatient,4225AB,2,2,480.0,240.0,240.0,2.0,0.0,0.0
Outpatient,1401WA,5,5,480.0,96.0,100.0,5.0,0.0,0.0
Outpatient,0434XP,5,5,480.0,96.0,100.0,5.0,0.0,0.0
Outpatient,0505GK,6,6,480.0,80.0,80.0,5.0,1.0,0.0
Outpatient,1613WQ,6,6,470.0,78.33,90.0,6.0,0.0,0.0
Outpatient,4419AS,5,4,470.0,94.0,70.0,5.0,0.0,0.0
Outpatient,5202KT,4,4,470.0,117.5,95.0,4.0,0.0,0.0
Outpatient,4930XJ,3,3,470.0,156.67,100.0,3.0,0.0,0.0
Outpatient,5213YU,3,3,460.0,153.33,200.0,3.0,0.0,0.0
Outpatient,14138V,3,3,460.0,153.33,100.0,3.0,0.0,0.0
Outpatient,4500UJ,9,9,460.0,51.11,50.0,7.0,2.0,0.0
Outpatient,4525AQ,2,2,460.0,230.0,230.0,2.0,0.0,0.0
Outpatient,1834YK,4,3,460.0,115.0,25.0,4.0,0.0,0.0
Outpatient,4518RN,4,2,460.0,115.0,95.0,4.0,0.0,0.0
Outpatient,3523ZG,5,4,460.0,92.0,100.0,5.0,0.0,0.0
Outpatient,3725CQ,3,2,460.0,153.33,200.0,3.0,0.0,0.0
Outpatient,3625RT,8,8,460.0,57.5,65.0,8.0,0.0,0.0
Outpatient,1713KN,4,3,460.0,115.0,130.0,3.0,1.0,0.0
Outpatient,4213WG,5,5,460.0,92.0,70.0,4.0,1.0,0.0
Outpatient,3603ZU,3,2,460.0,153.33,100.0,3.0,0.0,0.0
Outpatient,0506DK,8,8,460.0,57.5,55.0,7.0,1.0,0.0
Outpatient,1419KA,2,2,460.0,230.0,230.0,2.0,0.0,0.0
Outpatient,1402AP,3,3,450.0,150.0,50.0,2.0,1.0,0.0
Outpatient,2685NM,7,7,450.0,64.29,60.0,7.0,0.0,0.0
Outpatient,2413BJ,3,3,450.0,150.0,200.0,3.0,0.0,0.0
Outpatient,3713UG,4,4,450.0,112.5,120.0,4.0,0.0,0.0
Outpatient,4426VR,4,4,450.0,112.5,60.0,4.0,0.0,0.0
Outpatient,23256U,2,2,450.0,225.0,225.0,2.0,0.0,0.0
Outpatient,3323WC,6,6,450.0,75.0,60.0,6.0,0.0,0.0
Outpatient,05206T,10,10,450.0,45.0,45.0,9.0,1.0,0.0
Outpatient,4508VH,3,2,450.0,150.0,90.0,3.0,0.0,0.0
Outpatient,17006G,5,5,450.0,90.0,50.0,3.0,2.0,0.0
Outpatient,0313HC,9,5,440.0,48.89,50.0,7.0,2.0,0.0
Outpatient,2302MP,3,3,440.0,146.67,90.0,3.0,0.0,0.0
Outpatient,0325XH,3,1,440.0,146.67,80.0,3.0,0.0,0.0
Outpatient,1834QV,2,2,440.0,220.0,220.0,2.0,0.0,0.0
Outpatient,3900PD,4,4,440.0,110.0,70.0,3.0,1.0,0.0
Outpatient,22206Q,8,7,430.0,53.75,45.0,6.0,2.0,0.0
Outpatient,4225YU,4,3,430.0,107.5,100.0,4.0,0.0,0.0
Outpatient,31258N,7,7,430.0,61.43,60.0,7.0,0.0,0.0
Outpatient,1001AS,5,5,430.0,86.0,80.0,5.0,0.0,0.0
Outpatient,3200WK,4,4,430.0,107.5,75.0,3.0,0.0,1.0
Outpatient,0527NR,6,5,420.0,70.0,55.0,6.0,0.0,0.0
Outpatient,3925CS,4,4,420.0,105.0,80.0,4.0,0.0,0.0
Outpatient,3423WB,3,3,420.0,140.0,70.0,3.0,0.0,0.0
Outpatient,0507PJ,5,5,420.0,84.0,50.0,5.0,0.0,0.0
Outpatient,4525AV,2,2,420.0,210.0,210.0,2.0,0.0,0.0
Outpatient,1925GS,2,2,410.0,205.0,205.0,2.0,0.0,0.0
Outpatient,4506RD,4,4,410.0,102.5,50.0,4.0,0.0,0.0
Outpatient,2325GD,2,2,410.0,205.0,205.0,2.0,0.0,0.0
Outpatient,5518MR,3,3,410.0,136.67,70.0,3.0,0.0,0.0
Outpatient,15T16K,1,1,400.0,400.0,400.0,1.0,0.0,0.0
Outpatient,22S0YK,1,1,400.0,400.0,400.0,1.0,0.0,0.0
Outpatient,0525SP,2,2,400.0,200.0,200.0,1.0,1.0,0.0
Outpatient,1426KA,1,1,400.0,400.0,400.0,1.0,0.0,0.0
Outpatient,0301WP,1,1,400.0,400.0,400.0,1.0,0.0,0.0
Outpatient,1000BR,1,1,400.0,400.0,400.0,1.0,0.0,0.0
Outpatient,3425DR,1,1,400.0,400.0,400.0,1.0,0.0,0.0
Outpatient,4538ZC,1,1,400.0,400.0,400.0,1.0,0.0,0.0
Outpatient,4540RK,7,6,400.0,57.14,60.0,7.0,0.0,0.0
Outpatient,1926ZN,4,3,400.0,100.0,40.0,4.0,0.0,0.0
Outpatient,3813PT,4,4,400.0,100.0,80.0,4.0,0.0,0.0
Outpatient,1634TD,1,1,400.0,400.0,400.0,1.0,0.0,0.0
Outpatient,1418PB,1,1,400.0,400.0,400.0,1.0,0.0,0.0
Outpatient,32258T,7,6,400.0,57.14,40.0,6.0,1.0,0.0
Outpatient,0505KA,7,7,400.0,57.14,20.0,6.0,1.0,0.0
Outpatient,3225DA,5,5,400.0,80.0,60.0,5.0,0.0,0.0
Outpatient,5525GP,1,1,400.0,400.0,400.0,1.0,0.0,0.0
Outpatient,1613JR,5,5,390.0,78.0,40.0,5.0,0.0,0.0
Outpatient,2325XA,6,6,390.0,65.0,65.0,6.0,0.0,0.0
Outpatient,1113TB,3,3,390.0,130.0,90.0,2.0,1.0,0.0
Outpatient,4503TC,6,6,390.0,65.0,60.0,6.0,0.0,0.0
Outpatient,3900QU,2,2,390.0,195.0,195.0,2.0,0.0,0.0
Outpatient,4419XN,2,2,390.0,195.0,195.0,2.0,0.0,0.0
Outpatient,3601UV,3,3,380.0,126.67,70.0,3.0,0.0,0.0
Outpatient,0613WS,4,4,380.0,95.0,40.0,3.0,1.0,0.0
Outpatient,2013GH,4,4,380.0,95.0,75.0,4.0,0.0,0.0
Outpatient,2734ZD,3,3,380.0,126.67,40.0,3.0,0.0,0.0
Outpatient,2413PP,4,1,380.0,95.0,80.0,4.0,0.0,0.0
Outpatient,24346Q,3,2,380.0,126.67,60.0,3.0,0.0,0.0
Outpatient,2425UQ,3,3,370.0,123.33,100.0,3.0,0.0,0.0
Outpatient,2413RK,8,7,370.0,46.25,10.0,8.0,0.0,0.0
Outpatient,17138B,4,3,370.0,92.5,65.0,4.0,0.0,0.0
Outpatient,1713RD,3,3,370.0,123.33,90.0,3.0,0.0,0.0
Outpatient,3025QM,6,5,370.0,61.67,35.0,5.0,1.0,0.0
Outpatient,0506BV,3,3,370.0,123.33,100.0,3.0,0.0,0.0
Outpatient,4526TK,4,4,370.0,92.5,80.0,4.0,0.0,0.0
Outpatient,1427PD,3,3,370.0,123.33,100.0,3.0,0.0,0.0
Outpatient,2425NV,3,3,370.0,123.33,100.0,3.0,0.0,0.0
Outpatient,3713BR,4,4,370.0,92.5,70.0,4.0,0.0,0.0
Outpatient,3926HH,2,2,370.0,185.0,185.0,2.0,0.0,0.0
Outpatient,5325DC,3,1,360.0,120.0,60.0,2.0,1.0,0.0
Outpatient,6700WG,8,8,360.0,45.0,35.0,8.0,0.0,0.0
Outpatient,20258A,9,7,360.0,40.0,40.0,8.0,1.0,0.0
Outpatient,2685JJ,8,7,360.0,45.0,40.0,8.0,0.0,0.0
Outpatient,0511YR,3,3,360.0,120.0,100.0,3.0,0.0,0.0
Outpatient,1613CB,3,3,360.0,120.0,30.0,3.0,0.0,0.0
Outpatient,2813YR,5,4,360.0,72.0,80.0,5.0,0.0,0.0
Outpatient,0500HS,4,4,360.0,90.0,75.0,4.0,0.0,0.0
Outpatient,1700BJ,5,5,360.0,72.0,60.0,5.0,0.0,0.0
Outpatient,3425XH,2,2,360.0,180.0,180.0,2.0,0.0,0.0
Outpatient,2425SD,2,2,350.0,175.0,175.0,2.0,0.0,0.0
Outpatient,3926WR,5,5,350.0,70.0,40.0,5.0,0.0,0.0
Outpatient,23856H,5,4,350.0,70.0,90.0,5.0,0.0,0.0
Outpatient,4001HV,6,6,350.0,58.33,45.0,4.0,2.0,0.0
Outpatient,1613AP,5,3,350.0,70.0,80.0,5.0,0.0,0.0
Outpatient,2413KC,6,4,350.0,58.33,60.0,6.0,0.0,0.0
Outpatient,4505PU,4,4,350.0,87.5,20.0,4.0,0.0,0.0
Outpatient,3702RM,3,3,340.0,113.33,80.0,3.0,0.0,0.0
Outpatient,05T0KN,3,3,340.0,113.33,80.0,3.0,0.0,0.0
Outpatient,4125DM,5,5,340.0,68.0,90.0,5.0,0.0,0.0
Outpatient,32006H,3,3,340.0,113.33,20.0,3.0,0.0,0.0
Outpatient,1426WG,2,2,330.0,165.0,165.0,2.0,0.0,0.0
Outpatient,1413JH,4,4,330.0,82.5,65.0,3.0,1.0,0.0
Outpatient,4500TH,4,4,330.0,82.5,65.0,3.0,1.0,0.0
Outpatient,2126CG,5,5,330.0,66.0,50.0,5.0,0.0,0.0
Outpatient,3323AB,4,4,330.0,82.5,60.0,4.0,0.0,0.0
Outpatient,0586JV,5,4,320.0,64.0,60.0,5.0,0.0,0.0
Outpatient,3925UN,7,6,320.0,45.71,60.0,6.0,1.0,0.0
Outpatient,0507YG,4,4,320.0,80.0,90.0,4.0,0.0,0.0
Outpatient,2640CT,3,3,320.0,106.67,90.0,3.0,0.0,0.0
Outpatient,3925YT,5,5,320.0,64.0,80.0,5.0,0.0,0.0
Outpatient,0520JV,2,2,310.0,155.0,155.0,2.0,0.0,0.0
Outpatient,2500RJ,3,3,310.0,103.33,60.0,3.0,0.0,0.0
Outpatient,4506KU,2,2,310.0,155.0,155.0,2.0,0.0,0.0
Outpatient,3625NP,2,2,310.0,155.0,155.0,2.0,0.0,0.0
Outpatient,1902XG,5,5,310.0,62.0,10.0,4.0,1.0,0.0
Outpatient,2313BJ,4,4,310.0,77.5,55.0,3.0,1.0,0.0
Outpatient,0118WC,5,5,310.0,62.0,40.0,5.0,0.0,0.0
Outpatient,45288Q,2,2,310.0,155.0,155.0,2.0,0.0,0.0
Outpatient,4600ZV,3,3,310.0,103.33,100.0,3.0,0.0,0.0
Outpatient,1120CC,2,2,310.0,155.0,155.0,2.0,0.0,0.0
Outpatient,0825ST,1,1,300.0,300.0,300.0,1.0,0.0,0.0
Outpatient,3426XK,1,1,300.0,300.0,300.0,1.0,0.0,0.0
Outpatient,5025GU,1,1,300.0,300.0,300.0,1.0,0.0,0.0
Outpatient,2525US,2,2,300.0,150.0,150.0,2.0,0.0,0.0
Outpatient,3625PR,3,3,300.0,100.0,70.0,3.0,0.0,0.0
Outpatient,5125UM,1,1,300.0,300.0,300.0,1.0,0.0,0.0
Outpatient,39268J,1,1,300.0,300.0,300.0,1.0,0.0,0.0
Outpatient,0400CG,2,2,300.0,150.0,150.0,2.0,0.0,0.0
Outpatient,1426RH,3,3,300.0,100.0,90.0,3.0,0.0,0.0
Outpatient,1526GP,1,1,300.0,300.0,300.0,1.0,0.0,0.0
Outpatient,6700GB,2,2,300.0,150.0,150.0,2.0,0.0,0.0
Outpatient,2386QN,1,1,300.0,300.0,300.0,1.0,0.0,0.0
Outpatient,2413VH,5,5,300.0,60.0,70.0,5.0,0.0,0.0
Outpatient,3425JP,2,2,300.0,150.0,150.0,2.0,0.0,0.0
Outpatient,42266N,5,4,300.0,60.0,60.0,5.0,0.0,0.0
Outpatient,4926QQ,3,3,300.0,100.0,50.0,3.0,0.0,0.0
Outpatient,1418DV,1,1,300.0,300.0,300.0,1.0,0.0,0.0
Outpatient,5113AK,1,1,300.0,300.0,300.0,1.0,0.0,0.0
Outpatient,5213DG,1,1,300.0,300.0,300.0,1.0,0.0,0.0
Outpatient,2525ZB,3,3,300.0,100.0,100.0,2.0,1.0,0.0
Outpatient,0525SV,4,3,300.0,75.0,45.0,4.0,0.0,0.0
Outpatient,1625HU,3,3,290.0,96.67,80.0,3.0,0.0,0.0
Outpatient,34CBSA,3,3,290.0,96.67,100.0,3.0,0.0,0.0
Outpatient,1402MS,3,3,290.0,96.67,90.0,2.0,1.0,0.0
Outpatient,2413ZT,4,4,290.0,72.5,75.0,4.0,0.0,0.0
Outpatient,3713AQ,3,1,290.0,96.67,60.0,3.0,0.0,0.0
Outpatient,5220DG,4,4,290.0,72.5,40.0,4.0,0.0,0.0
Outpatient,3800DJ,2,2,280.0,140.0,140.0,2.0,0.0,0.0
Outpatient,1113XH,4,4,280.0,70.0,35.0,4.0,0.0,0.0
Outpatient,3926QA,5,5,280.0,56.0,60.0,5.0,0.0,0.0
Outpatient,6726MB,2,2,280.0,140.0,140.0,2.0,0.0,0.0
Outpatient,4025ZU,3,1,280.0,93.33,80.0,2.0,1.0,0.0
Outpatient,4527SM,2,2,270.0,135.0,135.0,2.0,0.0,0.0
Outpatient,2125UG,3,3,270.0,90.0,70.0,2.0,1.0,0.0
Outpatient,4313SV,4,1,270.0,67.5,35.0,3.0,1.0,0.0
Outpatient,4933TT,4,4,270.0,67.5,35.0,3.0,1.0,0.0
Outpatient,0518CQ,6,6,270.0,45.0,50.0,6.0,0.0,0.0
Outpatient,3303PH,5,5,270.0,54.0,30.0,5.0,0.0,0.0
Outpatient,1902WN,4,4,270.0,67.5,35.0,3.0,1.0,0.0
Outpatient,1020BH,4,4,270.0,67.5,65.0,4.0,0.0,0.0
Outpatient,3927NR,7,6,270.0,38.57,30.0,6.0,1.0,0.0
Outpatient,37138Q,5,4,270.0,54.0,80.0,4.0,1.0,0.0
Outpatient,4525ZD,5,5,260.0,52.0,50.0,5.0,0.0,0.0
Outpatient,0507KN,5,5,260.0,52.0,50.0,5.0,0.0,0.0
Outpatient,3625KD,2,2,260.0,130.0,130.0,2.0,0.0,0.0
Outpatient,1025ZS,2,2,260.0,130.0,130.0,2.0,0.0,0.0
Outpatient,3013KQ,3,3,260.0,86.67,40.0,3.0,0.0,0.0
Outpatient,0585CN,4,3,260.0,65.0,65.0,4.0,0.0,0.0
Outpatient,0501MR,4,4,260.0,65.0,75.0,4.0,0.0,0.0
Outpatient,2713DV,3,3,260.0,86.67,100.0,3.0,0.0,0.0
Outpatient,3713ZN,2,2,250.0,125.0,125.0,2.0,0.0,0.0
Outpatient,1313ND,3,3,250.0,83.33,40.0,3.0,0.0,0.0
Outpatient,45136J,5,4,250.0,50.0,30.0,5.0,0.0,0.0
Outpatient,5113BM,2,2,250.0,125.0,125.0,2.0,0.0,0.0
Outpatient,1713BS,6,6,250.0,41.67,25.0,6.0,0.0,0.0
Outpatient,4918KD,2,2,250.0,125.0,125.0,2.0,0.0,0.0
Outpatient,50136T,3,3,250.0,83.33,80.0,3.0,0.0,0.0
Outpatient,2400PB,4,4,250.0,62.5,80.0,4.0,0.0,0.0
Outpatient,3125JP,4,4,250.0,62.5,60.0,4.0,0.0,0.0
Outpatient,05026J,3,3,240.0,80.0,20.0,3.0,0.0,0.0
Outpatient,1425RH,4,4,240.0,60.0,70.0,3.0,1.0,0.0
Outpatient,2734RR,4,4,240.0,60.0,55.0,4.0,0.0,0.0
Outpatient,2225JQ,8,7,240.0,30.0,15.0,6.0,2.0,0.0
Outpatient,2300TD,4,4,230.0,57.5,15.0,3.0,1.0,0.0
Outpatient,1501ZQ,2,2,230.0,115.0,115.0,2.0,0.0,0.0
Outpatient,1025UM,5,5,230.0,46.0,50.0,5.0,0.0,0.0
Outpatient,4541HQ,3,3,230.0,76.67,100.0,3.0,0.0,0.0
Outpatient,10SWJV,5,5,230.0,46.0,50.0,4.0,1.0,0.0
Outpatient,19136R,3,3,230.0,76.67,80.0,3.0,0.0,0.0
Outpatient,05868N,5,5,230.0,46.0,20.0,5.0,0.0,0.0
Outpatient,2713JM,6,4,230.0,38.33,45.0,5.0,1.0,0.0
Outpatient,1901GJ,3,3,220.0,73.33,90.0,3.0,0.0,0.0
Outpatient,6725DR,3,3,220.0,73.33,90.0,3.0,0.0,0.0
Outpatient,3627QM,4,3,220.0,55.0,55.0,4.0,0.0,0.0
Outpatient,4300TH,3,3,220.0,73.33,90.0,3.0,0.0,0.0
Outpatient,1613TD,4,4,220.0,55.0,65.0,4.0,0.0,0.0
Outpatient,4313XG,3,3,220.0,73.33,70.0,3.0,0.0,0.0
Outpatient,1926UU,6,4,220.0,36.67,15.0,4.0,2.0,0.0
Outpatient,3901QP,2,2,220.0,110.0,110.0,2.0,0.0,0.0
Outpatient,06NYZK,2,2,220.0,110.0,110.0,2.0,0.0,0.0
Outpatient,3635QU,2,2,210.0,105.0,105.0,2.0,0.0,0.0
Outpatient,3900AU,3,3,210.0,70.0,80.0,3.0,0.0,0.0
Outpatient,1613PP,5,5,210.0,42.0,50.0,4.0,1.0,0.0
Outpatient,2413NN,2,2,210.0,105.0,105.0,2.0,0.0,0.0
Outpatient,1410GA,1,1,200.0,200.0,200.0,1.0,0.0,0.0
Outpatient,0613DG,3,3,200.0,66.67,70.0,3.0,0.0,0.0
Outpatient,33S2KV,1,1,200.0,200.0,200.0,1.0,0.0,0.0
Outpatient,1435PG,1,1,200.0,200.0,200.0,1.0,0.0,0.0
Outpatient,3513BA,1,1,200.0,200.0,200.0,1.0,0.0,0.0
Outpatient,1313PG,1,1,200.0,200.0,200.0,1.0,0.0,0.0
Outpatient,5213BK,1,1,200.0,200.0,200.0,1.0,0.0,0.0
Outpatient,10T0RA,2,2,200.0,100.0,100.0,1.0,1.0,0.0
Outpatient,2125PP,1,1,200.0,200.0,200.0,1.0,0.0,0.0
Outpatient,1926MT,2,2,200.0,100.0,100.0,1.0,1.0,0.0
Outpatient,2400TV,1,1,200.0,200.0,200.0,1.0,0.0,0.0
Outpatient,1025PT,1,1,200.0,200.0,200.0,1.0,0.0,0.0
Outpatient,1927YV,1,1,200.0,200.0,200.0,1.0,0.0,0.0
Outpatient,1426AG,1,1,200.0,200.0,200.0,1.0,0.0,0.0
Outpatient,1413BQ,1,1,200.0,200.0,200.0,1.0,0.0,0.0
Outpatient,4526MR,1,1,200.0,200.0,200.0,1.0,0.0,0.0
Outpatient,2434XT,1,1,200.0,200.0,200.0,1.0,0.0,0.0
Outpatient,4200ZP,2,2,200.0,100.0,100.0,2.0,0.0,0.0
Outpatient,23856P,2,2,200.0,100.0,100.0,1.0,1.0,0.0
Outpatient,0518GS,1,1,200.0,200.0,200.0,1.0,0.0,0.0
Outpatient,2425DD,1,1,200.0,200.0,200.0,1.0,0.0,0.0
Outpatient,3613GM,4,4,200.0,50.0,50.0,3.0,1.0,0.0
Outpatient,1028KM,1,1,200.0,200.0,200.0,1.0,0.0,0.0
Outpatient,3926YT,1,1,200.0,200.0,200.0,1.0,0.0,0.0
Outpatient,2425UV,1,1,200.0,200.0,200.0,1.0,0.0,0.0
Outpatient,0507PR,2,2,200.0,100.0,100.0,2.0,0.0,0.0
Outpatient,3800GB,3,3,190.0,63.33,70.0,3.0,0.0,0.0
Outpatient,39198S,5,5,190.0,38.0,40.0,5.0,0.0,0.0
Outpatient,4588RG,4,4,190.0,47.5,50.0,4.0,0.0,0.0
Outpatient,3725QG,3,3,190.0,63.33,70.0,3.0,0.0,0.0
Outpatient,1002ZT,3,3,190.0,63.33,60.0,3.0,0.0,0.0
Outpatient,0438RC,2,2,190.0,95.0,95.0,2.0,0.0,0.0
Outpatient,4588NJ,2,2,190.0,95.0,95.0,2.0,0.0,0.0
Outpatient,1213BD,2,2,180.0,90.0,90.0,2.0,0.0,0.0
Outpatient,05066D,5,5,180.0,36.0,10.0,4.0,1.0,0.0
Outpatient,1400CG,4,4,180.0,45.0,40.0,4.0,0.0,0.0
Outpatient,5300WH,3,2,180.0,60.0,70.0,3.0,0.0,0.0
Outpatient,1425KJ,2,2,180.0,90.0,90.0,2.0,0.0,0.0
Outpatient,3825TR,3,3,180.0,60.0,50.0,3.0,0.0,0.0
Outpatient,3625WC,3,3,180.0,60.0,60.0,3.0,0.0,0.0
Outpatient,5313SH,3,3,180.0,60.0,60.0,3.0,0.0,0.0
Outpatient,1927BD,2,2,180.0,90.0,90.0,2.0,0.0,0.0
Outpatient,07516T,3,3,170.0,56.67,60.0,3.0,0.0,0.0
Outpatient,3601VA,4,4,170.0,42.5,40.0,3.0,0.0,1.0
Outpatient,4225GQ,3,3,170.0,56.67,40.0,3.0,0.0,0.0
Outpatient,0506CA,3,3,170.0,56.67,60.0,3.0,0.0,0.0
Outpatient,2325BA,3,3,170.0,56.67,40.0,3.0,0.0,0.0
Outpatient,19266U,2,2,160.0,80.0,80.0,2.0,0.0,0.0
Outpatient,4526DJ,4,4,160.0,40.0,40.0,4.0,0.0,0.0
Outpatient,28136C,2,2,160.0,80.0,80.0,2.0,0.0,0.0
Outpatient,1926AQ,2,2,160.0,80.0,80.0,2.0,0.0,0.0
Outpatient,3125KA,2,2,150.0,75.0,75.0,2.0,0.0,0.0
Outpatient,6700TR,6,6,150.0,25.0,25.0,6.0,0.0,0.0
Outpatient,4504TA,6,5,150.0,25.0,30.0,5.0,1.0,0.0
Outpatient,4618QN,2,2,150.0,75.0,75.0,2.0,0.0,0.0
Outpatient,1425HD,2,2,150.0,75.0,75.0,2.0,0.0,0.0
Outpatient,05036Q,2,2,150.0,75.0,75.0,2.0,0.0,0.0
Outpatient,0501PC,2,2,150.0,75.0,75.0,2.0,0.0,0.0
Outpatient,45348M,3,3,150.0,50.0,60.0,3.0,0.0,0.0
Outpatient,3425AN,3,3,150.0,50.0,40.0,3.0,0.0,0.0
Outpatient,3013JP,2,2,150.0,75.0,75.0,2.0,0.0,0.0
Outpatient,3901VN,2,2,150.0,75.0,75.0,2.0,0.0,0.0
Outpatient,1500KT,3,3,150.0,50.0,60.0,3.0,0.0,0.0
Outpatient,2613MB,3,3,150.0,50.0,60.0,3.0,0.0,0.0
Outpatient,0825KM,3,3,150.0,50.0,40.0,3.0,0.0,0.0
Outpatient,4503UD,2,2,140.0,70.0,70.0,2.0,0.0,0.0
Outpatient,3918SK,2,2,140.0,70.0,70.0,2.0,0.0,0.0
Outpatient,4513AK,2,2,140.0,70.0,70.0,2.0,0.0,0.0
Outpatient,5223WR,4,3,140.0,35.0,35.0,4.0,0.0,0.0
Outpatient,5125DR,2,2,140.0,70.0,70.0,2.0,0.0,0.0
Outpatient,1426YR,2,2,140.0,70.0,70.0,2.0,0.0,0.0
Outpatient,1902WD,3,3,140.0,46.67,70.0,2.0,1.0,0.0
Outpatient,1526XC,2,1,140.0,70.0,70.0,2.0,0.0,0.0
Outpatient,3713MT,2,2,140.0,70.0,70.0,2.0,0.0,0.0
Outpatient,5125TB,3,3,130.0,43.33,30.0,3.0,0.0,0.0
Outpatient,24006J,4,4,130.0,32.5,15.0,3.0,1.0,0.0
Outpatient,3913XU,3,3,130.0,43.33,30.0,3.0,0.0,0.0
Outpatient,2313HV,2,2,130.0,65.0,65.0,2.0,0.0,0.0
Outpatient,2513PD,6,6,130.0,21.67,10.0,4.0,2.0,0.0
Outpatient,4501RQ,2,2,130.0,65.0,65.0,2.0,0.0,0.0
Outpatient,22S0BQ,2,2,130.0,65.0,65.0,2.0,0.0,0.0
Outpatient,2126RD,3,2,130.0,43.33,40.0,3.0,0.0,0.0
Outpatient,5000DH,4,4,130.0,32.5,15.0,4.0,0.0,0.0
Outpatient,2385XC,3,3,130.0,43.33,40.0,3.0,0.0,0.0
Outpatient,3620HJ,3,3,130.0,43.33,30.0,3.0,0.0,0.0
Outpatient,50008T,2,2,130.0,65.0,65.0,2.0,0.0,0.0
Outpatient,4528VV,2,1,130.0,65.0,65.0,2.0,0.0,0.0
Outpatient,5519GU,2,2,130.0,65.0,65.0,2.0,0.0,0.0
Outpatient,26238H,2,2,130.0,65.0,65.0,2.0,0.0,0.0
Outpatient,5039KH,2,1,130.0,65.0,65.0,2.0,0.0,0.0
Outpatient,4226RA,2,2,120.0,60.0,60.0,2.0,0.0,0.0
Outpatient,3625MN,2,2,120.0,60.0,60.0,2.0,0.0,0.0
Outpatient,2913DB,2,2,120.0,60.0,60.0,2.0,0.0,0.0
Outpatient,2913ZS,2,2,120.0,60.0,60.0,2.0,0.0,0.0
Outpatient,1713NQ,4,4,120.0,30.0,25.0,4.0,0.0,0.0
Outpatient,08258J,3,3,120.0,40.0,20.0,3.0,0.0,0.0
Outpatient,5253DU,2,2,120.0,60.0,60.0,2.0,0.0,0.0
Outpatient,3926PV,3,3,120.0,40.0,40.0,3.0,0.0,0.0
Outpatient,1538AD,2,2,120.0,60.0,60.0,2.0,0.0,0.0
Outpatient,2585DN,3,3,120.0,40.0,10.0,3.0,0.0,0.0
Outpatient,5100HU,3,3,120.0,40.0,50.0,3.0,0.0,0.0
Outpatient,0325BU,2,2,120.0,60.0,60.0,2.0,0.0,0.0
Outpatient,1713DU,3,3,120.0,40.0,40.0,3.0,0.0,0.0
Outpatient,0526MD,2,2,120.0,60.0,60.0,2.0,0.0,0.0
Outpatient,41BUGM,2,2,110.0,55.0,55.0,2.0,0.0,0.0
Outpatient,05208U,3,3,110.0,36.67,30.0,3.0,0.0,0.0
Outpatient,4525KK,5,5,110.0,22.0,20.0,5.0,0.0,0.0
Outpatient,3700GJ,2,2,110.0,55.0,55.0,2.0,0.0,0.0
Outpatient,4225BS,2,2,110.0,55.0,55.0,2.0,0.0,0.0
Outpatient,1425BP,3,3,110.0,36.67,40.0,3.0,0.0,0.0
Outpatient,4501BV,2,2,110.0,55.0,55.0,2.0,0.0,0.0
Outpatient,37S0YN,5,4,110.0,22.0,10.0,5.0,0.0,0.0
Outpatient,2000TM,2,2,110.0,55.0,55.0,2.0,0.0,0.0
Outpatient,1425QG,2,2,110.0,55.0,55.0,2.0,0.0,0.0
Outpatient,4503AG,2,2,110.0,55.0,55.0,2.0,0.0,0.0
Outpatient,6725HC,2,2,110.0,55.0,55.0,2.0,0.0,0.0
Outpatient,2518VN,2,2,110.0,55.0,55.0,2.0,0.0,0.0
Outpatient,1427VN,1,1,100.0,100.0,100.0,1.0,0.0,0.0
Outpatient,1701CM,2,2,100.0,50.0,50.0,1.0,1.0,0.0
Outpatient,0527ZA,1,1,100.0,100.0,100.0,1.0,0.0,0.0
Outpatient,10286Q,1,1,100.0,100.0,100.0,1.0,0.0,0.0
Outpatient,1025ZC,1,1,100.0,100.0,100.0,1.0,0.0,0.0
Outpatient,2634DA,1,1,100.0,100.0,100.0,1.0,0.0,0.0
Outpatient,1401KS,1,1,100.0,100.0,100.0,1.0,0.0,0.0
Outpatient,2413WJ,1,1,100.0,100.0,100.0,1.0,0.0,0.0
Outpatient,1426UT,1,1,100.0,100.0,100.0,1.0,0.0,0.0
Outpatient,1400ZJ,1,1,100.0,100.0,100.0,1.0,0.0,0.0
Outpatient,4520UT,1,1,100.0,100.0,100.0,1.0,0.0,0.0
Outpatient,1713MG,1,1,100.0,100.0,100.0,1.0,0.0,0.0
Outpatient,05T1YT,2,2,100.0,50.0,50.0,2.0,0.0,0.0
Outpatient,45T1UA,1,1,100.0,100.0,100.0,1.0,0.0,0.0
Outpatient,4523NB,5,4,100.0,20.0,20.0,5.0,0.0,0.0
Outpatient,2025NG,1,1,100.0,100.0,100.0,1.0,0.0,0.0
Outpatient,1425TC,2,2,100.0,50.0,50.0,2.0,0.0,0.0
Outpatient,0325JG,4,4,100.0,25.0,25.0,4.0,0.0,0.0
Outpatient,1925SA,1,1,100.0,100.0,100.0,1.0,0.0,0.0
Outpatient,65VNYU,3,3,100.0,33.33,30.0,3.0,0.0,0.0
Outpatient,33S3KN,1,1,100.0,100.0,100.0,1.0,0.0,0.0
Outpatient,4313DQ,2,2,100.0,50.0,50.0,2.0,0.0,0.0
Outpatient,5123MP,2,2,100.0,50.0,50.0,2.0,0.0,0.0
Outpatient,5313NB,4,3,100.0,25.0,30.0,3.0,1.0,0.0
Outpatient,4639VM,1,1,100.0,100.0,100.0,1.0,0.0,0.0
Outpatient,2313CK,1,1,90.0,90.0,90.0,1.0,0.0,0.0
Outpatient,5125TK,1,1,90.0,90.0,90.0,1.0,0.0,0.0
Outpatient,2345YQ,1,1,90.0,90.0,90.0,1.0,0.0,0.0
Outpatient,2713MP,3,3,90.0,30.0,20.0,3.0,0.0,0.0
Outpatient,4513KN,3,2,90.0,30.0,10.0,3.0,0.0,0.0
Outpatient,4508UU,2,2,90.0,45.0,45.0,2.0,0.0,0.0
Outpatient,21256U,2,2,90.0,45.0,45.0,2.0,0.0,0.0
Outpatient,3625VB,2,2,90.0,45.0,45.0,2.0,0.0,0.0
Outpatient,4001KC,2,2,90.0,45.0,45.0,2.0,0.0,0.0
Outpatient,17T0RM,2,2,90.0,45.0,45.0,1.0,1.0,0.0
Outpatient,1426ZK,1,1,90.0,90.0,90.0,1.0,0.0,0.0
Outpatient,1027UR,2,2,90.0,45.0,45.0,2.0,0.0,0.0
Outpatient,22T0KG,1,1,90.0,90.0,90.0,1.0,0.0,0.0
Outpatient,3325SS,2,2,90.0,45.0,45.0,1.0,1.0,0.0
Outpatient,2385YT,2,2,90.0,45.0,45.0,2.0,0.0,0.0
Outpatient,0525UK,1,1,90.0,90.0,90.0,1.0,0.0,0.0
Outpatient,39258A,2,2,90.0,45.0,45.0,2.0,0.0,0.0
Outpatient,3434GN,1,1,90.0,90.0,90.0,1.0,0.0,0.0
Outpatient,0725KM,1,1,90.0,90.0,90.0,1.0,0.0,0.0
Outpatient,4504XG,3,3,80.0,26.67,30.0,3.0,0.0,0.0
Outpatient,2220AR,1,1,80.0,80.0,80.0,1.0,0.0,0.0
Outpatient,67006S,1,1,80.0,80.0,80.0,1.0,0.0,0.0
Outpatient,2025SM,2,2,80.0,40.0,40.0,2.0,0.0,0.0
Outpatient,1025YR,1,1,80.0,80.0,80.0,1.0,0.0,0.0
Outpatient,28KDZD,1,1,80.0,80.0,80.0,1.0,0.0,0.0
Outpatient,3927GJ,1,1,80.0,80.0,80.0,1.0,0.0,0.0
Outpatient,2525NS,2,2,80.0,40.0,40.0,2.0,0.0,0.0
Outpatient,0625YV,1,1,80.0,80.0,80.0,1.0,0.0,0.0
Outpatient,2525WU,1,1,80.0,80.0,80.0,1.0,0.0,0.0
Outpatient,4526WG,1,1,80.0,80.0,80.0,1.0,0.0,0.0
Outpatient,01T1VM,1,1,80.0,80.0,80.0,1.0,0.0,0.0
Outpatient,1419QG,2,1,80.0,40.0,40.0,2.0,0.0,0.0
Outpatient,1118PH,1,1,80.0,80.0,80.0,1.0,0.0,0.0
Outpatient,2325YB,2,2,80.0,40.0,40.0,2.0,0.0,0.0
Outpatient,4925RT,1,1,80.0,80.0,80.0,1.0,0.0,0.0
Outpatient,4523SH,1,1,80.0,80.0,80.0,1.0,0.0,0.0
Outpatient,3613BQ,2,2,80.0,40.0,40.0,2.0,0.0,0.0
Outpatient,3925HG,1,1,80.0,80.0,80.0,1.0,0.0,0.0
Outpatient,2425RC,3,3,80.0,26.67,30.0,3.0,0.0,0.0
Outpatient,1713MV,2,2,80.0,40.0,40.0,2.0,0.0,0.0
Outpatient,1713KU,1,1,80.0,80.0,80.0,1.0,0.0,0.0
Outpatient,5013SJ,1,1,80.0,80.0,80.0,1.0,0.0,0.0
Outpatient,1401SS,2,2,80.0,40.0,40.0,2.0,0.0,0.0
Outpatient,2326UA,1,1,70.0,70.0,70.0,1.0,0.0,0.0
Outpatient,3925TM,1,1,70.0,70.0,70.0,1.0,0.0,0.0
Outpatient,4225ZQ,1,1,70.0,70.0,70.0,1.0,0.0,0.0
Outpatient,3900JP,1,1,70.0,70.0,70.0,1.0,0.0,0.0
Outpatient,45266M,3,3,70.0,23.33,40.0,2.0,0.0,1.0
Outpatient,3902TT,2,2,70.0,35.0,35.0,2.0,0.0,0.0
Outpatient,2413KK,1,1,70.0,70.0,70.0,1.0,0.0,0.0
Outpatient,5013TS,1,1,70.0,70.0,70.0,1.0,0.0,0.0
Outpatient,1425QP,2,2,70.0,35.0,35.0,2.0,0.0,0.0
Outpatient,0518ZB,1,1,60.0,60.0,60.0,1.0,0.0,0.0
Outpatient,6700VD,2,2,60.0,30.0,30.0,2.0,0.0,0.0
Outpatient,14268N,1,1,60.0,60.0,60.0,1.0,0.0,0.0
Outpatient,5313QD,1,1,60.0,60.0,60.0,1.0,0.0,0.0
Outpatient,10S0MP,1,1,60.0,60.0,60.0,1.0,0.0,0.0
Outpatient,33T0DU,1,1,60.0,60.0,60.0,1.0,0.0,0.0
Outpatient,2300MD,3,3,60.0,20.0,20.0,2.0,1.0,0.0
Outpatient,1427SJ,1,1,60.0,60.0,60.0,1.0,0.0,0.0
Outpatient,3065KM,1,1,60.0,60.0,60.0,1.0,0.0,0.0
Outpatient,16138P,2,2,60.0,30.0,30.0,2.0,0.0,0.0
Outpatient,1526NP,1,1,60.0,60.0,60.0,1.0,0.0,0.0
Outpatient,3903BH,1,1,60.0,60.0,60.0,1.0,0.0,0.0
Outpatient,1423JV,1,1,60.0,60.0,60.0,1.0,0.0,0.0
Outpatient,2319HG,1,1,60.0,60.0,60.0,1.0,0.0,0.0
Outpatient,2018SK,1,1,60.0,60.0,60.0,1.0,0.0,0.0
Outpatient,4527TU,2,2,60.0,30.0,30.0,2.0,0.0,0.0
Outpatient,3200PA,2,2,60.0,30.0,30.0,2.0,0.0,0.0
Outpatient,1426TK,1,1,60.0,60.0,60.0,1.0,0.0,0.0
Outpatient,05T3JK,2,2,60.0,30.0,30.0,2.0,0.0,0.0
Outpatient,36276K,1,1,60.0,60.0,60.0,1.0,0.0,0.0
Outpatient,67258D,1,1,60.0,60.0,60.0,1.0,0.0,0.0
Outpatient,6700AD,1,1,60.0,60.0,60.0,1.0,0.0,0.0
Outpatient,4508KK,1,1,60.0,60.0,60.0,1.0,0.0,0.0
Outpatient,3725KR,1,1,50.0,50.0,50.0,1.0,0.0,0.0
Outpatient,1613UN,1,1,50.0,50.0,50.0,1.0,0.0,0.0
Outpatient,3627YV,1,1,50.0,50.0,50.0,1.0,0.0,0.0
Outpatient,4513YG,1,1,50.0,50.0,50.0,1.0,0.0,0.0
Outpatient,3625HH,1,1,50.0,50.0,50.0,1.0,0.0,0.0
Outpatient,2126DV,2,2,50.0,25.0,25.0,1.0,1.0,0.0
Outpatient,3725MS,1,1,50.0,50.0,50.0,1.0,0.0,0.0
Outpatient,2125TT,1,1,50.0,50.0,50.0,1.0,0.0,0.0
Outpatient,4925YU,3,3,50.0,16.67,10.0,3.0,0.0,0.0
Outpatient,3123VP,1,1,50.0,50.0,50.0,1.0,0.0,0.0
Outpatient,1420ZV,1,1,50.0,50.0,50.0,1.0,0.0,0.0
Outpatient,0504QU,1,1,50.0,50.0,50.0,1.0,0.0,0.0
Outpatient,3323RD,1,1,50.0,50.0,50.0,1.0,0.0,0.0
Outpatient,3813YA,1,1,50.0,50.0,50.0,1.0,0.0,0.0
Outpatient,0301PD,1,1,50.0,50.0,50.0,1.0,0.0,0.0
Outpatient,2223YA,2,2,50.0,25.0,25.0,1.0,1.0,0.0
Outpatient,4588MJ,1,1,50.0,50.0,50.0,1.0,0.0,0.0
Outpatient,36206A,1,1,50.0,50.0,50.0,1.0,0.0,0.0
Outpatient,3613WH,2,2,50.0,25.0,25.0,1.0,1.0,0.0
Outpatient,1713DG,1,1,40.0,40.0,40.0,1.0,0.0,0.0
Outpatient,1023HS,1,1,40.0,40.0,40.0,1.0,0.0,0.0
Outpatient,04S0HU,1,1,40.0,40.0,40.0,1.0,0.0,0.0
Outpatient,3930UP,2,2,40.0,20.0,20.0,2.0,0.0,0.0
Outpatient,4520SJ,1,1,40.0,40.0,40.0,1.0,0.0,0.0
Outpatient,3700UR,1,1,40.0,40.0,40.0,1.0,0.0,0.0
Outpatient,3920AT,1,1,40.0,40.0,40.0,1.0,0.0,0.0
Outpatient,0525AM,2,2,40.0,20.0,20.0,2.0,0.0,0.0
Outpatient,4225BM,1,1,40.0,40.0,40.0,1.0,0.0,0.0
Outpatient,1651QM,1,1,40.0,40.0,40.0,1.0,0.0,0.0
Outpatient,16138H,2,2,40.0,20.0,20.0,2.0,0.0,0.0
Outpatient,3613AP,1,1,40.0,40.0,40.0,1.0,0.0,0.0
Outpatient,0506HD,2,2,40.0,20.0,20.0,1.0,1.0,0.0
Outpatient,4226DK,1,1,40.0,40.0,40.0,1.0,0.0,0.0
Outpatient,4300UJ,2,1,40.0,20.0,20.0,2.0,0.0,0.0
Outpatient,4507TQ,2,2,40.0,20.0,20.0,2.0,0.0,0.0
Outpatient,1839XQ,1,1,40.0,40.0,40.0,1.0,0.0,0.0
Outpatient,3713SC,1,1,40.0,40.0,40.0,1.0,0.0,0.0
Outpatient,0526VH,1,1,40.0,40.0,40.0,1.0,0.0,0.0
Outpatient,3513KK,1,1,40.0,40.0,40.0,1.0,0.0,0.0
Outpatient,2613YJ,1,1,40.0,40.0,40.0,1.0,0.0,0.0
Outpatient,5213NQ,1,1,40.0,40.0,40.0,1.0,0.0,0.0
Outpatient,1025XH,1,1,30.0,30.0,30.0,1.0,0.0,0.0
Outpatient,1027RU,1,1,30.0,30.0,30.0,1.0,0.0,0.0
Outpatient,4527JB,2,2,30.0,15.0,15.0,2.0,0.0,0.0
Outpatient,4967NA,1,1,30.0,30.0,30.0,1.0,0.0,0.0
Outpatient,2425BS,1,1,30.0,30.0,30.0,1.0,0.0,0.0
Outpatient,4534KP,2,2,30.0,15.0,15.0,2.0,0.0,0.0
Outpatient,3225ZJ,1,1,30.0,30.0,30.0,1.0,0.0,0.0
Outpatient,34T1SP,1,1,30.0,30.0,30.0,1.0,0.0,0.0
Outpatient,3713TN,1,1,30.0,30.0,30.0,1.0,0.0,0.0
Outpatient,4513DP,1,1,30.0,30.0,30.0,1.0,0.0,0.0
Outpatient,3926CS,1,1,30.0,30.0,30.0,1.0,0.0,0.0
Outpatient,3825VT,1,1,30.0,30.0,30.0,1.0,0.0,0.0
Outpatient,2425GV,1,1,30.0,30.0,30.0,1.0,0.0,0.0
Outpatient,2425NH,2,2,30.0,15.0,15.0,1.0,1.0,0.0
Outpatient,4527VQ,1,1,30.0,30.0,30.0,1.0,0.0,0.0
Outpatient,5085DB,1,1,20.0,20.0,20.0,1.0,0.0,0.0
Outpatient,1525TK,1,1,20.0,20.0,20.0,1.0,0.0,0.0
Outpatient,1926CK,1,1,20.0,20.0,20.0,1.0,0.0,0.0
Outpatient,03T0VM,1,1,20.0,20.0,20.0,1.0,0.0,0.0
Outpatient,2633GD,1,1,20.0,20.0,20.0,1.0,0.0,0.0
Outpatient,1410UA,1,1,20.0,20.0,20.0,1.0,0.0,0.0
Outpatient,2813WU,2,1,20.0,10.0,10.0,2.0,0.0,0.0
Outpatient,3825TJ,1,1,20.0,20.0,20.0,1.0,0.0,0.0
Outpatient,1425TK,1,1,20.0,20.0,20.0,1.0,0.0,0.0
Outpatient,5518RQ,1,1,20.0,20.0,20.0,1.0,0.0,0.0
Outpatient,1713ZV,1,1,20.0,20.0,20.0,1.0,0.0,0.0
Outpatient,4434UG,1,1,20.0,20.0,20.0,1.0,0.0,0.0
Outpatient,5125SJ,1,1,20.0,20.0,20.0,1.0,0.0,0.0
Outpatient,55196G,1,1,10.0,10.0,10.0,1.0,0.0,0.0
Outpatient,4225HA,1,1,10.0,10.0,10.0,1.0,0.0,0.0
Outpatient,4520ZS,1,1,10.0,10.0,10.0,1.0,0.0,0.0
Outpatient,4528QH,1,1,10.0,10.0,10.0,1.0,0.0,0.0
Outpatient,1413HU,1,1,10.0,10.0,10.0,1.0,0.0,0.0
Outpatient,4513JC,1,1,10.0,10.0,10.0,1.0,0.0,0.0
Outpatient,1713XN,1,1,10.0,10.0,10.0,1.0,0.0,0.0
Outpatient,1613MM,1,1,10.0,10.0,10.0,1.0,0.0,0.0
Outpatient,1927XU,1,1,10.0,10.0,10.0,1.0,0.0,0.0
Outpatient,2301QJ,2,2,10.0,5.0,5.0,1.0,1.0,0.0
Outpatient,6725GR,1,1,10.0,10.0,10.0,1.0,0.0,0.0
Outpatient,5138KN,1,1,10.0,10.0,10.0,1.0,0.0,0.0
Outpatient,2326WK,1,1,10.0,10.0,10.0,1.0,0.0,0.0
Outpatient,3626GC,1,1,10.0,10.0,10.0,1.0,0.0,0.0
Outpatient,1634SS,1,1,10.0,10.0,10.0,1.0,0.0,0.0
Outpatient,4918NP,1,1,10.0,10.0,10.0,1.0,0.0,0.0
Outpatient,2613JP,1,1,10.0,10.0,10.0,1.0,0.0,0.0
Outpatient,2126DP,1,1,10.0,10.0,10.0,1.0,0.0,0.0
Outpatient,5539TM,1,1,10.0,10.0,10.0,1.0,0.0,0.0
Outpatient,4518JT,1,1,10.0,10.0,10.0,1.0,0.0,0.0
Outpatient,1401CB,1,1,0.0,0.0,0.0,0.0,1.0,0.0
Outpatient,3926GN,1,1,0.0,0.0,0.0,0.0,1.0,0.0
Outpatient,4313NB,1,1,0.0,0.0,0.0,0.0,1.0,0.0
Outpatient,0325BV,1,1,0.0,0.0,0.0,0.0,1.0,0.0
Outpatient,50AKJV,1,1,0.0,0.0,0.0,0.0,1.0,0.0
Outpatient,4527RK,1,1,0.0,0.0,0.0,0.0,1.0,0.0
Outpatient,3625XT,1,1,0.0,0.0,0.0,0.0,1.0,0.0
Outpatient,52138B,1,1,0.0,0.0,0.0,0.0,1.0,0.0
Outpatient,22S0TC,1,1,0.0,0.0,0.0,0.0,1.0,0.0
Outpatient,3125WP,1,1,0.0,0.0,0.0,0.0,1.0,0.0
Outpatient,3125KJ,2,2,0.0,0.0,0.0,1.0,0.0,1.0
Outpatient,5118YV,1,1,0.0,0.0,0.0,0.0,1.0,0.0
Outpatient,50UCDM,1,1,0.0,0.0,0.0,0.0,1.0,0.0
Outpatient,5013HD,1,1,0.0,0.0,0.0,0.0,1.0,0.0
